cell,window,mase,naive_mase,normalized_mase,flops,flops_weighting,is_native,within_cell_pareto
JenaWeather-10T/tshort,native,0.2891731529245971,0.7428874675800381,0.3892556619195381,64674164736.0,cell,True,True
JenaWeather-10T/tshort,32,0.4024171453636278,0.7428874675800381,0.5416932751261843,704987136.0,cell,False,True
JenaWeather-10T/tshort,48,0.40781099917006897,0.7428874675800381,0.5489539357804979,821035008.0,cell,False,False
JenaWeather-10T/tshort,64,0.37217857309721103,0.7428874675800381,0.5009891663801864,937119744.0,cell,False,True
JenaWeather-10T/tshort,96,0.3688479248839407,0.7428874675800381,0.4965057844971672,1169399808.0,cell,False,True
JenaWeather-10T/tshort,128,0.3642616288731875,0.7428874675800381,0.4903321765001269,1401827328.0,cell,False,True
JenaWeather-10T/tshort,192,0.3520016775485253,0.7428874675800381,0.4738290695563537,1867124736.0,cell,False,True
JenaWeather-10T/tshort,256,0.3436179636070935,0.7428874675800381,0.4625437614749806,2333011968.0,cell,False,True
JenaWeather-10T/tshort,384,0.312685545235819,0.7428874675800381,0.4209056672532041,3266555904.0,cell,False,True
JenaWeather-10T/tshort,512,0.307091814581994,0.7428874675800381,0.4133759525952808,4202459136.0,cell,False,True
JenaWeather-10T/tshort,768,0.3224104625340798,0.7428874675800381,0.43399636769258537,6081343488.0,cell,False,False
JenaWeather-10T/tshort,1024,0.3124864401433681,0.7428874675800381,0.4206376521080578,7969665024.0,cell,False,False
JenaWeather-10T/tshort,1536,0.3047478589371596,0.7428874675800381,0.41022075648937545,11774619648.0,cell,False,True
JenaWeather-10T/tshort,2048,0.3041512542563278,0.7428874675800381,0.40941766758712855,15617323008.0,cell,False,True
JenaWeather-10T/tshort,2560,0.30768257689318584,0.7428874675800381,0.41417117709020496,19497775104.0,cell,False,False
JenaWeather-10T/tshort,3072,0.3048865796501264,0.7428874675800381,0.41040748828795953,23415975936.0,cell,False,False
JenaWeather-10T/tshort,4096,0.29653985909537384,0.7428874675800381,0.39917197696355655,31365623808.0,cell,False,True
JenaWeather-10T/tshort,6144,0.2929768049870698,0.7428874675800381,0.3943757537617966,47717904384.0,cell,False,True
JenaWeather-10T/tshort,8192,0.28917315396080384,0.7428874675800381,0.38925566331437483,64674164736.0,cell,False,False
JenaWeather-10T/tmedium,native,0.6210258465954016,0.7160100391723763,0.8673423731785028,68413280256.0,cell,True,True
JenaWeather-10T/tmedium,32,0.7615987835572596,0.7160100391723763,1.0636705379684042,3936485376.0,cell,False,True
JenaWeather-10T/tmedium,48,0.7330777785789474,0.7160100391723763,1.0238372906423203,4053528576.0,cell,False,True
JenaWeather-10T/tmedium,64,0.6987666060132651,0.7160100391723763,0.9759173304622342,4170608640.0,cell,False,True
JenaWeather-10T/tmedium,96,0.6846505547893514,0.7160100391723763,0.9562024515476449,4404879360.0,cell,False,True
JenaWeather-10T/tmedium,128,0.6798739409984073,0.7160100391723763,0.9495312967738021,4639297536.0,cell,False,True
JenaWeather-10T/tmedium,192,0.6701158300325422,0.7160100391723763,0.9359028412606024,5108576256.0,cell,False,True
JenaWeather-10T/tmedium,256,0.6605827998147026,0.7160100391723763,0.9225887399264107,5578444800.0,cell,False,True
JenaWeather-10T/tmedium,384,0.6638963798055592,0.7160100391723763,0.9272165800537456,6519951360.0,cell,False,False
JenaWeather-10T/tmedium,512,0.6670450046776879,0.7160100391723763,0.9316140391672634,7463817216.0,cell,False,False
JenaWeather-10T/tmedium,768,0.6519287495877131,0.7160100391723763,0.9105022470652315,9358626816.0,cell,False,True
JenaWeather-10T/tmedium,1024,0.6288132856163775,0.7160100391723763,0.878218532163616,11262873600.0,cell,False,True
JenaWeather-10T/tmedium,1536,0.6375899726831881,0.7160100391723763,0.8904763031258156,15099678720.0,cell,False,False
JenaWeather-10T/tmedium,2048,0.6658351928616941,0.7160100391723763,0.9299243815510208,18974232576.0,cell,False,False
JenaWeather-10T/tmedium,2560,0.6461377010391414,0.7160100391723763,0.9024143038357407,22886535168.0,cell,False,False
JenaWeather-10T/tmedium,3072,0.6224009509444882,0.7160100391723763,0.8692628830510684,26836586496.0,cell,False,True
JenaWeather-10T/tmedium,4096,0.6289589963419768,0.7160100391723763,0.8784220359102503,34849935360.0,cell,False,False
JenaWeather-10T/tmedium,6144,0.6236607103352074,0.7160100391723763,0.8710222988717954,51329617920.0,cell,False,False
JenaWeather-10T/tmedium,8192,0.621025848613946,0.7160100391723763,0.8673423759976595,68413280256.0,cell,False,False
JenaWeather-10T/tlong,native,0.6699202767959616,0.7614923703210493,0.8797465383842513,70502178816.0,cell,True,False
JenaWeather-10T/tlong,32,0.7430977691459243,0.7614923703210493,0.9758440111916423,5743374336.0,cell,False,True
JenaWeather-10T/tlong,48,0.733245678104057,0.7614923703210493,0.962906138895281,5860970496.0,cell,False,True
JenaWeather-10T/tlong,64,0.7234229558503621,0.7614923703210493,0.9500068340085444,5978603520.0,cell,False,True
JenaWeather-10T/tlong,96,0.7179940859760303,0.7614923703210493,0.942877583492163,6213980160.0,cell,False,True
JenaWeather-10T/tlong,128,0.7429883995785521,0.7614923703210493,0.9757003858952705,6449504256.0,cell,False,False
JenaWeather-10T/tlong,192,0.7119866566753514,0.7614923703210493,0.9349885624923254,6920994816.0,cell,False,True
JenaWeather-10T/tlong,256,0.6717331514792464,0.7614923703210493,0.882127224985905,7393075200.0,cell,False,True
JenaWeather-10T/tlong,384,0.6638118231767746,0.7614923703210493,0.8717248511589261,8339005440.0,cell,False,True
JenaWeather-10T/tlong,512,0.6734376342669786,0.7614923703210493,0.884365570180373,9287294976.0,cell,False,False
JenaWeather-10T/tlong,768,0.7015277561287573,0.7614923703210493,0.9212538214046575,11190951936.0,cell,False,False
JenaWeather-10T/tlong,1024,0.699114104686972,0.7614923703210493,0.9180841882791573,13104046080.0,cell,False,False
JenaWeather-10T/tlong,1536,0.6894438862016293,0.7614923703210493,0.9053851529870957,16958545920.0,cell,False,False
JenaWeather-10T/tlong,2048,0.7135923655203472,0.7614923703210493,0.937097196679059,20850794496.0,cell,False,False
JenaWeather-10T/tlong,2560,0.6942167914670159,0.7614923703210493,0.9116529836987471,24780791808.0,cell,False,False
JenaWeather-10T/tlong,3072,0.678557521093219,0.7614923703210493,0.8910890608229409,28748537856.0,cell,False,False
JenaWeather-10T/tlong,4096,0.6816429689957938,0.7614923703210493,0.8951409043118966,36797276160.0,cell,False,False
JenaWeather-10T/tlong,6144,0.6700065746520693,0.7614923703210493,0.8798598656603622,53347737600.0,cell,False,False
JenaWeather-10T/tlong,8192,0.6699202768298769,0.7614923703210493,0.8797465384287892,70502178816.0,cell,False,False
JenaWeather-H/tshort,native,0.5525214581439905,0.7229102185557323,0.764301629665502,64128814241.68421,cell,True,False
JenaWeather-H/tshort,32,0.6658664044306242,0.7229102185557323,0.9210914264857492,704987136.0,cell,False,True
JenaWeather-H/tshort,48,0.6132642204600067,0.7229102185557323,0.8483269494865046,821035008.0,cell,False,True
JenaWeather-H/tshort,64,0.5883045955879626,0.7229102185557323,0.8138003592801719,937119744.0,cell,False,True
JenaWeather-H/tshort,96,0.5700018644362993,0.7229102185557323,0.788482234453787,1169399808.0,cell,False,True
JenaWeather-H/tshort,128,0.5547909374698929,0.7229102185557323,0.7674409950633747,1401827328.0,cell,False,True
JenaWeather-H/tshort,192,0.5614562041442663,0.7229102185557323,0.7766610427308287,1867124736.0,cell,False,False
JenaWeather-H/tshort,256,0.5520983574262822,0.7229102185557323,0.7637163554407808,2333011968.0,cell,False,True
JenaWeather-H/tshort,384,0.5520355429439285,0.7229102185557323,0.7636294643155188,3266555904.0,cell,False,True
JenaWeather-H/tshort,512,0.5466832369928566,0.7229102185557323,0.7562256321193644,4202459136.0,cell,False,True
JenaWeather-H/tshort,768,0.552056768183205,0.7229102185557323,0.7636588251389402,6081343488.0,cell,False,False
JenaWeather-H/tshort,1024,0.5413401862047786,0.7229102185557323,0.7488346025683469,7969665024.0,cell,False,True
JenaWeather-H/tshort,1536,0.5606345741144302,0.7229102185557323,0.7755244838487622,11774619648.0,cell,False,False
JenaWeather-H/tshort,2048,0.5599051601129388,0.7229102185557323,0.7745154871811696,15617323008.0,cell,False,False
JenaWeather-H/tshort,2560,0.5574014065388162,0.7229102185557323,0.7710520507683813,19497775104.0,cell,False,False
JenaWeather-H/tshort,3072,0.5564172213852918,0.7229102185557323,0.7696906297671806,23415975936.0,cell,False,False
JenaWeather-H/tshort,4096,0.5543734484118674,0.7229102185557323,0.7668634834342549,31365623808.0,cell,False,False
JenaWeather-H/tshort,6144,0.5533825428065018,0.7229102185557323,0.7654927660478755,47717904384.0,cell,False,False
JenaWeather-H/tshort,8192,0.5542715266022522,0.7229102185557323,0.7667224952354453,64674164736.0,cell,False,False
JenaWeather-H/tmedium,native,0.7816501597092246,0.8886133410507664,0.8796291070590273,66856163328.0,cell,True,False
JenaWeather-H/tmedium,32,0.8013311769044026,0.8886133410507664,0.9017771170944221,3936485376.0,cell,False,True
JenaWeather-H/tmedium,48,0.7801411442521142,0.8886133410507664,0.8779309382521918,4053528576.0,cell,False,True
JenaWeather-H/tmedium,64,0.7959312280276328,0.8886133410507664,0.8957002908446784,4170608640.0,cell,False,False
JenaWeather-H/tmedium,96,0.8549987610382569,0.8886133410507664,0.9621718710943942,4404879360.0,cell,False,False
JenaWeather-H/tmedium,128,0.9505569935098152,0.8886133410507664,1.0697082179587825,4639297536.0,cell,False,False
JenaWeather-H/tmedium,192,1.1781192303979493,0.8886133410507664,1.325795119173935,5108576256.0,cell,False,False
JenaWeather-H/tmedium,256,0.86097551425139,0.8886133410507664,0.9688978034398006,5578444800.0,cell,False,False
JenaWeather-H/tmedium,384,0.8125689016576204,0.8886133410507664,0.914423477703784,6519951360.0,cell,False,False
JenaWeather-H/tmedium,512,0.8890188368670497,0.8886133410507664,1.0004563242498743,7463817216.0,cell,False,False
JenaWeather-H/tmedium,768,0.8408698332025044,0.8886133410507664,0.9462718984256906,9358626816.0,cell,False,False
JenaWeather-H/tmedium,1024,0.9166398414524043,0.8886133410507664,1.0315395899508972,11262873600.0,cell,False,False
JenaWeather-H/tmedium,1536,0.9483341229124194,0.8886133410507664,1.0672067130919218,15099678720.0,cell,False,False
JenaWeather-H/tmedium,2048,0.8427558206277554,0.8886133410507664,0.9483942922027421,18974232576.0,cell,False,False
JenaWeather-H/tmedium,2560,0.7825381734537714,0.8886133410507664,0.8806284323037922,22886535168.0,cell,False,False
JenaWeather-H/tmedium,3072,0.7918225751672282,0.8886133410507664,0.8910766230798592,26836586496.0,cell,False,False
JenaWeather-H/tmedium,4096,0.8019334043229368,0.8886133410507664,0.902454833026328,34849935360.0,cell,False,False
JenaWeather-H/tmedium,6144,0.7810363151000521,0.8886133410507664,0.8789383177350154,51329617920.0,cell,False,False
JenaWeather-H/tmedium,8192,0.7801616144715751,0.8886133410507664,0.8779539743900879,68413280256.0,cell,False,False
JenaWeather-H/tlong,native,1.2944457032909853,1.267717847392006,1.021083442150763,66369116160.0,cell,True,False
JenaWeather-H/tlong,32,1.2509485468912624,1.267717847392006,0.9867720561517359,5743374336.0,cell,False,True
JenaWeather-H/tlong,48,1.272136833409868,1.267717847392006,1.0034857803942359,5860970496.0,cell,False,False
JenaWeather-H/tlong,64,1.2385821338967336,1.267717847392006,0.9770171938848919,5978603520.0,cell,False,True
JenaWeather-H/tlong,96,1.4202052740120474,1.267717847392006,1.120284988441035,6213980160.0,cell,False,False
JenaWeather-H/tlong,128,1.2374449509609355,1.267717847392006,0.9761201623110781,6449504256.0,cell,False,True
JenaWeather-H/tlong,192,1.135410416739939,1.267717847392006,0.8956333769976855,6920994816.0,cell,False,True
JenaWeather-H/tlong,256,1.206173323872093,1.267717847392006,0.9514525068440706,7393075200.0,cell,False,False
JenaWeather-H/tlong,384,0.9791812153037667,1.267717847392006,0.7723968052655982,8339005440.0,cell,False,True
JenaWeather-H/tlong,512,1.0509594022783741,1.267717847392006,0.8290168072023636,9287294976.0,cell,False,False
JenaWeather-H/tlong,768,1.0347070260573716,1.267717847392006,0.8161966230782405,11190951936.0,cell,False,False
JenaWeather-H/tlong,1024,1.0649074468153739,1.267717847392006,0.8400192905749012,13104046080.0,cell,False,False
JenaWeather-H/tlong,1536,1.1105168069817355,1.267717847392006,0.8759968231624489,16958545920.0,cell,False,False
JenaWeather-H/tlong,2048,1.3558673576660636,1.267717847392006,1.0695340137834313,20850794496.0,cell,False,False
JenaWeather-H/tlong,2560,1.2815019039075501,1.267717847392006,1.0108731264956954,24780791808.0,cell,False,False
JenaWeather-H/tlong,3072,1.247167399837707,1.267717847392006,0.983789415289391,28748537856.0,cell,False,False
JenaWeather-H/tlong,4096,1.2261849785227847,1.267717847392006,0.9672380814432294,36797276160.0,cell,False,False
JenaWeather-H/tlong,6144,1.2774707615435164,1.267717847392006,1.0076932845676776,53347737600.0,cell,False,False
JenaWeather-D/tshort,native,1.2044280745597955,1.5734140297468562,0.7654870566735532,2737993728.0,cell,True,True
JenaWeather-D/tshort,32,1.2700455213537778,1.5734140297468562,0.8071909219966172,585818112.0,cell,False,True
JenaWeather-D/tshort,48,1.3215617423322068,1.5734140297468562,0.839932603464093,701829120.0,cell,False,False
JenaWeather-D/tshort,64,1.4449255751238592,1.5734140297468562,0.9183377978117627,817876992.0,cell,False,False
JenaWeather-D/tshort,96,1.4877851618164617,1.5734140297468562,0.9455776634048629,1050083328.0,cell,False,False
JenaWeather-D/tshort,128,1.4943236711772663,1.5734140297468562,0.9497332824836228,1282437120.0,cell,False,False
JenaWeather-D/tshort,192,1.480485587114966,1.5734140297468562,0.940938341164505,1747587072.0,cell,False,False
JenaWeather-D/tshort,256,1.303956509192425,1.5734140297468562,0.8287434105327104,2213326848.0,cell,False,False
BizITObsApp/tshort,native,1.030343591294436,2.242330238675541,0.4594968098468051,64444126003.2,cell,True,False
BizITObsApp/tshort,32,5.825633148285729,2.242330238675541,2.5980263958473433,824193024.0,cell,False,True
BizITObsApp/tshort,48,3.0018371118555742,2.242330238675541,1.3387132100705403,940277760.0,cell,False,True
BizITObsApp/tshort,64,3.318660220162754,2.242330238675541,1.4800051138421788,1056399360.0,cell,False,False
BizITObsApp/tshort,96,4.411601281455644,2.242330238675541,1.967418181927301,1288753152.0,cell,False,False
BizITObsApp/tshort,128,3.224499149554486,2.242330238675541,1.4380126057877516,1521254400.0,cell,False,False
BizITObsApp/tshort,192,3.3695697537215223,2.242330238675541,1.5027089657015902,1986699264.0,cell,False,False
BizITObsApp/tshort,256,3.171243723667974,2.242330238675541,1.414262568898463,2452733952.0,cell,False,False
BizITObsApp/tshort,384,1.9150645719846824,2.242330238675541,0.8540510844271707,3386572800.0,cell,False,True
BizITObsApp/tshort,512,1.909071028643402,2.242330238675541,0.8513781760223764,4322770944.0,cell,False,True
BizITObsApp/tshort,768,1.1621901616567833,2.242330238675541,0.5182957182717407,6202245120.0,cell,False,True
BizITObsApp/tshort,1024,1.1504253079343527,2.242330238675541,0.5130490095044453,8091156480.0,cell,False,True
BizITObsApp/tshort,1536,1.037922512084214,2.242330238675541,0.46287674053634276,11897290752.0,cell,False,True
BizITObsApp/tshort,2048,1.0246761130799935,2.242330238675541,0.4569693149592589,15741173760.0,cell,False,True
BizITObsApp/tshort,2560,1.0144040892753472,2.242330238675541,0.45238835555039253,19622805504.0,cell,False,True
BizITObsApp/tshort,3072,1.0073433091928212,2.242330238675541,0.4492394972953763,23542185984.0,cell,False,True
BizITObsApp/tshort,4096,1.0439335024096552,2.242330238675541,0.4655574296791658,31494193152.0,cell,False,False
BizITObsApp/tshort,6144,1.0393061483106378,2.242330238675541,0.46349379336939966,47851192320.0,cell,False,False
BizITObsApp/tshort,8192,1.0279031884921825,2.242330238675541,0.4584084764870877,64812171264.0,cell,False,False
BizITObsApp/tmedium,native,1.8488852464508432,2.6914183385868085,0.6869557288599153,67222935552.0,cell,True,False
BizITObsApp/tmedium,32,6.601006219193164,2.6914183385868085,2.45261248485777,4899127296.0,cell,False,True
BizITObsApp/tmedium,48,6.206057789042669,2.6914183385868085,2.305868879641098,5016465408.0,cell,False,True
BizITObsApp/tmedium,64,8.928380404349317,2.6914183385868085,3.317351404032333,5133840384.0,cell,False,False
BizITObsApp/tmedium,96,6.6232843184642265,2.6914183385868085,2.460889941747939,5368700928.0,cell,False,False
BizITObsApp/tmedium,128,6.64468765734697,2.6914183385868085,2.468842380272967,5603708928.0,cell,False,False
BizITObsApp/tmedium,192,6.48547539781159,2.6914183385868085,2.4096868572341448,6074167296.0,cell,False,False
BizITObsApp/tmedium,256,6.779442421146929,2.6914183385868085,2.5189106888179387,6545215488.0,cell,False,False
BizITObsApp/tmedium,384,6.334342504398838,2.6914183385868085,2.353533233233757,7489081344.0,cell,False,False
BizITObsApp/tmedium,512,4.655955622306314,2.6914183385868085,1.729926394404755,8435306496.0,cell,False,True
BizITObsApp/tmedium,768,1.910948320220764,2.6914183385868085,0.7100153450036131,10334834688.0,cell,False,True
BizITObsApp/tmedium,1024,1.8056509567845676,2.6914183385868085,0.6708919720494535,12243800064.0,cell,False,True
BizITObsApp/tmedium,1536,1.9554599581297403,2.6914183385868085,0.7265537022224868,16090042368.0,cell,False,False
BizITObsApp/tmedium,2048,1.833123906186427,2.6914183385868085,0.6810995822927146,19974033408.0,cell,False,False
BizITObsApp/tmedium,2560,1.7714247804366012,2.6914183385868085,0.6581751915113757,23895773184.0,cell,False,True
BizITObsApp/tmedium,3072,1.8263996602849633,2.6914183385868085,0.6786011799428984,27855261696.0,cell,False,False
BizITObsApp/tmedium,4096,1.9153294525314732,2.6914183385868085,0.7116431604375414,35887484928.0,cell,False,False
BizITObsApp/tmedium,6144,1.8494089781814742,2.6914183385868085,0.687150322068679,52404916224.0,cell,False,False
BizITObsApp/tmedium,8192,1.8562705205651946,2.6914183385868085,0.6896997371058534,69526327296.0,cell,False,False
BizITObsApp/tlong,native,3.0834937681516656,3.2063450561622804,0.9616849447396478,69994856448.0,cell,True,False
BizITObsApp/tlong,32,7.273422673813473,3.2063450561622804,2.2684466413977087,7194857472.0,cell,False,True
BizITObsApp/tlong,48,7.320115122523203,3.2063450561622804,2.2830091566266892,7312896000.0,cell,False,False
BizITObsApp/tlong,64,7.319821509262046,3.2063450561622804,2.282917584055424,7430971392.0,cell,False,False
BizITObsApp/tlong,96,7.274080862272448,3.2063450561622804,2.268651918262003,7667232768.0,cell,False,False
BizITObsApp/tlong,128,7.270184507122936,3.2063450561622804,2.2674367168157263,7903641600.0,cell,False,True
BizITObsApp/tlong,192,7.952317641560071,3.2063450561622804,2.480181484608619,8376901632.0,cell,False,False
BizITObsApp/tlong,256,7.251385536792713,3.2063450561622804,2.2615736640247945,8850751488.0,cell,False,True
BizITObsApp/tlong,384,7.131396765792542,3.2063450561622804,2.2241513751262354,9800220672.0,cell,False,True
BizITObsApp/tlong,512,3.1204637352998645,3.2063450561622804,0.973215196942899,10752049152.0,cell,False,True
BizITObsApp/tlong,768,3.08855484166053,3.2063450561622804,0.9632634004018472,12662784000.0,cell,False,True
BizITObsApp/tlong,1024,3.029705365225317,3.2063450561622804,0.944909332014195,14582956032.0,cell,False,True
BizITObsApp/tlong,1536,3.0667068826943362,3.2063450561622804,0.9564494241817257,18451611648.0,cell,False,False
BizITObsApp/tlong,2048,3.0481086852556993,3.2063450561622804,0.9506489887598135,22358016000.0,cell,False,False
BizITObsApp/tlong,2560,3.0642181195610023,3.2063450561622804,0.9556732247740698,26302169088.0,cell,False,False
BizITObsApp/tlong,3072,3.1107960469616405,3.2063450561622804,0.970200022914875,30284070912.0,cell,False,False
BizITObsApp/tlong,4096,3.166581937351505,3.2063450561622804,0.9875986152100646,38361120768.0,cell,False,False
BizITObsApp/tlong,6144,3.098118619630673,3.2063450561622804,0.9662461666988689,54968205312.0,cell,False,False
BizITObsService/tshort,native,0.7613665271849906,1.225305042620374,0.6213689658509619,64444126003.2,cell,True,True
BizITObsService/tshort,32,3.429046212561759,1.225305042620374,2.7985245251489195,824193024.0,cell,False,True
BizITObsService/tshort,48,2.4063216825244735,1.225305042620374,1.9638552024387645,940277760.0,cell,False,True
BizITObsService/tshort,64,2.8087334700461755,1.225305042620374,2.292272840108095,1056399360.0,cell,False,False
BizITObsService/tshort,96,2.890926288135573,1.225305042620374,2.3593523143862916,1288753152.0,cell,False,False
BizITObsService/tshort,128,2.254535587657681,1.225305042620374,1.839979033168955,1521254400.0,cell,False,True
BizITObsService/tshort,192,2.3102683446404657,1.225305042620374,1.8854638349482715,1986699264.0,cell,False,False
BizITObsService/tshort,256,2.186868787860633,1.225305042620374,1.784754580935951,2452733952.0,cell,False,True
BizITObsService/tshort,384,1.321246725209662,1.225305042620374,1.078300243002438,3386572800.0,cell,False,True
BizITObsService/tshort,512,1.3210864668447595,1.225305042620374,1.078169452416153,4322770944.0,cell,False,True
BizITObsService/tshort,768,0.8706769364614314,1.225305042620374,0.7105797382498702,6202245120.0,cell,False,True
BizITObsService/tshort,1024,0.8516636176185147,1.225305042620374,0.6950625256525436,8091156480.0,cell,False,True
BizITObsService/tshort,1536,0.7872304323862795,1.225305042620374,0.642477101622588,11897290752.0,cell,False,True
BizITObsService/tshort,2048,0.7903097155411555,1.225305042620374,0.6449901763654217,15741173760.0,cell,False,False
BizITObsService/tshort,2560,0.7776456129543714,1.225305042620374,0.6346547071179424,19622805504.0,cell,False,True
BizITObsService/tshort,3072,0.7710159801669724,1.225305042620374,0.6292441093020539,23542185984.0,cell,False,True
BizITObsService/tshort,4096,0.7757596152916056,1.225305042620374,0.6331155004737483,31494193152.0,cell,False,False
BizITObsService/tshort,6144,0.7681906426491476,1.225305042620374,0.6269382855116101,47851192320.0,cell,False,True
BizITObsService/tshort,8192,0.7610383390870109,1.225305042620374,0.6211011238960493,64812171264.0,cell,False,True
BizITObsService/tmedium,native,0.9499121687825316,1.3205790727650968,0.7193148735831141,67222935552.0,cell,True,False
BizITObsService/tmedium,32,3.6991476420443417,1.3205790727650968,2.8011557341272075,4899127296.0,cell,False,True
BizITObsService/tmedium,48,3.8162800463024915,1.3205790727650968,2.8898534930678306,5016465408.0,cell,False,False
BizITObsService/tmedium,64,3.8645299126173396,1.3205790727650968,2.926390393666914,5133840384.0,cell,False,False
BizITObsService/tmedium,96,3.8479968648419565,1.3205790727650968,2.9138708496908268,5368700928.0,cell,False,False
BizITObsService/tmedium,128,3.770625766781479,1.3205790727650968,2.855282083856098,5603708928.0,cell,False,False
BizITObsService/tmedium,192,3.9043506706668967,1.3205790727650968,2.9565444063048534,6074167296.0,cell,False,False
BizITObsService/tmedium,256,3.713044695840665,1.3205790727650968,2.811679188635104,6545215488.0,cell,False,False
BizITObsService/tmedium,384,3.6420809705675707,1.3205790727650968,2.7579423645882812,7489081344.0,cell,False,True
BizITObsService/tmedium,512,2.727903571128135,1.3205790727650968,2.0656874150037146,8435306496.0,cell,False,True
BizITObsService/tmedium,768,1.0922435919686893,1.3205790727650968,0.8270944273573055,10334834688.0,cell,False,True
BizITObsService/tmedium,1024,0.9838182948568807,1.3205790727650968,0.7449900692405423,12243800064.0,cell,False,True
BizITObsService/tmedium,1536,0.9837182438304896,1.3205790727650968,0.7449143062450092,16090042368.0,cell,False,True
BizITObsService/tmedium,2048,0.9384276578569132,1.3205790727650968,0.7106183016303482,19974033408.0,cell,False,True
BizITObsService/tmedium,2560,0.9309898278227287,1.3205790727650968,0.7049860527271373,23895773184.0,cell,False,True
BizITObsService/tmedium,3072,0.9466176058353553,1.3205790727650968,0.7168200870041642,27855261696.0,cell,False,False
BizITObsService/tmedium,4096,0.9806788265044565,1.3205790727650968,0.7426127270448565,35887484928.0,cell,False,False
BizITObsService/tmedium,6144,0.9288589734926566,1.3205790727650968,0.7033724770056847,52404916224.0,cell,False,True
BizITObsService/tmedium,8192,0.9495611966183679,1.3205790727650968,0.7190491021716159,69526327296.0,cell,False,False
BizITObsService/tlong,native,1.3677984077140457,1.367193469742303,1.0004424669844691,69994856448.0,cell,True,False
BizITObsService/tlong,32,3.896429051421314,1.367193469742303,2.84994709063066,7194857472.0,cell,False,True
BizITObsService/tlong,48,3.942673018960498,1.367193469742303,2.883771102054516,7312896000.0,cell,False,False
BizITObsService/tlong,64,3.865693289804164,1.367193469742303,2.8274661745808323,7430971392.0,cell,False,True
BizITObsService/tlong,96,3.864556026781715,1.367193469742303,2.8266343515450894,7667232768.0,cell,False,True
BizITObsService/tlong,128,4.253726429313446,1.367193469742303,3.111283460207877,7903641600.0,cell,False,False
BizITObsService/tlong,192,5.184967174466867,1.367193469742303,3.7924165739645916,8376901632.0,cell,False,False
BizITObsService/tlong,256,3.982237831564143,1.367193469742303,2.912709810056904,8850751488.0,cell,False,False
BizITObsService/tlong,384,3.851016807273422,1.367193469742303,2.8167314228024254,9800220672.0,cell,False,True
BizITObsService/tlong,512,1.6552588323328656,1.367193469742303,1.2106983166360932,10752049152.0,cell,False,True
BizITObsService/tlong,768,1.5787076139072818,1.367193469742303,1.1547068127854987,12662784000.0,cell,False,True
BizITObsService/tlong,1024,1.3834820432591228,1.367193469742303,1.011913876036791,14582956032.0,cell,False,True
BizITObsService/tlong,1536,1.4311708526459042,1.367193469742303,1.0467946814547469,18451611648.0,cell,False,False
BizITObsService/tlong,2048,1.4572303065031347,1.367193469742303,1.0658552273350181,22358016000.0,cell,False,False
BizITObsService/tlong,2560,1.4183513032298989,1.367193469742303,1.0374181376811569,26302169088.0,cell,False,False
BizITObsService/tlong,3072,1.4141805292647396,1.367193469742303,1.0343675277583744,30284070912.0,cell,False,False
BizITObsService/tlong,4096,1.4063628488761482,1.367193469742303,1.0286494779273836,38361120768.0,cell,False,False
BizITObsService/tlong,6144,1.3672955495660113,1.367193469742303,1.0000746637736118,54968205312.0,cell,False,True
BizITObsL2C-5T/tshort,native,0.2625150532917734,0.9860210805885202,0.2662367554404493,64674164736.0,cell,True,False
BizITObsL2C-5T/tshort,32,0.3074742725212612,0.9860210805885202,0.3118333660145896,704987136.0,cell,False,True
BizITObsL2C-5T/tshort,48,0.2945918612971977,0.9860210805885202,0.29876831955901645,821035008.0,cell,False,True
BizITObsL2C-5T/tshort,64,0.3052933811578725,0.9860210805885202,0.3096215559363639,937119744.0,cell,False,False
BizITObsL2C-5T/tshort,96,0.30170207046338265,0.9860210805885202,0.3059793308712098,1169399808.0,cell,False,False
BizITObsL2C-5T/tshort,128,0.29814610410776304,0.9860210805885202,0.30237295122515073,1401827328.0,cell,False,False
BizITObsL2C-5T/tshort,192,0.2840300917864398,0.9860210805885202,0.28805681478626455,1867124736.0,cell,False,True
BizITObsL2C-5T/tshort,256,0.2771473128666521,0.9860210805885202,0.2810764580218031,2333011968.0,cell,False,True
BizITObsL2C-5T/tshort,384,0.28068214501691124,0.9860210805885202,0.28466140384075994,3266555904.0,cell,False,False
BizITObsL2C-5T/tshort,512,0.29112187092758546,0.9860210805885202,0.2952491347891116,4202459136.0,cell,False,False
BizITObsL2C-5T/tshort,768,0.30052724309731366,0.9860210805885202,0.30478784786014906,6081343488.0,cell,False,False
BizITObsL2C-5T/tshort,1024,0.2996312369236531,0.9860210805885202,0.3038791389174095,7969665024.0,cell,False,False
BizITObsL2C-5T/tshort,1536,0.31013935650730184,0.9860210805885202,0.31453623316267326,11774619648.0,cell,False,False
BizITObsL2C-5T/tshort,2048,0.2877198434355939,0.9860210805885202,0.2917988764133363,15617323008.0,cell,False,False
BizITObsL2C-5T/tshort,2560,0.27136100662883483,0.9860210805885202,0.2752081187421158,19497775104.0,cell,False,True
BizITObsL2C-5T/tshort,3072,0.27072030381548473,0.9860210805885202,0.27455833262094315,23415975936.0,cell,False,True
BizITObsL2C-5T/tshort,4096,0.2771988529326172,0.9860210805885202,0.28112872877643474,31365623808.0,cell,False,False
BizITObsL2C-5T/tshort,6144,0.2627309654332441,0.9860210805885202,0.26645572858992983,47717904384.0,cell,False,True
BizITObsL2C-5T/tshort,8192,0.2625150525298161,0.9860210805885202,0.26623675466768965,64674164736.0,cell,False,True
BizITObsL2C-5T/tmedium,native,0.6325021004552339,1.2435997989335994,0.5086058239938697,68413280256.0,cell,True,False
BizITObsL2C-5T/tmedium,32,0.8543325198471892,1.2435997989335994,0.6869834818080452,3936485376.0,cell,False,True
BizITObsL2C-5T/tmedium,48,0.9581698521668346,1.2435997989335994,0.7704808677103967,4053528576.0,cell,False,False
BizITObsL2C-5T/tmedium,64,1.0606239268789184,1.2435997989335994,0.8528659523653953,4170608640.0,cell,False,False
BizITObsL2C-5T/tmedium,96,1.1914219969572495,1.2435997989335994,0.958042931479168,4404879360.0,cell,False,False
BizITObsL2C-5T/tmedium,128,1.113959709366741,1.2435997989335994,0.8957541729437186,4639297536.0,cell,False,False
BizITObsL2C-5T/tmedium,192,1.0464530225304747,1.2435997989335994,0.8414708843052401,5108576256.0,cell,False,False
BizITObsL2C-5T/tmedium,256,1.00309923022814,1.2435997989335994,0.8066093538197004,5578444800.0,cell,False,False
BizITObsL2C-5T/tmedium,384,1.0796388459393986,1.2435997989335994,0.8681561760183629,6519951360.0,cell,False,False
BizITObsL2C-5T/tmedium,512,1.0513031039724594,1.2435997989335994,0.845370918260009,7463817216.0,cell,False,False
BizITObsL2C-5T/tmedium,768,1.0124174645696038,1.2435997989335994,0.8141023064154264,9358626816.0,cell,False,False
BizITObsL2C-5T/tmedium,1024,1.1019182590876282,1.2435997989335994,0.8860714355474609,11262873600.0,cell,False,False
BizITObsL2C-5T/tmedium,1536,1.1260186914136818,1.2435997989335994,0.9054510079361988,15099678720.0,cell,False,False
BizITObsL2C-5T/tmedium,2048,0.9216700765428104,1.2435997989335994,0.7411307699897931,18974232576.0,cell,False,False
BizITObsL2C-5T/tmedium,2560,0.7343473293219778,1.2435997989335994,0.5905013252267238,22886535168.0,cell,False,True
BizITObsL2C-5T/tmedium,3072,0.7231669649948584,1.2435997989335994,0.581511001863286,26836586496.0,cell,False,True
BizITObsL2C-5T/tmedium,4096,0.6272813724958769,1.2435997989335994,0.5044077467958563,34849935360.0,cell,False,True
BizITObsL2C-5T/tmedium,6144,0.6184339203850122,1.2435997989335994,0.4972933582936618,51329617920.0,cell,False,True
BizITObsL2C-5T/tmedium,8192,0.6325021057753865,1.2435997989335994,0.5086058282718958,68413280256.0,cell,False,False
BizITObsL2C-5T/tlong,native,0.6657833980128524,1.4542830442631411,0.4578086780556482,70502178816.0,cell,True,False
BizITObsL2C-5T/tlong,32,1.2341272540834516,1.4542830442631411,0.8486155834325645,5743374336.0,cell,False,True
BizITObsL2C-5T/tlong,48,1.2365209681605664,1.4542830442631411,0.8502615588061739,5860970496.0,cell,False,False
BizITObsL2C-5T/tlong,64,1.2508338792661187,1.4542830442631411,0.8601034607399233,5978603520.0,cell,False,False
BizITObsL2C-5T/tlong,96,1.2340634114495062,1.4542830442631411,0.8485716837019053,6213980160.0,cell,False,True
BizITObsL2C-5T/tlong,128,1.3028165641890648,1.4542830442631411,0.8958480051929494,6449504256.0,cell,False,False
BizITObsL2C-5T/tlong,192,1.3033013046504032,1.4542830442631411,0.8961813243932596,6920994816.0,cell,False,False
BizITObsL2C-5T/tlong,256,1.3300482867298686,1.4542830442631411,0.9145731925959296,7393075200.0,cell,False,False
BizITObsL2C-5T/tlong,384,1.3614544976139873,1.4542830442631411,0.9361688585895682,8339005440.0,cell,False,False
BizITObsL2C-5T/tlong,512,1.322649301095785,1.4542830442631411,0.9094854721117562,9287294976.0,cell,False,False
BizITObsL2C-5T/tlong,768,1.3039661680199481,1.4542830442631411,0.896638500437612,11190951936.0,cell,False,False
BizITObsL2C-5T/tlong,1024,1.2819114520737163,1.4542830442631411,0.881473147287664,13104046080.0,cell,False,False
BizITObsL2C-5T/tlong,1536,1.253958767698071,1.4542830442631411,0.8622522091862999,16958545920.0,cell,False,False
BizITObsL2C-5T/tlong,2048,1.1762185724853587,1.4542830442631411,0.8087961811322137,20850794496.0,cell,False,True
BizITObsL2C-5T/tlong,2560,1.0199522322409387,1.4542830442631411,0.7013436870246466,24780791808.0,cell,False,True
BizITObsL2C-5T/tlong,3072,0.8752299249736936,1.4542830442631411,0.6018291476520354,28748537856.0,cell,False,True
BizITObsL2C-5T/tlong,4096,0.7255424381398968,1.4542830442631411,0.49890043138577334,36797276160.0,cell,False,True
BizITObsL2C-5T/tlong,6144,0.664459438447634,1.4542830442631411,0.456898291614411,53347737600.0,cell,False,True
BizITObsL2C-5T/tlong,8192,0.6657833978530409,1.4542830442631411,0.45780867794575797,70502178816.0,cell,False,False
BizITObsL2C-H/tshort,native,0.4447957555559691,1.214064126760004,0.3663692433965609,19071995904.0,cell,True,True
BizITObsL2C-H/tshort,32,1.0184561186576624,1.214064126760004,0.8388816506551722,704987136.0,cell,False,True
BizITObsL2C-H/tshort,48,0.9963577835464579,1.214064126760004,0.8206797001781584,821035008.0,cell,False,True
BizITObsL2C-H/tshort,64,1.0510439196515142,1.214064126760004,0.8657235614534259,937119744.0,cell,False,False
BizITObsL2C-H/tshort,96,1.1465856768010763,1.214064126760004,0.9444193692313364,1169399808.0,cell,False,False
BizITObsL2C-H/tshort,128,1.140683911781338,1.214064126760004,0.9395582050723325,1401827328.0,cell,False,False
BizITObsL2C-H/tshort,192,1.0296760492601753,1.214064126760004,0.8481232799523459,1867124736.0,cell,False,False
BizITObsL2C-H/tshort,256,0.8852960696827669,1.214064126760004,0.7292004187994363,2333011968.0,cell,False,True
BizITObsL2C-H/tshort,384,0.6403742358900382,1.214064126760004,0.5274632713174855,3266555904.0,cell,False,True
BizITObsL2C-H/tshort,512,0.5781823582799779,1.214064126760004,0.47623708298093287,4202459136.0,cell,False,True
BizITObsL2C-H/tshort,768,0.5179841400028787,1.214064126760004,0.42665303140554267,6081343488.0,cell,False,True
BizITObsL2C-H/tshort,1024,0.5028136414070511,1.214064126760004,0.41415739936976753,7969665024.0,cell,False,True
BizITObsL2C-H/tshort,1536,0.45707701663562145,1.214064126760004,0.37648506908397955,11774619648.0,cell,False,True
BizITObsL2C-H/tshort,2048,0.4561183372860975,1.214064126760004,0.37569542434578734,15617323008.0,cell,False,True
BizITObsL2C-H/tshort,2560,0.45056821389368723,1.214064126760004,0.37112390026392356,19497775104.0,cell,False,False
BizITObsL2C-H/tmedium,native,0.4977335739713872,1.5102861226255864,0.32956243622638376,20070752256.0,cell,True,False
BizITObsL2C-H/tmedium,32,1.4472065535598495,1.5102861226255864,0.9582333651082783,3936485376.0,cell,False,True
BizITObsL2C-H/tmedium,48,1.4261926983062299,1.5102861226255864,0.9443195411388918,4053528576.0,cell,False,True
BizITObsL2C-H/tmedium,64,1.3439846600686685,1.5102861226255864,0.8898874457855656,4170608640.0,cell,False,True
BizITObsL2C-H/tmedium,96,1.3326591364147784,1.5102861226255864,0.8823885199302441,4404879360.0,cell,False,True
BizITObsL2C-H/tmedium,128,1.3325174587475441,1.5102861226255864,0.8822947114358722,4639297536.0,cell,False,True
BizITObsL2C-H/tmedium,192,1.2774030769856521,1.5102861226255864,0.8458020356864074,5108576256.0,cell,False,True
BizITObsL2C-H/tmedium,256,1.1709762264550578,1.5102861226255864,0.7753340303619763,5578444800.0,cell,False,True
BizITObsL2C-H/tmedium,384,0.6526356925417967,1.5102861226255864,0.4321271862097292,6519951360.0,cell,False,True
BizITObsL2C-H/tmedium,512,0.6050540915482306,1.5102861226255864,0.4006221619095344,7463817216.0,cell,False,True
BizITObsL2C-H/tmedium,768,0.5234977921385413,1.5102861226255864,0.3466215999048289,9358626816.0,cell,False,True
BizITObsL2C-H/tmedium,1024,0.5053330833877598,1.5102861226255864,0.3345942704613174,11262873600.0,cell,False,True
BizITObsL2C-H/tmedium,1536,0.48853896609206754,1.5102861226255864,0.3234744455194738,15099678720.0,cell,False,True
BizITObsL2C-H/tmedium,2048,0.49932844893152767,1.5102861226255864,0.33061844471129775,18974232576.0,cell,False,False
BizITObsL2C-H/tlong,native,0.5567000857204868,1.4260541525613812,0.39037794232468664,20118122496.0,cell,True,True
BizITObsL2C-H/tlong,32,1.3551347785086247,1.4260541525613812,0.950268807166,5743374336.0,cell,False,True
BizITObsL2C-H/tlong,48,1.4444952933417794,1.4260541525613812,1.012931585204724,5860970496.0,cell,False,False
BizITObsL2C-H/tlong,64,1.2281032524142999,1.4260541525613812,0.861189773339578,5978603520.0,cell,False,True
BizITObsL2C-H/tlong,96,1.3056237657337701,1.4260541525613812,0.9155499203089151,6213980160.0,cell,False,False
BizITObsL2C-H/tlong,128,1.185645324181874,1.4260541525613812,0.8314167607536493,6449504256.0,cell,False,True
BizITObsL2C-H/tlong,192,1.13866332938104,1.4260541525613812,0.7984713114406283,6920994816.0,cell,False,True
BizITObsL2C-H/tlong,256,0.9332554463740229,1.4260541525613812,0.6544319826128434,7393075200.0,cell,False,True
BizITObsL2C-H/tlong,384,0.688128552905401,1.4260541525613812,0.4825402679620766,8339005440.0,cell,False,True
BizITObsL2C-H/tlong,512,0.6297707630135552,1.4260541525613812,0.4416177056687531,9287294976.0,cell,False,True
BizITObsL2C-H/tlong,768,0.587518419934745,1.4260541525613812,0.41198885672012137,11190951936.0,cell,False,True
BizITObsL2C-H/tlong,1024,0.5718207905707746,1.4260541525613812,0.40098111950637294,13104046080.0,cell,False,True
BizITObsL2C-H/tlong,1536,0.5653859060097007,1.4260541525613812,0.39646874909637414,16958545920.0,cell,False,True
BitbrainsFS-5T/tshort,native,0.6701267122642656,1.1360241737534569,0.5898877222393494,63732713472.0,cell,True,False
BitbrainsFS-5T/tshort,32,0.941715091110387,1.1360241737534569,0.8289569120689861,704987136.0,cell,False,True
BitbrainsFS-5T/tshort,48,0.8636108557674489,1.1360241737534569,0.7602046468025883,821035008.0,cell,False,True
BitbrainsFS-5T/tshort,64,0.8090210510901107,1.1360241737534569,0.7121512638389389,937119744.0,cell,False,True
BitbrainsFS-5T/tshort,96,0.804426327539943,1.1360241737534569,0.7081066988936469,1169399808.0,cell,False,True
BitbrainsFS-5T/tshort,128,0.8684285226366613,1.1360241737534569,0.7644454604934579,1401827328.0,cell,False,False
BitbrainsFS-5T/tshort,192,0.8162633249838191,1.1360241737534569,0.7185263692821442,1867124736.0,cell,False,False
BitbrainsFS-5T/tshort,256,0.799341936612805,1.1360241737534569,0.7036310978944718,2333011968.0,cell,False,True
BitbrainsFS-5T/tshort,384,0.7622892522260135,1.1360241737534569,0.6710149923195627,3266555904.0,cell,False,True
BitbrainsFS-5T/tshort,512,0.763363463670709,1.1360241737534569,0.6719605808638155,4202459136.0,cell,False,False
BitbrainsFS-5T/tshort,768,0.73068065582591,1.1360241737534569,0.6431911157415955,6081343488.0,cell,False,True
BitbrainsFS-5T/tshort,1024,0.7211406594698931,1.1360241737534569,0.6347934103261407,7969665024.0,cell,False,True
BitbrainsFS-5T/tshort,1536,0.7165685751918791,1.1360241737534569,0.6307687738935306,11774619648.0,cell,False,True
BitbrainsFS-5T/tshort,2048,0.6693878487749518,1.1360241737534569,0.5892373280783937,15617323008.0,cell,False,True
BitbrainsFS-5T/tshort,2560,0.6674610482717267,1.1360241737534569,0.5875412369671817,19497775104.0,cell,False,True
BitbrainsFS-5T/tshort,3072,0.669477333702889,1.1360241737534569,0.5893160983457917,23415975936.0,cell,False,False
BitbrainsFS-5T/tshort,4096,0.6712448582866735,1.1360241737534569,0.5908719847649553,31365623808.0,cell,False,False
BitbrainsFS-5T/tshort,6144,0.6675279312879587,1.1360241737534569,0.5876001116089168,47717904384.0,cell,False,False
BitbrainsFS-5T/tshort,8192,0.669170775352011,1.1360241737534569,0.5890462463849262,64674164736.0,cell,False,False
BitbrainsFS-5T/tmedium,native,0.978500099129061,1.2202713595882653,0.8018709047299275,66113722368.0,cell,True,False
BitbrainsFS-5T/tmedium,32,1.1091951421453796,1.2202713595882653,0.9089741666309663,3936485376.0,cell,False,True
BitbrainsFS-5T/tmedium,48,1.1280043394832096,1.2202713595882653,0.924388113037261,4053528576.0,cell,False,False
BitbrainsFS-5T/tmedium,64,1.136120758377066,1.2202713595882653,0.9310394359828352,4170608640.0,cell,False,False
BitbrainsFS-5T/tmedium,96,1.1121863922803066,1.2202713595882653,0.9114254657714593,4404879360.0,cell,False,False
BitbrainsFS-5T/tmedium,128,1.1498712727606364,1.2202713595882653,0.942307843026503,4639297536.0,cell,False,False
BitbrainsFS-5T/tmedium,192,1.1356542047550144,1.2202713595882653,0.9306571000225706,5108576256.0,cell,False,False
BitbrainsFS-5T/tmedium,256,1.1242694229172863,1.2202713595882653,0.9213273868007759,5578444800.0,cell,False,False
BitbrainsFS-5T/tmedium,384,1.0787163999310978,1.2202713595882653,0.8839971465814539,6519951360.0,cell,False,True
BitbrainsFS-5T/tmedium,512,1.1702903606004713,1.2202713595882653,0.9590410783674722,7463817216.0,cell,False,False
BitbrainsFS-5T/tmedium,768,1.2799270446299904,1.2202713595882653,1.0488872287077635,9358626816.0,cell,False,False
BitbrainsFS-5T/tmedium,1024,1.5079645638136228,1.2202713595882653,1.2357616623260164,11262873600.0,cell,False,False
BitbrainsFS-5T/tmedium,1536,1.6433661630407492,1.2202713595882653,1.3467218992956136,15099678720.0,cell,False,False
BitbrainsFS-5T/tmedium,2048,0.9817909430933088,1.2202713595882653,0.8045677179742851,18974232576.0,cell,False,True
BitbrainsFS-5T/tmedium,2560,0.9798534916414005,1.2202713595882653,0.8029799961641444,22886535168.0,cell,False,True
BitbrainsFS-5T/tmedium,3072,0.9733789457337537,1.2202713595882653,0.7976741714746004,26836586496.0,cell,False,True
BitbrainsFS-5T/tmedium,4096,0.9797031164332926,1.2202713595882653,0.8028567652065984,34849935360.0,cell,False,False
BitbrainsFS-5T/tmedium,6144,0.9793007520548649,1.2202713595882653,0.8025270316803085,51329617920.0,cell,False,False
BitbrainsFS-5T/tlong,native,0.8913841817154272,1.1366422318753115,0.7842258159322124,65153323008.0,cell,True,True
BitbrainsFS-5T/tlong,32,1.0872599369950944,1.1366422318753115,0.9565542318458968,5743374336.0,cell,False,True
BitbrainsFS-5T/tlong,48,1.0456089180963573,1.1366422318753115,0.919910318985103,5860970496.0,cell,False,True
BitbrainsFS-5T/tlong,64,1.0176904804495317,1.1366422318753115,0.8953481156251559,5978603520.0,cell,False,True
BitbrainsFS-5T/tlong,96,1.0274159150936453,1.1366422318753115,0.9039044004185406,6213980160.0,cell,False,False
BitbrainsFS-5T/tlong,128,1.0651267730139085,1.1366422318753115,0.9370818214774478,6449504256.0,cell,False,False
BitbrainsFS-5T/tlong,192,1.0953326420359222,1.1366422318753115,0.9636564710680916,6920994816.0,cell,False,False
BitbrainsFS-5T/tlong,256,1.081251316358534,1.1366422318753115,0.9512679416940283,7393075200.0,cell,False,False
BitbrainsFS-5T/tlong,384,0.9965054002037895,1.1366422318753115,0.876709814450309,8339005440.0,cell,False,True
BitbrainsFS-5T/tlong,512,0.995925955612974,1.1366422318753115,0.8762000281916553,9287294976.0,cell,False,True
BitbrainsFS-5T/tlong,768,1.0436892394784993,1.1366422318753115,0.9182214158597187,11190951936.0,cell,False,False
BitbrainsFS-5T/tlong,1024,1.1438348859856136,1.1366422318753115,1.0063279842228237,13104046080.0,cell,False,False
BitbrainsFS-5T/tlong,1536,0.9367862190939084,1.1366422318753115,0.8241698159924369,16958545920.0,cell,False,True
BitbrainsFS-5T/tlong,2048,0.916727944510961,1.1366422318753115,0.8065228607584634,20850794496.0,cell,False,True
BitbrainsFS-5T/tlong,2560,0.9092990898809803,1.1366422318753115,0.7999870710247633,24780791808.0,cell,False,True
BitbrainsFS-5T/tlong,3072,0.9083879035354575,1.1366422318753115,0.7991854235758387,28748537856.0,cell,False,True
BitbrainsFS-5T/tlong,4096,0.9048365797763689,1.1366422318753115,0.796061024658134,36797276160.0,cell,False,True
BitbrainsFS-5T/tlong,6144,0.8932579417806723,1.1366422318753115,0.7858743206355382,53347737600.0,cell,False,True
BitbrainsFS-H/tshort,native,1.0211317073054953,1.298512456963805,0.7863857615144608,5316950016.0,cell,True,False
BitbrainsFS-H/tshort,32,1.214945569675446,1.298512456963805,0.9356441389220433,704987136.0,cell,False,True
BitbrainsFS-H/tshort,48,1.0979629314223618,1.298512456963805,0.8455544076871083,821035008.0,cell,False,True
BitbrainsFS-H/tshort,64,1.098436939840294,1.298512456963805,0.845919447248639,937119744.0,cell,False,False
BitbrainsFS-H/tshort,96,1.0719623931932358,1.298512456963805,0.825531081696135,1169399808.0,cell,False,True
BitbrainsFS-H/tshort,128,1.090533432163992,1.298512456963805,0.8398328612987574,1401827328.0,cell,False,False
BitbrainsFS-H/tshort,192,1.046647519603702,1.298512456963805,0.8060357942587504,1867124736.0,cell,False,True
BitbrainsFS-H/tshort,256,1.0352940603737397,1.298512456963805,0.7972923592850814,2333011968.0,cell,False,True
BitbrainsFS-H/tshort,384,1.0182412654197521,1.298512456963805,0.7841597975891693,3266555904.0,cell,False,True
BitbrainsFS-H/tshort,512,1.0080844701012661,1.298512456963805,0.7763379278304188,4202459136.0,cell,False,True
BitbrainsRnD-5T/tshort,native,1.6415069765676231,1.970812637671696,0.832908692176283,63732713472.0,cell,True,False
BitbrainsRnD-5T/tshort,32,1.9565308563996235,1.970812637671696,0.9927533541245479,704987136.0,cell,False,True
BitbrainsRnD-5T/tshort,48,1.957493865600812,1.970812637671696,0.9932419897171867,821035008.0,cell,False,False
BitbrainsRnD-5T/tshort,64,1.9162780943398718,1.970812637671696,0.9723289051991006,937119744.0,cell,False,True
BitbrainsRnD-5T/tshort,96,1.836282214116619,1.970812637671696,0.9317386031611762,1169399808.0,cell,False,True
BitbrainsRnD-5T/tshort,128,1.9535732598660192,1.970812637671696,0.9912526551351715,1401827328.0,cell,False,False
BitbrainsRnD-5T/tshort,192,1.8412564195405845,1.970812637671696,0.9342625393938166,1867124736.0,cell,False,False
BitbrainsRnD-5T/tshort,256,1.786985842958572,1.970812637671696,0.906725382616637,2333011968.0,cell,False,True
BitbrainsRnD-5T/tshort,384,1.7336131038936304,1.970812637671696,0.8796437929998808,3266555904.0,cell,False,True
BitbrainsRnD-5T/tshort,512,1.7212643145311208,1.970812637671696,0.8733779567014601,4202459136.0,cell,False,True
BitbrainsRnD-5T/tshort,768,1.6718527821170066,1.970812637671696,0.8483063027706792,6081343488.0,cell,False,True
BitbrainsRnD-5T/tshort,1024,1.6718226812049621,1.970812637671696,0.8482910294202505,7969665024.0,cell,False,True
BitbrainsRnD-5T/tshort,1536,1.6722499157489328,1.970812637671696,0.8485078103236221,11774619648.0,cell,False,False
BitbrainsRnD-5T/tshort,2048,1.6338424012211505,1.970812637671696,0.8290196490475931,15617323008.0,cell,False,True
BitbrainsRnD-5T/tshort,2560,1.6319031014723968,1.970812637671696,0.8280356388420137,19497775104.0,cell,False,True
BitbrainsRnD-5T/tshort,3072,1.627005637613211,1.970812637671696,0.8255506416557912,23415975936.0,cell,False,True
BitbrainsRnD-5T/tshort,4096,1.6521812966533265,1.970812637671696,0.8383248945496928,31365623808.0,cell,False,False
BitbrainsRnD-5T/tshort,6144,1.6551891693223235,1.970812637671696,0.8398511038967927,47717904384.0,cell,False,False
BitbrainsRnD-5T/tshort,8192,1.6562070971643994,1.970812637671696,0.8403676054772161,64674164736.0,cell,False,False
BitbrainsRnD-5T/tmedium,native,4.414597481422213,4.542392314855541,0.9718661831530083,66113722368.0,cell,True,False
BitbrainsRnD-5T/tmedium,32,4.61927527363042,4.542392314855541,1.0169256535864237,3936485376.0,cell,False,True
BitbrainsRnD-5T/tmedium,48,4.616937296886935,4.542392314855541,1.016410951953137,4053528576.0,cell,False,True
BitbrainsRnD-5T/tmedium,64,4.616283210971182,4.542392314855541,1.0162669560429614,4170608640.0,cell,False,True
BitbrainsRnD-5T/tmedium,96,4.5987700513546335,4.542392314855541,1.0124114635177401,4404879360.0,cell,False,True
BitbrainsRnD-5T/tmedium,128,4.763095653625045,4.542392314855541,1.0485874674557965,4639297536.0,cell,False,False
BitbrainsRnD-5T/tmedium,192,4.604452988943421,4.542392314855541,1.0136625526344158,5108576256.0,cell,False,False
BitbrainsRnD-5T/tmedium,256,4.606614050875451,4.542392314855541,1.0141383067706147,5578444800.0,cell,False,False
BitbrainsRnD-5T/tmedium,384,4.524649491716951,4.542392314855541,0.9960939474381013,6519951360.0,cell,False,True
BitbrainsRnD-5T/tmedium,512,4.401600928809428,4.542392314855541,0.9690050140350788,7463817216.0,cell,False,True
BitbrainsRnD-5T/tmedium,768,4.411989358710925,4.542392314855541,0.9712920093409494,9358626816.0,cell,False,False
BitbrainsRnD-5T/tmedium,1024,4.417004505639718,4.542392314855541,0.97239608547114,11262873600.0,cell,False,False
BitbrainsRnD-5T/tmedium,1536,4.408665572065365,4.542392314855541,0.9705602833218889,15099678720.0,cell,False,False
BitbrainsRnD-5T/tmedium,2048,4.399817073380781,4.542392314855541,0.968612301273829,18974232576.0,cell,False,True
BitbrainsRnD-5T/tmedium,2560,4.396340651227606,4.542392314855541,0.9678469728054346,22886535168.0,cell,False,True
BitbrainsRnD-5T/tmedium,3072,4.379317053249974,4.542392314855541,0.9640992564485805,26836586496.0,cell,False,True
BitbrainsRnD-5T/tmedium,4096,4.591543198859892,4.542392314855541,1.0108204841408361,34849935360.0,cell,False,False
BitbrainsRnD-5T/tmedium,6144,4.523456632286845,4.542392314855541,0.9958313414482565,51329617920.0,cell,False,False
BitbrainsRnD-5T/tlong,native,3.3790600546992176,3.501257904408163,0.9650988721638885,65153323008.0,cell,True,False
BitbrainsRnD-5T/tlong,32,3.5980715534923746,3.501257904408163,1.0276511047536148,5743374336.0,cell,False,True
BitbrainsRnD-5T/tlong,48,3.589609045809499,3.501257904408163,1.0252341140851406,5860970496.0,cell,False,True
BitbrainsRnD-5T/tlong,64,3.5725867997873064,3.501257904408163,1.0203723625412853,5978603520.0,cell,False,True
BitbrainsRnD-5T/tlong,96,3.5702214790069116,3.501257904408163,1.0196967994022725,6213980160.0,cell,False,True
BitbrainsRnD-5T/tlong,128,3.568904202441015,3.501257904408163,1.019320569886521,6449504256.0,cell,False,True
BitbrainsRnD-5T/tlong,192,3.545058469949508,3.501257904408163,1.012509951205308,6920994816.0,cell,False,True
BitbrainsRnD-5T/tlong,256,3.5643095914603045,3.501257904408163,1.0180082955250906,7393075200.0,cell,False,False
BitbrainsRnD-5T/tlong,384,3.4642728984618,3.501257904408163,0.9894366519244989,8339005440.0,cell,False,True
BitbrainsRnD-5T/tlong,512,3.3866749287019546,3.501257904408163,0.9672737687897982,9287294976.0,cell,False,True
BitbrainsRnD-5T/tlong,768,3.3363678993749906,3.501257904408163,0.9529054958146408,11190951936.0,cell,False,True
BitbrainsRnD-5T/tlong,1024,3.334071268363055,3.501257904408163,0.9522495512728109,13104046080.0,cell,False,True
BitbrainsRnD-5T/tlong,1536,3.343312033966135,3.501257904408163,0.9548888214595187,16958545920.0,cell,False,False
BitbrainsRnD-5T/tlong,2048,3.362811379371886,3.501257904408163,0.9604580614121657,20850794496.0,cell,False,False
BitbrainsRnD-5T/tlong,2560,3.342571481016709,3.501257904408163,0.9546773109196943,24780791808.0,cell,False,False
BitbrainsRnD-5T/tlong,3072,3.325267897338315,3.501257904408163,0.9497352060674329,28748537856.0,cell,False,True
BitbrainsRnD-5T/tlong,4096,4.004494178730771,3.501257904408163,1.1437301358717455,36797276160.0,cell,False,False
BitbrainsRnD-5T/tlong,6144,4.081561859461874,3.501257904408163,1.1657415622891119,53347737600.0,cell,False,False
BitbrainsRnD-H/tshort,native,5.7644459531877965,6.0373618687533925,0.9547955014957636,5199482880.0,cell,True,False
BitbrainsRnD-H/tshort,32,5.852482948505329,6.0373618687533925,0.9693775320633152,704987136.0,cell,False,True
BitbrainsRnD-H/tshort,48,5.9353220938762234,6.0373618687533925,0.983098615405964,821035008.0,cell,False,False
BitbrainsRnD-H/tshort,64,5.989763400543261,6.0373618687533925,0.9921160153648434,937119744.0,cell,False,False
BitbrainsRnD-H/tshort,96,6.058597125888403,6.0373618687533925,1.0035173073267174,1169399808.0,cell,False,False
BitbrainsRnD-H/tshort,128,5.963666120475952,6.0373618687533925,0.9877933856079,1401827328.0,cell,False,False
BitbrainsRnD-H/tshort,192,5.988999577203093,6.0373618687533925,0.9919894992876607,1867124736.0,cell,False,False
BitbrainsRnD-H/tshort,256,5.649855995820012,6.0373618687533925,0.9358153641677612,2333011968.0,cell,False,True
BitbrainsRnD-H/tshort,384,5.9145852737336435,6.0373618687533925,0.9796638668198465,3266555904.0,cell,False,False
BitbrainsRnD-H/tshort,512,5.870082129734144,6.0373618687533925,0.9722925770136438,4202459136.0,cell,False,False
Restaurant/tshort,native,0.7078257374994534,1.0060757450046092,0.7035511401740538,2779287095.1970263,cell,True,True
Restaurant/tshort,32,0.80232671983629,1.0060757450046092,0.7974814260457241,585818112.0,cell,False,True
Restaurant/tshort,48,0.769179987878259,1.0060757450046092,0.7645348689672815,701829120.0,cell,False,True
Restaurant/tshort,64,0.7482176622681906,1.0060757450046092,0.7436991359579619,817876992.0,cell,False,True
Restaurant/tshort,96,0.7521900807194811,1.0060757450046092,0.7476475647626661,1050083328.0,cell,False,False
Restaurant/tshort,128,0.7380144901038919,1.0060757450046092,0.7335575812937531,1282437120.0,cell,False,True
Restaurant/tshort,192,0.7145139450421976,1.0060757450046092,0.7101989572752538,1747587072.0,cell,False,True
Restaurant/tshort,256,0.7103043022168188,1.0060757450046092,0.7060147367070903,2213326848.0,cell,False,True
Restaurant/tshort,384,0.708014807260949,1.0060757450046092,0.7037390681331904,3146575872.0,cell,False,False
ETTm1-15T/tshort,native,0.7034147741289342,0.9341549587802876,0.7529958145781,64674164736.0,cell,True,True
ETTm1-15T/tshort,32,1.9929697328627072,0.9341549587802876,2.1334466130382674,704987136.0,cell,False,True
ETTm1-15T/tshort,48,2.19873749322602,0.9341549587802876,2.353718162666373,821035008.0,cell,False,False
ETTm1-15T/tshort,64,2.1468578911359204,0.9341549587802876,2.2981817641251308,937119744.0,cell,False,False
ETTm1-15T/tshort,96,1.696408423736302,0.9341549587802876,1.815981821636185,1169399808.0,cell,False,True
ETTm1-15T/tshort,128,1.4876852322220429,0.9341549587802876,1.592546523720745,1401827328.0,cell,False,True
ETTm1-15T/tshort,192,1.0224059042079245,0.9341549587802876,1.0944714199696213,1867124736.0,cell,False,True
ETTm1-15T/tshort,256,0.8833730842127674,0.9341549587802876,0.945638703632398,2333011968.0,cell,False,True
ETTm1-15T/tshort,384,0.7703021407113472,0.9341549587802876,0.8245978180291622,3266555904.0,cell,False,True
ETTm1-15T/tshort,512,0.7754871876796698,0.9341549587802876,0.8301483392993085,4202459136.0,cell,False,False
ETTm1-15T/tshort,768,0.7804545587852472,0.9341549587802876,0.8354658415604571,6081343488.0,cell,False,False
ETTm1-15T/tshort,1024,0.7547989397215884,0.9341549587802876,0.8080018551816267,7969665024.0,cell,False,True
ETTm1-15T/tshort,1536,0.7184218041249334,0.9341549587802876,0.7690606332197456,11774619648.0,cell,False,True
ETTm1-15T/tshort,2048,0.7353077444630948,0.9341549587802876,0.7871367994697317,15617323008.0,cell,False,False
ETTm1-15T/tshort,2560,0.7311102242465769,0.9341549587802876,0.7826434119679424,19497775104.0,cell,False,False
ETTm1-15T/tshort,3072,0.7248265438996923,0.9341549587802876,0.7759168188178197,23415975936.0,cell,False,False
ETTm1-15T/tshort,4096,0.7093819777755511,0.9341549587802876,0.7593836237852666,31365623808.0,cell,False,True
ETTm1-15T/tshort,6144,0.7061184421764711,0.9341549587802876,0.7558900539354194,47717904384.0,cell,False,True
ETTm1-15T/tshort,8192,0.7034147765547836,0.9341549587802876,0.7529958171749384,64674164736.0,cell,False,False
ETTm1-15T/tmedium,native,1.0325361568016138,1.188305978388322,0.8689143836522846,68413280256.0,cell,True,False
ETTm1-15T/tmedium,32,1.8471277727183293,1.188305978388322,1.5544210046166353,3936485376.0,cell,False,True
ETTm1-15T/tmedium,48,2.0287558291991163,1.188305978388322,1.70726720734897,4053528576.0,cell,False,False
ETTm1-15T/tmedium,64,2.148902164527265,1.188305978388322,1.808374445310611,4170608640.0,cell,False,False
ETTm1-15T/tmedium,96,1.8723122219632413,1.188305978388322,1.5756145774025512,4404879360.0,cell,False,False
ETTm1-15T/tmedium,128,1.6616954953097396,1.188305978388322,1.3983734202561762,4639297536.0,cell,False,True
ETTm1-15T/tmedium,192,1.403683782397373,1.188305978388322,1.1812477660856036,5108576256.0,cell,False,True
ETTm1-15T/tmedium,256,1.3071467955399592,1.188305978388322,1.1000085999001863,5578444800.0,cell,False,True
ETTm1-15T/tmedium,384,1.217622173407882,1.188305978388322,1.0246705777406935,6519951360.0,cell,False,True
ETTm1-15T/tmedium,512,1.1890495184435053,1.188305978388322,1.0006257143098714,7463817216.0,cell,False,True
ETTm1-15T/tmedium,768,1.1268585714189123,1.188305978388322,0.9482899117845475,9358626816.0,cell,False,True
ETTm1-15T/tmedium,1024,1.0965993491110375,1.188305978388322,0.9228257444251314,11262873600.0,cell,False,True
ETTm1-15T/tmedium,1536,1.1090244154200475,1.188305978388322,0.9332818613975141,15099678720.0,cell,False,False
ETTm1-15T/tmedium,2048,1.0800127606948526,1.188305978388322,0.9088675646988281,18974232576.0,cell,False,True
ETTm1-15T/tmedium,2560,1.0925231502844337,1.188305978388322,0.9193954841211883,22886535168.0,cell,False,False
ETTm1-15T/tmedium,3072,1.0731561315819895,1.188305978388322,0.9030974775011161,26836586496.0,cell,False,True
ETTm1-15T/tmedium,4096,1.0424592012747789,1.188305978388322,0.8772649639351705,34849935360.0,cell,False,True
ETTm1-15T/tmedium,6144,1.0353622968496514,1.188305978388322,0.871292676869214,51329617920.0,cell,False,True
ETTm1-15T/tmedium,8192,1.0325361508787052,1.188305978388322,0.868914378667955,68413280256.0,cell,False,True
ETTm1-15T/tlong,native,1.06727310695769,1.190885705867336,0.8962011229955794,70502178816.0,cell,True,False
ETTm1-15T/tlong,32,1.9418103394577038,1.190885705867336,1.6305597841091395,5743374336.0,cell,False,True
ETTm1-15T/tlong,48,2.1727186607276834,1.190885705867336,1.8244560750229735,5860970496.0,cell,False,False
ETTm1-15T/tlong,64,2.0530433927470524,1.190885705867336,1.723963418682397,5978603520.0,cell,False,False
ETTm1-15T/tlong,96,2.004297588848608,1.190885705867336,1.683031023862071,6213980160.0,cell,False,False
ETTm1-15T/tlong,128,1.6834629594809627,1.190885705867336,1.4136226097825877,6449504256.0,cell,False,True
ETTm1-15T/tlong,192,1.4918184538243475,1.190885705867336,1.2526965824464562,6920994816.0,cell,False,True
ETTm1-15T/tlong,256,1.4001799179241727,1.190885705867336,1.1757466825117404,7393075200.0,cell,False,True
ETTm1-15T/tlong,384,1.3690516210300692,1.190885705867336,1.1496079046754304,8339005440.0,cell,False,True
ETTm1-15T/tlong,512,1.2877304726362933,1.190885705867336,1.081321630020258,9287294976.0,cell,False,True
ETTm1-15T/tlong,768,1.1834559163819809,1.190885705867336,0.9937611229618849,11190951936.0,cell,False,True
ETTm1-15T/tlong,1024,1.1152396087450436,1.190885705867336,0.9364791291476636,13104046080.0,cell,False,True
ETTm1-15T/tlong,1536,1.09404682441574,1.190885705867336,0.9186833119463238,16958545920.0,cell,False,True
ETTm1-15T/tlong,2048,1.12472110082056,1.190885705867336,0.9444408437175861,20850794496.0,cell,False,False
ETTm1-15T/tlong,2560,1.145322089575015,1.190885705867336,0.9617397235789839,24780791808.0,cell,False,False
ETTm1-15T/tlong,3072,1.1353426624006342,1.190885705867336,0.953359887356907,28748537856.0,cell,False,False
ETTm1-15T/tlong,4096,1.0945065775827236,1.190885705867336,0.9190693718047288,36797276160.0,cell,False,False
ETTm1-15T/tlong,6144,1.0763465676314825,1.190885705867336,0.9038202090498404,53347737600.0,cell,False,True
ETTm1-15T/tlong,8192,1.0672731065948482,1.190885705867336,0.8962011226908972,70502178816.0,cell,False,True
ETTm1-H/tshort,native,0.8115670692963092,0.9773176243434534,0.8304025723894084,64674164736.0,cell,True,False
ETTm1-H/tshort,32,1.269237553186048,0.9773176243434534,1.2986950419918006,704987136.0,cell,False,True
ETTm1-H/tshort,48,1.0787082482618087,0.9773176243434534,1.1037437792922928,821035008.0,cell,False,True
ETTm1-H/tshort,64,1.0492948555665358,0.9773176243434534,1.073647736856721,937119744.0,cell,False,True
ETTm1-H/tshort,96,0.9701439097880092,0.9773176243434534,0.9926597920913753,1169399808.0,cell,False,True
ETTm1-H/tshort,128,0.9196626403291699,0.9773176243434534,0.9410069126165456,1401827328.0,cell,False,True
ETTm1-H/tshort,192,0.9440485647426452,0.9773176243434534,0.9659588052316587,1867124736.0,cell,False,False
ETTm1-H/tshort,256,0.8957736277356122,0.9773176243434534,0.9165634645516383,2333011968.0,cell,False,True
ETTm1-H/tshort,384,0.8733910892108914,0.9773176243434534,0.893661454020766,3266555904.0,cell,False,True
ETTm1-H/tshort,512,0.8543595757396785,0.9773176243434534,0.8741882418355279,4202459136.0,cell,False,True
ETTm1-H/tshort,768,0.8750957391502064,0.9773176243434534,0.895405666850715,6081343488.0,cell,False,False
ETTm1-H/tshort,1024,0.874897220958893,0.9773176243434534,0.8952025412891077,7969665024.0,cell,False,False
ETTm1-H/tshort,1536,0.8195622765200363,0.9773176243434534,0.8385833388307158,11774619648.0,cell,False,True
ETTm1-H/tshort,2048,0.8161147382899038,0.9773176243434534,0.8350557873528136,15617323008.0,cell,False,True
ETTm1-H/tshort,2560,0.8190323830104557,0.9773176243434534,0.8380411471251925,19497775104.0,cell,False,False
ETTm1-H/tshort,3072,0.8223829409260023,0.9773176243434534,0.8414694674911508,23415975936.0,cell,False,False
ETTm1-H/tshort,4096,0.8077093389164716,0.9773176243434534,0.8264553086915607,31365623808.0,cell,False,True
ETTm1-H/tshort,6144,0.8088286424154992,0.9773176243434534,0.8276005898889397,47717904384.0,cell,False,False
ETTm1-H/tshort,8192,0.8115670719462869,0.9773176243434534,0.8304025751008889,64674164736.0,cell,False,False
ETTm1-H/tmedium,native,1.4149732489265192,1.5678007461285397,0.90252109677878,68413280256.0,cell,True,False
ETTm1-H/tmedium,32,1.7248884596424505,1.5678007461285397,1.100196223213834,3936485376.0,cell,False,True
ETTm1-H/tmedium,48,1.6424008170331905,1.5678007461285397,1.0475826224020273,4053528576.0,cell,False,True
ETTm1-H/tmedium,64,1.5733621973443825,1.5678007461285397,1.003547294660738,4170608640.0,cell,False,True
ETTm1-H/tmedium,96,1.4565448371700827,1.5678007461285397,0.9290369587888081,4404879360.0,cell,False,True
ETTm1-H/tmedium,128,1.658857146442146,1.5678007461285397,1.0580790642806217,4639297536.0,cell,False,False
ETTm1-H/tmedium,192,1.446053746259927,1.5678007461285397,0.9223453616990236,5108576256.0,cell,False,True
ETTm1-H/tmedium,256,1.35208769286649,1.5678007461285397,0.862410415485053,5578444800.0,cell,False,True
ETTm1-H/tmedium,384,1.2745310889157184,1.5678007461285397,0.8129420094122235,6519951360.0,cell,False,True
ETTm1-H/tmedium,512,1.3397513784118116,1.5678007461285397,0.8545418681041813,7463817216.0,cell,False,False
ETTm1-H/tmedium,768,1.3749424661499408,1.5678007461285397,0.8769880162036949,9358626816.0,cell,False,False
ETTm1-H/tmedium,1024,1.4246281665711638,1.5678007461285397,0.9086793523278259,11262873600.0,cell,False,False
ETTm1-H/tmedium,1536,1.3789391219386478,1.5678007461285397,0.8795372277655443,15099678720.0,cell,False,False
ETTm1-H/tmedium,2048,1.4658174523945366,1.5678007461285397,0.9349513680320435,18974232576.0,cell,False,False
ETTm1-H/tmedium,2560,1.4269725315043564,1.5678007461285397,0.9101746730431539,22886535168.0,cell,False,False
ETTm1-H/tmedium,3072,1.3715544326750682,1.5678007461285397,0.8748270059584587,26836586496.0,cell,False,False
ETTm1-H/tmedium,4096,1.3675933411138428,1.5678007461285397,0.8723004785467282,34849935360.0,cell,False,False
ETTm1-H/tmedium,6144,1.380507735207947,1.5678007461285397,0.8805377460221995,51329617920.0,cell,False,False
ETTm1-H/tmedium,8192,1.4149732272926037,1.5678007461285397,0.9025210829798864,68413280256.0,cell,False,False
ETTm1-H/tlong,native,1.4892866489463534,1.4787012870437326,1.0071585532489684,70502178816.0,cell,True,False
ETTm1-H/tlong,32,1.6530040386301408,1.4787012870437326,1.1178755662916071,5743374336.0,cell,False,True
ETTm1-H/tlong,48,1.6539254687368685,1.4787012870437326,1.1184987010077267,5860970496.0,cell,False,False
ETTm1-H/tlong,64,1.563722330474913,1.4787012870437326,1.0574971051801525,5978603520.0,cell,False,True
ETTm1-H/tlong,96,1.4975544566247696,1.4787012870437326,1.0127498161706,6213980160.0,cell,False,True
ETTm1-H/tlong,128,1.4296641957453322,1.4787012870437326,0.9668377300215671,6449504256.0,cell,False,True
ETTm1-H/tlong,192,1.5128373561574169,1.4787012870437326,1.0230851690011917,6920994816.0,cell,False,False
ETTm1-H/tlong,256,1.4327262996910681,1.4787012870437326,0.9689085363247508,7393075200.0,cell,False,False
ETTm1-H/tlong,384,1.3995223949474458,1.4787012870437326,0.946453761290366,8339005440.0,cell,False,True
ETTm1-H/tlong,512,1.4623904172616973,1.4787012870437326,0.9889694626460733,9287294976.0,cell,False,False
ETTm1-H/tlong,768,1.4673717020798598,1.4787012870437326,0.9923381516854406,11190951936.0,cell,False,False
ETTm1-H/tlong,1024,1.4073071254486798,1.4787012870437326,0.9517183340404157,13104046080.0,cell,False,False
ETTm1-H/tlong,1536,1.4464997010968201,1.4787012870437326,0.9782230622039351,16958545920.0,cell,False,False
ETTm1-H/tlong,2048,1.493690699672908,1.4787012870437326,1.0101368767042482,20850794496.0,cell,False,False
ETTm1-H/tlong,2560,1.4711499168026303,1.4787012870437326,0.9948932415848509,24780791808.0,cell,False,False
ETTm1-H/tlong,3072,1.433273286582725,1.4787012870437326,0.9692784466619159,28748537856.0,cell,False,False
ETTm1-H/tlong,4096,1.4355296426969508,1.4787012870437326,0.9708043505980225,36797276160.0,cell,False,False
ETTm1-H/tlong,6144,1.4769423694134858,1.4787012870437326,0.9988104983436085,53347737600.0,cell,False,False
ETTm1-H/tlong,8192,1.4892866418142168,1.4787012870437326,1.0071585484257248,70502178816.0,cell,False,False
ETTm1-D/tshort,native,1.6712668789501817,1.7783697877928102,0.939774669150471,5255061504.0,cell,True,False
ETTm1-D/tshort,32,1.73428022270612,1.7783697877928102,0.975207875555842,585818112.0,cell,False,True
ETTm1-D/tshort,48,1.4954629901745153,1.7783697877928102,0.8409179015746667,701829120.0,cell,False,True
ETTm1-D/tshort,64,1.7402150773001068,1.7783697877928102,0.9785451199437782,817876992.0,cell,False,False
ETTm1-D/tshort,96,1.8258991920206196,1.7783697877928102,1.0267263898397643,1050083328.0,cell,False,False
ETTm1-D/tshort,128,1.8913248878972,1.7783697877928102,1.063516092592071,1282437120.0,cell,False,False
ETTm1-D/tshort,192,1.6390191295160295,1.7783697877928102,0.9216413485916598,1747587072.0,cell,False,False
ETTm1-D/tshort,256,1.609962801595035,1.7783697877928102,0.9053026050297501,2213326848.0,cell,False,False
ETTm1-D/tshort,384,1.7113239367677568,1.7783697877928102,0.9622992633560954,3146575872.0,cell,False,False
ETTm1-D/tshort,512,1.6867812667386175,1.7783697877928102,0.9484986071609628,4082184192.0,cell,False,False
ETTm1-W/tshort,native,1.727486274764178,1.7689207877683926,0.9765763886711474,930803712.0,cell,True,False
ETTm1-W/tshort,32,1.5130239597163744,1.7689207877683926,0.8553373165031044,466685952.0,cell,False,True
ETTm1-W/tshort,48,1.6455364453651866,1.7689207877683926,0.9302488029671112,582660096.0,cell,False,False
ETTm1-W/tshort,64,1.7302667759370327,1.7689207877683926,0.9781482516918554,698671104.0,cell,False,False
ETTm2-15T/tshort,native,0.7624588906881906,1.067314800011479,0.7143711402483975,64674164736.0,cell,True,True
ETTm2-15T/tshort,32,1.2564491677382759,1.067314800011479,1.1772057950707353,704987136.0,cell,False,True
ETTm2-15T/tshort,48,1.2461816706110271,1.067314800011479,1.167585861825981,821035008.0,cell,False,True
ETTm2-15T/tshort,64,1.1424116019914095,1.067314800011479,1.070360499057188,937119744.0,cell,False,True
ETTm2-15T/tshort,96,1.0481379885438784,1.067314800011479,0.9820326566563171,1169399808.0,cell,False,True
ETTm2-15T/tshort,128,1.0016184324917639,1.067314800011479,0.9384470565581884,1401827328.0,cell,False,True
ETTm2-15T/tshort,192,0.9703861414579191,1.067314800011479,0.9091845643361103,1867124736.0,cell,False,True
ETTm2-15T/tshort,256,0.9162660490223479,1.067314800011479,0.8584777883830463,2333011968.0,cell,False,True
ETTm2-15T/tshort,384,0.8448749443897701,1.067314800011479,0.7915892709261443,3266555904.0,cell,False,True
ETTm2-15T/tshort,512,0.8312715873505535,1.067314800011479,0.7788438681273915,4202459136.0,cell,False,True
ETTm2-15T/tshort,768,0.8252949201995251,1.067314800011479,0.7732441452050033,6081343488.0,cell,False,True
ETTm2-15T/tshort,1024,0.8162787272352329,1.067314800011479,0.764796597242401,7969665024.0,cell,False,True
ETTm2-15T/tshort,1536,0.7977370808076276,1.067314800011479,0.7474243595226525,11774619648.0,cell,False,True
ETTm2-15T/tshort,2048,0.7893426466409946,1.067314800011479,0.7395593564640023,15617323008.0,cell,False,True
ETTm2-15T/tshort,2560,0.7808084302735684,1.067314800011479,0.7315633871704682,19497775104.0,cell,False,True
ETTm2-15T/tshort,3072,0.7705670063892008,1.067314800011479,0.721967882747352,23415975936.0,cell,False,True
ETTm2-15T/tshort,4096,0.768592245563396,1.067314800011479,0.7201176687094846,31365623808.0,cell,False,True
ETTm2-15T/tshort,6144,0.7674535106376286,1.067314800011479,0.7190507530012463,47717904384.0,cell,False,True
ETTm2-15T/tshort,8192,0.7624588936045988,1.067314800011479,0.71437114298087,64674164736.0,cell,False,False
ETTm2-15T/tmedium,native,0.8755317789358513,1.0512391501712754,0.83285689920624,68413280256.0,cell,True,False
ETTm2-15T/tmedium,32,1.196615861029134,1.0512391501712754,1.1382908074096867,3936485376.0,cell,False,True
ETTm2-15T/tmedium,48,1.1444298465194307,1.0512391501712754,1.088648426319522,4053528576.0,cell,False,True
ETTm2-15T/tmedium,64,1.1821166115156991,1.0512391501712754,1.1244982755095263,4170608640.0,cell,False,False
ETTm2-15T/tmedium,96,1.1096841999198592,1.0512391501712754,1.0555963405083053,4404879360.0,cell,False,True
ETTm2-15T/tmedium,128,1.1509567459464032,1.0512391501712754,1.0948571937782958,4639297536.0,cell,False,False
ETTm2-15T/tmedium,192,1.0812579697126141,1.0512391501712754,1.0285556521905104,5108576256.0,cell,False,True
ETTm2-15T/tmedium,256,1.0509281346346013,1.0512391501712754,0.9997041438795127,5578444800.0,cell,False,True
ETTm2-15T/tmedium,384,1.0204860100148947,1.0512391501712754,0.9707458192064382,6519951360.0,cell,False,True
ETTm2-15T/tmedium,512,1.0449236861143631,1.0512391501712754,0.9939923621985698,7463817216.0,cell,False,False
ETTm2-15T/tmedium,768,0.9914682655091411,1.0512391501712754,0.9431424479839854,9358626816.0,cell,False,True
ETTm2-15T/tmedium,1024,0.934117349306887,1.0512391501712754,0.8885869111274003,11262873600.0,cell,False,True
ETTm2-15T/tmedium,1536,0.9057790375620544,1.0512391501712754,0.861629855979468,15099678720.0,cell,False,True
ETTm2-15T/tmedium,2048,0.9039389343122707,1.0512391501712754,0.85987944243229,18974232576.0,cell,False,True
ETTm2-15T/tmedium,2560,0.8675456910866893,1.0512391501712754,0.8252600666036292,22886535168.0,cell,False,True
ETTm2-15T/tmedium,3072,0.8771213378469759,1.0512391501712754,0.8343689803638582,26836586496.0,cell,False,False
ETTm2-15T/tmedium,4096,0.8845584935281606,1.0512391501712754,0.841443636668252,34849935360.0,cell,False,False
ETTm2-15T/tmedium,6144,0.8762308218474673,1.0512391501712754,0.8335218695999911,51329617920.0,cell,False,False
ETTm2-15T/tmedium,8192,0.875531776269708,1.0512391501712754,0.8328568966700489,68413280256.0,cell,False,False
ETTm2-15T/tlong,native,0.8724627993438099,1.0126577751121104,0.8615573995343296,70502178816.0,cell,True,False
ETTm2-15T/tlong,32,1.0935029474697646,1.0126577751121104,1.0798346433953998,5743374336.0,cell,False,True
ETTm2-15T/tlong,48,1.148787148375456,1.0126577751121104,1.1344278161971104,5860970496.0,cell,False,False
ETTm2-15T/tlong,64,1.1873845494608013,1.0126577751121104,1.1725427668091988,5978603520.0,cell,False,False
ETTm2-15T/tlong,96,1.0616153835804816,1.0126577751121104,1.0483456599767391,6213980160.0,cell,False,True
ETTm2-15T/tlong,128,1.0656923982600532,1.0126577751121104,1.0523717137727713,6449504256.0,cell,False,False
ETTm2-15T/tlong,192,1.0679633568033935,1.0126577751121104,1.054614286336922,6920994816.0,cell,False,False
ETTm2-15T/tlong,256,1.0875735193244072,1.0126577751121104,1.0739793304840848,7393075200.0,cell,False,False
ETTm2-15T/tlong,384,1.0823416852550372,1.0126577751121104,1.068812892030787,8339005440.0,cell,False,False
ETTm2-15T/tlong,512,1.0505659072006515,1.0126577751121104,1.0374342971734398,9287294976.0,cell,False,True
ETTm2-15T/tlong,768,0.9840452485720863,1.0126577751121104,0.971745117409624,11190951936.0,cell,False,True
ETTm2-15T/tlong,1024,0.9783453742784687,1.0126577751121104,0.9661164890282474,13104046080.0,cell,False,True
ETTm2-15T/tlong,1536,0.9334420611961484,1.0126577751121104,0.9217744475351585,16958545920.0,cell,False,True
ETTm2-15T/tlong,2048,0.8958070741960265,1.0126577751121104,0.8846098812571231,20850794496.0,cell,False,True
ETTm2-15T/tlong,2560,0.8782380855931985,1.0126577751121104,0.8672604972553235,24780791808.0,cell,False,True
ETTm2-15T/tlong,3072,0.8717881155867202,1.0126577751121104,0.8608911490263385,28748537856.0,cell,False,True
ETTm2-15T/tlong,4096,0.8760600295259616,1.0126577751121104,0.8651096659273404,36797276160.0,cell,False,False
ETTm2-15T/tlong,6144,0.8723121022015198,1.0126577751121104,0.8614085860397871,53347737600.0,cell,False,False
ETTm2-15T/tlong,8192,0.8724627948246416,1.0126577751121104,0.861557395071649,70502178816.0,cell,False,False
ETTm2-H/tshort,native,0.7804671990756825,0.9231678277377344,0.8454228750456497,64674164736.0,cell,True,False
ETTm2-H/tshort,32,0.9792974135194235,0.9231678277377344,1.0608010635717637,704987136.0,cell,False,True
ETTm2-H/tshort,48,0.9679274083930726,0.9231678277377344,1.0484847709273226,821035008.0,cell,False,True
ETTm2-H/tshort,64,0.9265649131688148,0.9231678277377344,1.0036798134954563,937119744.0,cell,False,True
ETTm2-H/tshort,96,0.9013245145826432,0.9231678277377344,0.9763387409106107,1169399808.0,cell,False,True
ETTm2-H/tshort,128,0.8666340915164076,0.9231678277377344,0.9387611498985343,1401827328.0,cell,False,True
ETTm2-H/tshort,192,0.8353233018786806,0.9231678277377344,0.9048444679075084,1867124736.0,cell,False,True
ETTm2-H/tshort,256,0.819214376399623,0.9231678277377344,0.8873948504110524,2333011968.0,cell,False,True
ETTm2-H/tshort,384,0.773903214515326,0.9231678277377344,0.838312591992955,3266555904.0,cell,False,True
ETTm2-H/tshort,512,0.771270173705775,0.9231678277377344,0.8354604119987676,4202459136.0,cell,False,True
ETTm2-H/tshort,768,0.7609724734460834,0.9231678277377344,0.8243056685704503,6081343488.0,cell,False,True
ETTm2-H/tshort,1024,0.7575773097203545,0.9231678277377344,0.8206279367174578,7969665024.0,cell,False,True
ETTm2-H/tshort,1536,0.7593924570208063,0.9231678277377344,0.8225941526599044,11774619648.0,cell,False,False
ETTm2-H/tshort,2048,0.7626902390253345,0.9231678277377344,0.8261663980365762,15617323008.0,cell,False,False
ETTm2-H/tshort,2560,0.7580361232869629,0.9231678277377344,0.8211249358034558,19497775104.0,cell,False,False
ETTm2-H/tshort,3072,0.7664623402328928,0.9231678277377344,0.8302524386179535,23415975936.0,cell,False,False
ETTm2-H/tshort,4096,0.7722219648273043,0.9231678277377344,0.8364914175136173,31365623808.0,cell,False,False
ETTm2-H/tshort,6144,0.767497009944374,0.9231678277377344,0.8313732204307434,47717904384.0,cell,False,False
ETTm2-H/tshort,8192,0.7804671916865928,0.9231678277377344,0.8454228670415908,64674164736.0,cell,False,False
ETTm2-H/tmedium,native,1.330300315551236,1.2384249730532626,1.0741872495282943,68413280256.0,cell,True,False
ETTm2-H/tmedium,32,1.3182365304619714,1.2384249730532626,1.0644460174377284,3936485376.0,cell,False,True
ETTm2-H/tmedium,48,1.3345255476406488,1.2384249730532626,1.0775990283452181,4053528576.0,cell,False,False
ETTm2-H/tmedium,64,1.452914473619999,1.2384249730532626,1.1731953935311281,4170608640.0,cell,False,False
ETTm2-H/tmedium,96,1.3365987850273893,1.2384249730532626,1.0792731203829693,4404879360.0,cell,False,False
ETTm2-H/tmedium,128,1.2852418737687268,1.2384249730532626,1.0378035825618406,4639297536.0,cell,False,True
ETTm2-H/tmedium,192,1.1659681668571846,1.2384249730532626,0.9414927768959309,5108576256.0,cell,False,True
ETTm2-H/tmedium,256,1.0950472256453478,1.2384249730532626,0.88422572983616,5578444800.0,cell,False,True
ETTm2-H/tmedium,384,1.058823722979761,1.2384249730532626,0.854976075271879,6519951360.0,cell,False,True
ETTm2-H/tmedium,512,1.0859406777866325,1.2384249730532626,0.87687239955224,7463817216.0,cell,False,False
ETTm2-H/tmedium,768,1.149993046020979,1.2384249730532626,0.9285932301459814,9358626816.0,cell,False,False
ETTm2-H/tmedium,1024,1.102756209649619,1.2384249730532626,0.8904505590926834,11262873600.0,cell,False,False
ETTm2-H/tmedium,1536,1.0881938967393856,1.2384249730532626,0.8786918226111904,15099678720.0,cell,False,False
ETTm2-H/tmedium,2048,1.1361697955952283,1.2384249730532626,0.917431269812066,18974232576.0,cell,False,False
ETTm2-H/tmedium,2560,1.1956450818826623,1.2384249730532626,0.9654562108311422,22886535168.0,cell,False,False
ETTm2-H/tmedium,3072,1.250498054455047,1.2384249730532626,1.0097487386514978,26836586496.0,cell,False,False
ETTm2-H/tmedium,4096,1.2440963220344683,1.2384249730532626,1.0045794853177286,34849935360.0,cell,False,False
ETTm2-H/tmedium,6144,1.2705805930768277,1.2384249730532626,1.0259649318474962,51329617920.0,cell,False,False
ETTm2-H/tmedium,8192,1.3303003202285157,1.2384249730532626,1.0741872533050911,68413280256.0,cell,False,False
ETTm2-H/tlong,native,1.4062758278124363,1.1284016697207502,1.2462546498716656,70502178816.0,cell,True,False
ETTm2-H/tlong,32,1.1651343205954219,1.1284016697207502,1.0325528150660768,5743374336.0,cell,False,True
ETTm2-H/tlong,48,1.4223324310473624,1.1284016697207502,1.2604841602187211,5860970496.0,cell,False,False
ETTm2-H/tlong,64,1.489059464414522,1.1284016697207502,1.319618274566206,5978603520.0,cell,False,False
ETTm2-H/tlong,96,1.178451829376357,1.1284016697207502,1.0443549145651239,6213980160.0,cell,False,False
ETTm2-H/tlong,128,1.2886938913790886,1.1284016697207502,1.1420524499028848,6449504256.0,cell,False,False
ETTm2-H/tlong,192,1.178930484995393,1.1284016697207502,1.0447791036033716,6920994816.0,cell,False,False
ETTm2-H/tlong,256,1.1398781265979958,1.1284016697207502,1.0101705422680611,7393075200.0,cell,False,True
ETTm2-H/tlong,384,1.1078373165074753,1.1284016697207502,0.9817756799151458,8339005440.0,cell,False,True
ETTm2-H/tlong,512,1.132640524070322,1.1284016697207502,1.0037565119436775,9287294976.0,cell,False,False
ETTm2-H/tlong,768,1.1712840795520612,1.1284016697207502,1.038002788352771,11190951936.0,cell,False,False
ETTm2-H/tlong,1024,1.1178164004436295,1.1284016697207502,0.990619236428691,13104046080.0,cell,False,False
ETTm2-H/tlong,1536,1.105582739666365,1.1284016697207502,0.9797776530585672,16958545920.0,cell,False,True
ETTm2-H/tlong,2048,1.1051830007642496,1.1284016697207502,0.9794234007450143,20850794496.0,cell,False,True
ETTm2-H/tlong,2560,1.129356614244766,1.1284016697207502,1.0008462806726013,24780791808.0,cell,False,False
ETTm2-H/tlong,3072,1.2588257908296367,1.1284016697207502,1.1155830628477916,28748537856.0,cell,False,False
ETTm2-H/tlong,4096,1.1518532501732395,1.1284016697207502,1.0207830075776942,36797276160.0,cell,False,False
ETTm2-H/tlong,6144,1.3232633047957536,1.1284016697207502,1.1726881839187873,53347737600.0,cell,False,False
ETTm2-H/tlong,8192,1.4062758281266567,1.1284016697207502,1.2462546501501306,70502178816.0,cell,False,False
ETTm2-D/tshort,native,1.64774533936398,1.3901143157307532,1.1853308182771973,5255061504.0,cell,True,False
ETTm2-D/tshort,32,1.4860868803292844,1.3901143157307532,1.0690393326019958,585818112.0,cell,False,True
ETTm2-D/tshort,48,1.6178289098424674,1.3901143157307532,1.1638099770176165,701829120.0,cell,False,False
ETTm2-D/tshort,64,1.7095120419095724,1.3901143157307532,1.2297636407052746,817876992.0,cell,False,False
ETTm2-D/tshort,96,2.0317193127890514,1.3901143157307532,1.461548370373425,1050083328.0,cell,False,False
ETTm2-D/tshort,128,1.7880801246660158,1.3901143157307532,1.2862827930277523,1282437120.0,cell,False,False
ETTm2-D/tshort,192,1.543975950061022,1.3901143157307532,1.1106827205425815,1747587072.0,cell,False,False
ETTm2-D/tshort,256,1.5003820737881448,1.3901143157307532,1.0793227987148857,2213326848.0,cell,False,False
ETTm2-D/tshort,384,1.9452598511579569,1.3901143157307532,1.3993524339294179,3146575872.0,cell,False,False
ETTm2-D/tshort,512,1.6660641999586687,1.3901143157307532,1.1985087709012296,4082184192.0,cell,False,False
ETTm2-W/tshort,native,1.042706316728528,0.7785209533197451,1.3393426500369088,930803712.0,cell,True,False
ETTm2-W/tshort,32,0.8921979239342371,0.7785209533197451,1.1460165845630155,466685952.0,cell,False,True
ETTm2-W/tshort,48,1.2346768681975446,0.7785209533197451,1.5859263169895088,582660096.0,cell,False,False
ETTm2-W/tshort,64,0.9384286064428083,0.7785209533197451,1.2053992926474104,698671104.0,cell,False,False
LoopSeattle-5T/tshort,native,0.619981546168687,0.7623397118337274,0.813261511298404,64674164736.0,cell,True,False
LoopSeattle-5T/tshort,32,0.8266005741844922,0.7623397118337274,1.0842942606206256,704987136.0,cell,False,True
LoopSeattle-5T/tshort,48,0.8621527667326014,0.7623397118337274,1.1309298903749672,821035008.0,cell,False,False
LoopSeattle-5T/tshort,64,0.9007985384865159,0.7623397118337274,1.181623526235752,937119744.0,cell,False,False
LoopSeattle-5T/tshort,96,0.9209483706303073,0.7623397118337274,1.2080550918894986,1169399808.0,cell,False,False
LoopSeattle-5T/tshort,128,0.8747657417811368,0.7623397118337274,1.1474749750042281,1401827328.0,cell,False,False
LoopSeattle-5T/tshort,192,0.8309570251063371,0.7623397118337274,1.0900088401633414,1867124736.0,cell,False,False
LoopSeattle-5T/tshort,256,0.8067563543357889,0.7623397118337274,1.058263582248945,2333011968.0,cell,False,True
LoopSeattle-5T/tshort,384,0.7240177583219376,0.7623397118337274,0.9497311330933943,3266555904.0,cell,False,True
LoopSeattle-5T/tshort,512,0.6812877555752176,0.7623397118337274,0.8936800024971179,4202459136.0,cell,False,True
LoopSeattle-5T/tshort,768,0.6597719494733225,0.7623397118337274,0.8654566189216498,6081343488.0,cell,False,True
LoopSeattle-5T/tshort,1024,0.6684303984565294,0.7623397118337274,0.8768143494042714,7969665024.0,cell,False,False
LoopSeattle-5T/tshort,1536,0.661371186478342,0.7623397118337274,0.8675544199153469,11774619648.0,cell,False,False
LoopSeattle-5T/tshort,2048,0.6312256854773284,0.7623397118337274,0.8280110240603653,15617323008.0,cell,False,True
LoopSeattle-5T/tshort,2560,0.6076498942871287,0.7623397118337274,0.7970854526592761,19497775104.0,cell,False,True
LoopSeattle-5T/tshort,3072,0.6209664884856702,0.7623397118337274,0.8145535105235447,23415975936.0,cell,False,False
LoopSeattle-5T/tshort,4096,0.6159338318354162,0.7623397118337274,0.8079519173333534,31365623808.0,cell,False,False
LoopSeattle-5T/tshort,6144,0.6194722326386595,0.7623397118337274,0.8125934186854633,47717904384.0,cell,False,False
LoopSeattle-5T/tshort,8192,0.6199815454947782,0.7623397118337274,0.8132615104144035,64674164736.0,cell,False,False
LoopSeattle-5T/tmedium,native,0.9218426340962208,1.1532851467900649,0.7993189166287129,68413280256.0,cell,True,False
LoopSeattle-5T/tmedium,32,1.8572129360955982,1.1532851467900649,1.6103675151498946,3936485376.0,cell,False,True
LoopSeattle-5T/tmedium,48,1.9189609419810103,1.1532851467900649,1.6639084855311357,4053528576.0,cell,False,False
LoopSeattle-5T/tmedium,64,1.9131297578796518,1.1532851467900649,1.6588523343116488,4170608640.0,cell,False,False
LoopSeattle-5T/tmedium,96,1.871336347084402,1.1532851467900649,1.6226137588721115,4404879360.0,cell,False,False
LoopSeattle-5T/tmedium,128,1.7065427328716507,1.1532851467900649,1.4797231522676468,4639297536.0,cell,False,True
LoopSeattle-5T/tmedium,192,1.6969285692270666,1.1532851467900649,1.471386823935193,5108576256.0,cell,False,True
LoopSeattle-5T/tmedium,256,1.5586596705350362,1.1532851467900649,1.3514954865006708,5578444800.0,cell,False,True
LoopSeattle-5T/tmedium,384,1.316881283231829,1.1532851467900649,1.1418522876992745,6519951360.0,cell,False,True
LoopSeattle-5T/tmedium,512,1.2092553946042002,1.1532851467900649,1.0485311442446972,7463817216.0,cell,False,True
LoopSeattle-5T/tmedium,768,1.2060701222956849,1.1532851467900649,1.0457692320520526,9358626816.0,cell,False,True
LoopSeattle-5T/tmedium,1024,1.2004631702789843,1.1532851467900649,1.0409075098385077,11262873600.0,cell,False,True
LoopSeattle-5T/tmedium,1536,1.134391879349858,1.1532851467900649,0.9836178697932663,15099678720.0,cell,False,True
LoopSeattle-5T/tmedium,2048,1.0463688335772938,1.1532851467900649,0.9072941210503309,18974232576.0,cell,False,True
LoopSeattle-5T/tmedium,2560,0.9839188877326411,1.1532851467900649,0.8531445067780329,22886535168.0,cell,False,True
LoopSeattle-5T/tmedium,3072,0.9970127578487352,1.1532851467900649,0.8644980477063438,26836586496.0,cell,False,False
LoopSeattle-5T/tmedium,4096,0.9825137618734855,1.1532851467900649,0.8519261386553995,34849935360.0,cell,False,True
LoopSeattle-5T/tmedium,6144,0.9236629888637804,1.1532851467900649,0.8008973248589986,51329617920.0,cell,False,True
LoopSeattle-5T/tmedium,8192,0.9218426338706165,1.1532851467900649,0.799318916433094,68413280256.0,cell,False,True
LoopSeattle-5T/tlong,native,0.9871154652990198,1.2506857542807588,0.7892593818394356,70502178816.0,cell,True,False
LoopSeattle-5T/tlong,32,1.4129330896551555,1.2506857542807588,1.1297266997877509,5743374336.0,cell,False,True
LoopSeattle-5T/tlong,48,1.5966260910987384,1.2506857542807588,1.2766005254588688,5860970496.0,cell,False,False
LoopSeattle-5T/tlong,64,1.7470801256300186,1.2506857542807588,1.3968977576103638,5978603520.0,cell,False,False
LoopSeattle-5T/tlong,96,1.7926832978616247,1.2506857542807588,1.4333602919244544,6213980160.0,cell,False,False
LoopSeattle-5T/tlong,128,1.5736694358847165,1.2506857542807588,1.2582452710430834,6449504256.0,cell,False,False
LoopSeattle-5T/tlong,192,1.5264602401388716,1.2506857542807588,1.2204986223871275,6920994816.0,cell,False,False
LoopSeattle-5T/tlong,256,1.4674569014438081,1.2506857542807588,1.1733218327794175,7393075200.0,cell,False,False
LoopSeattle-5T/tlong,384,1.326368267779396,1.2506857542807588,1.0605128132623214,8339005440.0,cell,False,True
LoopSeattle-5T/tlong,512,1.267488717200188,1.2506857542807588,1.013434999848617,9287294976.0,cell,False,True
LoopSeattle-5T/tlong,768,1.251887974631823,1.2506857542807588,1.000961248936393,11190951936.0,cell,False,True
LoopSeattle-5T/tlong,1024,1.2584045354021223,1.2506857542807588,1.006171639114737,13104046080.0,cell,False,False
LoopSeattle-5T/tlong,1536,1.1580954631939588,1.2506857542807588,0.9259683811302012,16958545920.0,cell,False,True
LoopSeattle-5T/tlong,2048,1.1311121847844832,1.2506857542807588,0.9043935944045035,20850794496.0,cell,False,True
LoopSeattle-5T/tlong,2560,1.079601710016501,1.2506857542807588,0.8632078092528971,24780791808.0,cell,False,True
LoopSeattle-5T/tlong,3072,1.078352906312737,1.2506857542807588,0.862209314067764,28748537856.0,cell,False,True
LoopSeattle-5T/tlong,4096,1.0552944096022343,1.2506857542807588,0.8437726311267616,36797276160.0,cell,False,True
LoopSeattle-5T/tlong,6144,0.9930704078624463,1.2506857542807588,0.7940207238016704,53347737600.0,cell,False,True
LoopSeattle-5T/tlong,8192,0.9871154648752668,1.2506857542807588,0.789259381500619,70502178816.0,cell,False,True
LoopSeattle-H/tshort,native,0.8531200792989273,1.2928412613913995,0.6598799905107999,64079296188.63158,cell,True,False
LoopSeattle-H/tshort,32,1.336335379458231,1.2928412613913995,1.033642272540112,704987136.0,cell,False,True
LoopSeattle-H/tshort,48,1.3975921574931311,1.2928412613913995,1.0810237878616245,821035008.0,cell,False,False
LoopSeattle-H/tshort,64,1.378613335441239,1.2928412613913995,1.0663438556698976,937119744.0,cell,False,False
LoopSeattle-H/tshort,96,1.3555730917840834,1.2928412613913995,1.0485224538124422,1169399808.0,cell,False,False
LoopSeattle-H/tshort,128,1.241251528216998,1.2928412613913995,0.960095848798267,1401827328.0,cell,False,True
LoopSeattle-H/tshort,192,1.1786153823000465,1.2928412613913995,0.911647405986703,1867124736.0,cell,False,True
LoopSeattle-H/tshort,256,1.1940754105981664,1.2928412613913995,0.9236055858188359,2333011968.0,cell,False,False
LoopSeattle-H/tshort,384,1.0492667352646623,1.2928412613913995,0.8115974997080507,3266555904.0,cell,False,True
LoopSeattle-H/tshort,512,1.0445604381916755,1.2928412613913995,0.8079572252106838,4202459136.0,cell,False,True
LoopSeattle-H/tshort,768,0.9082483552926207,1.2928412613913995,0.702521169780065,6081343488.0,cell,False,True
LoopSeattle-H/tshort,1024,0.8871109952042794,1.2928412613913995,0.6861716296473556,7969665024.0,cell,False,True
LoopSeattle-H/tshort,1536,0.8760082700090174,1.2928412613913995,0.6775837809092105,11774619648.0,cell,False,True
LoopSeattle-H/tshort,2048,0.8721486779615142,1.2928412613913995,0.6745984244213232,15617323008.0,cell,False,True
LoopSeattle-H/tshort,2560,0.858315136090112,1.2928412613913995,0.6638983158430171,19497775104.0,cell,False,True
LoopSeattle-H/tshort,3072,0.8562813131458863,1.2928412613913995,0.6623251737992392,23415975936.0,cell,False,True
LoopSeattle-H/tshort,4096,0.8541092516506131,1.2928412613913995,0.6606451055958655,31365623808.0,cell,False,True
LoopSeattle-H/tshort,6144,0.8530091887378471,1.2928412613913995,0.6597942177524638,47717904384.0,cell,False,True
LoopSeattle-H/tshort,8192,0.8528071978016387,1.2928412613913995,0.6596379797499801,64674164736.0,cell,False,True
LoopSeattle-H/tmedium,native,0.9188283917310964,1.4805126192799751,0.6206150354719399,66788683776.0,cell,True,True
LoopSeattle-H/tmedium,32,1.4748672497299817,1.4805126192799751,0.9961868818431694,3936485376.0,cell,False,True
LoopSeattle-H/tmedium,48,1.4889975654340517,1.4805126192799751,1.0057310866814517,4053528576.0,cell,False,False
LoopSeattle-H/tmedium,64,1.491672127976292,1.4805126192799751,1.007537597823208,4170608640.0,cell,False,False
LoopSeattle-H/tmedium,96,1.3779215398539535,1.4805126192799751,0.9307057041662264,4404879360.0,cell,False,True
LoopSeattle-H/tmedium,128,1.3914691372363526,1.4805126192799751,0.9398563167351268,4639297536.0,cell,False,False
LoopSeattle-H/tmedium,192,1.3680685762060838,1.4805126192799751,0.9240506013865813,5108576256.0,cell,False,True
LoopSeattle-H/tmedium,256,1.2809917590592435,1.4805126192799751,0.8652352856554741,5578444800.0,cell,False,True
LoopSeattle-H/tmedium,384,1.100077712861732,1.4805126192799751,0.743038389903585,6519951360.0,cell,False,True
LoopSeattle-H/tmedium,512,1.0036804377046136,1.4805126192799751,0.6779276479201767,7463817216.0,cell,False,True
LoopSeattle-H/tmedium,768,0.9427292860434278,1.4805126192799751,0.6367586967964581,9358626816.0,cell,False,True
LoopSeattle-H/tmedium,1024,0.9321984908557512,1.4805126192799751,0.6296457583111394,11262873600.0,cell,False,True
LoopSeattle-H/tmedium,1536,0.9271721280643552,1.4805126192799751,0.6262507431481883,15099678720.0,cell,False,True
LoopSeattle-H/tmedium,2048,0.9269820198545875,1.4805126192799751,0.6261223361307188,18974232576.0,cell,False,True
LoopSeattle-H/tmedium,2560,0.928499548403057,1.4805126192799751,0.6271473382338468,22886535168.0,cell,False,False
LoopSeattle-H/tmedium,3072,0.9285434088991151,1.4805126192799751,0.6271769634430392,26836586496.0,cell,False,False
LoopSeattle-H/tmedium,4096,0.9234412765932822,1.4805126192799751,0.623730770388424,34849935360.0,cell,False,True
LoopSeattle-H/tmedium,6144,0.9200500282357426,1.4805126192799751,0.6214401797420646,51329617920.0,cell,False,True
LoopSeattle-H/tmedium,8192,0.9190256913843468,1.4805126192799751,0.6207482998904129,68413280256.0,cell,False,False
LoopSeattle-H/tlong,native,0.8892927877590285,1.5460268753677606,0.575211726217559,66233880576.0,cell,True,True
LoopSeattle-H/tlong,32,1.6109076044636956,1.5460268753677606,1.041966106883169,5743374336.0,cell,False,True
LoopSeattle-H/tlong,48,1.8263061961202671,1.5460268753677606,1.1812900701909437,5860970496.0,cell,False,False
LoopSeattle-H/tlong,64,2.249035392532893,1.5460268753677606,1.4547194672782804,5978603520.0,cell,False,False
LoopSeattle-H/tlong,96,1.8036367943005747,1.5460268753677606,1.1666270638869296,6213980160.0,cell,False,False
LoopSeattle-H/tlong,128,1.5618789076221684,1.5460268753677606,1.0102534001879087,6449504256.0,cell,False,True
LoopSeattle-H/tlong,192,1.510506956593279,1.5460268753677606,0.9770250314917505,6920994816.0,cell,False,True
LoopSeattle-H/tlong,256,1.2840704422298541,1.5460268753677606,0.8305615268973938,7393075200.0,cell,False,True
LoopSeattle-H/tlong,384,1.129941676926509,1.5460268753677606,0.7308680689381447,8339005440.0,cell,False,True
LoopSeattle-H/tlong,512,1.1001712654158928,1.5460268753677606,0.7116119926144169,9287294976.0,cell,False,True
LoopSeattle-H/tlong,768,0.9018443257667266,1.5460268753677606,0.5833303030726427,11190951936.0,cell,False,True
LoopSeattle-H/tlong,1024,0.89134433202161,1.5460268753677606,0.5765387046131276,13104046080.0,cell,False,True
LoopSeattle-H/tlong,1536,0.8920177632015962,1.5460268753677606,0.5769742928882836,16958545920.0,cell,False,False
LoopSeattle-H/tlong,2048,0.8972281013374105,1.5460268753677606,0.5803444400822481,20850794496.0,cell,False,False
LoopSeattle-H/tlong,2560,0.8970564009211475,1.5460268753677606,0.5802333809415574,24780791808.0,cell,False,False
LoopSeattle-H/tlong,3072,0.8986244401652936,1.5460268753677606,0.5812476189662186,28748537856.0,cell,False,False
LoopSeattle-H/tlong,4096,0.8906034370148379,1.5460268753677606,0.5760594794336844,36797276160.0,cell,False,True
LoopSeattle-H/tlong,6144,0.8895619136841455,1.5460268753677606,0.575385802056346,53347737600.0,cell,False,True
LoopSeattle-D/tshort,native,0.8896136978872383,1.7323957056549062,0.5135164529578035,2737993728.0,cell,True,True
LoopSeattle-D/tshort,32,1.006899971782357,1.7323957056549062,0.5812182335107519,585818112.0,cell,False,True
LoopSeattle-D/tshort,48,0.968654711339317,1.7323957056549062,0.5591417181290759,701829120.0,cell,False,True
LoopSeattle-D/tshort,64,0.9244073611564965,1.7323957056549062,0.5336005845194809,817876992.0,cell,False,True
LoopSeattle-D/tshort,96,0.9085794722516878,1.7323957056549062,0.5244641679068426,1050083328.0,cell,False,True
LoopSeattle-D/tshort,128,0.9020296136846887,1.7323957056549062,0.5206833581613445,1282437120.0,cell,False,True
LoopSeattle-D/tshort,192,0.8945357492858429,1.7323957056549062,0.516357634901708,1747587072.0,cell,False,True
LoopSeattle-D/tshort,256,0.8941427976947699,1.7323957056549062,0.5161308093619135,2213326848.0,cell,False,True
SZTaxi-15T/tshort,native,0.5491186975782542,0.7644167735543712,0.7183498800333384,21208006656.0,cell,True,False
SZTaxi-15T/tshort,32,0.646287989664852,0.7644167735543712,0.8454654738406038,704987136.0,cell,False,True
SZTaxi-15T/tshort,48,0.6398922197880437,0.7644167735543712,0.8370986115501946,821035008.0,cell,False,True
SZTaxi-15T/tshort,64,0.6259063752600508,0.7644167735543712,0.8188025131234663,937119744.0,cell,False,True
SZTaxi-15T/tshort,96,0.6167547659627722,0.7644167735543712,0.806830497838237,1169399808.0,cell,False,True
SZTaxi-15T/tshort,128,0.6028571318781277,0.7644167735543712,0.7886497951568666,1401827328.0,cell,False,True
SZTaxi-15T/tshort,192,0.5797324040281112,0.7644167735543712,0.7583983293988723,1867124736.0,cell,False,True
SZTaxi-15T/tshort,256,0.5701648107286448,0.7644167735543712,0.7458821292964345,2333011968.0,cell,False,True
SZTaxi-15T/tshort,384,0.5610861006549371,0.7644167735543712,0.7340054798196136,3266555904.0,cell,False,True
SZTaxi-15T/tshort,512,0.5535956564131412,0.7644167735543712,0.7242065788784856,4202459136.0,cell,False,True
SZTaxi-15T/tshort,768,0.551627992698514,0.7644167735543712,0.7216325070073544,6081343488.0,cell,False,True
SZTaxi-15T/tshort,1024,0.5486006504290615,0.7644167735543712,0.7176721775454876,7969665024.0,cell,False,True
SZTaxi-15T/tshort,1536,0.54547692445375,0.7644167735543712,0.7135857601834158,11774619648.0,cell,False,True
SZTaxi-15T/tshort,2048,0.5490891958589134,0.7644167735543712,0.7183112862709283,15617323008.0,cell,False,False
SZTaxi-15T/tshort,2560,0.5485218530141048,0.7644167735543712,0.7175690958004465,19497775104.0,cell,False,False
SZTaxi-15T/tmedium,native,0.5424835816907412,0.7134840540400068,0.760330351630147,22395432960.0,cell,True,False
SZTaxi-15T/tmedium,32,0.656453032139126,0.7134840540400068,0.920066858428089,3936485376.0,cell,False,True
SZTaxi-15T/tmedium,48,0.6309781849848055,0.7134840540400068,0.8843619999802056,4053528576.0,cell,False,True
SZTaxi-15T/tmedium,64,0.6688553896948796,0.7134840540400068,0.9374496681566694,4170608640.0,cell,False,False
SZTaxi-15T/tmedium,96,0.6135434142552291,0.7134840540400068,0.8599258957241197,4404879360.0,cell,False,True
SZTaxi-15T/tmedium,128,0.5922075563649339,0.7134840540400068,0.8300221329567758,4639297536.0,cell,False,True
SZTaxi-15T/tmedium,192,0.5764533000463375,0.7134840540400068,0.8079413923580335,5108576256.0,cell,False,True
SZTaxi-15T/tmedium,256,0.5707258391808415,0.7134840540400068,0.7999139377385994,5578444800.0,cell,False,True
SZTaxi-15T/tmedium,384,0.5583506184228824,0.7134840540400068,0.7825691622136439,6519951360.0,cell,False,True
SZTaxi-15T/tmedium,512,0.5448422979262867,0.7134840540400068,0.7636362646665906,7463817216.0,cell,False,True
SZTaxi-15T/tmedium,768,0.5387152558355107,0.7134840540400068,0.7550487677826976,9358626816.0,cell,False,True
SZTaxi-15T/tmedium,1024,0.5366494178043646,0.7134840540400068,0.7521533449355454,11262873600.0,cell,False,True
SZTaxi-15T/tmedium,1536,0.5355094090415772,0.7134840540400068,0.7505555394116066,15099678720.0,cell,False,True
SZTaxi-15T/tmedium,2048,0.5438237518592338,0.7134840540400068,0.7622086979798715,18974232576.0,cell,False,False
SZTaxi-15T/tlong,native,0.5117535612668879,0.6909431344941248,0.7406594489741462,22442803200.0,cell,True,False
SZTaxi-15T/tlong,32,0.6186261455030351,0.6909431344941248,0.895335831010121,5743374336.0,cell,False,True
SZTaxi-15T/tlong,48,0.663698432023271,0.6909431344941248,0.9605688209192481,5860970496.0,cell,False,False
SZTaxi-15T/tlong,64,0.582653076539885,0.6909431344941248,0.843272112351873,5978603520.0,cell,False,True
SZTaxi-15T/tlong,96,0.5685025785898952,0.6909431344941248,0.8227921375991749,6213980160.0,cell,False,True
SZTaxi-15T/tlong,128,0.550498979515423,0.6909431344941248,0.7967355807341103,6449504256.0,cell,False,True
SZTaxi-15T/tlong,192,0.5376463273875214,0.6909431344941248,0.7781339744857007,6920994816.0,cell,False,True
SZTaxi-15T/tlong,256,0.5270110306352328,0.6909431344941248,0.7627415402587143,7393075200.0,cell,False,True
SZTaxi-15T/tlong,384,0.5172239320395248,0.6909431344941248,0.7485767007703336,8339005440.0,cell,False,True
SZTaxi-15T/tlong,512,0.510696256969792,0.6909431344941248,0.7391292155232125,9287294976.0,cell,False,True
SZTaxi-15T/tlong,768,0.5048130849002171,0.6909431344941248,0.7306145176039949,11190951936.0,cell,False,True
SZTaxi-15T/tlong,1024,0.5036666810373812,0.6909431344941248,0.7289553306092862,13104046080.0,cell,False,True
SZTaxi-15T/tlong,1536,0.5188198772572117,0.6909431344941248,0.7508865076676194,16958545920.0,cell,False,False
SZTaxi-15T/tlong,2048,0.5146259542606357,0.6909431344941248,0.7448166550455994,20850794496.0,cell,False,False
SZTaxi-H/tshort,native,0.5717343177076671,0.7381672994945998,0.7745321664873476,5434454016.0,cell,True,False
SZTaxi-H/tshort,32,0.6529597802182403,0.7381672994945998,0.8845688242561023,704987136.0,cell,False,True
SZTaxi-H/tshort,48,0.6310388137763593,0.7381672994945998,0.8548723496806373,821035008.0,cell,False,True
SZTaxi-H/tshort,64,0.6147530499025474,0.7381672994945998,0.8328099203574172,937119744.0,cell,False,True
SZTaxi-H/tshort,96,0.594572331053793,0.7381672994945998,0.8054709704167039,1169399808.0,cell,False,True
SZTaxi-H/tshort,128,0.5862319738590956,0.7381672994945998,0.7941722347501311,1401827328.0,cell,False,True
SZTaxi-H/tshort,192,0.5751491577993925,0.7381672994945998,0.7791582723769791,1867124736.0,cell,False,True
SZTaxi-H/tshort,256,0.5675072112548152,0.7381672994945998,0.7688056781211654,2333011968.0,cell,False,True
SZTaxi-H/tshort,384,0.5646931556830337,0.7381672994945998,0.7649934588942934,3266555904.0,cell,False,True
SZTaxi-H/tshort,512,0.5657469510341049,0.7381672994945998,0.7664210422507935,4202459136.0,cell,False,False
MDense-H/tshort,native,0.8578432776300176,1.4875444172240992,0.5766841431403007,64674164736.0,cell,True,False
MDense-H/tshort,32,1.6485292400029392,1.4875444172240992,1.1082218594045434,704987136.0,cell,False,True
MDense-H/tshort,48,1.6406473779513764,1.4875444172240992,1.1029232868306427,821035008.0,cell,False,True
MDense-H/tshort,64,1.5914856925423535,1.4875444172240992,1.069874401137022,937119744.0,cell,False,True
MDense-H/tshort,96,1.5401276681768463,1.4875444172240992,1.035349029140839,1169399808.0,cell,False,True
MDense-H/tshort,128,1.539050081596728,1.4875444172240992,1.034624622818822,1401827328.0,cell,False,True
MDense-H/tshort,192,1.2644817423437265,1.4875444172240992,0.8500463769030647,1867124736.0,cell,False,True
MDense-H/tshort,256,1.1514623471237837,1.4875444172240992,0.7740692202472333,2333011968.0,cell,False,True
MDense-H/tshort,384,1.0133400594553352,1.4875444172240992,0.6812166734129023,3266555904.0,cell,False,True
MDense-H/tshort,512,0.9780383319190075,1.4875444172240992,0.6574851282384703,4202459136.0,cell,False,True
MDense-H/tshort,768,0.9060963555985867,1.4875444172240992,0.6091222185415139,6081343488.0,cell,False,True
MDense-H/tshort,1024,0.8623750259778153,1.4875444172240992,0.5797306056830827,7969665024.0,cell,False,True
MDense-H/tshort,1536,0.855672775688302,1.4875444172240992,0.5752250257407907,11774619648.0,cell,False,True
MDense-H/tshort,2048,0.8513279352723349,1.4875444172240992,0.5723042118372469,15617323008.0,cell,False,True
MDense-H/tshort,2560,0.8636719981991026,1.4875444172240992,0.5806024937465716,19497775104.0,cell,False,False
MDense-H/tshort,3072,0.859328949379417,1.4875444172240992,0.577682884241539,23415975936.0,cell,False,False
MDense-H/tshort,4096,0.8535161617782675,1.4875444172240992,0.5737752445543849,31365623808.0,cell,False,False
MDense-H/tshort,6144,0.8582226882672199,1.4875444172240992,0.5769392014987667,47717904384.0,cell,False,False
MDense-H/tshort,8192,0.85784327538671,1.4875444172240992,0.5766841416322398,64674164736.0,cell,False,False
MDense-H/tmedium,native,0.928463327784179,1.569946511898904,0.59139806404052,68413280256.0,cell,True,False
MDense-H/tmedium,32,2.1046741642608193,1.569946511898904,1.3406024653127475,3936485376.0,cell,False,True
MDense-H/tmedium,48,1.9628383795413296,1.569946511898904,1.250258123231988,4053528576.0,cell,False,True
MDense-H/tmedium,64,1.9386829787872546,1.569946511898904,1.2348719934683323,4170608640.0,cell,False,True
MDense-H/tmedium,96,1.7075686325005377,1.569946511898904,1.0876603881460745,4404879360.0,cell,False,True
MDense-H/tmedium,128,1.4850443745533675,1.569946511898904,0.9459203630811317,4639297536.0,cell,False,True
MDense-H/tmedium,192,1.1973981384589514,1.569946511898904,0.7626999578543968,5108576256.0,cell,False,True
MDense-H/tmedium,256,1.1007641567858433,1.569946511898904,0.7011475540363674,5578444800.0,cell,False,True
MDense-H/tmedium,384,0.9327436866068953,1.569946511898904,0.5941245001262558,6519951360.0,cell,False,True
MDense-H/tmedium,512,0.914922663326234,1.569946511898904,0.5827731431560708,7463817216.0,cell,False,True
MDense-H/tmedium,768,0.8465791552203592,1.569946511898904,0.5392407631750414,9358626816.0,cell,False,True
MDense-H/tmedium,1024,0.9126960213393833,1.569946511898904,0.5813548515327738,11262873600.0,cell,False,False
MDense-H/tmedium,1536,1.066724424875804,1.569946511898904,0.6794654574476964,15099678720.0,cell,False,False
MDense-H/tmedium,2048,1.02582485636168,1.569946511898904,0.6534138893183755,18974232576.0,cell,False,False
MDense-H/tmedium,2560,0.9458089200699086,1.569946511898904,0.6024465884037796,22886535168.0,cell,False,False
MDense-H/tmedium,3072,0.9637057929887839,1.569946511898904,0.6138462588914247,26836586496.0,cell,False,False
MDense-H/tmedium,4096,1.0021173649147614,1.569946511898904,0.6383130618269702,34849935360.0,cell,False,False
MDense-H/tmedium,6144,0.9337761271868682,1.569946511898904,0.5947821279958347,51329617920.0,cell,False,False
MDense-H/tmedium,8192,0.9284633318575658,1.569946511898904,0.5913980666351223,68413280256.0,cell,False,False
MDense-H/tlong,native,0.9911523673533332,1.4779178744488215,0.6706410312027494,70502178816.0,cell,True,False
MDense-H/tlong,32,2.1373913990678703,1.4779178744488215,1.4462179773453208,5743374336.0,cell,False,True
MDense-H/tlong,48,1.852529519931579,1.4779178744488215,1.253472572434017,5860970496.0,cell,False,True
MDense-H/tlong,64,2.2401367109988333,1.4779178744488215,1.5157382894731384,5978603520.0,cell,False,False
MDense-H/tlong,96,1.878895347704291,1.4779178744488215,1.2713124187668485,6213980160.0,cell,False,False
MDense-H/tlong,128,1.5201270647029195,1.4779178744488215,1.028559902403129,6449504256.0,cell,False,True
MDense-H/tlong,192,1.1697290785081425,1.4779178744488215,0.7914709597408341,6920994816.0,cell,False,True
MDense-H/tlong,256,1.041714596670679,1.4779178744488215,0.704852830242126,7393075200.0,cell,False,True
MDense-H/tlong,384,0.9491893195231584,1.4779178744488215,0.6422476755531166,8339005440.0,cell,False,True
MDense-H/tlong,512,0.8827528353941672,1.4779178744488215,0.5972949178406705,9287294976.0,cell,False,True
MDense-H/tlong,768,0.8469211729471342,1.4779178744488215,0.5730502266663411,11190951936.0,cell,False,True
MDense-H/tlong,1024,0.9211308438128423,1.4779178744488215,0.6232625369365474,13104046080.0,cell,False,False
MDense-H/tlong,1536,1.1142621779743267,1.4779178744488215,0.7539405248683947,16958545920.0,cell,False,False
MDense-H/tlong,2048,1.090075160623528,1.4779178744488215,0.7375749217662473,20850794496.0,cell,False,False
MDense-H/tlong,2560,1.012215907648108,1.4779178744488215,0.6848932035723612,24780791808.0,cell,False,False
MDense-H/tlong,3072,1.035645587763211,1.4779178744488215,0.700746371410825,28748537856.0,cell,False,False
MDense-H/tlong,4096,1.0886550567599376,1.4779178744488215,0.7366140403207069,36797276160.0,cell,False,False
MDense-H/tlong,6144,0.9940461456538677,1.4779178744488215,0.6725990414214253,53347737600.0,cell,False,False
MDense-H/tlong,8192,0.9911523702436056,1.4779178744488215,0.6706410331583874,70502178816.0,cell,False,False
MDense-D/tshort,native,0.6348227732644166,1.6693368812171987,0.38028439939668435,5255061504.0,cell,True,True
MDense-D/tshort,32,0.8762416854279437,1.6693368812171987,0.524904047401763,585818112.0,cell,False,True
MDense-D/tshort,48,0.8092814513688023,1.6693368812171987,0.48479217135531916,701829120.0,cell,False,True
MDense-D/tshort,64,0.9358731235863189,1.6693368812171987,0.5606256796434798,817876992.0,cell,False,False
MDense-D/tshort,96,1.2602399788685268,1.6693368812171987,0.7549344850930397,1050083328.0,cell,False,False
MDense-D/tshort,128,1.2038425110136257,1.6693368812171987,0.7211501312640038,1282437120.0,cell,False,False
MDense-D/tshort,192,0.931090315786749,1.6693368812171987,0.5577605852138386,1747587072.0,cell,False,False
MDense-D/tshort,256,0.7784940166753777,1.6693368812171987,0.46634925845988495,2213326848.0,cell,False,True
MDense-D/tshort,384,0.7426507835640783,1.6693368812171987,0.4448777187637367,3146575872.0,cell,False,True
MDense-D/tshort,512,0.650037131354841,1.6693368812171987,0.3893984124288117,4082184192.0,cell,False,True
Solar-10T/tshort,native,0.8712852564492309,1.1057028063509833,0.7879922628799577,64674164736.0,cell,True,False
Solar-10T/tshort,32,1.9652459022599496,1.1057028063509833,1.777372627592049,704987136.0,cell,False,True
Solar-10T/tshort,48,2.0353867708448297,1.1057028063509833,1.8408081802396519,821035008.0,cell,False,False
Solar-10T/tshort,64,1.4756180751832064,1.1057028063509833,1.3345521660137678,937119744.0,cell,False,True
Solar-10T/tshort,96,1.4836012473395708,1.1057028063509833,1.3417721641095584,1169399808.0,cell,False,False
Solar-10T/tshort,128,1.3329645111798187,1.1057028063509833,1.205535975420773,1401827328.0,cell,False,True
Solar-10T/tshort,192,1.0433944098351373,1.1057028063509833,0.9436481519645638,1867124736.0,cell,False,True
Solar-10T/tshort,256,1.07286671475325,1.1057028063509833,0.9703029680225754,2333011968.0,cell,False,False
Solar-10T/tshort,384,1.1632582663342999,1.1057028063509833,1.0520532819965067,3266555904.0,cell,False,False
Solar-10T/tshort,512,1.1511994953115037,1.1057028063509833,1.0411473035061451,4202459136.0,cell,False,False
Solar-10T/tshort,768,0.8953724929380946,1.1057028063509833,0.8097768114498902,6081343488.0,cell,False,True
Solar-10T/tshort,1024,0.9603715852920846,1.1057028063509833,0.8685621305977167,7969665024.0,cell,False,False
Solar-10T/tshort,1536,0.9105853549270375,1.1057028063509833,0.8235353566046665,11774619648.0,cell,False,False
Solar-10T/tshort,2048,0.8684622490794855,1.1057028063509833,0.7854391289333579,15617323008.0,cell,False,True
Solar-10T/tshort,2560,0.8824966103514184,1.1057028063509833,0.7981318355009107,19497775104.0,cell,False,False
Solar-10T/tshort,3072,0.877789867920357,1.1057028063509833,0.7938750475068616,23415975936.0,cell,False,False
Solar-10T/tshort,4096,0.8820780206832874,1.1057028063509833,0.7977532621033154,31365623808.0,cell,False,False
Solar-10T/tshort,6144,0.8769596774338502,1.1057028063509833,0.793124221442445,47717904384.0,cell,False,False
Solar-10T/tshort,8192,0.8712852557056675,1.1057028063509833,0.7879922622074773,64674164736.0,cell,False,False
Solar-10T/tmedium,native,0.8870314212828447,0.9270005404761702,0.9568833917046105,68413280256.0,cell,True,False
Solar-10T/tmedium,32,3.12254244842379,0.9270005404761702,3.368436491762821,3936485376.0,cell,False,True
Solar-10T/tmedium,48,2.8208721774025793,0.9270005404761702,3.043010283417514,4053528576.0,cell,False,True
Solar-10T/tmedium,64,2.5052298088465674,0.9270005404761702,2.702511702484782,4170608640.0,cell,False,True
Solar-10T/tmedium,96,2.1220335570422937,0.9270005404761702,2.2891395035781463,4404879360.0,cell,False,True
Solar-10T/tmedium,128,1.8869132197254375,0.9270005404761702,2.0355039046214483,4639297536.0,cell,False,True
Solar-10T/tmedium,192,1.3732345567082402,0.9270005404761702,1.4813740626330747,5108576256.0,cell,False,True
Solar-10T/tmedium,256,1.153215934043058,0.9270005404761702,1.2440294084949384,5578444800.0,cell,False,True
Solar-10T/tmedium,384,1.025041274852117,0.9270005404761702,1.1057612483435948,6519951360.0,cell,False,True
Solar-10T/tmedium,512,0.9946456227822661,0.9270005404761702,1.0729719987772055,7463817216.0,cell,False,True
Solar-10T/tmedium,768,0.9503625270074384,0.9270005404761702,1.025201696774921,9358626816.0,cell,False,True
Solar-10T/tmedium,1024,0.8885177951019505,0.9270005404761702,0.9584868145228347,11262873600.0,cell,False,True
Solar-10T/tmedium,1536,0.8555609361388627,0.9270005404761702,0.922934668084863,15099678720.0,cell,False,True
Solar-10T/tmedium,2048,0.8941923175486916,0.9270005404761702,0.9646081943915307,18974232576.0,cell,False,False
Solar-10T/tmedium,2560,0.8953872365697219,0.9270005404761702,0.9658972109226499,22886535168.0,cell,False,False
Solar-10T/tmedium,3072,0.8876897609322693,0.9270005404761702,0.957593574299635,26836586496.0,cell,False,False
Solar-10T/tmedium,4096,0.8879698440652765,0.9270005404761702,0.9578957134255338,34849935360.0,cell,False,False
Solar-10T/tmedium,6144,0.8844439535800552,0.9270005404761702,0.9540921660366508,51329617920.0,cell,False,False
Solar-10T/tmedium,8192,0.8870314222007684,0.9270005404761702,0.9568833926948187,68413280256.0,cell,False,False
Solar-10T/tlong,native,0.8459575257835339,0.8709317964102903,0.971324653974407,70502178816.0,cell,True,False
Solar-10T/tlong,32,2.017857284128692,0.8709317964102903,2.316894724071014,5743374336.0,cell,False,True
Solar-10T/tlong,48,2.0181280979050764,0.8709317964102903,2.3172056712398974,5860970496.0,cell,False,False
Solar-10T/tlong,64,2.0441329950965272,0.8709317964102903,2.3470643780854106,5978603520.0,cell,False,False
Solar-10T/tlong,96,2.0811942559735606,0.8709317964102903,2.389617952348962,6213980160.0,cell,False,False
Solar-10T/tlong,128,2.112527714080831,0.8709317964102903,2.425594889046436,6449504256.0,cell,False,False
Solar-10T/tlong,192,1.7531535604178399,0.8709317964102903,2.0129630903864033,6920994816.0,cell,False,True
Solar-10T/tlong,256,1.2113681992793337,0.8709317964102903,1.3908875577539095,7393075200.0,cell,False,True
Solar-10T/tlong,384,1.0649887465029302,0.8709317964102903,1.222815323648169,8339005440.0,cell,False,True
Solar-10T/tlong,512,0.9510502705718459,0.8709317964102903,1.0919916743099505,9287294976.0,cell,False,True
Solar-10T/tlong,768,0.8575432589367094,0.8709317964102903,0.9846273410515447,11190951936.0,cell,False,True
Solar-10T/tlong,1024,0.7974926395493699,0.8709317964102903,0.9156774879920405,13104046080.0,cell,False,True
Solar-10T/tlong,1536,0.838445073236443,0.8709317964102903,0.9626988895023153,16958545920.0,cell,False,False
Solar-10T/tlong,2048,0.8561296810531874,0.8709317964102903,0.9830042772371929,20850794496.0,cell,False,False
Solar-10T/tlong,2560,0.8633723988654155,0.8709317964102903,0.9913203334910583,24780791808.0,cell,False,False
Solar-10T/tlong,3072,0.8568354894316669,0.8709317964102903,0.9838146832659871,28748537856.0,cell,False,False
Solar-10T/tlong,4096,0.8468846764070942,0.8709317964102903,0.9723892041807283,36797276160.0,cell,False,False
Solar-10T/tlong,6144,0.8452225465251001,0.8709317964102903,0.9704807540714948,53347737600.0,cell,False,False
Solar-10T/tlong,8192,0.845957528643092,0.8709317964102903,0.9713246572577389,70502178816.0,cell,False,False
Solar-H/tshort,native,0.9369565897401434,0.9519362458316396,0.9842640133127722,64079296188.63158,cell,True,False
Solar-H/tshort,32,2.233914879077146,0.9519362458316396,2.346706398520977,704987136.0,cell,False,True
Solar-H/tshort,48,1.1330336650998818,0.9519362458316396,1.1902411217780977,821035008.0,cell,False,True
Solar-H/tshort,64,1.06301803194186,0.9519362458316396,1.116690363032848,937119744.0,cell,False,True
Solar-H/tshort,96,0.9942899141584647,0.9519362458316396,1.0444921269804404,1169399808.0,cell,False,True
Solar-H/tshort,128,1.0176190616309122,0.9519362458316396,1.0689991751935972,1401827328.0,cell,False,False
Solar-H/tshort,192,1.0845509645602442,0.9519362458316396,1.1393105045734955,1867124736.0,cell,False,False
Solar-H/tshort,256,1.001595337869537,0.9519362458316396,1.0521664053189967,2333011968.0,cell,False,False
Solar-H/tshort,384,0.939151123955884,0.9519362458316396,0.9865693506978651,3266555904.0,cell,False,True
Solar-H/tshort,512,0.9467600972001798,0.9519362458316396,0.9945625049428203,4202459136.0,cell,False,False
Solar-H/tshort,768,0.9122025759465785,0.9519362458316396,0.9582601565398441,6081343488.0,cell,False,True
Solar-H/tshort,1024,0.9504171771910881,0.9519362458316396,0.9984042327968882,7969665024.0,cell,False,False
Solar-H/tshort,1536,0.9055721358412172,0.9519362458316396,0.9512949420789022,11774619648.0,cell,False,True
Solar-H/tshort,2048,0.93253948192447,0.9519362458316396,0.9796238834353618,15617323008.0,cell,False,False
Solar-H/tshort,2560,0.9301949181247308,0.9519362458316396,0.9771609413948568,19497775104.0,cell,False,False
Solar-H/tshort,3072,0.9278769086959769,0.9519362458316396,0.9747258944692838,23415975936.0,cell,False,False
Solar-H/tshort,4096,0.9343758918415763,0.9519362458316396,0.9815530146404688,31365623808.0,cell,False,False
Solar-H/tshort,6144,0.9353375467947658,0.9519362458316396,0.9825632240503956,47717904384.0,cell,False,False
Solar-H/tshort,8192,0.9359117636815455,0.9519362458316396,0.9831664334452412,64674164736.0,cell,False,False
Solar-H/tmedium,native,0.9065899007617017,0.9349685908749716,0.9696474401490724,66788683776.0,cell,True,False
Solar-H/tmedium,32,2.1495784970555647,0.9349685908749716,2.2990916679285713,3936485376.0,cell,False,True
Solar-H/tmedium,48,1.6718285852298935,0.9349685908749716,1.7881120302291078,4053528576.0,cell,False,True
Solar-H/tmedium,64,1.0195226852176809,0.9349685908749716,1.090435224421369,4170608640.0,cell,False,True
Solar-H/tmedium,96,0.9615297480238653,0.9349685908749716,1.0284086090250764,4404879360.0,cell,False,True
Solar-H/tmedium,128,0.943831132250485,0.9349685908749716,1.0094789723013258,4639297536.0,cell,False,True
Solar-H/tmedium,192,0.944221440161594,0.9349685908749716,1.009896427940925,5108576256.0,cell,False,False
Solar-H/tmedium,256,0.9418769313813841,0.9349685908749716,1.0073888476830515,5578444800.0,cell,False,True
Solar-H/tmedium,384,1.0280501610435226,0.9349685908749716,1.099555825807413,6519951360.0,cell,False,False
Solar-H/tmedium,512,1.00441167472436,0.9349685908749716,1.0742731729462713,7463817216.0,cell,False,False
Solar-H/tmedium,768,1.045347883587291,0.9349685908749716,1.1180566853149827,9358626816.0,cell,False,False
Solar-H/tmedium,1024,1.0488718580529668,0.9349685908749716,1.1218257685762483,11262873600.0,cell,False,False
Solar-H/tmedium,1536,0.943741783764358,0.9349685908749716,1.009383409212898,15099678720.0,cell,False,False
Solar-H/tmedium,2048,0.9239736405281135,0.9349685908749716,0.988240299776735,18974232576.0,cell,False,True
Solar-H/tmedium,2560,0.91902039258234,0.9349685908749716,0.9829425304247849,22886535168.0,cell,False,True
Solar-H/tmedium,3072,0.9106919406641039,0.9349685908749716,0.9740347959837357,26836586496.0,cell,False,True
Solar-H/tmedium,4096,0.9085002085860816,0.9349685908749716,0.9716906187574492,34849935360.0,cell,False,True
Solar-H/tmedium,6144,0.9063568753959327,0.9349685908749716,0.9693982067865368,51329617920.0,cell,False,True
Solar-H/tmedium,8192,0.9057795715763709,0.9349685908749716,0.9687807488043156,68413280256.0,cell,False,True
Solar-H/tlong,native,0.9546459120113514,1.071196647792778,0.8911957612810107,66233880576.0,cell,True,False
Solar-H/tlong,32,2.19538989519583,1.071196647792778,2.0494742022573305,5743374336.0,cell,False,True
Solar-H/tlong,48,1.74809851426401,1.071196647792778,1.631911860316219,5860970496.0,cell,False,True
Solar-H/tlong,64,1.451054496878533,1.071196647792778,1.3546107522539954,5978603520.0,cell,False,True
Solar-H/tlong,96,1.284957108644167,1.071196647792778,1.1995529591059184,6213980160.0,cell,False,True
Solar-H/tlong,128,1.2904554060602402,1.071196647792778,1.2046858144293575,6449504256.0,cell,False,False
Solar-H/tlong,192,1.0841559502638205,1.071196647792778,1.0120979677239894,6920994816.0,cell,False,True
Solar-H/tlong,256,1.0499821256934616,1.071196647792778,0.9801954924494684,7393075200.0,cell,False,True
Solar-H/tlong,384,1.098503828649404,1.071196647792778,1.025492220231358,8339005440.0,cell,False,False
Solar-H/tlong,512,1.1300308730355586,1.071196647792778,1.0549238324858556,9287294976.0,cell,False,False
Solar-H/tlong,768,1.0219525233541251,1.071196647792778,0.9540288661842611,11190951936.0,cell,False,True
Solar-H/tlong,1024,1.07085991245516,1.071196647792778,0.9996856456390975,13104046080.0,cell,False,False
Solar-H/tlong,1536,0.9895194068930308,1.071196647792778,0.9237514035653073,16958545920.0,cell,False,True
Solar-H/tlong,2048,0.9810234388081792,1.071196647792778,0.9158201165300486,20850794496.0,cell,False,True
Solar-H/tlong,2560,0.9840820053917223,1.071196647792778,0.9186753967345239,24780791808.0,cell,False,False
Solar-H/tlong,3072,0.9723338162727513,1.071196647792778,0.9077080462081958,28748537856.0,cell,False,True
Solar-H/tlong,4096,0.9645684870264881,1.071196647792778,0.9004588363994611,36797276160.0,cell,False,True
Solar-H/tlong,6144,0.9545806258578612,1.071196647792778,0.8911348143450538,53347737600.0,cell,False,True
Solar-D/tshort,native,0.9635418719180175,1.155861190610263,0.8336138281529237,2737993728.0,cell,True,True
Solar-D/tshort,32,1.0328545271971292,1.155861190610263,0.8935800730984059,585818112.0,cell,False,True
Solar-D/tshort,48,1.02062131433276,1.155861190610263,0.8829964381742933,701829120.0,cell,False,True
Solar-D/tshort,64,0.9737770319445661,1.155861190610263,0.8424688360982503,817876992.0,cell,False,True
Solar-D/tshort,96,0.9881272787388149,1.155861190610263,0.8548840351816906,1050083328.0,cell,False,False
Solar-D/tshort,128,0.9929813361687162,1.155861190610263,0.8590835510658934,1282437120.0,cell,False,False
Solar-D/tshort,192,0.9651510538670615,1.155861190610263,0.8350060212312244,1747587072.0,cell,False,True
Solar-D/tshort,256,0.9714154151850712,1.155861190610263,0.8404256696880623,2213326848.0,cell,False,False
Solar-W/tshort,native,1.1010404923414632,1.4703506784640206,0.7488284995329471,582660096.0,cell,True,True
HierSales-D/tshort,native,0.7569535346212305,1.134803399686105,0.667034954980404,12968546304.0,cell,True,True
HierSales-D/tshort,32,0.7896908885001955,1.134803399686105,0.6958834355965358,585818112.0,cell,False,True
HierSales-D/tshort,48,0.7905671404241703,1.134803399686105,0.6966555974742823,701829120.0,cell,False,False
HierSales-D/tshort,64,0.8147853897255501,1.134803399686105,0.7179969587251199,817876992.0,cell,False,False
HierSales-D/tshort,96,0.7755569262921086,1.134803399686105,0.6834284480524409,1050083328.0,cell,False,True
HierSales-D/tshort,128,0.7723094953484135,1.134803399686105,0.6805667797276955,1282437120.0,cell,False,True
HierSales-D/tshort,192,0.7754532884200372,1.134803399686105,0.683337121332676,1747587072.0,cell,False,False
HierSales-D/tshort,256,0.7721269385190049,1.134803399686105,0.6804059088407568,2213326848.0,cell,False,True
HierSales-D/tshort,384,0.7820719111649559,1.134803399686105,0.689169517276105,3146575872.0,cell,False,False
HierSales-D/tshort,512,0.7935399883079781,1.134803399686105,0.6992753004859494,4082184192.0,cell,False,False
HierSales-D/tshort,768,0.7778312523899533,1.134803399686105,0.685432606745016,5960478720.0,cell,False,False
HierSales-D/tshort,1024,0.7695928030306661,1.134803399686105,0.6781728035389576,7848210432.0,cell,False,True
HierSales-D/tshort,1536,0.7580346123544134,1.134803399686105,0.6679876113907407,11651985408.0,cell,False,True
HierSales-W/tshort,native,0.7254982588284619,1.0250133777288335,0.7077939416127229,2035451904.0,cell,True,True
HierSales-W/tshort,32,0.8268942413134842,1.0250133777288335,0.8067155602843639,466685952.0,cell,False,True
HierSales-W/tshort,48,0.7926993678578532,1.0250133777288335,0.7733551435340986,582660096.0,cell,False,True
HierSales-W/tshort,64,0.7692222485038858,1.0250133777288335,0.7504509357802576,698671104.0,cell,False,True
HierSales-W/tshort,96,0.7495721082955469,1.0250133777288335,0.7312803174885446,930803712.0,cell,False,True
HierSales-W/tshort,128,0.7425163461497165,1.0250133777288335,0.7243967369430262,1163083776.0,cell,False,True
HierSales-W/tshort,192,0.7269829548607215,1.0250133777288335,0.7092424066420763,1628086272.0,cell,False,True
M4-Yearly/tshort,native,3.675933478504216,3.965954931783283,0.9268722266723642,511877974.7150692,cell,True,True
M4-Yearly/tshort,32,3.711809145341139,3.965954931783283,0.9359181355276097,466685952.0,cell,False,True
M4-Yearly/tshort,48,3.691860412478353,3.965954931783283,0.9308881406825055,582660096.0,cell,False,False
M4-Yearly/tshort,64,3.6898992647635875,3.965954931783283,0.930393644968737,698671104.0,cell,False,False
M4-Yearly/tshort,96,3.690309637197493,3.965954931783283,0.9304971187703722,930803712.0,cell,False,False
M4-Yearly/tshort,128,3.6916648629514417,3.965954931783283,0.9308388336353315,1163083776.0,cell,False,False
M4-Yearly/tshort,192,3.6917278788055796,3.965954931783283,0.9308547228360969,1628086272.0,cell,False,False
M4-Yearly/tshort,256,3.691365848803237,3.965954931783283,0.9307634383892058,2093678592.0,cell,False,False
M4-Quarterly/tshort,native,1.1902389313016462,1.602247174616002,0.7428560025932961,963734244.864,cell,True,True
M4-Quarterly/tshort,32,1.2611716076151906,1.602247174616002,0.7871267477300721,466685952.0,cell,False,True
M4-Quarterly/tshort,48,1.2284438027367326,1.602247174616002,0.7667005579405337,582660096.0,cell,False,True
M4-Quarterly/tshort,64,1.2091572100612042,1.602247174616002,0.7546633435949066,698671104.0,cell,False,True
M4-Quarterly/tshort,96,1.2032498046494762,1.602247174616002,0.7509763934755257,930803712.0,cell,False,True
M4-Quarterly/tshort,128,1.1999932662031865,1.602247174616002,0.7489439115352345,1163083776.0,cell,False,False
M4-Quarterly/tshort,192,1.1991780551496318,1.602247174616002,0.748435119217501,1628086272.0,cell,False,False
M4-Quarterly/tshort,256,1.1987653166573273,1.602247174616002,0.748177519454591,2093678592.0,cell,False,False
M4-Quarterly/tshort,384,1.1987887875623975,1.602247174616002,0.7481921681963345,3026632704.0,cell,False,False
M4-Quarterly/tshort,512,1.1987379664687847,1.602247174616002,0.7481604495611464,3961946112.0,cell,False,False
M4-Quarterly/tshort,768,1.1987284783308618,1.602247174616002,0.7481545277919754,5839650816.0,cell,False,False
M4-Monthly/tshort,native,0.9404948982655084,1.259717038974429,0.7465921863144692,1987713487.104,cell,True,True
M4-Monthly/tshort,32,0.9820754661481319,1.259717038974429,0.7796000496648574,585818112.0,cell,False,True
M4-Monthly/tshort,48,0.9682976149041014,1.259717038974429,0.7686627908854989,701829120.0,cell,False,True
M4-Monthly/tshort,64,0.9604916692585985,1.259717038974429,0.7624662043474157,817876992.0,cell,False,True
M4-Monthly/tshort,96,0.9632547378112121,1.259717038974429,0.7646596084747928,1050083328.0,cell,False,False
M4-Monthly/tshort,128,0.9642038330748102,1.259717038974429,0.7654130278810832,1282437120.0,cell,False,False
M4-Monthly/tshort,192,0.9592038575823223,1.259717038974429,0.7614439020077375,1747587072.0,cell,False,True
M4-Monthly/tshort,256,0.9445753848202224,1.259717038974429,0.7498313951434901,2213326848.0,cell,False,False
M4-Monthly/tshort,384,0.943329909772968,1.259717038974429,0.7488427008504699,3146575872.0,cell,False,False
M4-Monthly/tshort,512,0.9432071859379471,1.259717038974429,0.7487452791031853,4082184192.0,cell,False,False
M4-Monthly/tshort,768,0.9434225528585009,1.259717038974429,0.7489162436244949,5960478720.0,cell,False,False
M4-Monthly/tshort,1024,0.9433730023540475,1.259717038974429,0.7488769089938435,7848210432.0,cell,False,False
M4-Monthly/tshort,1536,0.9434056836888027,1.259717038974429,0.7489028523872756,11651985408.0,cell,False,False
M4-Monthly/tshort,2048,0.9433997753775704,1.259717038974429,0.7488981621980906,15493509120.0,cell,False,False
M4-Monthly/tshort,2560,0.9433931341214543,1.259717038974429,0.7488928901759534,19372781568.0,cell,False,False
M4-Weekly/tshort,native,2.1070785744315668,2.777295047362158,0.7586801324666046,7803073356.300836,cell,True,False
M4-Weekly/tshort,32,2.4057327516515636,2.777295047362158,0.8662143238747717,466685952.0,cell,False,True
M4-Weekly/tshort,48,2.462301811725447,2.777295047362158,0.886582725182228,582660096.0,cell,False,False
M4-Weekly/tshort,64,2.1782378817034598,2.777295047362158,0.7843019357170296,698671104.0,cell,False,True
M4-Weekly/tshort,96,2.1940275910265656,2.777295047362158,0.7899872190786598,930803712.0,cell,False,False
M4-Weekly/tshort,128,2.1472043692772376,2.777295047362158,0.7731279293918113,1163083776.0,cell,False,True
M4-Weekly/tshort,192,1.9911021020772817,2.777295047362158,0.7169213454538822,1628086272.0,cell,False,True
M4-Weekly/tshort,256,1.9730113325698633,2.777295047362158,0.7104075364422683,2093678592.0,cell,False,True
M4-Weekly/tshort,384,2.0243502009240393,2.777295047362158,0.7288927414632246,3026632704.0,cell,False,False
M4-Weekly/tshort,512,2.0400953542813247,2.777295047362158,0.7345619818891707,3961946112.0,cell,False,False
M4-Weekly/tshort,768,2.0707385868571375,2.777295047362158,0.7455954630473636,5839650816.0,cell,False,False
M4-Weekly/tshort,1024,2.086311598766291,2.777295047362158,0.7512027217806208,7726792704.0,cell,False,False
M4-Weekly/tshort,1536,2.0799504183871758,2.777295047362158,0.7489122988076792,11529388032.0,cell,False,False
M4-Weekly/tshort,2048,2.107055372474182,2.777295047362158,0.7586717783101361,15369732096.0,cell,False,False
M4-Weekly/tshort,2560,2.106953173662288,2.777295047362158,0.758634980342995,19247824896.0,cell,False,False
M4-Daily/tshort,native,3.448298246599299,3.278424296610481,1.0518157305521585,17991930527.523067,cell,True,False
M4-Daily/tshort,32,3.413606584103535,3.278424296610481,1.0412339207078283,466685952.0,cell,False,True
M4-Daily/tshort,48,3.4198093903941316,3.278424296610481,1.0431259291025348,582660096.0,cell,False,False
M4-Daily/tshort,64,3.411501545100691,3.278424296610481,1.0405918320663365,698671104.0,cell,False,True
M4-Daily/tshort,96,3.3561353973669514,3.278424296610481,1.0237037960085933,930803712.0,cell,False,True
M4-Daily/tshort,128,3.367980321269033,3.278424296610481,1.0273167889681463,1163083776.0,cell,False,False
M4-Daily/tshort,192,3.3455460555065746,3.278424296610481,1.0204737864362128,1628086272.0,cell,False,True
M4-Daily/tshort,256,3.2906915982165343,3.278424296610481,1.003741828542064,2093678592.0,cell,False,True
M4-Daily/tshort,384,3.2908418828762263,3.278424296610481,1.0037876690575358,3026632704.0,cell,False,False
M4-Daily/tshort,512,3.3217826142684035,3.278424296610481,1.0132253527106758,3961946112.0,cell,False,False
M4-Daily/tshort,768,3.339252912690542,3.278424296610481,1.0185542231806148,5839650816.0,cell,False,False
M4-Daily/tshort,1024,3.36636524793114,3.278424296610481,1.0268241518986974,7726792704.0,cell,False,False
M4-Daily/tshort,1536,3.4197823198736566,3.278424296610481,1.043117671928348,11529388032.0,cell,False,False
M4-Daily/tshort,2048,3.4028219976715604,3.278424296610481,1.0379443567416495,15369732096.0,cell,False,False
M4-Daily/tshort,2560,3.3831571030987653,3.278424296610481,1.0319460804986609,19247824896.0,cell,False,False
M4-Daily/tshort,3072,3.4154828573274876,3.278424296610481,1.041806230163286,23163666432.0,cell,False,False
M4-Daily/tshort,4096,3.464182380836375,3.278424296610481,1.0566607819549003,31108595712.0,cell,False,False
M4-Daily/tshort,6144,3.4501328614031475,3.278424296610481,1.052375333165446,47451439104.0,cell,False,False
M4-Daily/tshort,8192,3.4489112384849823,3.278424296610481,1.0520027081457288,64398262272.0,cell,False,False
M4-Hourly/tshort,native,0.8674544987021492,1.1932101877276544,0.7269921993828486,6726826429.217391,cell,True,True
M4-Hourly/tshort,32,2.095870524620024,1.1932101877276544,1.756497343197675,704987136.0,cell,False,True
M4-Hourly/tshort,48,1.33585653887208,1.1932101877276544,1.1195483851978174,821035008.0,cell,False,True
M4-Hourly/tshort,64,1.2780624779135086,1.1932101877276544,1.071112609545722,937119744.0,cell,False,True
M4-Hourly/tshort,96,1.121751675107354,1.1932101877276544,0.940112384762331,1169399808.0,cell,False,True
M4-Hourly/tshort,128,1.072701229270343,1.1932101877276544,0.8990044170785968,1401827328.0,cell,False,True
M4-Hourly/tshort,192,1.0203790879282786,1.1932101877276544,0.8551545221646868,1867124736.0,cell,False,True
M4-Hourly/tshort,256,0.960909354704601,1.1932101877276544,0.8053144069567103,2333011968.0,cell,False,True
M4-Hourly/tshort,384,0.8932257337361569,1.1932101877276544,0.7485904352167937,3266555904.0,cell,False,True
M4-Hourly/tshort,512,0.8822688152952355,1.1932101877276544,0.7394077123791788,4202459136.0,cell,False,True
M4-Hourly/tshort,768,0.8819372502372888,1.1932101877276544,0.7391298358898922,6081343488.0,cell,False,True
Hospital/tshort,native,0.7639712380145725,0.9205278266364826,0.8299273698287293,814718976.0,cell,True,False
Hospital/tshort,32,0.7784079878069241,0.9205278266364826,0.8456104913755293,466685952.0,cell,False,True
Hospital/tshort,48,0.7661271830162458,0.9205278266364826,0.8322694446028847,582660096.0,cell,False,True
Hospital/tshort,64,0.7638876708952875,0.9205278266364826,0.8298365880871383,698671104.0,cell,False,True
CovidDeaths-D/tshort,native,32.04176387147524,46.91239825526407,0.6830127016130498,1747587072.0,cell,True,True
CovidDeaths-D/tshort,32,34.87633029219641,46.91239825526407,0.7434352450374441,585818112.0,cell,False,True
CovidDeaths-D/tshort,48,35.39307496361841,46.91239825526407,0.7544503431914596,701829120.0,cell,False,False
CovidDeaths-D/tshort,64,35.50626828227137,46.91239825526407,0.7568632089340517,817876992.0,cell,False,False
CovidDeaths-D/tshort,96,33.93925156611495,46.91239825526407,0.7234601689182795,1050083328.0,cell,False,True
CovidDeaths-D/tshort,128,32.79134751654875,46.91239825526407,0.69899107136074,1282437120.0,cell,False,True
USBirths-D/tshort,native,0.3057137777943409,1.8648391912491091,0.16393573195422137,54578747596.8,cell,True,False
USBirths-D/tshort,32,0.6158528918612178,1.8648391912491091,0.3302445029851107,585818112.0,cell,False,True
USBirths-D/tshort,48,0.5232277203702195,1.8648391912491091,0.2805752489681163,701829120.0,cell,False,True
USBirths-D/tshort,64,0.52702937976653,1.8648391912491091,0.2826138480141628,817876992.0,cell,False,False
USBirths-D/tshort,96,0.5309196604513087,1.8648391912491091,0.2846999692749311,1050083328.0,cell,False,False
USBirths-D/tshort,128,0.5269904911478616,1.8648391912491091,0.282592994409814,1282437120.0,cell,False,False
USBirths-D/tshort,192,0.5312751643528529,1.8648391912491091,0.2848906044263224,1747587072.0,cell,False,False
USBirths-D/tshort,256,0.5068273767573928,1.8648391912491091,0.2717807407393176,2213326848.0,cell,False,True
USBirths-D/tshort,384,0.48154852552806754,1.8648391912491091,0.258225228098899,3146575872.0,cell,False,True
USBirths-D/tshort,512,0.4402334546622457,1.8648391912491091,0.2360704648036531,4082184192.0,cell,False,True
USBirths-D/tshort,768,0.3654486121241468,1.8648391912491091,0.19596789569794568,5960478720.0,cell,False,True
USBirths-D/tshort,1024,0.35462835283446625,1.8648391912491091,0.19016564779343179,7848210432.0,cell,False,True
USBirths-D/tshort,1536,0.33553100156267057,1.8648391912491091,0.17992489815592344,11651985408.0,cell,False,True
USBirths-D/tshort,2048,0.31779948282250237,1.8648391912491091,0.1704165615532959,15493509120.0,cell,False,True
USBirths-D/tshort,2560,0.30864545142804434,1.8648391912491091,0.16550781047308805,19372781568.0,cell,False,True
USBirths-D/tshort,3072,0.3047966836048877,1.8648391912491091,0.16344395003878504,23289802752.0,cell,False,True
USBirths-D/tshort,4096,0.3035489434145454,1.8648391912491091,0.16277486275437072,31237091328.0,cell,False,True
USBirths-D/tshort,6144,0.3077178850678712,1.8648391912491091,0.1650104129685065,47584653312.0,cell,False,False
USBirths-W/tshort,native,1.0271436227679611,1.5634204337929731,0.6569849034632578,7490457600.0,cell,True,False
USBirths-W/tshort,32,1.6395688112714815,1.5634204337929731,1.0487062698123797,466685952.0,cell,False,True
USBirths-W/tshort,48,1.4933792796770387,1.5634204337929731,0.9552000520128744,582660096.0,cell,False,True
USBirths-W/tshort,64,1.2564623448196828,1.5634204337929731,0.8036624810969194,698671104.0,cell,False,True
USBirths-W/tshort,96,1.0202065557893096,1.5634204337929731,0.6525477943986017,930803712.0,cell,False,True
USBirths-W/tshort,128,0.9540784292714436,1.5634204337929731,0.6102507096934757,1163083776.0,cell,False,True
USBirths-W/tshort,192,1.047155370900469,1.5634204337929731,0.6697848820870231,1628086272.0,cell,False,False
USBirths-W/tshort,256,1.05552639432785,1.5634204337929731,0.6751391829816789,2093678592.0,cell,False,False
USBirths-W/tshort,384,0.9554079313265074,1.5634204337929731,0.6111010900686626,3026632704.0,cell,False,False
USBirths-W/tshort,512,0.935316264801368,1.5634204337929731,0.5982499937858825,3961946112.0,cell,False,True
USBirths-W/tshort,768,0.9803754467363649,1.5634204337929731,0.6270708924776567,5839650816.0,cell,False,False
USBirths-W/tshort,1024,0.9762177914224545,1.5634204337929731,0.6244115596302385,7726792704.0,cell,False,False
USBirths-M/tshort,native,0.5875261682981907,0.7605310792868888,0.7725209189992394,1919016960.0,cell,True,False
USBirths-M/tshort,32,0.6739165711725121,0.7605310792868888,0.8861131247974893,466685952.0,cell,False,True
USBirths-M/tshort,48,0.6844062276395965,0.7605310792868888,0.899905666289574,582660096.0,cell,False,False
USBirths-M/tshort,64,0.6047096974489,0.7605310792868888,0.7951150372656769,698671104.0,cell,False,True
USBirths-M/tshort,96,0.527987484122055,0.7605310792868888,0.694235250211105,930803712.0,cell,False,True
USBirths-M/tshort,128,0.5518541299028743,0.7605310792868888,0.7256168024327418,1163083776.0,cell,False,False
USBirths-M/tshort,192,0.5966349190780569,0.7605310792868888,0.7844977481229183,1628086272.0,cell,False,False
SaugeenDay-D/tshort,native,3.176630191834624,3.413049305768806,0.9307308237432781,64536195072.0,cell,True,False
SaugeenDay-D/tshort,32,3.424505401779574,3.413049305768806,1.0033565574313283,585818112.0,cell,False,True
SaugeenDay-D/tshort,48,3.8637826778872295,3.413049305768806,1.1320617816322152,701829120.0,cell,False,False
SaugeenDay-D/tshort,64,3.3446088786501633,3.413049305768806,0.979947425018747,817876992.0,cell,False,True
SaugeenDay-D/tshort,96,3.452592708798796,3.413049305768806,1.0115859454368716,1050083328.0,cell,False,False
SaugeenDay-D/tshort,128,3.2256454416608844,3.413049305768806,0.9450919552228069,1282437120.0,cell,False,True
SaugeenDay-D/tshort,192,3.4320077240558295,3.413049305768806,1.0055546863196438,1747587072.0,cell,False,False
SaugeenDay-D/tshort,256,3.4705505254214617,3.413049305768806,1.0168474623426818,2213326848.0,cell,False,False
SaugeenDay-D/tshort,384,3.5879106617050955,3.413049305768806,1.0512331760460465,3146575872.0,cell,False,False
SaugeenDay-D/tshort,512,3.161102583868326,3.413049305768806,0.9261813412790041,4082184192.0,cell,False,True
SaugeenDay-D/tshort,768,3.409211122365678,3.413049305768806,0.9988754386300133,5960478720.0,cell,False,False
SaugeenDay-D/tshort,1024,3.414745773489824,3.413049305768806,1.0004970533880513,7848210432.0,cell,False,False
SaugeenDay-D/tshort,1536,3.290305757792152,3.413049305768806,0.9640369836529493,11651985408.0,cell,False,False
SaugeenDay-D/tshort,2048,3.29608447788432,3.413049305768806,0.9657301089419396,15493509120.0,cell,False,False
SaugeenDay-D/tshort,2560,3.2528577523767255,3.413049305768806,0.953064975322413,19372781568.0,cell,False,False
SaugeenDay-D/tshort,3072,3.2421987477010195,3.413049305768806,0.9499419601764876,23289802752.0,cell,False,False
SaugeenDay-D/tshort,4096,3.2542084843620898,3.413049305768806,0.9534607305150148,31237091328.0,cell,False,False
SaugeenDay-D/tshort,6144,3.1893898177244004,3.413049305768806,0.9344693064743098,47584653312.0,cell,False,False
SaugeenDay-D/tshort,8192,3.176630158425323,3.413049305768806,0.9307308139545823,64536195072.0,cell,False,False
SaugeenDay-W/tshort,native,1.186267228941162,1.990658004828632,0.5959171420021407,25012368384.0,cell,True,True
SaugeenDay-W/tshort,32,1.5284422736785646,1.990658004828632,0.7678075641175452,466685952.0,cell,False,True
SaugeenDay-W/tshort,48,1.7398436483360815,1.990658004828632,0.8740042961251187,582660096.0,cell,False,False
SaugeenDay-W/tshort,64,1.5734376013256064,1.990658004828632,0.790410807636974,698671104.0,cell,False,False
SaugeenDay-W/tshort,96,1.5168206366413306,1.990658004828632,0.761969475902973,930803712.0,cell,False,True
SaugeenDay-W/tshort,128,1.532397144445348,1.990658004828632,0.7697942794434276,1163083776.0,cell,False,False
SaugeenDay-W/tshort,192,1.350177807311559,1.990658004828632,0.6782570406551528,1628086272.0,cell,False,True
SaugeenDay-W/tshort,256,1.3862139501396171,1.990658004828632,0.6963596694043641,2093678592.0,cell,False,False
SaugeenDay-W/tshort,384,1.2788092190701092,1.990658004828632,0.6424052830612644,3026632704.0,cell,False,True
SaugeenDay-W/tshort,512,1.306214090351409,1.990658004828632,0.6561720231114515,3961946112.0,cell,False,False
SaugeenDay-W/tshort,768,1.2688720826396631,1.990658004828632,0.6374133977618599,5839650816.0,cell,False,True
SaugeenDay-W/tshort,1024,1.2825539720256276,1.990658004828632,0.6442864464486644,7726792704.0,cell,False,False
SaugeenDay-W/tshort,1536,1.215055787855206,1.990658004828632,0.610378972635134,11529388032.0,cell,False,True
SaugeenDay-W/tshort,2048,1.198816342463569,1.990658004828632,0.6022211447449359,15369732096.0,cell,False,True
SaugeenDay-W/tshort,2560,1.1947567326580386,1.990658004828632,0.6001818141338098,19247824896.0,cell,False,True
SaugeenDay-W/tshort,3072,1.1886446397049029,1.990658004828632,0.5971114258811265,23163666432.0,cell,False,True
SaugeenDay-M/tshort,native,0.7142049573818517,0.9763741730697156,0.7314869412577709,5621257947.428572,cell,True,True
SaugeenDay-M/tshort,32,0.9629816575383815,0.9763741730697156,0.9862834188974621,466685952.0,cell,False,True
SaugeenDay-M/tshort,48,0.81412503550249,0.9763741730697156,0.8338248367865825,582660096.0,cell,False,True
SaugeenDay-M/tshort,64,0.827524567702794,0.9763741730697156,0.8475486043440301,698671104.0,cell,False,False
SaugeenDay-M/tshort,96,0.7924003315433653,0.9763741730697156,0.811574449016879,930803712.0,cell,False,True
SaugeenDay-M/tshort,128,0.7820084188786169,0.9763741730697156,0.8009310779083662,1163083776.0,cell,False,True
SaugeenDay-M/tshort,192,0.7900321581307447,0.9763741730697156,0.8091489716968725,1628086272.0,cell,False,False
SaugeenDay-M/tshort,256,0.7594868689511047,0.9763741730697156,0.7778645624794455,2093678592.0,cell,False,True
SaugeenDay-M/tshort,384,0.733769027001396,0.9763741730697156,0.7515244127099653,3026632704.0,cell,False,True
SaugeenDay-M/tshort,512,0.7223424329083427,0.9763741730697156,0.7398213234556396,3961946112.0,cell,False,True
SaugeenDay-M/tshort,768,0.71339457784694,0.9763741730697156,0.730656952553375,5839650816.0,cell,False,True
Electricity-15T/tshort,native,0.9903096080169468,1.7170601412372184,0.5767471879601052,64674164736.0,cell,True,False
Electricity-15T/tshort,32,2.679960812278236,1.7170601412372184,1.5607844756953038,704987136.0,cell,False,True
Electricity-15T/tshort,48,2.6140254812792207,1.7170601412372184,1.5223843466517712,821035008.0,cell,False,True
Electricity-15T/tshort,64,2.7639588852096058,1.7170601412372184,1.609704179154756,937119744.0,cell,False,False
Electricity-15T/tshort,96,2.533539229208491,1.7170601412372184,1.4755098952928714,1169399808.0,cell,False,True
Electricity-15T/tshort,128,1.8611498695522872,1.7170601412372184,1.083916529686168,1401827328.0,cell,False,True
Electricity-15T/tshort,192,1.4871222141420672,1.7170601412372184,0.8660862706128216,1867124736.0,cell,False,True
Electricity-15T/tshort,256,1.4015738250988843,1.7170601412372184,0.8162636773392153,2333011968.0,cell,False,True
Electricity-15T/tshort,384,1.2009784667284915,1.7170601412372184,0.6994387895249452,3266555904.0,cell,False,True
Electricity-15T/tshort,512,1.1525155767653907,1.7170601412372184,0.6712144490960881,4202459136.0,cell,False,True
Electricity-15T/tshort,768,1.0369675777358698,1.7170601412372184,0.6039203594748221,6081343488.0,cell,False,True
Electricity-15T/tshort,1024,1.0205665608341559,1.7170601412372184,0.5943685584005183,7969665024.0,cell,False,True
Electricity-15T/tshort,1536,1.0023077498380732,1.7170601412372184,0.5837347951690649,11774619648.0,cell,False,True
Electricity-15T/tshort,2048,1.002973261288269,1.7170601412372184,0.5841223829035959,15617323008.0,cell,False,False
Electricity-15T/tshort,2560,1.0006106704326871,1.7170601412372184,0.5827464317654608,19497775104.0,cell,False,True
Electricity-15T/tshort,3072,0.9943022946414685,1.7170601412372184,0.5790724918493707,23415975936.0,cell,False,True
Electricity-15T/tshort,4096,0.9887584284919092,1.7170601412372184,0.5758437953020473,31365623808.0,cell,False,True
Electricity-15T/tshort,6144,0.9884523198194528,1.7170601412372184,0.5756655204326325,47717904384.0,cell,False,True
Electricity-15T/tshort,8192,0.9903096083366453,1.7170601412372184,0.5767471881462947,64674164736.0,cell,False,False
Electricity-15T/tmedium,native,0.8400000187755851,1.1507882041044135,0.7299345055672556,68413280256.0,cell,True,False
Electricity-15T/tmedium,32,3.158802616133211,1.1507882041044135,2.7449035407792604,3936485376.0,cell,False,True
Electricity-15T/tmedium,48,2.9333412964957053,1.1507882041044135,2.5489845012606307,4053528576.0,cell,False,True
Electricity-15T/tmedium,64,2.849852967861641,1.1507882041044135,2.4764356792130164,4170608640.0,cell,False,True
Electricity-15T/tmedium,96,3.1403939344187175,1.1507882041044135,2.7289069554398933,4404879360.0,cell,False,False
Electricity-15T/tmedium,128,1.7317447257337852,1.1507882041044135,1.5048335736822172,4639297536.0,cell,False,True
Electricity-15T/tmedium,192,1.5123136463565492,1.1507882041044135,1.314154629811737,5108576256.0,cell,False,True
Electricity-15T/tmedium,256,1.3554558078008956,1.1507882041044135,1.1778499318697502,5578444800.0,cell,False,True
Electricity-15T/tmedium,384,1.149067655736414,1.1507882041044135,0.9985048957211561,6519951360.0,cell,False,True
Electricity-15T/tmedium,512,1.0699150918777927,1.1507882041044135,0.9297237215864935,7463817216.0,cell,False,True
Electricity-15T/tmedium,768,0.9715287338550591,1.1507882041044135,0.8442289644523592,9358626816.0,cell,False,True
Electricity-15T/tmedium,1024,0.9130437702819622,1.1507882041044135,0.7934073072920721,11262873600.0,cell,False,True
Electricity-15T/tmedium,1536,0.8608210150988606,1.1507882041044135,0.7480273190398087,15099678720.0,cell,False,True
Electricity-15T/tmedium,2048,0.8586464416847823,1.1507882041044135,0.746137680784635,18974232576.0,cell,False,True
Electricity-15T/tmedium,2560,0.8498578352019865,1.1507882041044135,0.738500648660522,22886535168.0,cell,False,True
Electricity-15T/tmedium,3072,0.8453663871878567,1.1507882041044135,0.7345977167412422,26836586496.0,cell,False,True
Electricity-15T/tmedium,4096,0.8390055395183864,1.1507882041044135,0.7290703332950236,34849935360.0,cell,False,True
Electricity-15T/tmedium,6144,0.8393461506874387,1.1507882041044135,0.7293663140565898,51329617920.0,cell,False,False
Electricity-15T/tmedium,8192,0.840000018981991,1.1507882041044135,0.729934505746616,68413280256.0,cell,False,False
Electricity-15T/tlong,native,0.8937890978790582,1.1635317075319347,0.7681690942268774,70502178816.0,cell,True,False
Electricity-15T/tlong,32,3.5492418113094866,1.1635317075319347,3.050404031393423,5743374336.0,cell,False,True
Electricity-15T/tlong,48,3.0992247007964226,1.1635317075319347,2.663635791559518,5860970496.0,cell,False,True
Electricity-15T/tlong,64,3.037859019397304,1.1635317075319347,2.6108949156539643,5978603520.0,cell,False,True
Electricity-15T/tlong,96,3.2207373812201276,1.1635317075319347,2.768070144003128,6213980160.0,cell,False,False
Electricity-15T/tlong,128,1.828947763865622,1.1635317075319347,1.5718933588369133,6449504256.0,cell,False,True
Electricity-15T/tlong,192,1.5739687380872915,1.1635317075319347,1.352751049153589,6920994816.0,cell,False,True
Electricity-15T/tlong,256,1.3617238732570596,1.1635317075319347,1.1703367123062998,7393075200.0,cell,False,True
Electricity-15T/tlong,384,1.1829982065892088,1.1635317075319347,1.0167305273515632,8339005440.0,cell,False,True
Electricity-15T/tlong,512,1.102571453395724,1.1635317075319347,0.9476075694872823,9287294976.0,cell,False,True
Electricity-15T/tlong,768,0.9970188807107759,1.1635317075319347,0.8568901683183493,11190951936.0,cell,False,True
Electricity-15T/tlong,1024,0.9409389407499863,1.1635317075319347,0.8086921350393547,13104046080.0,cell,False,True
Electricity-15T/tlong,1536,0.9097834009278039,1.1635317075319347,0.7819154347393096,16958545920.0,cell,False,True
Electricity-15T/tlong,2048,0.9070419901706339,1.1635317075319347,0.7795593229639072,20850794496.0,cell,False,True
Electricity-15T/tlong,2560,0.9053943920610319,1.1635317075319347,0.7781432909821945,24780791808.0,cell,False,True
Electricity-15T/tlong,3072,0.9012728190743133,1.1635317075319347,0.7746009956067972,28748537856.0,cell,False,True
Electricity-15T/tlong,4096,0.8939007952543295,1.1635317075319347,0.7682650927927508,36797276160.0,cell,False,True
Electricity-15T/tlong,6144,0.8939141280616365,1.1635317075319347,0.7682765517046314,53347737600.0,cell,False,False
Electricity-15T/tlong,8192,0.8937890972638503,1.1635317075319347,0.7681690936981355,70502178816.0,cell,False,True
Electricity-H/tshort,native,1.0662551513562533,1.3577726051465433,0.7852972930184972,64674164736.0,cell,True,False
Electricity-H/tshort,32,1.6288338671470548,1.3577726051465433,1.1996367145522546,704987136.0,cell,False,True
Electricity-H/tshort,48,1.4613911675486544,1.3577726051465433,1.076315107558771,821035008.0,cell,False,True
Electricity-H/tshort,64,1.4428959521225966,1.3577726051465433,1.0626933749093177,937119744.0,cell,False,True
Electricity-H/tshort,96,1.368292907014765,1.3577726051465433,1.00774820601649,1169399808.0,cell,False,True
Electricity-H/tshort,128,1.3020439398959003,1.3577726051465433,0.9589558184931649,1401827328.0,cell,False,True
Electricity-H/tshort,192,1.1512582344528397,1.3577726051465433,0.8479020935383987,1867124736.0,cell,False,True
Electricity-H/tshort,256,1.095147821185244,1.3577726051465433,0.8065767544831599,2333011968.0,cell,False,True
Electricity-H/tshort,384,1.0245763586432006,1.3577726051465433,0.7546008475643231,3266555904.0,cell,False,True
Electricity-H/tshort,512,1.020516879762854,1.3577726051465433,0.7516110399448739,4202459136.0,cell,False,True
Electricity-H/tshort,768,1.0338348115288802,1.3577726051465433,0.7614197013625115,6081343488.0,cell,False,False
Electricity-H/tshort,1024,1.0341086645299342,1.3577726051465433,0.761621394193856,7969665024.0,cell,False,False
Electricity-H/tshort,1536,1.0396261228291976,1.3577726051465433,0.7656850041667999,11774619648.0,cell,False,False
Electricity-H/tshort,2048,1.0532254563598369,1.3577726051465433,0.7757009180827913,15617323008.0,cell,False,False
Electricity-H/tshort,2560,1.0583725755317064,1.3577726051465433,0.7794917731584937,19497775104.0,cell,False,False
Electricity-H/tshort,3072,1.0614264838632412,1.3577726051465433,0.7817409777159868,23415975936.0,cell,False,False
Electricity-H/tshort,4096,1.0647805187880721,1.3577726051465433,0.7842112256147274,31365623808.0,cell,False,False
Electricity-H/tshort,6144,1.0649913946465352,1.3577726051465433,0.7843665357584613,47717904384.0,cell,False,False
Electricity-H/tshort,8192,1.0662551512483824,1.3577726051465433,0.7852972929390503,64674164736.0,cell,False,False
Electricity-H/tmedium,native,1.1396056576966314,1.3924537851702354,0.8184154259434241,68413280256.0,cell,True,True
Electricity-H/tmedium,32,2.255550052055963,1.3924537851702354,1.6198383573500137,3936485376.0,cell,False,True
Electricity-H/tmedium,48,1.7514155892056458,1.3924537851702354,1.257790820678135,4053528576.0,cell,False,True
Electricity-H/tmedium,64,1.7537755926246081,1.3924537851702354,1.2594856729196215,4170608640.0,cell,False,False
Electricity-H/tmedium,96,1.607479305596662,1.3924537851702354,1.1544220158086889,4404879360.0,cell,False,True
Electricity-H/tmedium,128,1.5912936354868925,1.3924537851702354,1.1427981685527522,4639297536.0,cell,False,True
Electricity-H/tmedium,192,1.3450527531319711,1.3924537851702354,0.9659586317742895,5108576256.0,cell,False,True
Electricity-H/tmedium,256,1.2949666317836876,1.3924537851702354,0.9299889486999172,5578444800.0,cell,False,True
Electricity-H/tmedium,384,1.209194200194729,1.3924537851702354,0.8683909032190236,6519951360.0,cell,False,True
Electricity-H/tmedium,512,1.1973491491596213,1.3924537851702354,0.859884300586133,7463817216.0,cell,False,True
Electricity-H/tmedium,768,1.1766528659696258,1.3924537851702354,0.8450211263749577,9358626816.0,cell,False,True
Electricity-H/tmedium,1024,1.170374158009711,1.3924537851702354,0.840512030255012,11262873600.0,cell,False,True
Electricity-H/tmedium,1536,1.145878707934846,1.3924537851702354,0.8229204589326861,15099678720.0,cell,False,True
Electricity-H/tmedium,2048,1.145833712959369,1.3924537851702354,0.822888145490074,18974232576.0,cell,False,True
Electricity-H/tmedium,2560,1.1427535313375579,1.3924537851702354,0.8206760924549102,22886535168.0,cell,False,True
Electricity-H/tmedium,3072,1.1416167372445,1.3924537851702354,0.8198596961729189,26836586496.0,cell,False,True
Electricity-H/tmedium,4096,1.1421758371197814,1.3924537851702354,0.820261217488194,34849935360.0,cell,False,False
Electricity-H/tmedium,6144,1.1405834353582878,1.3924537851702354,0.8191176235115372,51329617920.0,cell,False,True
Electricity-H/tmedium,8192,1.139605659174551,1.3924537851702354,0.8184154270048019,68413280256.0,cell,False,False
Electricity-H/tlong,native,1.2921079046701949,1.5240786163496851,0.8477960984485942,70502178816.0,cell,True,False
Electricity-H/tlong,32,2.3527650515027254,1.5240786163496851,1.5437294548084561,5743374336.0,cell,False,True
Electricity-H/tlong,48,1.880051686703361,1.5240786163496851,1.2335660815229241,5860970496.0,cell,False,True
Electricity-H/tlong,64,1.965133490750337,1.5240786163496851,1.2893911571681393,5978603520.0,cell,False,False
Electricity-H/tlong,96,1.7693514761208289,1.5240786163496851,1.1609318949429235,6213980160.0,cell,False,True
Electricity-H/tlong,128,1.671873046121781,1.5240786163496851,1.096972969889229,6449504256.0,cell,False,True
Electricity-H/tlong,192,1.469165344201586,1.5240786163496851,0.9639695278452094,6920994816.0,cell,False,True
Electricity-H/tlong,256,1.3853084292610913,1.5240786163496851,0.9089481437506408,7393075200.0,cell,False,True
Electricity-H/tlong,384,1.3337195259332033,1.5240786163496851,0.8750989034460636,8339005440.0,cell,False,True
Electricity-H/tlong,512,1.3254632118362284,1.5240786163496851,0.8696816539627334,9287294976.0,cell,False,True
Electricity-H/tlong,768,1.2819389567437527,1.5240786163496851,0.8411239046277809,11190951936.0,cell,False,True
Electricity-H/tlong,1024,1.278021493304689,1.5240786163496851,0.8385535231546476,13104046080.0,cell,False,True
Electricity-H/tlong,1536,1.25812158500718,1.5240786163496851,0.8254965140974829,16958545920.0,cell,False,True
Electricity-H/tlong,2048,1.2623130288986335,1.5240786163496851,0.8282466634969229,20850794496.0,cell,False,False
Electricity-H/tlong,2560,1.2824329987157048,1.5240786163496851,0.8414480624282068,24780791808.0,cell,False,False
Electricity-H/tlong,3072,1.2826895601944244,1.5240786163496851,0.8416164011713446,28748537856.0,cell,False,False
Electricity-H/tlong,4096,1.2950451433721755,1.5240786163496851,0.8497233210147211,36797276160.0,cell,False,False
Electricity-H/tlong,6144,1.2944794045983636,1.5240786163496851,0.8493521204954416,53347737600.0,cell,False,False
Electricity-H/tlong,8192,1.2921079013696097,1.5240786163496851,0.8477960962829676,70502178816.0,cell,False,False
Electricity-D/tshort,native,1.4476740174293192,1.987041399842847,0.7285575517167454,10459398144.0,cell,True,False
Electricity-D/tshort,32,1.7897296436375612,1.987041399842847,0.9007007321433308,585818112.0,cell,False,True
Electricity-D/tshort,48,1.8093913961917991,1.987041399842847,0.9105957210226733,701829120.0,cell,False,False
Electricity-D/tshort,64,1.8046023850942414,1.987041399842847,0.9081855995738013,817876992.0,cell,False,False
Electricity-D/tshort,96,1.837220452895772,1.987041399842847,0.9246009937392728,1050083328.0,cell,False,False
Electricity-D/tshort,128,1.8414890152151064,1.987041399842847,0.9267491937313173,1282437120.0,cell,False,False
Electricity-D/tshort,192,1.775101663319607,1.987041399842847,0.8933390433938608,1747587072.0,cell,False,True
Electricity-D/tshort,256,1.7100330943695468,1.987041399842847,0.8605925847870062,2213326848.0,cell,False,True
Electricity-D/tshort,384,1.6685514157341814,1.987041399842847,0.8397164829409923,3146575872.0,cell,False,True
Electricity-D/tshort,512,1.5750381533956654,1.987041399842847,0.7926549258209887,4082184192.0,cell,False,True
Electricity-D/tshort,768,1.4602918408740893,1.987041399842847,0.7349076073551272,5960478720.0,cell,False,True
Electricity-D/tshort,1024,1.4388669800138996,1.987041399842847,0.7241253152187459,7848210432.0,cell,False,True
Electricity-W/tshort,native,1.5466728709208315,2.0896995064573947,0.7401412816251557,1666867200.0,cell,True,False
Electricity-W/tshort,32,2.128814792608348,2.0896995064573947,1.01871813915354,466685952.0,cell,False,True
Electricity-W/tshort,48,1.9858763340620436,2.0896995064573947,0.9503166976522096,582660096.0,cell,False,True
Electricity-W/tshort,64,1.9244165596663265,2.0896995064573947,0.9209058784383467,698671104.0,cell,False,True
Electricity-W/tshort,96,1.6835075984242818,2.0896995064573947,0.8056218576987091,930803712.0,cell,False,True
Electricity-W/tshort,128,1.5453257307991015,2.0896995064573947,0.7394966242868316,1163083776.0,cell,False,True
Electricity-W/tshort,192,1.5571945783737329,2.0896995064573947,0.745176315332341,1628086272.0,cell,False,False
KDDCup2018-H/tshort,native,1.033718797702239,1.340425278558367,0.7711871853192801,64674164736.0,cell,True,False
KDDCup2018-H/tshort,32,1.2510651502789827,1.340425278558367,0.9333344948735288,704987136.0,cell,False,True
KDDCup2018-H/tshort,48,1.2448630009810508,1.340425278558367,0.9287074937290845,821035008.0,cell,False,True
KDDCup2018-H/tshort,64,1.2454937598019111,1.340425278558367,0.9291780599224784,937119744.0,cell,False,False
KDDCup2018-H/tshort,96,1.1873362795479487,1.340425278558367,0.8857907251830806,1169399808.0,cell,False,True
KDDCup2018-H/tshort,128,1.1487482038421297,1.340425278558367,0.8570027902469978,1401827328.0,cell,False,True
KDDCup2018-H/tshort,192,1.1398818120529755,1.340425278558367,0.8503881792492926,1867124736.0,cell,False,True
KDDCup2018-H/tshort,256,1.1063261507515059,1.340425278558367,0.8253545859276574,2333011968.0,cell,False,True
KDDCup2018-H/tshort,384,1.075091736017496,1.340425278558367,0.8020527165630312,3266555904.0,cell,False,True
KDDCup2018-H/tshort,512,1.0664271245243357,1.340425278558367,0.7955886401003139,4202459136.0,cell,False,True
KDDCup2018-H/tshort,768,1.053749725572994,1.340425278558367,0.7861308962378762,6081343488.0,cell,False,True
KDDCup2018-H/tshort,1024,1.0380983406443482,1.340425278558367,0.7744544640047578,7969665024.0,cell,False,True
KDDCup2018-H/tshort,1536,1.0301176846185656,1.340425278558367,0.7685006401300201,11774619648.0,cell,False,True
KDDCup2018-H/tshort,2048,1.0378279115612548,1.340425278558367,0.7742527152855868,15617323008.0,cell,False,False
KDDCup2018-H/tshort,2560,1.044191339340202,1.340425278558367,0.7790000353195623,19497775104.0,cell,False,False
KDDCup2018-H/tshort,3072,1.0280874293890625,1.340425278558367,0.7669860049899796,23415975936.0,cell,False,True
KDDCup2018-H/tshort,4096,1.0229854575159671,1.340425278558367,0.7631797712858656,31365623808.0,cell,False,True
KDDCup2018-H/tshort,6144,1.025075558253994,1.340425278558367,0.764739053083561,47717904384.0,cell,False,False
KDDCup2018-H/tshort,8192,1.0337187966275418,1.340425278558367,0.7711871845175218,64674164736.0,cell,False,False
KDDCup2018-H/tmedium,native,1.1186661587334872,1.4289997072062277,0.7828316220725758,68413280256.0,cell,True,False
KDDCup2018-H/tmedium,32,1.3953626590376376,1.4289997072062277,0.9764611231206252,3936485376.0,cell,False,True
KDDCup2018-H/tmedium,48,1.3752459375493047,1.4289997072062277,0.9623836384389367,4053528576.0,cell,False,True
KDDCup2018-H/tmedium,64,1.466893867443053,1.4289997072062277,1.0265179622121199,4170608640.0,cell,False,False
KDDCup2018-H/tmedium,96,1.5558890846820066,1.4289997072062277,1.08879594364918,4404879360.0,cell,False,False
KDDCup2018-H/tmedium,128,1.497283610034297,1.4289997072062277,1.0477844064513968,4639297536.0,cell,False,False
KDDCup2018-H/tmedium,192,1.2487703905986192,1.4289997072062277,0.8738772893383115,5108576256.0,cell,False,True
KDDCup2018-H/tmedium,256,1.219202865909946,1.4289997072062277,0.8531862251347512,5578444800.0,cell,False,True
KDDCup2018-H/tmedium,384,1.1982787540736446,1.4289997072062277,0.8385437365948415,6519951360.0,cell,False,True
KDDCup2018-H/tmedium,512,1.158075717680117,1.4289997072062277,0.8104100454605538,7463817216.0,cell,False,True
KDDCup2018-H/tmedium,768,1.1408927885279319,1.4289997072062277,0.7983855999232075,9358626816.0,cell,False,True
KDDCup2018-H/tmedium,1024,1.127102080626809,1.4289997072062277,0.7887349975951745,11262873600.0,cell,False,True
KDDCup2018-H/tmedium,1536,1.1196474741532767,1.4289997072062277,0.7835183369926986,15099678720.0,cell,False,True
KDDCup2018-H/tmedium,2048,1.13313052792692,1.4289997072062277,0.7929536459753738,18974232576.0,cell,False,False
KDDCup2018-H/tmedium,2560,1.1193802900204541,1.4289997072062277,0.7833313641532534,22886535168.0,cell,False,True
KDDCup2018-H/tmedium,3072,1.1067903903692422,1.4289997072062277,0.7745210756782293,26836586496.0,cell,False,True
KDDCup2018-H/tmedium,4096,1.1068117989472717,1.4289997072062277,0.7745360571914665,34849935360.0,cell,False,False
KDDCup2018-H/tmedium,6144,1.1099291074790358,1.4289997072062277,0.7767175191722101,51329617920.0,cell,False,False
KDDCup2018-H/tmedium,8192,1.1186661614762676,1.4289997072062277,0.7828316239919467,68413280256.0,cell,False,False
KDDCup2018-H/tlong,native,1.0501591455323565,1.3355336658089667,0.7863217322164981,70500160580.26666,cell,True,False
KDDCup2018-H/tlong,32,1.264665791846189,1.3355336658089667,0.9469366622668764,5743374336.0,cell,False,True
KDDCup2018-H/tlong,48,1.2213595137211763,1.3355336658089667,0.9145104649843235,5860970496.0,cell,False,True
KDDCup2018-H/tlong,64,1.1640974423469919,1.3355336658089667,0.871634667211379,5978603520.0,cell,False,True
KDDCup2018-H/tlong,96,1.2110314594281109,1.3355336658089667,0.9067771861030237,6213980160.0,cell,False,False
KDDCup2018-H/tlong,128,1.1691211813615918,1.3355336658089667,0.8753962638998137,6449504256.0,cell,False,False
KDDCup2018-H/tlong,192,1.1606999361152868,1.3355336658089667,0.8690907356590081,6920994816.0,cell,False,True
KDDCup2018-H/tlong,256,1.12042878287385,1.3355336658089667,0.8389371316934776,7393075200.0,cell,False,True
KDDCup2018-H/tlong,384,1.1183333767830759,1.3355336658089667,0.8373681663095126,8339005440.0,cell,False,True
KDDCup2018-H/tlong,512,1.1452778553328633,1.3355336658089667,0.857543231333775,9287294976.0,cell,False,False
KDDCup2018-H/tlong,768,1.1307315174230164,1.3355336658089667,0.8466514520531413,11190951936.0,cell,False,False
KDDCup2018-H/tlong,1024,1.1138046221045053,1.3355336658089667,0.8339771962467494,13104046080.0,cell,False,True
KDDCup2018-H/tlong,1536,1.0816854828840192,1.3355336658089667,0.8099275297780044,16958545920.0,cell,False,True
KDDCup2018-H/tlong,2048,1.0607630100573322,1.3355336658089667,0.7942615279673995,20850794496.0,cell,False,True
KDDCup2018-H/tlong,2560,1.0561832708184988,1.3355336658089667,0.7908323824834036,24780791808.0,cell,False,True
KDDCup2018-H/tlong,3072,1.0447988780601725,1.3355336658089667,0.7823081550155542,28748537856.0,cell,False,True
KDDCup2018-H/tlong,4096,1.041463545161714,1.3355336658089667,0.7798107766387702,36797276160.0,cell,False,True
KDDCup2018-H/tlong,6144,1.0474167766883837,1.3355336658089667,0.7842683441857954,53347737600.0,cell,False,False
KDDCup2018-H/tlong,8192,1.0501723018810425,1.3355336658089667,0.7863315832213982,70502178816.0,cell,False,False
KDDCup2018-D/tshort,native,1.2071674485962889,1.4970343738270926,0.8063725654543432,3378544776.5333333,cell,True,False
KDDCup2018-D/tshort,32,1.2379600564633553,1.4970343738270926,0.8269416374846311,585818112.0,cell,False,True
KDDCup2018-D/tshort,48,1.2441422111819087,1.4970343738270926,0.8310712385323005,701829120.0,cell,False,False
KDDCup2018-D/tshort,64,1.241179895122229,1.4970343738270926,0.829092448925682,817876992.0,cell,False,False
KDDCup2018-D/tshort,96,1.246439809229542,1.4970343738270926,0.8326060049263142,1050083328.0,cell,False,False
KDDCup2018-D/tshort,128,1.2305940135223516,1.4970343738270926,0.822021214099714,1282437120.0,cell,False,True
KDDCup2018-D/tshort,192,1.201809623986159,1.4970343738270926,0.8027936064779819,1747587072.0,cell,False,True
KDDCup2018-D/tshort,256,1.2084464687592764,1.4970343738270926,0.807226934722911,2213326848.0,cell,False,False
KDDCup2018-D/tshort,384,1.2103197510143915,1.4970343738270926,0.8084782635419856,3146575872.0,cell,False,False
CarParts/tshort,native,0.8470861051989919,1.2014638390969912,0.7050450272691134,582660096.0,cell,True,True
TempRain/tshort,native,1.378305144296044,2.011535765322217,0.6852004165460417,5255061504.0,cell,True,True
TempRain/tshort,32,1.523452580468005,2.011535765322217,0.7573579385122051,585818112.0,cell,False,True
TempRain/tshort,48,1.48698385780683,2.011535765322217,0.7392281476877633,701829120.0,cell,False,True
TempRain/tshort,64,1.4695647604892994,2.011535765322217,0.7305685465920104,817876992.0,cell,False,True
TempRain/tshort,96,1.451589697090865,2.011535765322217,0.72163255663433,1050083328.0,cell,False,True
TempRain/tshort,128,1.4464579466113012,2.011535765322217,0.7190813961886484,1282437120.0,cell,False,True
TempRain/tshort,192,1.4375237504346698,2.011535765322217,0.7146399160366909,1747587072.0,cell,False,True
TempRain/tshort,256,1.4443893740869673,2.011535765322217,0.7180530413564874,2213326848.0,cell,False,False
TempRain/tshort,384,1.4158235292651304,2.011535765322217,0.7038520287201244,3146575872.0,cell,False,True
TempRain/tshort,512,1.3955656831915457,2.011535765322217,0.6937811930815944,4082184192.0,cell,False,True
