cell,window,mase,naive_mase,normalized_mase,flops,flops_weighting,is_native,within_cell_pareto
JenaWeather-10T/tshort,native,0.2721478517607216,0.7428874675800381,0.36633792281790056,10758389760.0,cell,True,False
JenaWeather-10T/tshort,32,0.40252491608941937,0.7428874675800381,0.5418383451811989,1132462080.0,cell,False,True
JenaWeather-10T/tshort,48,0.3811170952500118,0.7428874675800381,0.5130213011824036,1170210816.0,cell,False,False
JenaWeather-10T/tshort,64,0.36276599330806814,0.7428874675800381,0.48831890311702425,1170210816.0,cell,False,True
JenaWeather-10T/tshort,96,0.35419202197195776,0.7428874675800381,0.4767774897667087,1207959552.0,cell,False,True
JenaWeather-10T/tshort,128,0.3462657693438354,0.7428874675800381,0.46610796985416775,1245708288.0,cell,False,True
JenaWeather-10T/tshort,192,0.32389248185384584,0.7428874675800381,0.43599131226284943,1321205760.0,cell,False,True
JenaWeather-10T/tshort,256,0.3125504089015734,0.7428874675800381,0.42072376038285964,1396703232.0,cell,False,True
JenaWeather-10T/tshort,384,0.3081953352293219,0.7428874675800381,0.4148614005204189,1547698176.0,cell,False,True
JenaWeather-10T/tshort,512,0.3078637131482414,0.7428874675800381,0.41441500440317014,1698693120.0,cell,False,True
JenaWeather-10T/tshort,768,0.3070156270886926,0.7428874675800381,0.41327339669465485,2000683008.0,cell,False,True
JenaWeather-10T/tshort,1024,0.30787502113735354,0.7428874675800381,0.41443022607483054,2302672896.0,cell,False,False
JenaWeather-10T/tshort,1536,0.29340763495308964,0.7428874675800381,0.3949556935034419,2906652672.0,cell,False,True
JenaWeather-10T/tshort,2048,0.27886277998510095,0.7428874675800381,0.3753768802878028,3510632448.0,cell,False,True
JenaWeather-10T/tshort,2560,0.2769874680752822,0.7428874675800381,0.3728525249962435,4114612224.0,cell,False,True
JenaWeather-10T/tshort,3072,0.2735041553668162,0.7428874675800381,0.3681636416047752,4718592000.0,cell,False,True
JenaWeather-10T/tshort,4096,0.26927224123592325,0.7428874675800381,0.36246706666499534,5926551552.0,cell,False,True
JenaWeather-10T/tshort,6144,0.26824338255874675,0.7428874675800381,0.361082121135455,8342470656.0,cell,False,True
JenaWeather-10T/tshort,8192,0.2721478541156011,0.7428874675800381,0.36633792598780124,10758389760.0,cell,False,False
JenaWeather-10T/tmedium,native,0.5723670471276296,0.7160100391723763,0.7993841089005106,10758389760.0,cell,True,False
JenaWeather-10T/tmedium,32,0.7254698782932703,0.7160100391723763,1.0132118805650105,1132462080.0,cell,False,True
JenaWeather-10T/tmedium,48,0.6924956394531818,0.7160100391723763,0.9671591200782962,1170210816.0,cell,False,False
JenaWeather-10T/tmedium,64,0.6739128826279934,0.7160100391723763,0.9412059129882561,1170210816.0,cell,False,True
JenaWeather-10T/tmedium,96,0.6545498900678528,0.7160100391723763,0.9141630064634789,1207959552.0,cell,False,True
JenaWeather-10T/tmedium,128,0.6508583806496715,0.7160100391723763,0.9090073393412019,1245708288.0,cell,False,True
JenaWeather-10T/tmedium,192,0.6403005515266924,0.7160100391723763,0.8942619746879594,1321205760.0,cell,False,True
JenaWeather-10T/tmedium,256,0.6422957437178153,0.7160100391723763,0.8970485168898384,1396703232.0,cell,False,False
JenaWeather-10T/tmedium,384,0.6425822878461521,0.7160100391723763,0.8974487125751783,1547698176.0,cell,False,False
JenaWeather-10T/tmedium,512,0.630790110391857,0.7160100391723763,0.8809794219100285,1698693120.0,cell,False,True
JenaWeather-10T/tmedium,768,0.6159694486922016,0.7160100391723763,0.8602804639501844,2000683008.0,cell,False,True
JenaWeather-10T/tmedium,1024,0.6018129362377713,0.7160100391723763,0.8405090757294361,2302672896.0,cell,False,True
JenaWeather-10T/tmedium,1536,0.5991305301998436,0.7160100391723763,0.8367627511094234,2906652672.0,cell,False,True
JenaWeather-10T/tmedium,2048,0.5876043353488037,0.7160100391723763,0.8206649393184564,3510632448.0,cell,False,True
JenaWeather-10T/tmedium,2560,0.5846645039743769,0.7160100391723763,0.8165590871465721,4114612224.0,cell,False,True
JenaWeather-10T/tmedium,3072,0.5810598285773763,0.7160100391723763,0.8115246948897719,4718592000.0,cell,False,True
JenaWeather-10T/tmedium,4096,0.571998263911846,0.7160100391723763,0.798869055764929,5926551552.0,cell,False,True
JenaWeather-10T/tmedium,6144,0.5758370415804255,0.7160100391723763,0.804230401917305,8342470656.0,cell,False,False
JenaWeather-10T/tmedium,8192,0.5723670479109959,0.7160100391723763,0.7993841099945822,10758389760.0,cell,False,False
JenaWeather-10T/tlong,native,0.6146813692269917,0.7614923703210493,0.807206208734355,10758389760.0,cell,True,False
JenaWeather-10T/tlong,32,0.731732100699589,0.7614923703210493,0.9609184927106844,1132462080.0,cell,False,True
JenaWeather-10T/tlong,48,0.7397137006771769,0.7614923703210493,0.9714000159519781,1170210816.0,cell,False,False
JenaWeather-10T/tlong,64,0.7300764924564691,0.7614923703210493,0.9587443300957367,1170210816.0,cell,False,True
JenaWeather-10T/tlong,96,0.7007581040886399,0.7614923703210493,0.9202431060382082,1207959552.0,cell,False,True
JenaWeather-10T/tlong,128,0.6947101421006743,0.7614923703210493,0.9123008570759293,1245708288.0,cell,False,True
JenaWeather-10T/tlong,192,0.6662334481334632,0.7614923703210493,0.8749049551902609,1321205760.0,cell,False,True
JenaWeather-10T/tlong,256,0.6522862517499993,0.7614923703210493,0.856589346358115,1396703232.0,cell,False,True
JenaWeather-10T/tlong,384,0.6310434722492638,0.7614923703210493,0.8286930990302798,1547698176.0,cell,False,True
JenaWeather-10T/tlong,512,0.636168032994034,0.7614923703210493,0.8354227275131098,1698693120.0,cell,False,False
JenaWeather-10T/tlong,768,0.6332210471850034,0.7614923703210493,0.8315527139399098,2000683008.0,cell,False,False
JenaWeather-10T/tlong,1024,0.6414937052348046,0.7614923703210493,0.8424164577832177,2302672896.0,cell,False,False
JenaWeather-10T/tlong,1536,0.6301892599047632,0.7614923703210493,0.8275713381593987,2906652672.0,cell,False,True
JenaWeather-10T/tlong,2048,0.6164350140742562,0.7614923703210493,0.8095091140760396,3510632448.0,cell,False,True
JenaWeather-10T/tlong,2560,0.6103781490888908,0.7614923703210493,0.8015551736014794,4114612224.0,cell,False,True
JenaWeather-10T/tlong,3072,0.6122108676920136,0.7614923703210493,0.803961919452853,4718592000.0,cell,False,False
JenaWeather-10T/tlong,4096,0.6181985079948418,0.7614923703210493,0.8118249533271172,5926551552.0,cell,False,False
JenaWeather-10T/tlong,6144,0.6173137109028702,0.7614923703210493,0.8106630282357359,8342470656.0,cell,False,False
JenaWeather-10T/tlong,8192,0.6146813649228254,0.7614923703210493,0.8072062030820774,10758389760.0,cell,False,False
JenaWeather-H/tshort,native,0.507964692228615,0.7229102185557323,0.7026663604831223,10684879063.578947,cell,True,False
JenaWeather-H/tshort,32,0.6050144941450595,0.7229102185557323,0.8369151225359477,1132462080.0,cell,False,True
JenaWeather-H/tshort,48,0.5741428093436242,0.7229102185557323,0.7942103937756981,1170210816.0,cell,False,False
JenaWeather-H/tshort,64,0.5606259546565742,0.7229102185557323,0.7755125605730431,1170210816.0,cell,False,True
JenaWeather-H/tshort,96,0.5460755464059515,0.7229102185557323,0.7553850151640263,1207959552.0,cell,False,True
JenaWeather-H/tshort,128,0.5378096407267394,0.7229102185557323,0.7439508073370488,1245708288.0,cell,False,True
JenaWeather-H/tshort,192,0.5369939223779521,0.7229102185557323,0.7428224260694315,1321205760.0,cell,False,True
JenaWeather-H/tshort,256,0.5297484730201169,0.7229102185557323,0.7327998130645821,1396703232.0,cell,False,True
JenaWeather-H/tshort,384,0.5223953214135474,0.7229102185557323,0.7226282157931256,1547698176.0,cell,False,True
JenaWeather-H/tshort,512,0.5214277296274961,0.7229102185557323,0.7212897483580071,1698693120.0,cell,False,True
JenaWeather-H/tshort,768,0.524076511987402,0.7229102185557323,0.7249538027480499,2000683008.0,cell,False,False
JenaWeather-H/tshort,1024,0.5182367673379646,0.7229102185557323,0.716875697750303,2302672896.0,cell,False,True
JenaWeather-H/tshort,1536,0.5118460505005828,0.7229102185557323,0.7080354342247029,2906652672.0,cell,False,True
JenaWeather-H/tshort,2048,0.5076007361635977,0.7229102185557323,0.7021629009169477,3510632448.0,cell,False,True
JenaWeather-H/tshort,2560,0.5091696103293121,0.7229102185557323,0.7043331208494432,4114612224.0,cell,False,False
JenaWeather-H/tshort,3072,0.5089608181257436,0.7229102185557323,0.7040442990867828,4718592000.0,cell,False,False
JenaWeather-H/tshort,4096,0.5065047486063279,0.7229102185557323,0.7006468239143852,5926551552.0,cell,False,True
JenaWeather-H/tshort,6144,0.5040795782031247,0.7229102185557323,0.6972920914165539,8342470656.0,cell,False,True
JenaWeather-H/tshort,8192,0.5100108430785378,0.7229102185557323,0.7054967961269991,10758389760.0,cell,False,False
JenaWeather-H/tmedium,native,0.7215502648905032,0.8886133410507664,0.8119957596374655,10550771712.0,cell,True,True
JenaWeather-H/tmedium,32,0.7615285997959491,0.8886133410507664,0.8569853327831627,1132462080.0,cell,False,True
JenaWeather-H/tmedium,48,0.7721334789873977,0.8886133410507664,0.8689195213683899,1170210816.0,cell,False,False
JenaWeather-H/tmedium,64,0.768123119586107,0.8886133410507664,0.8644064680345872,1170210816.0,cell,False,False
JenaWeather-H/tmedium,96,0.8619909189918223,0.8886133410507664,0.9700404879950782,1207959552.0,cell,False,False
JenaWeather-H/tmedium,128,0.9207919576662199,0.8886133410507664,1.0362121691504238,1245708288.0,cell,False,False
JenaWeather-H/tmedium,192,0.9319402745787129,0.8886133410507664,1.0487579147491903,1321205760.0,cell,False,False
JenaWeather-H/tmedium,256,0.9143643536844109,0.8886133410507664,1.0289788724117,1396703232.0,cell,False,False
JenaWeather-H/tmedium,384,0.8102974524639575,0.8886133410507664,0.9118673049695585,1547698176.0,cell,False,False
JenaWeather-H/tmedium,512,0.8407719772567908,0.8886133410507664,0.9461617763498754,1698693120.0,cell,False,False
JenaWeather-H/tmedium,768,0.8450947921120671,0.8886133410507664,0.9510264510689885,2000683008.0,cell,False,False
JenaWeather-H/tmedium,1024,0.8721640330988037,0.8886133410507664,0.9814887902397328,2302672896.0,cell,False,False
JenaWeather-H/tmedium,1536,0.802906180042382,0.8886133410507664,0.9035495450619304,2906652672.0,cell,False,False
JenaWeather-H/tmedium,2048,0.7725231500781412,0.8886133410507664,0.8693580372816021,3510632448.0,cell,False,False
JenaWeather-H/tmedium,2560,0.7530382242937933,0.8886133410507664,0.8474306984895609,4114612224.0,cell,False,True
JenaWeather-H/tmedium,3072,0.763387581484144,0.8886133410507664,0.8590773356851186,4718592000.0,cell,False,False
JenaWeather-H/tmedium,4096,0.7563259856407996,0.8886133410507664,0.8511305769351383,5926551552.0,cell,False,False
JenaWeather-H/tmedium,6144,0.7304736429061038,0.8886133410507664,0.8220376728109149,8342470656.0,cell,False,True
JenaWeather-H/tmedium,8192,0.7308861766016324,0.8886133410507664,0.8225019171300928,10758389760.0,cell,False,False
JenaWeather-H/tlong,native,0.8945521215674624,1.267717847392006,0.7056397631442727,10192158720.0,cell,True,True
JenaWeather-H/tlong,32,1.3652420587383807,1.267717847392006,1.076928956665716,1132462080.0,cell,False,True
JenaWeather-H/tlong,48,1.270205018373498,1.267717847392006,1.0019619278742573,1170210816.0,cell,False,False
JenaWeather-H/tlong,64,1.2558101022111894,1.267717847392006,0.9906069436465584,1170210816.0,cell,False,True
JenaWeather-H/tlong,96,1.2229986151327004,1.267717847392006,0.9647246172708669,1207959552.0,cell,False,True
JenaWeather-H/tlong,128,1.2063676054022978,1.267717847392006,0.9516057598179909,1245708288.0,cell,False,True
JenaWeather-H/tlong,192,1.1191107608277717,1.267717847392006,0.8827758977520478,1321205760.0,cell,False,True
JenaWeather-H/tlong,256,1.1557729915976491,1.267717847392006,0.9116957641444791,1396703232.0,cell,False,False
JenaWeather-H/tlong,384,0.9999338865586491,1.267717847392006,0.7887669078854955,1547698176.0,cell,False,True
JenaWeather-H/tlong,512,0.9438822108197121,1.267717847392006,0.7445522777497374,1698693120.0,cell,False,True
JenaWeather-H/tlong,768,0.9801987229444871,1.267717847392006,0.7731994346857122,2000683008.0,cell,False,False
JenaWeather-H/tlong,1024,0.9510298727939325,1.267717847392006,0.750190489745352,2302672896.0,cell,False,False
JenaWeather-H/tlong,1536,0.9521436419835739,1.267717847392006,0.751069052109945,2906652672.0,cell,False,False
JenaWeather-H/tlong,2048,0.9575025882555456,1.267717847392006,0.7552962910677274,3510632448.0,cell,False,False
JenaWeather-H/tlong,2560,0.9403778194655259,1.267717847392006,0.7417879470578602,4114612224.0,cell,False,True
JenaWeather-H/tlong,3072,0.9455777681759067,1.267717847392006,0.7458897657086572,4718592000.0,cell,False,False
JenaWeather-H/tlong,4096,0.9012917439498866,1.267717847392006,0.7109561057328773,5926551552.0,cell,False,True
JenaWeather-H/tlong,6144,0.912803480389293,1.267717847392006,0.7200367828433942,8342470656.0,cell,False,False
JenaWeather-D/tshort,native,1.0522764265464006,1.5734140297468562,0.6687854605667267,1491075072.0,cell,True,True
JenaWeather-D/tshort,32,1.2550991881146432,1.5734140297468562,0.7976916211409236,1132462080.0,cell,False,True
JenaWeather-D/tshort,48,1.325779679057696,1.5734140297468562,0.8426133579544847,1170210816.0,cell,False,False
JenaWeather-D/tshort,64,1.2986475213036586,1.5734140297468562,0.8253692268859428,1170210816.0,cell,False,False
JenaWeather-D/tshort,96,1.285100179785239,1.5734140297468562,0.8167590700789649,1207959552.0,cell,False,False
JenaWeather-D/tshort,128,1.2826037880081598,1.5734140297468562,0.8151724617674317,1245708288.0,cell,False,False
JenaWeather-D/tshort,192,1.237740729278297,1.5734140297468562,0.7866592682394188,1321205760.0,cell,False,True
JenaWeather-D/tshort,256,1.1757162629538862,1.5734140297468562,0.7472389598197781,1396703232.0,cell,False,True
BizITObsApp/tshort,native,1.08226417301466,2.242330238675541,0.48265155343662147,10708058112.0,cell,True,True
BizITObsApp/tshort,32,5.32971486591276,2.242330238675541,2.376864377060187,1132462080.0,cell,False,True
BizITObsApp/tshort,48,5.818483855080442,2.242330238675541,2.594838063869307,1170210816.0,cell,False,False
BizITObsApp/tshort,64,5.475025791292438,2.242330238675541,2.4416679117373574,1170210816.0,cell,False,False
BizITObsApp/tshort,96,4.751324007941487,2.242330238675541,2.1189225057001027,1207959552.0,cell,False,True
BizITObsApp/tshort,128,3.263368577571326,2.242330238675541,1.455346996300988,1245708288.0,cell,False,True
BizITObsApp/tshort,192,3.242343807762026,2.242330238675541,1.4459706923798856,1321205760.0,cell,False,True
BizITObsApp/tshort,256,3.266864763102215,2.242330238675541,1.456906171426305,1396703232.0,cell,False,False
BizITObsApp/tshort,384,2.391842789353855,2.242330238675541,1.066677310995291,1547698176.0,cell,False,True
BizITObsApp/tshort,512,2.1564867156241436,2.242330238675541,0.961716824056165,1698693120.0,cell,False,True
BizITObsApp/tshort,768,1.8753638785483633,2.242330238675541,0.8363459789295217,2000683008.0,cell,False,True
BizITObsApp/tshort,1024,1.3995347901096344,2.242330238675541,0.6241430303041742,2302672896.0,cell,False,True
BizITObsApp/tshort,1536,1.3610765877690116,2.242330238675541,0.6069920319020216,2906652672.0,cell,False,True
BizITObsApp/tshort,2048,1.2895845932402823,2.242330238675541,0.5751091302242755,3510632448.0,cell,False,True
BizITObsApp/tshort,2560,1.2717221303743782,2.242330238675541,0.5671431033840653,4114612224.0,cell,False,True
BizITObsApp/tshort,3072,1.337899889097958,2.242330238675541,0.5966560437985283,4718592000.0,cell,False,False
BizITObsApp/tshort,4096,1.249232199856859,2.242330238675541,0.5571133895936455,5926551552.0,cell,False,True
BizITObsApp/tshort,6144,1.1709160716870854,2.242330238675541,0.5221871656062137,8342470656.0,cell,False,True
BizITObsApp/tshort,8192,1.0951648643246474,2.242330238675541,0.48840480560593946,10758389760.0,cell,False,False
BizITObsApp/tmedium,native,2.402982919395372,2.6914183385868085,0.892831443162832,10437525504.0,cell,True,True
BizITObsApp/tmedium,32,6.6251734215289195,2.6914183385868085,2.461591840459711,1132462080.0,cell,False,True
BizITObsApp/tmedium,48,6.753577435066898,2.6914183385868085,2.5093005194476827,1170210816.0,cell,False,False
BizITObsApp/tmedium,64,6.741416057956259,2.6914183385868085,2.504781943893567,1170210816.0,cell,False,False
BizITObsApp/tmedium,96,7.309331940807187,2.6914183385868085,2.715791832140492,1207959552.0,cell,False,False
BizITObsApp/tmedium,128,8.343050389675453,2.6914183385868085,3.0998712723552906,1245708288.0,cell,False,False
BizITObsApp/tmedium,192,7.7193713936325095,2.6914183385868085,2.8681425265481932,1321205760.0,cell,False,False
BizITObsApp/tmedium,256,7.190152924496685,2.6914183385868085,2.6715107129247104,1396703232.0,cell,False,False
BizITObsApp/tmedium,384,6.94849891395299,2.6914183385868085,2.5817238495898263,1547698176.0,cell,False,False
BizITObsApp/tmedium,512,6.6897242166432,2.6914183385868085,2.4855757727190766,1698693120.0,cell,False,False
BizITObsApp/tmedium,768,3.6233928629813565,2.6914183385868085,1.3462763521496635,2000683008.0,cell,False,True
BizITObsApp/tmedium,1024,2.5021595123391362,2.6914183385868085,0.9296806358438329,2302672896.0,cell,False,True
BizITObsApp/tmedium,1536,2.5071766221721576,2.6914183385868085,0.9315447495570713,2906652672.0,cell,False,False
BizITObsApp/tmedium,2048,2.5888871779006646,2.6914183385868085,0.9619044132916251,3510632448.0,cell,False,False
BizITObsApp/tmedium,2560,2.5162189150795875,2.6914183385868085,0.9349044253004483,4114612224.0,cell,False,False
BizITObsApp/tmedium,3072,2.640890706098817,2.6914183385868085,0.9812263921354856,4718592000.0,cell,False,False
BizITObsApp/tmedium,4096,2.58147688724384,2.6914183385868085,0.9591511101166473,5926551552.0,cell,False,False
BizITObsApp/tmedium,6144,2.479501224801374,2.6914183385868085,0.9212619195064612,8342470656.0,cell,False,True
BizITObsApp/tmedium,8192,2.394754311264356,2.6914183385868085,0.8897740930611988,10758389760.0,cell,False,True
BizITObsApp/tlong,native,3.2142268652256885,3.2063450561622804,1.0024581911570185,10456399872.0,cell,True,True
BizITObsApp/tlong,32,7.306462273209553,3.2063450561622804,2.2787510842500405,1132462080.0,cell,False,True
BizITObsApp/tlong,48,7.302875507052379,3.2063450561622804,2.2776324379114996,1170210816.0,cell,False,False
BizITObsApp/tlong,64,7.291520665254812,3.2063450561622804,2.2740910717769522,1170210816.0,cell,False,True
BizITObsApp/tlong,96,7.287244011309696,3.2063450561622804,2.2727572621369396,1207959552.0,cell,False,True
BizITObsApp/tlong,128,7.371477976274928,3.2063450561622804,2.299028285214553,1245708288.0,cell,False,False
BizITObsApp/tlong,192,7.7615282878338725,3.2063450561622804,2.420677797268568,1321205760.0,cell,False,False
BizITObsApp/tlong,256,7.557280096255909,3.2063450561622804,2.3569765461554297,1396703232.0,cell,False,False
BizITObsApp/tlong,384,7.458895174945491,3.2063450561622804,2.326292100287281,1547698176.0,cell,False,False
BizITObsApp/tlong,512,6.6844117354117305,3.2063450561622804,2.084744972336944,1698693120.0,cell,False,True
BizITObsApp/tlong,768,5.265015345835608,3.2063450561622804,1.6420613669501245,2000683008.0,cell,False,True
BizITObsApp/tlong,1024,3.37266624966301,3.2063450561622804,1.0518725185803308,2302672896.0,cell,False,True
BizITObsApp/tlong,1536,3.4691032696442066,3.2063450561622804,1.081949449881238,2906652672.0,cell,False,False
BizITObsApp/tlong,2048,3.491720029002463,3.2063450561622804,1.0890032007914183,3510632448.0,cell,False,False
BizITObsApp/tlong,2560,3.3605499701015877,3.2063450561622804,1.0480936740239297,4114612224.0,cell,False,True
BizITObsApp/tlong,3072,3.478239885483771,3.2063450561622804,1.084798992173015,4718592000.0,cell,False,False
BizITObsApp/tlong,4096,3.4208315695712717,3.2063450561622804,1.0668943952232368,5926551552.0,cell,False,False
BizITObsApp/tlong,6144,3.2870067941904755,3.2063450561622804,1.025156911254193,8342470656.0,cell,False,True
BizITObsService/tshort,native,0.7645138866847564,1.225305042620374,0.6239375992853229,10708058112.0,cell,True,True
BizITObsService/tshort,32,2.7832375012742396,1.225305042620374,2.2714649858309177,1132462080.0,cell,False,True
BizITObsService/tshort,48,3.181458685604105,1.225305042620374,2.5964625745768597,1170210816.0,cell,False,False
BizITObsService/tshort,64,2.877859254992579,1.225305042620374,2.348688004121927,1170210816.0,cell,False,False
BizITObsService/tshort,96,2.6526340566854723,1.225305042620374,2.164876471097096,1207959552.0,cell,False,True
BizITObsService/tshort,128,1.8131387149833542,1.225305042620374,1.4797447589914994,1245708288.0,cell,False,True
BizITObsService/tshort,192,2.0314770705278193,1.225305042620374,1.6579357791455813,1321205760.0,cell,False,False
BizITObsService/tshort,256,1.8763141573865965,1.225305042620374,1.5313037097880606,1396703232.0,cell,False,False
BizITObsService/tshort,384,1.5295337121503687,1.225305042620374,1.2482881070001859,1547698176.0,cell,False,True
BizITObsService/tshort,512,1.4516191284937392,1.225305042620374,1.1847001995432758,1698693120.0,cell,False,True
BizITObsService/tshort,768,1.2149451956876645,1.225305042620374,0.9915450874905775,2000683008.0,cell,False,True
BizITObsService/tshort,1024,0.9246610080210034,1.225305042620374,0.7546373971036398,2302672896.0,cell,False,True
BizITObsService/tshort,1536,0.836964936625916,1.225305042620374,0.6830665895539172,2906652672.0,cell,False,True
BizITObsService/tshort,2048,0.8048286391131735,1.225305042620374,0.6568394082440145,3510632448.0,cell,False,True
BizITObsService/tshort,2560,0.8077455167841613,1.225305042620374,0.659219940086722,4114612224.0,cell,False,False
BizITObsService/tshort,3072,0.8042267316599937,1.225305042620374,0.6563481775445207,4718592000.0,cell,False,True
BizITObsService/tshort,4096,0.8013362396381931,1.225305042620374,0.6539891796450106,5926551552.0,cell,False,True
BizITObsService/tshort,6144,0.7826770370630444,1.225305042620374,0.6387609695861952,8342470656.0,cell,False,True
BizITObsService/tshort,8192,0.7717707251722546,1.225305042620374,0.6298600742895709,10758389760.0,cell,False,False
BizITObsService/tmedium,native,1.0710992447175645,1.3205790727650968,0.8110830065441227,10437525504.0,cell,True,True
BizITObsService/tmedium,32,3.7043770456518543,1.3205790727650968,2.8051156663382812,1132462080.0,cell,False,True
BizITObsService/tmedium,48,3.6858338298259117,1.3205790727650968,2.791073935548836,1170210816.0,cell,False,True
BizITObsService/tmedium,64,3.6944562160331476,1.3205790727650968,2.7976031819870535,1170210816.0,cell,False,False
BizITObsService/tmedium,96,3.7951453936271795,1.3205790727650968,2.873849413409761,1207959552.0,cell,False,False
BizITObsService/tmedium,128,4.26748820009701,1.3205790727650968,3.231527962321501,1245708288.0,cell,False,False
BizITObsService/tmedium,192,4.114543934003063,1.3205790727650968,3.1157119015886097,1321205760.0,cell,False,False
BizITObsService/tmedium,256,3.7930523729454326,1.3205790727650968,2.872264486974902,1396703232.0,cell,False,False
BizITObsService/tmedium,384,3.754181864495209,1.3205790727650968,2.8428300447276578,1547698176.0,cell,False,False
BizITObsService/tmedium,512,3.503427652565739,1.3205790727650968,2.6529480322825965,1698693120.0,cell,False,True
BizITObsService/tmedium,768,2.465613557037469,1.3205790727650968,1.8670699906479964,2000683008.0,cell,False,True
BizITObsService/tmedium,1024,1.241579635031265,1.3205790727650968,0.9401781844320622,2302672896.0,cell,False,True
BizITObsService/tmedium,1536,1.143483896994923,1.3205790727650968,0.86589581841596,2906652672.0,cell,False,True
BizITObsService/tmedium,2048,1.1436304158492956,1.3205790727650968,0.8660067688750384,3510632448.0,cell,False,False
BizITObsService/tmedium,2560,1.1184854193509477,1.3205790727650968,0.8469658821784939,4114612224.0,cell,False,True
BizITObsService/tmedium,3072,1.1368096854958778,1.3205790727650968,0.8608418147317501,4718592000.0,cell,False,False
BizITObsService/tmedium,4096,1.1431045006696985,1.3205790727650968,0.865608522991514,5926551552.0,cell,False,False
BizITObsService/tmedium,6144,1.0887865898897078,1.3205790727650968,0.824476634791698,8342470656.0,cell,False,True
BizITObsService/tmedium,8192,1.071519787482341,1.3205790727650968,0.8114014598449887,10758389760.0,cell,False,False
BizITObsService/tlong,native,1.3631336138074155,1.367193469742303,0.9970305183394033,10456399872.0,cell,True,True
BizITObsService/tlong,32,3.782042931038442,1.367193469742303,2.7662821793255823,1132462080.0,cell,False,True
BizITObsService/tlong,48,3.7639536908191333,1.367193469742303,2.753051249965805,1170210816.0,cell,False,False
BizITObsService/tlong,64,3.7567173906166547,1.367193469742303,2.7477584363570315,1170210816.0,cell,False,True
BizITObsService/tlong,96,3.7321361105776933,1.367193469742303,2.729779064320099,1207959552.0,cell,False,True
BizITObsService/tlong,128,3.7692188592632747,1.367193469742303,2.7569023277837337,1245708288.0,cell,False,False
BizITObsService/tlong,192,3.891109502638036,1.367193469742303,2.846056237652639,1321205760.0,cell,False,False
BizITObsService/tlong,256,3.860147426381346,1.367193469742303,2.8234097893321053,1396703232.0,cell,False,False
BizITObsService/tlong,384,3.881890186734041,1.367193469742303,2.839312996035392,1547698176.0,cell,False,False
BizITObsService/tlong,512,3.5649865160808822,1.367193469742303,2.607521609032285,1698693120.0,cell,False,True
BizITObsService/tlong,768,2.9035305710501573,1.367193469742303,2.123715944603972,2000683008.0,cell,False,True
BizITObsService/tlong,1024,1.463479607986111,1.367193469742303,1.070426125032587,2302672896.0,cell,False,True
BizITObsService/tlong,1536,1.431565335131547,1.367193469742303,1.0470832159558057,2906652672.0,cell,False,True
BizITObsService/tlong,2048,1.4040643050714658,1.367193469742303,1.0269682646568759,3510632448.0,cell,False,True
BizITObsService/tlong,2560,1.3943261469957815,1.367193469742303,1.0198455287082322,4114612224.0,cell,False,True
BizITObsService/tlong,3072,1.4371482247425922,1.367193469742303,1.0511666830982411,4718592000.0,cell,False,False
BizITObsService/tlong,4096,1.409229623997723,1.367193469742303,1.0307463100034724,5926551552.0,cell,False,False
BizITObsService/tlong,6144,1.385295752753155,1.367193469742303,1.013240469188508,8342470656.0,cell,False,True
BizITObsL2C-5T/tshort,native,0.2642304526358516,0.9860210805885202,0.2679764741724812,10758389760.0,cell,True,True
BizITObsL2C-5T/tshort,32,0.330200707585636,0.9860210805885202,0.3348819960203601,1132462080.0,cell,False,True
BizITObsL2C-5T/tshort,48,0.31375583783736777,0.9860210805885202,0.3182039857100198,1170210816.0,cell,False,False
BizITObsL2C-5T/tshort,64,0.3084264388453068,0.9860210805885202,0.31279903129577946,1170210816.0,cell,False,True
BizITObsL2C-5T/tshort,96,0.30371576977196346,0.9860210805885202,0.3080215785961559,1207959552.0,cell,False,True
BizITObsL2C-5T/tshort,128,0.2985322617293847,0.9860210805885202,0.3027645834419702,1245708288.0,cell,False,True
BizITObsL2C-5T/tshort,192,0.2937119573878346,0.9860210805885202,0.29787594116398464,1321205760.0,cell,False,True
BizITObsL2C-5T/tshort,256,0.2876108650373838,0.9860210805885202,0.29168835301748247,1396703232.0,cell,False,True
BizITObsL2C-5T/tshort,384,0.29043874068734965,0.9860210805885202,0.29455631974318164,1547698176.0,cell,False,False
BizITObsL2C-5T/tshort,512,0.28886557183400374,0.9860210805885202,0.29296084791776494,1698693120.0,cell,False,False
BizITObsL2C-5T/tshort,768,0.2785541007087243,0.9860210805885202,0.28250319003571955,2000683008.0,cell,False,True
BizITObsL2C-5T/tshort,1024,0.2784597854468681,0.9860210805885202,0.28240753765696935,2302672896.0,cell,False,True
BizITObsL2C-5T/tshort,1536,0.27805685119607126,0.9860210805885202,0.281998890967026,2906652672.0,cell,False,True
BizITObsL2C-5T/tshort,2048,0.2779223474574869,0.9860210805885202,0.28186248035549616,3510632448.0,cell,False,True
BizITObsL2C-5T/tshort,2560,0.2747159279465295,0.9860210805885202,0.278610603114653,4114612224.0,cell,False,True
BizITObsL2C-5T/tshort,3072,0.27189109117953997,0.9860210805885202,0.2757457183544778,4718592000.0,cell,False,True
BizITObsL2C-5T/tshort,4096,0.26989240623186306,0.9860210805885202,0.2737186978505308,5926551552.0,cell,False,True
BizITObsL2C-5T/tshort,6144,0.26738294932120205,0.9860210805885202,0.27117366411842925,8342470656.0,cell,False,True
BizITObsL2C-5T/tshort,8192,0.2642304526889126,0.9860210805885202,0.26797647422629445,10758389760.0,cell,False,False
BizITObsL2C-5T/tmedium,native,0.7363721872603255,1.2435997989335994,0.5921295483416552,10758389760.0,cell,True,False
BizITObsL2C-5T/tmedium,32,0.875973010273121,1.2435997989335994,0.7043849725806305,1132462080.0,cell,False,True
BizITObsL2C-5T/tmedium,48,0.9573657300240989,1.2435997989335994,0.7698342592569174,1170210816.0,cell,False,False
BizITObsL2C-5T/tmedium,64,1.0209348067476631,1.2435997989335994,0.8209512478396395,1170210816.0,cell,False,False
BizITObsL2C-5T/tmedium,96,1.0356005463801583,1.2435997989335994,0.8327442214675471,1207959552.0,cell,False,False
BizITObsL2C-5T/tmedium,128,1.0097684853684212,1.2435997989335994,0.8119722166522614,1245708288.0,cell,False,False
BizITObsL2C-5T/tmedium,192,0.8757240965733075,1.2435997989335994,0.7041848167909408,1321205760.0,cell,False,True
BizITObsL2C-5T/tmedium,256,0.8466421152964776,1.2435997989335994,0.6807994951611303,1396703232.0,cell,False,True
BizITObsL2C-5T/tmedium,384,0.8687670448663659,1.2435997989335994,0.6985905317863056,1547698176.0,cell,False,False
BizITObsL2C-5T/tmedium,512,0.8436005079248966,1.2435997989335994,0.6783536863292302,1698693120.0,cell,False,True
BizITObsL2C-5T/tmedium,768,0.809319550838273,1.2435997989335994,0.650787778779213,2000683008.0,cell,False,True
BizITObsL2C-5T/tmedium,1024,0.8118926764053993,1.2435997989335994,0.6528568733298334,2302672896.0,cell,False,False
BizITObsL2C-5T/tmedium,1536,0.805286309394412,1.2435997989335994,0.6475445799243085,2906652672.0,cell,False,True
BizITObsL2C-5T/tmedium,2048,0.8203096468408237,1.2435997989335994,0.6596251041084507,3510632448.0,cell,False,False
BizITObsL2C-5T/tmedium,2560,0.7865350168477572,1.2435997989335994,0.632466342887977,4114612224.0,cell,False,True
BizITObsL2C-5T/tmedium,3072,0.7845722411020306,1.2435997989335994,0.6308880411325332,4718592000.0,cell,False,True
BizITObsL2C-5T/tmedium,4096,0.7535172247734139,1.2435997989335994,0.6059161680627186,5926551552.0,cell,False,True
BizITObsL2C-5T/tmedium,6144,0.7683248984928515,1.2435997989335994,0.6178232733325453,8342470656.0,cell,False,False
BizITObsL2C-5T/tmedium,8192,0.7363721816424459,1.2435997989335994,0.5921295438242216,10758389760.0,cell,False,True
BizITObsL2C-5T/tlong,native,1.1520156272498447,1.4542830442631411,0.7921536538532292,10758389760.0,cell,True,True
BizITObsL2C-5T/tlong,32,1.249394218698438,1.4542830442631411,0.8591135155065246,1132462080.0,cell,False,True
BizITObsL2C-5T/tlong,48,1.2639755190877249,1.4542830442631411,0.8691399683671334,1170210816.0,cell,False,False
BizITObsL2C-5T/tlong,64,1.2616620619755585,1.4542830442631411,0.8675491796129823,1170210816.0,cell,False,False
BizITObsL2C-5T/tlong,96,1.261181153988421,1.4542830442631411,0.8672184957141122,1207959552.0,cell,False,False
BizITObsL2C-5T/tlong,128,1.2474235823701365,1.4542830442631411,0.8577584585689668,1245708288.0,cell,False,True
BizITObsL2C-5T/tlong,192,1.254721382047027,1.4542830442631411,0.8627766011552254,1321205760.0,cell,False,False
BizITObsL2C-5T/tlong,256,1.2408975722908275,1.4542830442631411,0.8532710170732739,1396703232.0,cell,False,True
BizITObsL2C-5T/tlong,384,1.2018638835695556,1.4542830442631411,0.8264305138608821,1547698176.0,cell,False,True
BizITObsL2C-5T/tlong,512,1.2088770679095495,1.4542830442631411,0.831252948095854,1698693120.0,cell,False,False
BizITObsL2C-5T/tlong,768,1.2044611348528065,1.4542830442631411,0.8282164463129563,2000683008.0,cell,False,False
BizITObsL2C-5T/tlong,1024,1.162835432062031,1.4542830442631411,0.7995936118826296,2302672896.0,cell,False,True
BizITObsL2C-5T/tlong,1536,1.1704858076740106,1.4542830442631411,0.8048541941620962,2906652672.0,cell,False,False
BizITObsL2C-5T/tlong,2048,1.196379556623235,1.4542830442631411,0.8226593587422445,3510632448.0,cell,False,False
BizITObsL2C-5T/tlong,2560,1.2042834819510615,1.4542830442631411,0.8280942879047662,4114612224.0,cell,False,False
BizITObsL2C-5T/tlong,3072,1.165100011403997,1.4542830442631411,0.801150791106371,4718592000.0,cell,False,False
BizITObsL2C-5T/tlong,4096,1.1818354616309963,1.4542830442631411,0.8126584892075194,5926551552.0,cell,False,False
BizITObsL2C-5T/tlong,6144,1.1741575177757972,1.4542830442631411,0.807378950340937,8342470656.0,cell,False,False
BizITObsL2C-5T/tlong,8192,1.1520156327249438,1.4542830442631411,0.792153657618039,10758389760.0,cell,False,False
BizITObsL2C-H/tshort,native,0.4955299650709484,1.214064126760004,0.4081579828846262,4057989120.0,cell,True,True
BizITObsL2C-H/tshort,32,1.1138327990355494,1.214064126760004,0.9174414880440097,1132462080.0,cell,False,True
BizITObsL2C-H/tshort,48,1.1133564235415054,1.214064126760004,0.9170491072104575,1170210816.0,cell,False,True
BizITObsL2C-H/tshort,64,1.1593781295023082,1.214064126760004,0.9549562530904876,1170210816.0,cell,False,False
BizITObsL2C-H/tshort,96,1.092481025053646,1.214064126760004,0.8998544648289468,1207959552.0,cell,False,True
BizITObsL2C-H/tshort,128,1.022107080850828,1.214064126760004,0.8418888741721942,1245708288.0,cell,False,True
BizITObsL2C-H/tshort,192,1.0481944970200432,1.214064126760004,0.8633765498181547,1321205760.0,cell,False,False
BizITObsL2C-H/tshort,256,1.0289022780841903,1.214064126760004,0.8474859403267613,1396703232.0,cell,False,False
BizITObsL2C-H/tshort,384,1.0087409062358614,1.214064126760004,0.8308794272077764,1547698176.0,cell,False,True
BizITObsL2C-H/tshort,512,0.8495130179955122,1.214064126760004,0.6997266448046889,1698693120.0,cell,False,True
BizITObsL2C-H/tshort,768,0.6872044496896396,1.214064126760004,0.5660363687078005,2000683008.0,cell,False,True
BizITObsL2C-H/tshort,1024,0.5651369675258339,1.214064126760004,0.46549185917718006,2302672896.0,cell,False,True
BizITObsL2C-H/tshort,1536,0.5217407003560643,1.214064126760004,0.4297472339854433,2906652672.0,cell,False,True
BizITObsL2C-H/tshort,2048,0.5104555262256164,1.214064126760004,0.42045186491744774,3510632448.0,cell,False,True
BizITObsL2C-H/tshort,2560,0.4918229795592567,1.214064126760004,0.4051046140962867,4114612224.0,cell,False,True
BizITObsL2C-H/tmedium,native,0.5541530462922848,1.5102861226255864,0.3669192466185855,3699376128.0,cell,True,False
BizITObsL2C-H/tmedium,32,1.3936003284861938,1.5102861226255864,0.922739279404529,1132462080.0,cell,False,True
BizITObsL2C-H/tmedium,48,1.3488927262213604,1.5102861226255864,0.8931372049399167,1170210816.0,cell,False,False
BizITObsL2C-H/tmedium,64,1.340692181722124,1.5102861226255864,0.8877074096339914,1170210816.0,cell,False,True
BizITObsL2C-H/tmedium,96,1.3420419754215358,1.5102861226255864,0.8886011433968795,1207959552.0,cell,False,False
BizITObsL2C-H/tmedium,128,1.3389327606658195,1.5102861226255864,0.8865424508689291,1245708288.0,cell,False,True
BizITObsL2C-H/tmedium,192,1.3607738658772461,1.5102861226255864,0.9010040187031463,1321205760.0,cell,False,False
BizITObsL2C-H/tmedium,256,1.255028963999361,1.5102861226255864,0.8309875494436322,1396703232.0,cell,False,True
BizITObsL2C-H/tmedium,384,1.24308973556436,1.5102861226255864,0.8230822735782584,1547698176.0,cell,False,True
BizITObsL2C-H/tmedium,512,1.1993170239587154,1.5102861226255864,0.7940992147062435,1698693120.0,cell,False,True
BizITObsL2C-H/tmedium,768,0.8513365346463995,1.5102861226255864,0.5636922182442998,2000683008.0,cell,False,True
BizITObsL2C-H/tmedium,1024,0.6702302948778678,1.5102861226255864,0.44377703326353346,2302672896.0,cell,False,True
BizITObsL2C-H/tmedium,1536,0.5769825152774741,1.5102861226255864,0.38203523599515543,2906652672.0,cell,False,True
BizITObsL2C-H/tmedium,2048,0.5294005211547831,1.5102861226255864,0.35052995139386994,3510632448.0,cell,False,True
BizITObsL2C-H/tlong,native,0.5899522187312641,1.4260541525613812,0.4136955231830658,3397386240.0,cell,True,False
BizITObsL2C-H/tlong,32,1.3444595824986094,1.4260541525613812,0.9427829792324385,1132462080.0,cell,False,True
BizITObsL2C-H/tlong,48,1.2553445783302273,1.4260541525613812,0.8802923620224821,1170210816.0,cell,False,False
BizITObsL2C-H/tlong,64,1.1720850127060924,1.4260541525613812,0.8219077870225848,1170210816.0,cell,False,True
BizITObsL2C-H/tlong,96,1.3004746986443316,1.4260541525613812,0.9119392109398564,1207959552.0,cell,False,False
BizITObsL2C-H/tlong,128,1.2216688478163718,1.4260541525613812,0.8566777394968441,1245708288.0,cell,False,False
BizITObsL2C-H/tlong,192,1.1862743787892935,1.4260541525613812,0.8318578762654899,1321205760.0,cell,False,False
BizITObsL2C-H/tlong,256,1.2542780322500413,1.4260541525613812,0.8795444618966206,1396703232.0,cell,False,False
BizITObsL2C-H/tlong,384,1.1968921811102344,1.4260541525613812,0.8393034576986143,1547698176.0,cell,False,False
BizITObsL2C-H/tlong,512,1.1461008255861511,1.4260541525613812,0.803686748871074,1698693120.0,cell,False,True
BizITObsL2C-H/tlong,768,0.968621309737754,1.4260541525613812,0.6792317865334794,2000683008.0,cell,False,True
BizITObsL2C-H/tlong,1024,0.7449850751697219,1.4260541525613812,0.5224100878859548,2302672896.0,cell,False,True
BizITObsL2C-H/tlong,1536,0.5861909314534771,1.4260541525613812,0.41105797448196546,2906652672.0,cell,False,True
BitbrainsFS-5T/tshort,native,0.7043707095774638,1.1360241737534569,0.6200314446216426,10630463488.0,cell,True,False
BitbrainsFS-5T/tshort,32,0.9254793501685256,1.1360241737534569,0.8146651907157177,1132462080.0,cell,False,True
BitbrainsFS-5T/tshort,48,0.8132440227283214,1.1360241737534569,0.7158685893464217,1170210816.0,cell,False,False
BitbrainsFS-5T/tshort,64,0.7632398913422056,1.1360241737534569,0.671851804720351,1170210816.0,cell,False,True
BitbrainsFS-5T/tshort,96,0.7791224340240499,1.1360241737534569,0.6858326187283557,1207959552.0,cell,False,False
BitbrainsFS-5T/tshort,128,0.8051571084686603,1.1360241737534569,0.7087499782759005,1245708288.0,cell,False,False
BitbrainsFS-5T/tshort,192,0.7521991937620381,1.1360241737534569,0.6621330876056538,1321205760.0,cell,False,True
BitbrainsFS-5T/tshort,256,0.7468278418950436,1.1360241737534569,0.6574048855206159,1396703232.0,cell,False,True
BitbrainsFS-5T/tshort,384,0.75602757309068,1.1360241737534569,0.6655030681193543,1547698176.0,cell,False,False
BitbrainsFS-5T/tshort,512,0.7693436234817892,1.1360241737534569,0.6772246940308105,1698693120.0,cell,False,False
BitbrainsFS-5T/tshort,768,0.7642689684550762,1.1360241737534569,0.6727576631841463,2000683008.0,cell,False,False
BitbrainsFS-5T/tshort,1024,0.7595363541189665,1.1360241737534569,0.6685917180876849,2302672896.0,cell,False,False
BitbrainsFS-5T/tshort,1536,0.7314839223582065,1.1360241737534569,0.6438982015156969,2906652672.0,cell,False,True
BitbrainsFS-5T/tshort,2048,0.7223818638359547,1.1360241737534569,0.6358859965533867,3510632448.0,cell,False,True
BitbrainsFS-5T/tshort,2560,0.7134406456560085,1.1360241737534569,0.6280153733866243,4114612224.0,cell,False,True
BitbrainsFS-5T/tshort,3072,0.7135630296695301,1.1360241737534569,0.6281231035004274,4718592000.0,cell,False,False
BitbrainsFS-5T/tshort,4096,0.7111398025731901,1.1360241737534569,0.6259900264477326,5926551552.0,cell,False,True
BitbrainsFS-5T/tshort,6144,0.7028841200883343,1.1360241737534569,0.618722854960018,8342470656.0,cell,False,True
BitbrainsFS-5T/tshort,8192,0.7050300288111554,1.1360241737534569,0.6206118189208207,10758389760.0,cell,False,False
BitbrainsFS-5T/tmedium,native,0.9784375439134394,1.2202713595882653,0.8018196413653241,10437525504.0,cell,True,True
BitbrainsFS-5T/tmedium,32,1.124858245824499,1.2202713595882653,0.9218099211998552,1132462080.0,cell,False,True
BitbrainsFS-5T/tmedium,48,1.1231585428326276,1.2202713595882653,0.9204170318408483,1170210816.0,cell,False,False
BitbrainsFS-5T/tmedium,64,1.1002323770774143,1.2202713595882653,0.9016292715815656,1170210816.0,cell,False,True
BitbrainsFS-5T/tmedium,96,1.0908621156351244,1.2202713595882653,0.8939504373872995,1207959552.0,cell,False,True
BitbrainsFS-5T/tmedium,128,1.0711738580188654,1.2202713595882653,0.8778161100005599,1245708288.0,cell,False,True
BitbrainsFS-5T/tmedium,192,1.048314266906097,1.2202713595882653,0.8590829069853866,1321205760.0,cell,False,True
BitbrainsFS-5T/tmedium,256,1.0422044083623048,1.2202713595882653,0.8540759398909088,1396703232.0,cell,False,True
BitbrainsFS-5T/tmedium,384,1.0522235399321418,1.2202713595882653,0.8622865165721624,1547698176.0,cell,False,False
BitbrainsFS-5T/tmedium,512,1.0336282705257964,1.2202713595882653,0.8470478819355028,1698693120.0,cell,False,True
BitbrainsFS-5T/tmedium,768,1.0322999201900975,1.2202713595882653,0.8459593123109997,2000683008.0,cell,False,True
BitbrainsFS-5T/tmedium,1024,1.0347533745051272,1.2202713595882653,0.8479698932328181,2302672896.0,cell,False,False
BitbrainsFS-5T/tmedium,1536,1.0223120237982195,1.2202713595882653,0.8377743325412147,2906652672.0,cell,False,True
BitbrainsFS-5T/tmedium,2048,1.0041555691087956,1.2202713595882653,0.8228953021134661,3510632448.0,cell,False,True
BitbrainsFS-5T/tmedium,2560,0.998116936309371,1.2202713595882653,0.8179467037939399,4114612224.0,cell,False,True
BitbrainsFS-5T/tmedium,3072,1.0044930216927426,1.2202713595882653,0.8231718410826843,4718592000.0,cell,False,False
BitbrainsFS-5T/tmedium,4096,0.9966892345973111,1.2202713595882653,0.8167767167243902,5926551552.0,cell,False,True
BitbrainsFS-5T/tmedium,6144,0.981283219534035,1.2202713595882653,0.80415164366812,8342470656.0,cell,False,True
BitbrainsFS-5T/tlong,native,0.8967341802527008,1.1366422318753115,0.788932660695887,10022289408.0,cell,True,False
BitbrainsFS-5T/tlong,32,1.038107866755877,1.1366422318753115,0.9133110117183788,1132462080.0,cell,False,True
BitbrainsFS-5T/tlong,48,1.0206994817951325,1.1366422318753115,0.8979953877933177,1170210816.0,cell,False,False
BitbrainsFS-5T/tlong,64,0.9985998449775145,1.1366422318753115,0.8785524740972848,1170210816.0,cell,False,True
BitbrainsFS-5T/tlong,96,0.9851093759463492,1.1366422318753115,0.8666837711291504,1207959552.0,cell,False,True
BitbrainsFS-5T/tlong,128,0.974628755185545,1.1366422318753115,0.8574630854402925,1245708288.0,cell,False,True
BitbrainsFS-5T/tlong,192,0.9728956295284249,1.1366422318753115,0.8559383086824724,1321205760.0,cell,False,True
BitbrainsFS-5T/tlong,256,0.9627656742828143,1.1366422318753115,0.8470261330114195,1396703232.0,cell,False,True
BitbrainsFS-5T/tlong,384,0.9464502922771374,1.1366422318753115,0.8326721159353878,1547698176.0,cell,False,True
BitbrainsFS-5T/tlong,512,0.9410139229106227,1.1366422318753115,0.8278892834714335,1698693120.0,cell,False,True
BitbrainsFS-5T/tlong,768,0.9323009971912234,1.1366422318753115,0.8202237881422444,2000683008.0,cell,False,True
BitbrainsFS-5T/tlong,1024,0.9448983650183547,1.1366422318753115,0.8313067546851532,2302672896.0,cell,False,False
BitbrainsFS-5T/tlong,1536,0.9286053251430552,1.1366422318753115,0.8169723938648464,2906652672.0,cell,False,True
BitbrainsFS-5T/tlong,2048,0.915852982528672,1.1366422318753115,0.8057530829358979,3510632448.0,cell,False,True
BitbrainsFS-5T/tlong,2560,0.9147681305383769,1.1366422318753115,0.8047986471777744,4114612224.0,cell,False,True
BitbrainsFS-5T/tlong,3072,0.9126505386638195,1.1366422318753115,0.8029356230746988,4718592000.0,cell,False,True
BitbrainsFS-5T/tlong,4096,0.9038784447596867,1.1366422318753115,0.7952180725050177,5926551552.0,cell,False,True
BitbrainsFS-5T/tlong,6144,0.8952160927106383,1.1366422318753115,0.7875970710974274,8342470656.0,cell,False,True
BitbrainsFS-H/tshort,native,1.0613834823497068,1.298512456963805,0.8173841357143732,1887436800.0,cell,True,False
BitbrainsFS-H/tshort,32,1.2200909456685671,1.298512456963805,0.9396066546187752,1132462080.0,cell,False,True
BitbrainsFS-H/tshort,48,1.1695407713335009,1.298512456963805,0.900677359744498,1170210816.0,cell,False,False
BitbrainsFS-H/tshort,64,1.1165794723965283,1.298512456963805,0.8598912289276961,1170210816.0,cell,False,True
BitbrainsFS-H/tshort,96,1.087110551549166,1.298512456963805,0.8371968599292908,1207959552.0,cell,False,True
BitbrainsFS-H/tshort,128,1.0703726643623064,1.298512456963805,0.8243068124776121,1245708288.0,cell,False,True
BitbrainsFS-H/tshort,192,1.0585870532486465,1.298512456963805,0.8152305721608907,1321205760.0,cell,False,True
BitbrainsFS-H/tshort,256,1.0702700154542364,1.298512456963805,0.824227761323717,1396703232.0,cell,False,False
BitbrainsFS-H/tshort,384,1.074761705335706,1.298512456963805,0.8276868655143477,1547698176.0,cell,False,False
BitbrainsFS-H/tshort,512,1.0603990390181912,1.298512456963805,0.8166260041106014,1698693120.0,cell,False,False
BitbrainsRnD-5T/tshort,native,1.6461932124767027,1.970812637671696,0.8352865112644619,10630463488.0,cell,True,True
BitbrainsRnD-5T/tshort,32,1.9838866790661835,1.970812637671696,1.0066338327371054,1132462080.0,cell,False,True
BitbrainsRnD-5T/tshort,48,1.966123849504234,1.970812637671696,0.9976208858833981,1170210816.0,cell,False,False
BitbrainsRnD-5T/tshort,64,1.9033967313457172,1.970812637671696,0.9657928384274909,1170210816.0,cell,False,True
BitbrainsRnD-5T/tshort,96,1.8560136197100645,1.970812637671696,0.9417504151499383,1207959552.0,cell,False,True
BitbrainsRnD-5T/tshort,128,1.847877683974076,1.970812637671696,0.9376222014473916,1245708288.0,cell,False,True
BitbrainsRnD-5T/tshort,192,1.848175416753975,1.970812637671696,0.9377732725204139,1321205760.0,cell,False,False
BitbrainsRnD-5T/tshort,256,1.79579490271238,1.970812637671696,0.9111951427477751,1396703232.0,cell,False,True
BitbrainsRnD-5T/tshort,384,1.7473389363008578,1.970812637671696,0.886608347694153,1547698176.0,cell,False,True
BitbrainsRnD-5T/tshort,512,1.7394067167761391,1.970812637671696,0.8825835005965164,1698693120.0,cell,False,True
BitbrainsRnD-5T/tshort,768,1.7162976306069484,1.970812637671696,0.8708578369147106,2000683008.0,cell,False,True
BitbrainsRnD-5T/tshort,1024,1.7034695822182448,1.970812637671696,0.8643488222354367,2302672896.0,cell,False,True
BitbrainsRnD-5T/tshort,1536,1.7009998490547589,1.970812637671696,0.8630956675132285,2906652672.0,cell,False,True
BitbrainsRnD-5T/tshort,2048,1.698700676037586,1.970812637671696,0.861929055845927,3510632448.0,cell,False,True
BitbrainsRnD-5T/tshort,2560,1.6776618154317156,1.970812637671696,0.8512538347702566,4114612224.0,cell,False,True
BitbrainsRnD-5T/tshort,3072,1.6729979957769634,1.970812637671696,0.8488873897994846,4718592000.0,cell,False,True
BitbrainsRnD-5T/tshort,4096,1.6610434870561672,1.970812637671696,0.8428216134327777,5926551552.0,cell,False,True
BitbrainsRnD-5T/tshort,6144,1.648981437835185,1.970812637671696,0.8367012704887462,8342470656.0,cell,False,True
BitbrainsRnD-5T/tshort,8192,1.6471022530861936,1.970812637671696,0.835747762928935,10758389760.0,cell,False,False
BitbrainsRnD-5T/tmedium,native,4.398251070385464,4.542392314855541,0.9682675483580151,10437525504.0,cell,True,False
BitbrainsRnD-5T/tmedium,32,4.6176825065086655,4.542392314855541,1.0165750085933558,1132462080.0,cell,False,True
BitbrainsRnD-5T/tmedium,48,4.60680735423365,4.542392314855541,1.0141808621786024,1170210816.0,cell,False,True
BitbrainsRnD-5T/tmedium,64,4.6072709154624345,4.542392314855541,1.014282914400571,1170210816.0,cell,False,False
BitbrainsRnD-5T/tmedium,96,4.663381096930777,4.542392314855541,1.0266354761299572,1207959552.0,cell,False,False
BitbrainsRnD-5T/tmedium,128,4.584649810767179,4.542392314855541,1.0093029163891103,1245708288.0,cell,False,True
BitbrainsRnD-5T/tmedium,192,4.581603505849638,4.542392314855541,1.00863227750405,1321205760.0,cell,False,True
BitbrainsRnD-5T/tmedium,256,4.5797881020024755,4.542392314855541,1.0082326194117215,1396703232.0,cell,False,True
BitbrainsRnD-5T/tmedium,384,4.554126945955235,4.542392314855541,1.0025833592271007,1547698176.0,cell,False,True
BitbrainsRnD-5T/tmedium,512,4.454896414865456,4.542392314855541,0.9807379253209952,1698693120.0,cell,False,True
BitbrainsRnD-5T/tmedium,768,4.442238413452201,4.542392314855541,0.9779512876781262,2000683008.0,cell,False,True
BitbrainsRnD-5T/tmedium,1024,4.494146759258666,4.542392314855541,0.9893788223797642,2302672896.0,cell,False,False
BitbrainsRnD-5T/tmedium,1536,4.482047065666402,4.542392314855541,0.9867150952611942,2906652672.0,cell,False,False
BitbrainsRnD-5T/tmedium,2048,4.449540246216161,4.542392314855541,0.9795587738347226,3510632448.0,cell,False,False
BitbrainsRnD-5T/tmedium,2560,4.402240148700931,4.542392314855541,0.9691457372151115,4114612224.0,cell,False,True
BitbrainsRnD-5T/tmedium,3072,4.3970683977011396,4.542392314855541,0.9680071849630577,4718592000.0,cell,False,True
BitbrainsRnD-5T/tmedium,4096,4.4031406151680645,4.542392314855541,0.9693439733877532,5926551552.0,cell,False,False
BitbrainsRnD-5T/tmedium,6144,4.399417017115765,4.542392314855541,0.9685242295624299,8342470656.0,cell,False,False
BitbrainsRnD-5T/tlong,native,3.3144809746739434,3.501257904408163,0.9466543354321134,10022289408.0,cell,True,False
BitbrainsRnD-5T/tlong,32,3.602739802184607,3.501257904408163,1.0289844109023434,1132462080.0,cell,False,True
BitbrainsRnD-5T/tlong,48,3.5840813661846402,3.501257904408163,1.023655344461258,1170210816.0,cell,False,False
BitbrainsRnD-5T/tlong,64,3.577646381772727,3.501257904408163,1.0218174380323108,1170210816.0,cell,False,True
BitbrainsRnD-5T/tlong,96,3.5682520084363527,3.501257904408163,1.0191342956895129,1207959552.0,cell,False,True
BitbrainsRnD-5T/tlong,128,3.5497830883772545,3.501257904408163,1.0138593572064478,1245708288.0,cell,False,True
BitbrainsRnD-5T/tlong,192,3.530116286216468,3.501257904408163,1.0082422896559466,1321205760.0,cell,False,True
BitbrainsRnD-5T/tlong,256,3.510541187668805,3.501257904408163,1.0026514137244658,1396703232.0,cell,False,True
BitbrainsRnD-5T/tlong,384,3.453029740820764,3.501257904408163,0.986225475270851,1547698176.0,cell,False,True
BitbrainsRnD-5T/tlong,512,3.4202770983926274,3.501257904408163,0.9768709394661905,1698693120.0,cell,False,True
BitbrainsRnD-5T/tlong,768,3.4186022449524116,3.501257904408163,0.9763925818341785,2000683008.0,cell,False,True
BitbrainsRnD-5T/tlong,1024,3.4451073089963766,3.501257904408163,0.9839627365521714,2302672896.0,cell,False,False
BitbrainsRnD-5T/tlong,1536,3.3915280138512998,3.501257904408163,0.9686598663815337,2906652672.0,cell,False,True
BitbrainsRnD-5T/tlong,2048,3.346330812894413,3.501257904408163,0.9557510198495538,3510632448.0,cell,False,True
BitbrainsRnD-5T/tlong,2560,3.329161483085051,3.501257904408163,0.9508472594645374,4114612224.0,cell,False,True
BitbrainsRnD-5T/tlong,3072,3.3206489411180153,3.501257904408163,0.9484159784222816,4718592000.0,cell,False,True
BitbrainsRnD-5T/tlong,4096,3.313190149268734,3.501257904408163,0.9462856606756539,5926551552.0,cell,False,True
BitbrainsRnD-5T/tlong,6144,3.315833572093211,3.501257904408163,0.9470406529945999,8342470656.0,cell,False,False
BitbrainsRnD-H/tshort,native,5.903440668091463,6.0373618687533925,0.9778179271719583,1868562432.0,cell,True,False
BitbrainsRnD-H/tshort,32,6.016936306772147,6.0373618687533925,0.9966168067402156,1132462080.0,cell,False,True
BitbrainsRnD-H/tshort,48,5.999235933776248,6.0373618687533925,0.9936850008652841,1170210816.0,cell,False,False
BitbrainsRnD-H/tshort,64,5.999016057826901,6.0373618687533925,0.9936485816553499,1170210816.0,cell,False,True
BitbrainsRnD-H/tshort,96,5.960010073652948,6.0373618687533925,0.9871878153435225,1207959552.0,cell,False,True
BitbrainsRnD-H/tshort,128,5.95060815418018,6.0373618687533925,0.9856305259715821,1245708288.0,cell,False,True
BitbrainsRnD-H/tshort,192,5.922261527630592,6.0373618687533925,0.9809353251262763,1321205760.0,cell,False,True
BitbrainsRnD-H/tshort,256,5.919033104502285,6.0373618687533925,0.9804005844235505,1396703232.0,cell,False,True
BitbrainsRnD-H/tshort,384,5.90427225659175,6.0373618687533925,0.9779556675490245,1547698176.0,cell,False,True
BitbrainsRnD-H/tshort,512,5.883963001190046,6.0373618687533925,0.9745917387597274,1698693120.0,cell,False,True
Restaurant/tshort,native,0.677138485704171,1.0060757450046092,0.6730492103266725,1499798912.4758365,cell,True,True
Restaurant/tshort,32,0.7418794023050552,1.0060757450046092,0.7373991530843003,1132462080.0,cell,False,True
Restaurant/tshort,48,0.718070276254729,1.0060757450046092,0.7137338116141934,1170210816.0,cell,False,False
Restaurant/tshort,64,0.7083672281112902,1.0060757450046092,0.7040893606952475,1170210816.0,cell,False,True
Restaurant/tshort,96,0.7041099638729555,1.0060757450046092,0.6998578063023772,1207959552.0,cell,False,True
Restaurant/tshort,128,0.6925059490019035,1.0060757450046092,0.6883238686951259,1245708288.0,cell,False,True
Restaurant/tshort,192,0.6850722693536667,1.0060757450046092,0.6809350814341799,1321205760.0,cell,False,True
Restaurant/tshort,256,0.6817048673847556,1.0060757450046092,0.6775880153850965,1396703232.0,cell,False,True
Restaurant/tshort,384,0.6793672790232028,1.0060757450046092,0.675264543844152,1547698176.0,cell,False,False
ETTm1-15T/tshort,native,0.7068713287891788,0.9341549587802876,0.7566960086709065,10758389760.0,cell,True,False
ETTm1-15T/tshort,32,2.2192193266521074,0.9341549587802876,2.375643682874316,1132462080.0,cell,False,True
ETTm1-15T/tshort,48,2.0115101598901526,0.9341549587802876,2.153293884471321,1170210816.0,cell,False,False
ETTm1-15T/tshort,64,1.6609480460367785,0.9341549587802876,1.77802197635974,1170210816.0,cell,False,True
ETTm1-15T/tshort,96,1.4934684364287087,0.9341549587802876,1.5987373640650673,1207959552.0,cell,False,True
ETTm1-15T/tshort,128,1.441584488692441,0.9341549587802876,1.543196313569535,1245708288.0,cell,False,True
ETTm1-15T/tshort,192,0.9555500328657546,0.9341549587802876,1.0229031317388735,1321205760.0,cell,False,True
ETTm1-15T/tshort,256,0.8075501488154418,0.9341549587802876,0.8644712969996414,1396703232.0,cell,False,True
ETTm1-15T/tshort,384,0.7438079003208413,0.9341549587802876,0.7962360990857665,1547698176.0,cell,False,True
ETTm1-15T/tshort,512,0.7533340365106516,0.9341549587802876,0.8064336964974941,1698693120.0,cell,False,False
ETTm1-15T/tshort,768,0.7473664125851918,0.9341549587802876,0.8000454373876226,2000683008.0,cell,False,False
ETTm1-15T/tshort,1024,0.7308121670533689,0.9341549587802876,0.7823243458532614,2302672896.0,cell,False,True
ETTm1-15T/tshort,1536,0.7104058356212397,0.9341549587802876,0.7604796494885668,2906652672.0,cell,False,True
ETTm1-15T/tshort,2048,0.7135913270127076,0.9341549587802876,0.7638896740905098,3510632448.0,cell,False,False
ETTm1-15T/tshort,2560,0.7134969457606706,0.9341549587802876,0.7637886402618609,4114612224.0,cell,False,False
ETTm1-15T/tshort,3072,0.7143372199491792,0.9341549587802876,0.7646881421920393,4718592000.0,cell,False,False
ETTm1-15T/tshort,4096,0.7073683427653916,0.9341549587802876,0.7572280552778867,5926551552.0,cell,False,True
ETTm1-15T/tshort,6144,0.7060492175142384,0.9341549587802876,0.7558159498892095,8342470656.0,cell,False,True
ETTm1-15T/tshort,8192,0.7068713245693252,0.9341549587802876,0.7566960041536114,10758389760.0,cell,False,False
ETTm1-15T/tmedium,native,0.9622844283291814,1.188305978388322,0.8097951586798464,10758389760.0,cell,True,False
ETTm1-15T/tmedium,32,1.96274624678464,1.188305978388322,1.6517178929341727,1132462080.0,cell,False,True
ETTm1-15T/tmedium,48,1.710798359453134,1.188305978388322,1.4396951547558978,1170210816.0,cell,False,False
ETTm1-15T/tmedium,64,1.6318550765345403,1.188305978388322,1.3732616903499852,1170210816.0,cell,False,True
ETTm1-15T/tmedium,96,1.5538693089869169,1.188305978388322,1.3076340077783684,1207959552.0,cell,False,True
ETTm1-15T/tmedium,128,1.4496484156115546,1.188305978388322,1.2199285722501259,1245708288.0,cell,False,True
ETTm1-15T/tmedium,192,1.2693049944140073,1.188305978388322,1.0681634339124868,1321205760.0,cell,False,True
ETTm1-15T/tmedium,256,1.2294519801254695,1.188305978388322,1.034625763469568,1396703232.0,cell,False,True
ETTm1-15T/tmedium,384,1.1449537032563468,1.188305978388322,0.9635175822385635,1547698176.0,cell,False,True
ETTm1-15T/tmedium,512,1.0949704594668963,1.188305978388322,0.9214549782472566,1698693120.0,cell,False,True
ETTm1-15T/tmedium,768,1.0413461568285882,1.188305978388322,0.8763282990808035,2000683008.0,cell,False,True
ETTm1-15T/tmedium,1024,0.9995435830518653,1.188305978388322,0.8411500078519576,2302672896.0,cell,False,True
ETTm1-15T/tmedium,1536,0.9831411143710066,1.188305978388322,0.827346771161097,2906652672.0,cell,False,True
ETTm1-15T/tmedium,2048,0.9805284222695987,1.188305978388322,0.8251481016694636,3510632448.0,cell,False,True
ETTm1-15T/tmedium,2560,0.9838894612430678,1.188305978388322,0.8279765305712753,4114612224.0,cell,False,False
ETTm1-15T/tmedium,3072,0.9752420737718044,1.188305978388322,0.8206994591531952,4718592000.0,cell,False,True
ETTm1-15T/tmedium,4096,0.9538743847525506,1.188305978388322,0.8027178202421175,5926551552.0,cell,False,True
ETTm1-15T/tmedium,6144,0.9545380752981186,1.188305978388322,0.8032763384669169,8342470656.0,cell,False,False
ETTm1-15T/tmedium,8192,0.9622844350423673,1.188305978388322,0.8097951643292212,10758389760.0,cell,False,False
ETTm1-15T/tlong,native,0.9755747057536954,1.190885705867336,0.8192009534980293,10758389760.0,cell,True,False
ETTm1-15T/tlong,32,1.9610557810287172,1.190885705867336,1.646720395892616,1132462080.0,cell,False,True
ETTm1-15T/tlong,48,1.758008861436417,1.190885705867336,1.4762196344913205,1170210816.0,cell,False,False
ETTm1-15T/tlong,64,1.6113689573236483,1.190885705867336,1.3530844726615214,1170210816.0,cell,False,True
ETTm1-15T/tlong,96,1.497437117366642,1.190885705867336,1.257414636844634,1207959552.0,cell,False,True
ETTm1-15T/tlong,128,1.4210539067653907,1.190885705867336,1.193274803588662,1245708288.0,cell,False,True
ETTm1-15T/tlong,192,1.2584642912616095,1.190885705867336,1.0567464913394482,1321205760.0,cell,False,True
ETTm1-15T/tlong,256,1.184136347184215,1.190885705867336,0.994332488290129,1396703232.0,cell,False,True
ETTm1-15T/tlong,384,1.1660985690046857,1.190885705867336,0.9791859649162573,1547698176.0,cell,False,True
ETTm1-15T/tlong,512,1.1115450227333428,1.190885705867336,0.9333767440963543,1698693120.0,cell,False,True
ETTm1-15T/tlong,768,1.074598715599243,1.190885705867336,0.9023525182180266,2000683008.0,cell,False,True
ETTm1-15T/tlong,1024,1.0240558043447296,1.190885705867336,0.8599110723215019,2302672896.0,cell,False,True
ETTm1-15T/tlong,1536,0.9836928820074982,1.190885705867336,0.8260178765778896,2906652672.0,cell,False,True
ETTm1-15T/tlong,2048,0.985896538093388,1.190885705867336,0.8278683111536282,3510632448.0,cell,False,False
ETTm1-15T/tlong,2560,1.0004551388778573,1.190885705867336,0.8400933304923783,4114612224.0,cell,False,False
ETTm1-15T/tlong,3072,0.9846238260910272,1.190885705867336,0.8267996007004836,4718592000.0,cell,False,False
ETTm1-15T/tlong,4096,0.9615205816793726,1.190885705867336,0.8073995488753355,5926551552.0,cell,False,True
ETTm1-15T/tlong,6144,0.9642337721256233,1.190885705867336,0.8096778451323845,8342470656.0,cell,False,False
ETTm1-15T/tlong,8192,0.9755747128216291,1.190885705867336,0.819200959433052,10758389760.0,cell,False,False
ETTm1-H/tshort,native,0.8237447649607467,0.9773176243434534,0.8428628978364382,10758389760.0,cell,True,False
ETTm1-H/tshort,32,1.0168000323426798,0.9773176243434534,1.0403987475676089,1132462080.0,cell,False,True
ETTm1-H/tshort,48,0.9490395450975952,0.9773176243434534,0.9710656202840352,1170210816.0,cell,False,False
ETTm1-H/tshort,64,0.9366550754543119,0.9773176243434534,0.9583937218808901,1170210816.0,cell,False,True
ETTm1-H/tshort,96,0.888745282440612,0.9773176243434534,0.9093719997504979,1207959552.0,cell,False,True
ETTm1-H/tshort,128,0.9101689407711747,0.9773176243434534,0.9312928756223054,1245708288.0,cell,False,False
ETTm1-H/tshort,192,0.8820091604599013,0.9773176243434534,0.9024795404180102,1321205760.0,cell,False,True
ETTm1-H/tshort,256,0.8629285934729529,0.9773176243434534,0.8829561362434805,1396703232.0,cell,False,True
ETTm1-H/tshort,384,0.8490671837581212,0.9773176243434534,0.8687730197524179,1547698176.0,cell,False,True
ETTm1-H/tshort,512,0.8459686679152862,0.9773176243434534,0.865602591054873,1698693120.0,cell,False,True
ETTm1-H/tshort,768,0.8245095779393856,0.9773176243434534,0.843645461211526,2000683008.0,cell,False,True
ETTm1-H/tshort,1024,0.8311181292408306,0.9773176243434534,0.8504073891015347,2302672896.0,cell,False,False
ETTm1-H/tshort,1536,0.8219340001521483,0.9773176243434534,0.8410101073377355,2906652672.0,cell,False,True
ETTm1-H/tshort,2048,0.8131176047483297,0.9773176243434534,0.8319890939187445,3510632448.0,cell,False,True
ETTm1-H/tshort,2560,0.8175474495563808,0.9773176243434534,0.83652175013788,4114612224.0,cell,False,False
ETTm1-H/tshort,3072,0.8196008163764996,0.9773176243434534,0.8386227731512512,4718592000.0,cell,False,False
ETTm1-H/tshort,4096,0.8241668347194098,0.9773176243434534,0.84329476333047,5926551552.0,cell,False,False
ETTm1-H/tshort,6144,0.8254705655040644,0.9773176243434534,0.844628752150666,8342470656.0,cell,False,False
ETTm1-H/tshort,8192,0.8237447683068467,0.9773176243434534,0.8428629012601973,10758389760.0,cell,False,False
ETTm1-H/tmedium,native,1.219038583394198,1.5678007461285397,0.7775468830490353,10758389760.0,cell,True,False
ETTm1-H/tmedium,32,1.5239696883283658,1.5678007461285397,0.9720429666152357,1132462080.0,cell,False,True
ETTm1-H/tmedium,48,1.4465550080264078,1.5678007461285397,0.9226650845768948,1170210816.0,cell,False,False
ETTm1-H/tmedium,64,1.4230550437963945,1.5678007461285397,0.90767595774554,1170210816.0,cell,False,True
ETTm1-H/tmedium,96,1.3276055441390053,1.5678007461285397,0.846794815870153,1207959552.0,cell,False,True
ETTm1-H/tmedium,128,1.3022193879659425,1.5678007461285397,0.8306026076219108,1245708288.0,cell,False,True
ETTm1-H/tmedium,192,1.3008018067732696,1.5678007461285397,0.82969842308432,1321205760.0,cell,False,True
ETTm1-H/tmedium,256,1.2468380275276598,1.5678007461285397,0.7952783736112822,1396703232.0,cell,False,True
ETTm1-H/tmedium,384,1.2294708811486255,1.5678007461285397,0.7842009797384192,1547698176.0,cell,False,True
ETTm1-H/tmedium,512,1.225891775570911,1.5678007461285397,0.781918096797744,1698693120.0,cell,False,True
ETTm1-H/tmedium,768,1.2329249806226703,1.5678007461285397,0.7864041292665555,2000683008.0,cell,False,False
ETTm1-H/tmedium,1024,1.197232692914176,1.5678007461285397,0.7636382977049676,2302672896.0,cell,False,True
ETTm1-H/tmedium,1536,1.1722238115274368,1.5678007461285397,0.7476867289558806,2906652672.0,cell,False,True
ETTm1-H/tmedium,2048,1.1924311861603862,1.5678007461285397,0.7605757230980563,3510632448.0,cell,False,False
ETTm1-H/tmedium,2560,1.2620152913936584,1.5678007461285397,0.8049589812417332,4114612224.0,cell,False,False
ETTm1-H/tmedium,3072,1.2606052554223603,1.5678007461285397,0.804059609319134,4718592000.0,cell,False,False
ETTm1-H/tmedium,4096,1.2326991746695328,1.5678007461285397,0.7862601020655894,5926551552.0,cell,False,False
ETTm1-H/tmedium,6144,1.228625364759597,1.5678007461285397,0.783661678815699,8342470656.0,cell,False,False
ETTm1-H/tmedium,8192,1.2190385601334088,1.5678007461285397,0.777546868212463,10758389760.0,cell,False,False
ETTm1-H/tlong,native,1.3776937846189767,1.4787012870437326,0.9316917464603731,10758389760.0,cell,True,False
ETTm1-H/tlong,32,1.5349231406979047,1.4787012870437326,1.0380211028060797,1132462080.0,cell,False,True
ETTm1-H/tlong,48,1.5293194872870306,1.4787012870437326,1.0342315251138352,1170210816.0,cell,False,False
ETTm1-H/tlong,64,1.4823363917222285,1.4787012870437326,1.0024583089974604,1170210816.0,cell,False,True
ETTm1-H/tlong,96,1.407434007953158,1.4787012870437326,0.9518041407585067,1207959552.0,cell,False,True
ETTm1-H/tlong,128,1.4204248868179512,1.4787012870437326,0.9605894708171321,1245708288.0,cell,False,False
ETTm1-H/tlong,192,1.3969593590816323,1.4787012870437326,0.9447204593122919,1321205760.0,cell,False,True
ETTm1-H/tlong,256,1.3831520635784624,1.4787012870437326,0.9353830119020893,1396703232.0,cell,False,True
ETTm1-H/tlong,384,1.3415648855965927,1.4787012870437326,0.9072588881549516,1547698176.0,cell,False,True
ETTm1-H/tlong,512,1.3705340199576725,1.4787012870437326,0.9268498188012594,1698693120.0,cell,False,False
ETTm1-H/tlong,768,1.293426429926987,1.4787012870437326,0.8747043376913852,2000683008.0,cell,False,True
ETTm1-H/tlong,1024,1.2806238740837572,1.4787012870437326,0.8660463646745191,2302672896.0,cell,False,True
ETTm1-H/tlong,1536,1.3316821954344553,1.4787012870437326,0.9005755300969525,2906652672.0,cell,False,False
ETTm1-H/tlong,2048,1.3755651891564153,1.4787012870437326,0.9302522431061717,3510632448.0,cell,False,False
ETTm1-H/tlong,2560,1.4411993906308251,1.4787012870437326,0.9746386259743627,4114612224.0,cell,False,False
ETTm1-H/tlong,3072,1.364810305462092,1.4787012870437326,0.9229790475063864,4718592000.0,cell,False,False
ETTm1-H/tlong,4096,1.3818080906625563,1.4787012870437326,0.9344741245374254,5926551552.0,cell,False,False
ETTm1-H/tlong,6144,1.3832211029641748,1.4787012870437326,0.9354297011058638,8342470656.0,cell,False,False
ETTm1-H/tlong,8192,1.377693759448331,1.4787012870437326,0.931691729438243,10758389760.0,cell,False,False
ETTm1-D/tshort,native,1.758135497439233,1.7783697877928102,0.9886220006140057,1887436800.0,cell,True,False
ETTm1-D/tshort,32,1.6380164575391685,1.7783697877928102,0.9210775333583244,1132462080.0,cell,False,True
ETTm1-D/tshort,48,1.5801802868527433,1.7783697877928102,0.8885555173617484,1170210816.0,cell,False,True
ETTm1-D/tshort,64,1.6291303732129683,1.7783697877928102,0.9160807748735613,1170210816.0,cell,False,False
ETTm1-D/tshort,96,1.7054533385398585,1.7783697877928102,0.9589981511418665,1207959552.0,cell,False,False
ETTm1-D/tshort,128,1.682361688055633,1.7783697877928102,0.9460134217325319,1245708288.0,cell,False,False
ETTm1-D/tshort,192,1.60052426795517,1.7783697877928102,0.8999951972540144,1321205760.0,cell,False,False
ETTm1-D/tshort,256,1.6697797045929708,1.7783697877928102,0.9389384120528644,1396703232.0,cell,False,False
ETTm1-D/tshort,384,1.7448269332194766,1.7783697877928102,0.9811384253131264,1547698176.0,cell,False,False
ETTm1-D/tshort,512,1.7685770226615223,1.7783697877928102,0.994493403341359,1698693120.0,cell,False,False
ETTm1-W/tshort,native,1.6449692240660998,1.7689207877683926,0.9299281434423835,1207959552.0,cell,True,False
ETTm1-W/tshort,32,1.476044790326237,1.7689207877683926,0.8344323841591361,1132462080.0,cell,False,True
ETTm1-W/tshort,48,1.5581443977939247,1.7689207877683926,0.880844641867556,1170210816.0,cell,False,False
ETTm1-W/tshort,64,1.5820371464917358,1.7689207877683926,0.894351605471027,1170210816.0,cell,False,False
ETTm2-15T/tshort,native,0.7402107917977958,1.067314800011479,0.6935262134375302,10758389760.0,cell,True,False
ETTm2-15T/tshort,32,1.2163131706210086,1.067314800011479,1.139601147297805,1132462080.0,cell,False,True
ETTm2-15T/tshort,48,1.1645010508585658,1.067314800011479,1.0910567817911283,1170210816.0,cell,False,False
ETTm2-15T/tshort,64,1.072446783274012,1.067314800011479,1.0048083126575946,1170210816.0,cell,False,True
ETTm2-15T/tshort,96,1.015451106673906,1.067314800011479,0.9514073136276053,1207959552.0,cell,False,True
ETTm2-15T/tshort,128,1.0134734469034095,1.067314800011479,0.949554383479466,1245708288.0,cell,False,True
ETTm2-15T/tshort,192,0.9440711929636509,1.067314800011479,0.8845292812893605,1321205760.0,cell,False,True
ETTm2-15T/tshort,256,0.892401363500005,1.067314800011479,0.8361182319315793,1396703232.0,cell,False,True
ETTm2-15T/tshort,384,0.8314710328226018,1.067314800011479,0.7790307347126258,1547698176.0,cell,False,True
ETTm2-15T/tshort,512,0.8258381887250129,1.067314800011479,0.7737531501635048,1698693120.0,cell,False,True
ETTm2-15T/tshort,768,0.8023631866362694,1.067314800011479,0.7517587000832744,2000683008.0,cell,False,True
ETTm2-15T/tshort,1024,0.7745924691127243,1.067314800011479,0.7257394623445619,2302672896.0,cell,False,True
ETTm2-15T/tshort,1536,0.7485361111856572,1.067314800011479,0.7013264607383002,2906652672.0,cell,False,True
ETTm2-15T/tshort,2048,0.736824074838286,1.067314800011479,0.6903530943545068,3510632448.0,cell,False,True
ETTm2-15T/tshort,2560,0.7322889794559103,1.067314800011479,0.6861040242747825,4114612224.0,cell,False,True
ETTm2-15T/tshort,3072,0.7341749774412996,1.067314800011479,0.6878710736826694,4718592000.0,cell,False,False
ETTm2-15T/tshort,4096,0.7309287207846207,1.067314800011479,0.6848295561691448,5926551552.0,cell,False,True
ETTm2-15T/tshort,6144,0.7323758998412718,1.067314800011479,0.686185462652064,8342470656.0,cell,False,False
ETTm2-15T/tshort,8192,0.7402107984160886,1.067314800011479,0.6935262196384119,10758389760.0,cell,False,False
ETTm2-15T/tmedium,native,0.8560298483858221,1.0512391501712754,0.8143055252901793,10758389760.0,cell,True,False
ETTm2-15T/tmedium,32,1.131530688257458,1.0512391501712754,1.0763779945534762,1132462080.0,cell,False,True
ETTm2-15T/tmedium,48,1.1491680105876483,1.0512391501712754,1.0931556443654307,1170210816.0,cell,False,False
ETTm2-15T/tmedium,64,1.1057193173307986,1.0512391501712754,1.05182471291204,1170210816.0,cell,False,True
ETTm2-15T/tmedium,96,1.0602894403292333,1.0512391501712754,1.008609163915255,1207959552.0,cell,False,True
ETTm2-15T/tmedium,128,1.0811029370578278,1.0512391501712754,1.0284081760859902,1245708288.0,cell,False,False
ETTm2-15T/tmedium,192,1.0753198861660682,1.0512391501712754,1.0229070007437122,1321205760.0,cell,False,False
ETTm2-15T/tmedium,256,1.0536236676662045,1.0512391501712754,1.00226829213366,1396703232.0,cell,False,True
ETTm2-15T/tmedium,384,1.0160153246963213,1.0512391501712754,0.966493042549628,1547698176.0,cell,False,True
ETTm2-15T/tmedium,512,0.9876315453500142,1.0512391501712754,0.9394927359669797,1698693120.0,cell,False,True
ETTm2-15T/tmedium,768,0.9458549151740734,1.0512391501712754,0.8997523684500981,2000683008.0,cell,False,True
ETTm2-15T/tmedium,1024,0.9081728944327991,1.0512391501712754,0.8639070322721838,2302672896.0,cell,False,True
ETTm2-15T/tmedium,1536,0.8963622647084336,1.0512391501712754,0.8526720723466129,2906652672.0,cell,False,True
ETTm2-15T/tmedium,2048,0.8846088320632801,1.0512391501712754,0.8414915216191798,3510632448.0,cell,False,True
ETTm2-15T/tmedium,2560,0.8584744107085305,1.0512391501712754,0.816630935566528,4114612224.0,cell,False,True
ETTm2-15T/tmedium,3072,0.8596115410404397,1.0512391501712754,0.8177126402687587,4718592000.0,cell,False,False
ETTm2-15T/tmedium,4096,0.8667652147741762,1.0512391501712754,0.8245176320088122,5926551552.0,cell,False,False
ETTm2-15T/tmedium,6144,0.8669414057308377,1.0512391501712754,0.8246852351242715,8342470656.0,cell,False,False
ETTm2-15T/tmedium,8192,0.8560298440391623,1.0512391501712754,0.8143055211553829,10758389760.0,cell,False,True
ETTm2-15T/tlong,native,0.8781961464249796,1.0126577751121104,0.8672190823081917,10758389760.0,cell,True,False
ETTm2-15T/tlong,32,1.0623879083913168,1.0126577751121104,1.0491085285684996,1132462080.0,cell,False,True
ETTm2-15T/tlong,48,1.0898535194279526,1.0126577751121104,1.0762308315929296,1170210816.0,cell,False,False
ETTm2-15T/tlong,64,1.1088269185559168,1.0126577751121104,1.0949670716083324,1170210816.0,cell,False,False
ETTm2-15T/tlong,96,1.060384538559997,1.0126577751121104,1.0471301999756066,1207959552.0,cell,False,True
ETTm2-15T/tlong,128,1.0360340920607136,1.0126577751121104,1.0230841233071215,1245708288.0,cell,False,True
ETTm2-15T/tlong,192,1.0216963472501268,1.0126577751121104,1.0089255939767172,1321205760.0,cell,False,True
ETTm2-15T/tlong,256,1.0054204229259587,1.0126577751121104,0.9928531115209672,1396703232.0,cell,False,True
ETTm2-15T/tlong,384,0.9896982604840999,1.0126577751121104,0.9773274691684773,1547698176.0,cell,False,True
ETTm2-15T/tlong,512,1.013069326727515,1.0126577751121104,1.0004064074019074,1698693120.0,cell,False,False
ETTm2-15T/tlong,768,0.9935382037601765,1.0126577751121104,0.9811194148488939,2000683008.0,cell,False,False
ETTm2-15T/tlong,1024,0.9829789466139859,1.0126577751121104,0.9706921437552397,2302672896.0,cell,False,True
ETTm2-15T/tlong,1536,0.9228681013814888,1.0126577751121104,0.9113326575499002,2906652672.0,cell,False,True
ETTm2-15T/tlong,2048,0.9049055329977684,1.0126577751121104,0.8935946133407084,3510632448.0,cell,False,True
ETTm2-15T/tlong,2560,0.8857087173593852,1.0126577751121104,0.8746377494226312,4114612224.0,cell,False,True
ETTm2-15T/tlong,3072,0.8810225489755172,1.0126577751121104,0.8700101560746719,4718592000.0,cell,False,True
ETTm2-15T/tlong,4096,0.8803484505374073,1.0126577751121104,0.8693444835694316,5926551552.0,cell,False,True
ETTm2-15T/tlong,6144,0.8908609376386051,1.0126577751121104,0.8797255692230069,8342470656.0,cell,False,False
ETTm2-15T/tlong,8192,0.8781961448557799,1.0126577751121104,0.8672190807586063,10758389760.0,cell,False,True
ETTm2-H/tshort,native,0.7309937038619853,0.9231678277377344,0.7918318662093319,10758389760.0,cell,True,True
ETTm2-H/tshort,32,0.8796010995667587,0.9231678277377344,0.9528073586817492,1132462080.0,cell,False,True
ETTm2-H/tshort,48,0.8620753227684832,0.9231678277377344,0.9338229700671423,1170210816.0,cell,False,False
ETTm2-H/tshort,64,0.8530520295169561,0.9231678277377344,0.9240486982820878,1170210816.0,cell,False,True
ETTm2-H/tshort,96,0.8287734838874266,0.9231678277377344,0.8977495304601054,1207959552.0,cell,False,True
ETTm2-H/tshort,128,0.8151510598518382,0.9231678277377344,0.8829933576101798,1245708288.0,cell,False,True
ETTm2-H/tshort,192,0.7985718041080941,0.9231678277377344,0.8650342658333657,1321205760.0,cell,False,True
ETTm2-H/tshort,256,0.7753227804272486,0.9231678277377344,0.8398503036302868,1396703232.0,cell,False,True
ETTm2-H/tshort,384,0.7581393222346117,0.9231678277377344,0.8212367236545355,1547698176.0,cell,False,True
ETTm2-H/tshort,512,0.7578993446351617,0.9231678277377344,0.8209767735217,1698693120.0,cell,False,True
ETTm2-H/tshort,768,0.7419879243424575,0.9231678277377344,0.8037410989080213,2000683008.0,cell,False,True
ETTm2-H/tshort,1024,0.7499359075357772,0.9231678277377344,0.8123505661733575,2302672896.0,cell,False,False
ETTm2-H/tshort,1536,0.7421676532714362,0.9231678277377344,0.8039357860749463,2906652672.0,cell,False,False
ETTm2-H/tshort,2048,0.7448544849036628,0.9231678277377344,0.8068462337221644,3510632448.0,cell,False,False
ETTm2-H/tshort,2560,0.7562715982107685,0.9231678277377344,0.8192135552037674,4114612224.0,cell,False,False
ETTm2-H/tshort,3072,0.7471994616508739,0.9231678277377344,0.8093863750450672,4718592000.0,cell,False,False
ETTm2-H/tshort,4096,0.7349363139932539,0.9231678277377344,0.7961026066021488,5926551552.0,cell,False,True
ETTm2-H/tshort,6144,0.7310562710526437,0.9231678277377344,0.7918996406581141,8342470656.0,cell,False,True
ETTm2-H/tshort,8192,0.7309937114927135,0.9231678277377344,0.7918318744751401,10758389760.0,cell,False,False
ETTm2-H/tmedium,native,1.0184508891562774,1.2384249730532626,0.8223759301666436,10758389760.0,cell,True,False
ETTm2-H/tmedium,32,1.3610349909186217,1.2384249730532626,1.0990048008827467,1132462080.0,cell,False,True
ETTm2-H/tmedium,48,1.2593487476886978,1.2384249730532626,1.0168954721446297,1170210816.0,cell,False,True
ETTm2-H/tmedium,64,1.266134322395066,1.2384249730532626,1.022374669394374,1170210816.0,cell,False,False
ETTm2-H/tmedium,96,1.1705524330057817,1.2384249730532626,0.9451944675500646,1207959552.0,cell,False,True
ETTm2-H/tmedium,128,1.0828332114725114,1.2384249730532626,0.8743631911772992,1245708288.0,cell,False,True
ETTm2-H/tmedium,192,1.004971270079405,1.2384249730532626,0.8114914443316726,1321205760.0,cell,False,True
ETTm2-H/tmedium,256,0.9909889476947035,1.2384249730532626,0.8002010370087091,1396703232.0,cell,False,True
ETTm2-H/tmedium,384,1.018779131008351,1.2384249730532626,0.8226409779969246,1547698176.0,cell,False,False
ETTm2-H/tmedium,512,1.0367742469874761,1.2384249730532626,0.8371716248836385,1698693120.0,cell,False,False
ETTm2-H/tmedium,768,1.0585755322034704,1.2384249730532626,0.8547756668646757,2000683008.0,cell,False,False
ETTm2-H/tmedium,1024,1.0505409551417948,1.2384249730532626,0.8482879286193244,2302672896.0,cell,False,False
ETTm2-H/tmedium,1536,1.02112929975555,1.2384249730532626,0.8245386858099419,2906652672.0,cell,False,False
ETTm2-H/tmedium,2048,1.0004738386304928,1.2384249730532626,0.8078598707226361,3510632448.0,cell,False,False
ETTm2-H/tmedium,2560,1.006003493040552,1.2384249730532626,0.8123249408967509,4114612224.0,cell,False,False
ETTm2-H/tmedium,3072,1.0176043579086071,1.2384249730532626,0.821692375436975,4718592000.0,cell,False,False
ETTm2-H/tmedium,4096,1.0135886744897897,1.2384249730532626,0.8184498024057506,5926551552.0,cell,False,False
ETTm2-H/tmedium,6144,1.0159952984069203,1.2384249730532626,0.8203930964845167,8342470656.0,cell,False,False
ETTm2-H/tmedium,8192,1.0184508787987283,1.2384249730532626,0.8223759218031583,10758389760.0,cell,False,False
ETTm2-H/tlong,native,1.032819832814082,1.1284016697207502,0.9152944917829463,10758389760.0,cell,True,True
ETTm2-H/tlong,32,1.105228311513555,1.1284016697207502,0.9794635555502768,1132462080.0,cell,False,True
ETTm2-H/tlong,48,1.0890158586359249,1.1284016697207502,0.9650959298078917,1170210816.0,cell,False,True
ETTm2-H/tlong,64,1.0901920208882894,1.1284016697207502,0.9661382556781251,1170210816.0,cell,False,False
ETTm2-H/tlong,96,1.095761659607018,1.1284016697207502,0.9710741210425454,1207959552.0,cell,False,False
ETTm2-H/tlong,128,1.1112127594051529,1.1284016697207502,0.9847670286416262,1245708288.0,cell,False,False
ETTm2-H/tlong,192,1.0983720865209228,1.1284016697207502,0.9733875055260607,1321205760.0,cell,False,False
ETTm2-H/tlong,256,1.065776211954386,1.1284016697207502,0.9445007398988853,1396703232.0,cell,False,True
ETTm2-H/tlong,384,1.073439380149885,1.1284016697207502,0.95129191045555,1547698176.0,cell,False,False
ETTm2-H/tlong,512,1.0763602421090859,1.1284016697207502,0.9538804053484402,1698693120.0,cell,False,False
ETTm2-H/tlong,768,1.0866745140633998,1.1284016697207502,0.9630210085849334,2000683008.0,cell,False,False
ETTm2-H/tlong,1024,1.0683932423261204,1.1284016697207502,0.9468199764278262,2302672896.0,cell,False,False
ETTm2-H/tlong,1536,1.087205429834923,1.1284016697207502,0.9634915110538411,2906652672.0,cell,False,False
ETTm2-H/tlong,2048,1.0443076690447677,1.1284016697207502,0.925475118539311,3510632448.0,cell,False,True
ETTm2-H/tlong,2560,1.0656261633042274,1.1284016697207502,0.9443677653968219,4114612224.0,cell,False,False
ETTm2-H/tlong,3072,1.0639443668514055,1.1284016697207502,0.9428773418198715,4718592000.0,cell,False,False
ETTm2-H/tlong,4096,1.067694324772318,1.1284016697207502,0.9462005892250624,5926551552.0,cell,False,False
ETTm2-H/tlong,6144,1.0498365488264103,1.1284016697207502,0.9303748629565723,8342470656.0,cell,False,False
ETTm2-H/tlong,8192,1.0328198479398516,1.1284016697207502,0.9152945051875432,10758389760.0,cell,False,False
ETTm2-D/tshort,native,1.28615886445916,1.3901143157307532,0.9252180557417351,1887436800.0,cell,True,True
ETTm2-D/tshort,32,1.5015956496699565,1.3901143157307532,1.0801958030916328,1132462080.0,cell,False,True
ETTm2-D/tshort,48,1.4779295318995522,1.3901143157307532,1.0631712192120233,1170210816.0,cell,False,False
ETTm2-D/tshort,64,1.4340375505331415,1.3901143157307532,1.0315968509246658,1170210816.0,cell,False,True
ETTm2-D/tshort,96,1.4773744207934096,1.3901143157307532,1.0627718915453264,1207959552.0,cell,False,False
ETTm2-D/tshort,128,1.512201795187909,1.3901143157307532,1.087825496130494,1245708288.0,cell,False,False
ETTm2-D/tshort,192,1.4389477969351028,1.3901143157307532,1.0351291117944346,1321205760.0,cell,False,False
ETTm2-D/tshort,256,1.4393027736462276,1.3901143157307532,1.035384469722274,1396703232.0,cell,False,False
ETTm2-D/tshort,384,1.3733786617863635,1.3901143157307532,0.9879609513009064,1547698176.0,cell,False,True
ETTm2-D/tshort,512,1.303851286250573,1.3901143157307532,0.9379453700289148,1698693120.0,cell,False,True
ETTm2-W/tshort,native,0.7958999935427675,0.7785209533197451,1.022323150261936,1207959552.0,cell,True,True
ETTm2-W/tshort,32,0.9644282017451402,0.7785209533197451,1.2387954333568738,1132462080.0,cell,False,True
ETTm2-W/tshort,48,0.8664324261361159,0.7785209533197451,1.1129211390412825,1170210816.0,cell,False,True
ETTm2-W/tshort,64,0.8713807456454298,0.7785209533197451,1.1192771908446584,1170210816.0,cell,False,False
LoopSeattle-5T/tshort,native,0.5611925623475753,0.7623397118337274,0.7361449936770131,10758389760.0,cell,True,False
LoopSeattle-5T/tshort,32,0.811380510027187,0.7623397118337274,1.0643293238331992,1132462080.0,cell,False,True
LoopSeattle-5T/tshort,48,0.8177043110243343,0.7623397118337274,1.0726245771159333,1170210816.0,cell,False,False
LoopSeattle-5T/tshort,64,0.8119811581637135,0.7623397118337274,1.065117224722006,1170210816.0,cell,False,False
LoopSeattle-5T/tshort,96,0.7868421584303992,0.7623397118337274,1.0321411127038544,1207959552.0,cell,False,True
LoopSeattle-5T/tshort,128,0.767668578810211,0.7623397118337274,1.0069901474287173,1245708288.0,cell,False,True
LoopSeattle-5T/tshort,192,0.7157230879712279,0.7623397118337274,0.938850589653308,1321205760.0,cell,False,True
LoopSeattle-5T/tshort,256,0.6405059733704825,0.7623397118337274,0.8401844524533731,1396703232.0,cell,False,True
LoopSeattle-5T/tshort,384,0.5825275062195772,0.7623397118337274,0.7641311310129298,1547698176.0,cell,False,True
LoopSeattle-5T/tshort,512,0.5701000947369703,0.7623397118337274,0.7478294596062102,1698693120.0,cell,False,True
LoopSeattle-5T/tshort,768,0.5642858468059126,0.7623397118337274,0.7402026131481237,2000683008.0,cell,False,True
LoopSeattle-5T/tshort,1024,0.5654409618519485,0.7623397118337274,0.7417178366477067,2302672896.0,cell,False,False
LoopSeattle-5T/tshort,1536,0.5755715276521779,0.7623397118337274,0.7550066180701798,2906652672.0,cell,False,False
LoopSeattle-5T/tshort,2048,0.550081978268735,0.7623397118337274,0.7215706721424378,3510632448.0,cell,False,True
LoopSeattle-5T/tshort,2560,0.5376969843179041,0.7623397118337274,0.7053246419821565,4114612224.0,cell,False,True
LoopSeattle-5T/tshort,3072,0.5384013527630377,0.7623397118337274,0.7062485981059157,4718592000.0,cell,False,False
LoopSeattle-5T/tshort,4096,0.5509589185920453,0.7623397118337274,0.7227209996272816,5926551552.0,cell,False,False
LoopSeattle-5T/tshort,6144,0.5583936544369272,0.7623397118337274,0.7324735229833043,8342470656.0,cell,False,False
LoopSeattle-5T/tshort,8192,0.5611925625672549,0.7623397118337274,0.7361449939651782,10758389760.0,cell,False,False
LoopSeattle-5T/tmedium,native,0.7539565805836053,1.1532851467900649,0.653746892242643,10758389760.0,cell,True,True
LoopSeattle-5T/tmedium,32,1.5909470730549158,1.1532851467900649,1.379491513857604,1132462080.0,cell,False,True
LoopSeattle-5T/tmedium,48,1.5046598437858292,1.1532851467900649,1.3046728712094702,1170210816.0,cell,False,False
LoopSeattle-5T/tmedium,64,1.4314365590311744,1.1532851467900649,1.2411818213520633,1170210816.0,cell,False,True
LoopSeattle-5T/tmedium,96,1.3499865431120202,1.1532851467900649,1.170557469563736,1207959552.0,cell,False,True
LoopSeattle-5T/tmedium,128,1.2630182191953077,1.1532851467900649,1.0951482577493195,1245708288.0,cell,False,True
LoopSeattle-5T/tmedium,192,1.1381453538876003,1.1532851467900649,0.9868724634626543,1321205760.0,cell,False,True
LoopSeattle-5T/tmedium,256,1.0354196961731912,1.1532851467900649,0.8978002526565713,1396703232.0,cell,False,True
LoopSeattle-5T/tmedium,384,1.00313525757906,1.1532851467900649,0.8698067952848291,1547698176.0,cell,False,True
LoopSeattle-5T/tmedium,512,0.968326850060188,1.1532851467900649,0.8396248341143813,1698693120.0,cell,False,True
LoopSeattle-5T/tmedium,768,0.9219603070681885,1.1532851467900649,0.7994209494800812,2000683008.0,cell,False,True
LoopSeattle-5T/tmedium,1024,0.8814039725047356,1.1532851467900649,0.764255028305831,2302672896.0,cell,False,True
LoopSeattle-5T/tmedium,1536,0.8343160186124582,1.1532851467900649,0.7234256167562788,2906652672.0,cell,False,True
LoopSeattle-5T/tmedium,2048,0.8041081996459295,1.1532851467900649,0.6972327718639241,3510632448.0,cell,False,True
LoopSeattle-5T/tmedium,2560,0.7953632138315397,1.1532851467900649,0.6896500974154326,4114612224.0,cell,False,True
LoopSeattle-5T/tmedium,3072,0.7929398328680571,1.1532851467900649,0.6875488122560532,4718592000.0,cell,False,True
LoopSeattle-5T/tmedium,4096,0.7657932886309974,1.1532851467900649,0.6640103627124893,5926551552.0,cell,False,True
LoopSeattle-5T/tmedium,6144,0.7607021639622703,1.1532851467900649,0.6595959083315435,8342470656.0,cell,False,True
LoopSeattle-5T/tmedium,8192,0.7539565808686659,1.1532851467900649,0.6537468924898158,10758389760.0,cell,False,False
LoopSeattle-5T/tlong,native,0.8167093093705019,1.2506857542807588,0.653009204410562,10758389760.0,cell,True,False
LoopSeattle-5T/tlong,32,1.3448503258945455,1.2506857542807588,1.0752903527456732,1132462080.0,cell,False,True
LoopSeattle-5T/tlong,48,1.3578613449694985,1.2506857542807588,1.0856934608249167,1170210816.0,cell,False,False
LoopSeattle-5T/tlong,64,1.3226641396651289,1.2506857542807588,1.0575511355574392,1170210816.0,cell,False,True
LoopSeattle-5T/tlong,96,1.2279436897450384,1.2506857542807588,0.9818163239983502,1207959552.0,cell,False,True
LoopSeattle-5T/tlong,128,1.202616572519498,1.2506857542807588,0.9615657397577825,1245708288.0,cell,False,True
LoopSeattle-5T/tlong,192,1.1195047687479374,1.2506857542807588,0.8951127530766027,1321205760.0,cell,False,True
LoopSeattle-5T/tlong,256,1.085732818889385,1.2506857542807588,0.8681100069887384,1396703232.0,cell,False,True
LoopSeattle-5T/tlong,384,1.0347129519733398,1.2506857542807588,0.8273164929174235,1547698176.0,cell,False,True
LoopSeattle-5T/tlong,512,1.0115895757708548,1.2506857542807588,0.8088279348417119,1698693120.0,cell,False,True
LoopSeattle-5T/tlong,768,0.9925697888997553,1.2506857542807588,0.7936204482240704,2000683008.0,cell,False,True
LoopSeattle-5T/tlong,1024,0.9409216229897609,1.2506857542807588,0.7523245705559857,2302672896.0,cell,False,True
LoopSeattle-5T/tlong,1536,0.8892351547809894,1.2506857542807588,0.7109980678498801,2906652672.0,cell,False,True
LoopSeattle-5T/tlong,2048,0.8708706426449723,1.2506857542807588,0.6963145135892191,3510632448.0,cell,False,True
LoopSeattle-5T/tlong,2560,0.863893727132451,1.2506857542807588,0.6907360415480681,4114612224.0,cell,False,True
LoopSeattle-5T/tlong,3072,0.8598671730900086,1.2506857542807588,0.6875165645302316,4718592000.0,cell,False,True
LoopSeattle-5T/tlong,4096,0.835751313219181,1.2506857542807588,0.6682344548649655,5926551552.0,cell,False,True
LoopSeattle-5T/tlong,6144,0.8251015711458677,1.2506857542807588,0.659719332631533,8342470656.0,cell,False,True
LoopSeattle-5T/tlong,8192,0.8167093088080418,1.2506857542807588,0.6530092039608406,10758389760.0,cell,False,True
LoopSeattle-H/tshort,native,0.6890933053352195,1.2928412613913995,0.5330068941283588,10678918736.842106,cell,True,True
LoopSeattle-H/tshort,32,1.2237612146400747,1.2928412613913995,0.9465672632717658,1132462080.0,cell,False,True
LoopSeattle-H/tshort,48,1.2363684196087044,1.2928412613913995,0.9563188123173628,1170210816.0,cell,False,False
LoopSeattle-H/tshort,64,1.2001457424130393,1.2928412613913995,0.928300927773145,1170210816.0,cell,False,True
LoopSeattle-H/tshort,96,1.097517370708672,1.2928412613913995,0.848918891656882,1207959552.0,cell,False,True
LoopSeattle-H/tshort,128,1.0471661535338856,1.2928412613913995,0.8099727203994789,1245708288.0,cell,False,True
LoopSeattle-H/tshort,192,0.9612340302377217,1.2928412613913995,0.7435050682117069,1321205760.0,cell,False,True
LoopSeattle-H/tshort,256,0.9408342656186302,1.2928412613913995,0.7277260509198727,1396703232.0,cell,False,True
LoopSeattle-H/tshort,384,0.8692867188752884,1.2928412613913995,0.6723847272168066,1547698176.0,cell,False,True
LoopSeattle-H/tshort,512,0.846694276101926,1.2928412613913995,0.6549096949386385,1698693120.0,cell,False,True
LoopSeattle-H/tshort,768,0.8212410935639359,1.2928412613913995,0.6352219085892172,2000683008.0,cell,False,True
LoopSeattle-H/tshort,1024,0.8009828927794882,1.2928412613913995,0.6195523895311349,2302672896.0,cell,False,True
LoopSeattle-H/tshort,1536,0.7843029802519655,1.2928412613913995,0.6066506412456794,2906652672.0,cell,False,True
LoopSeattle-H/tshort,2048,0.7687347229033816,1.2928412613913995,0.5946087473074949,3510632448.0,cell,False,True
LoopSeattle-H/tshort,2560,0.7549083833625378,1.2928412613913995,0.5839142096610375,4114612224.0,cell,False,True
LoopSeattle-H/tshort,3072,0.7469711444625476,1.2928412613913995,0.5777748334382768,4718592000.0,cell,False,True
LoopSeattle-H/tshort,4096,0.7255835335914772,1.2928412613913995,0.5612317267864576,5926551552.0,cell,False,True
LoopSeattle-H/tshort,6144,0.6981024106895614,1.2928412613913995,0.5399753485112626,8342470656.0,cell,False,True
LoopSeattle-H/tshort,8192,0.6938146578484266,1.2928412613913995,0.536658813860659,10758389760.0,cell,False,False
LoopSeattle-H/tmedium,native,0.7373311382154271,1.4805126192799751,0.4980242171620374,10531897344.0,cell,True,True
LoopSeattle-H/tmedium,32,1.3265149640568414,1.4805126192799751,0.8959835578449659,1132462080.0,cell,False,True
LoopSeattle-H/tmedium,48,1.282377940857632,1.4805126192799751,0.866171570682928,1170210816.0,cell,False,False
LoopSeattle-H/tmedium,64,1.1798692389403858,1.4805126192799751,0.7969329160559248,1170210816.0,cell,False,True
LoopSeattle-H/tmedium,96,1.1705633743194892,1.4805126192799751,0.7906473467877464,1207959552.0,cell,False,True
LoopSeattle-H/tmedium,128,1.1311209923864254,1.4805126192799751,0.7640063162288538,1245708288.0,cell,False,True
LoopSeattle-H/tmedium,192,1.016377490977357,1.4805126192799751,0.6865037675069983,1321205760.0,cell,False,True
LoopSeattle-H/tmedium,256,1.0024714127019008,1.4805126192799751,0.6771110219846944,1396703232.0,cell,False,True
LoopSeattle-H/tmedium,384,0.9354090328056244,1.4805126192799751,0.6318142923094748,1547698176.0,cell,False,True
LoopSeattle-H/tmedium,512,0.9326873734435398,1.4805126192799751,0.6299759700103996,1698693120.0,cell,False,True
LoopSeattle-H/tmedium,768,0.9034319881336818,1.4805126192799751,0.6102156620407951,2000683008.0,cell,False,True
LoopSeattle-H/tmedium,1024,0.8986378084281941,1.4805126192799751,0.6069774730223055,2302672896.0,cell,False,True
LoopSeattle-H/tmedium,1536,0.8636304005266989,1.4805126192799751,0.5833320089812625,2906652672.0,cell,False,True
LoopSeattle-H/tmedium,2048,0.8442861362113907,1.4805126192799751,0.5702660856899663,3510632448.0,cell,False,True
LoopSeattle-H/tmedium,2560,0.8338606535286774,1.4805126192799751,0.5632242796648453,4114612224.0,cell,False,True
LoopSeattle-H/tmedium,3072,0.8186747543425635,1.4805126192799751,0.5529670896967522,4718592000.0,cell,False,True
LoopSeattle-H/tmedium,4096,0.7825324683886757,1.4805126192799751,0.5285550816643823,5926551552.0,cell,False,True
LoopSeattle-H/tmedium,6144,0.7497052789426,1.4805126192799751,0.5063822281414986,8342470656.0,cell,False,True
LoopSeattle-H/tmedium,8192,0.7434167106308509,1.4805126192799751,0.5021346667024023,10758389760.0,cell,False,False
LoopSeattle-H/tlong,native,0.7669242222119672,1.5460268753677606,0.49606137799482647,10173284352.0,cell,True,True
LoopSeattle-H/tlong,32,1.4707793740478095,1.5460268753677606,0.9513284649065032,1132462080.0,cell,False,True
LoopSeattle-H/tlong,48,1.3778150252674093,1.5460268753677606,0.8911973311845967,1170210816.0,cell,False,False
LoopSeattle-H/tlong,64,1.3087452723803619,1.5460268753677606,0.8465216829229081,1170210816.0,cell,False,True
LoopSeattle-H/tlong,96,1.1189875355048333,1.5460268753677606,0.7237827190026399,1207959552.0,cell,False,True
LoopSeattle-H/tlong,128,1.0981360840665617,1.5460268753677606,0.7102955980667173,1245708288.0,cell,False,True
LoopSeattle-H/tlong,192,1.042991235402865,1.5460268753677606,0.6746268464154375,1321205760.0,cell,False,True
LoopSeattle-H/tlong,256,0.9966176983011182,1.5460268753677606,0.6446315482478583,1396703232.0,cell,False,True
LoopSeattle-H/tlong,384,0.8938692109627903,1.5460268753677606,0.57817184500765,1547698176.0,cell,False,True
LoopSeattle-H/tlong,512,0.8688104667253307,1.5460268753677606,0.5619633659464442,1698693120.0,cell,False,True
LoopSeattle-H/tlong,768,0.8558811154590967,1.5460268753677606,0.5536004121891506,2000683008.0,cell,False,True
LoopSeattle-H/tlong,1024,0.850267899060252,1.5460268753677606,0.5499696755646598,2302672896.0,cell,False,True
LoopSeattle-H/tlong,1536,0.835450828222464,1.5460268753677606,0.5403857083815127,2906652672.0,cell,False,True
LoopSeattle-H/tlong,2048,0.8191176690391923,1.5460268753677606,0.5298211060168957,3510632448.0,cell,False,True
LoopSeattle-H/tlong,2560,0.8123193560411209,1.5460268753677606,0.5254238260559932,4114612224.0,cell,False,True
LoopSeattle-H/tlong,3072,0.8036602543998774,1.5460268753677606,0.5198229521131106,4718592000.0,cell,False,True
LoopSeattle-H/tlong,4096,0.7822588152057784,1.5460268753677606,0.5059800884895348,5926551552.0,cell,False,True
LoopSeattle-H/tlong,6144,0.770228429357253,1.5460268753677606,0.4981986029020583,8342470656.0,cell,False,True
LoopSeattle-D/tshort,native,0.866400710115983,1.7323957056549062,0.500117096393086,1491075072.0,cell,True,False
LoopSeattle-D/tshort,32,0.8635794530380457,1.7323957056549062,0.4984885671438342,1132462080.0,cell,False,True
LoopSeattle-D/tshort,48,0.8650965369295051,1.7323957056549062,0.49936428155856477,1170210816.0,cell,False,False
LoopSeattle-D/tshort,64,0.8751865367667527,1.7323957056549062,0.5051885859044551,1170210816.0,cell,False,False
LoopSeattle-D/tshort,96,0.8757796278163141,1.7323957056549062,0.5055309390098256,1207959552.0,cell,False,False
LoopSeattle-D/tshort,128,0.8788376876629379,1.7323957056549062,0.5072961591824695,1245708288.0,cell,False,False
LoopSeattle-D/tshort,192,0.8753026019762594,1.7323957056549062,0.5052555828435077,1321205760.0,cell,False,False
LoopSeattle-D/tshort,256,0.871351562548864,1.7323957056549062,0.5029749033114017,1396703232.0,cell,False,False
SZTaxi-15T/tshort,native,0.5441784392805643,0.7644167735543712,0.7118870989058146,4389638729.142858,cell,True,False
SZTaxi-15T/tshort,32,0.6287981079303498,0.7644167735543712,0.8225854398858569,1132462080.0,cell,False,True
SZTaxi-15T/tshort,48,0.6274956693975521,0.7644167735543712,0.8208816068750482,1170210816.0,cell,False,False
SZTaxi-15T/tshort,64,0.6188447809829875,0.7644167735543712,0.8095646280830472,1170210816.0,cell,False,True
SZTaxi-15T/tshort,96,0.6007397079062295,0.7644167735543712,0.7858798088808556,1207959552.0,cell,False,True
SZTaxi-15T/tshort,128,0.5921890775614204,0.7644167735543712,0.7746939863811078,1245708288.0,cell,False,True
SZTaxi-15T/tshort,192,0.5750546283453368,0.7644167735543712,0.7522789245864638,1321205760.0,cell,False,True
SZTaxi-15T/tshort,256,0.5662883354358073,0.7644167735543712,0.7408109751473533,1396703232.0,cell,False,True
SZTaxi-15T/tshort,384,0.5537718698551587,0.7644167735543712,0.724437098992792,1547698176.0,cell,False,True
SZTaxi-15T/tshort,512,0.550692347892396,0.7644167735543712,0.7204085087403259,1698693120.0,cell,False,True
SZTaxi-15T/tshort,768,0.5450716969885381,0.7644167735543712,0.7130556469268375,2000683008.0,cell,False,True
SZTaxi-15T/tshort,1024,0.5427546685362745,0.7644167735543712,0.7100245406868608,2302672896.0,cell,False,True
SZTaxi-15T/tshort,1536,0.5422296269850249,0.7644167735543712,0.7093376882139509,2906652672.0,cell,False,True
SZTaxi-15T/tshort,2048,0.5421397319439979,0.7644167735543712,0.7092200886999986,3510632448.0,cell,False,True
SZTaxi-15T/tshort,2560,0.5436670712189673,0.7644167735543712,0.7112181339127791,4114612224.0,cell,False,False
SZTaxi-15T/tmedium,native,0.5349334690353755,0.7134840540400068,0.7497483174380524,4039114752.0,cell,True,False
SZTaxi-15T/tmedium,32,0.6087684139774785,0.7134840540400068,0.8532333841666254,1132462080.0,cell,False,True
SZTaxi-15T/tmedium,48,0.6049598242677284,0.7134840540400068,0.8478953675870194,1170210816.0,cell,False,False
SZTaxi-15T/tmedium,64,0.5972053410204171,0.7134840540400068,0.8370268930872705,1170210816.0,cell,False,True
SZTaxi-15T/tmedium,96,0.5899503461293362,0.7134840540400068,0.8268584879911783,1207959552.0,cell,False,True
SZTaxi-15T/tmedium,128,0.5748127269280459,0.7134840540400068,0.8056420093388866,1245708288.0,cell,False,True
SZTaxi-15T/tmedium,192,0.5684348771488802,0.7134840540400068,0.7967029871658584,1321205760.0,cell,False,True
SZTaxi-15T/tmedium,256,0.5628714441577607,0.7134840540400068,0.7889054295895996,1396703232.0,cell,False,True
SZTaxi-15T/tmedium,384,0.5467373000655208,0.7134840540400068,0.7662922485368733,1547698176.0,cell,False,True
SZTaxi-15T/tmedium,512,0.5393498673762276,0.7134840540400068,0.7559382221960421,1698693120.0,cell,False,True
SZTaxi-15T/tmedium,768,0.5341818187799371,0.7134840540400068,0.7486948247199148,2000683008.0,cell,False,True
SZTaxi-15T/tmedium,1024,0.5319567074773224,0.7134840540400068,0.7455761687527417,2302672896.0,cell,False,True
SZTaxi-15T/tmedium,1536,0.5314859399325876,0.7134840540400068,0.7449163536635759,2906652672.0,cell,False,True
SZTaxi-15T/tmedium,2048,0.5345891048918753,0.7134840540400068,0.7492656659456324,3510632448.0,cell,False,False
SZTaxi-15T/tlong,native,0.507415195118615,0.6909431344941248,0.734380544196477,3774873600.0,cell,True,False
SZTaxi-15T/tlong,32,0.5909672971015866,0.6909431344941248,0.8553052597219368,1132462080.0,cell,False,True
SZTaxi-15T/tlong,48,0.5856452253514963,0.6909431344941248,0.8476026406721263,1170210816.0,cell,False,False
SZTaxi-15T/tlong,64,0.5660492991464771,0.6909431344941248,0.8192415133568278,1170210816.0,cell,False,True
SZTaxi-15T/tlong,96,0.5524907415781818,0.6909431344941248,0.7996182522063684,1207959552.0,cell,False,True
SZTaxi-15T/tlong,128,0.5428053079953944,0.6909431344941248,0.7856005521971214,1245708288.0,cell,False,True
SZTaxi-15T/tlong,192,0.5264044423762247,0.6909431344941248,0.7618636268260088,1321205760.0,cell,False,True
SZTaxi-15T/tlong,256,0.5189285307568282,0.6909431344941248,0.7510437615633342,1396703232.0,cell,False,True
SZTaxi-15T/tlong,384,0.5094865468942587,0.6909431344941248,0.7373784056299801,1547698176.0,cell,False,True
SZTaxi-15T/tlong,512,0.5053375340508531,0.6909431344941248,0.731373551342741,1698693120.0,cell,False,True
SZTaxi-15T/tlong,768,0.5017026947802714,0.6909431344941248,0.7261128589802023,2000683008.0,cell,False,True
SZTaxi-15T/tlong,1024,0.502022503234829,0.6909431344941248,0.7265757168314374,2302672896.0,cell,False,False
SZTaxi-15T/tlong,1536,0.5060542255227635,0.6909431344941248,0.7324108168370063,2906652672.0,cell,False,False
SZTaxi-15T/tlong,2048,0.507332253652451,0.6909431344941248,0.7342605032524062,3510632448.0,cell,False,False
SZTaxi-H/tshort,native,0.5624747750163326,0.7381672994945998,0.7619882043019808,1906311168.0,cell,True,False
SZTaxi-H/tshort,32,0.6251317233410177,0.7381672994945998,0.8468699761815864,1132462080.0,cell,False,True
SZTaxi-H/tshort,48,0.6048237850689834,0.7381672994945998,0.8193586812679015,1170210816.0,cell,False,False
SZTaxi-H/tshort,64,0.5937637775221282,0.7381672994945998,0.8043756177341638,1170210816.0,cell,False,True
SZTaxi-H/tshort,96,0.5795647058420901,0.7381672994945998,0.7851400437799128,1207959552.0,cell,False,True
SZTaxi-H/tshort,128,0.5705964578518553,0.7381672994945998,0.7729907004042647,1245708288.0,cell,False,True
SZTaxi-H/tshort,192,0.5610571790794878,0.7381672994945998,0.7600677779463086,1321205760.0,cell,False,True
SZTaxi-H/tshort,256,0.5591439795131905,0.7381672994945998,0.7574759541583852,1396703232.0,cell,False,True
SZTaxi-H/tshort,384,0.5553027302275984,0.7381672994945998,0.7522721889845254,1547698176.0,cell,False,True
SZTaxi-H/tshort,512,0.5593782852902016,0.7381672994945998,0.7577933697052017,1698693120.0,cell,False,False
MDense-H/tshort,native,0.7842158253816228,1.4875444172240992,0.527188174216031,10758389760.0,cell,True,False
MDense-H/tshort,32,1.4000655632147887,1.4875444172240992,0.9411924423927088,1132462080.0,cell,False,True
MDense-H/tshort,48,1.306548631479663,1.4875444172240992,0.8783257940746457,1170210816.0,cell,False,False
MDense-H/tshort,64,1.2110879843840214,1.4875444172240992,0.8141524853718506,1170210816.0,cell,False,True
MDense-H/tshort,96,1.1018603406112122,1.4875444172240992,0.7407243292051672,1207959552.0,cell,False,True
MDense-H/tshort,128,1.0343480984683497,1.4875444172240992,0.6953393031439979,1245708288.0,cell,False,True
MDense-H/tshort,192,0.8904009834592181,1.4875444172240992,0.5985710229216495,1321205760.0,cell,False,True
MDense-H/tshort,256,0.8450359729731516,1.4875444172240992,0.5680744475180579,1396703232.0,cell,False,True
MDense-H/tshort,384,0.806755499667337,1.4875444172240992,0.5423404439733102,1547698176.0,cell,False,True
MDense-H/tshort,512,0.7993223860875378,1.4875444172240992,0.5373435420363112,1698693120.0,cell,False,True
MDense-H/tshort,768,0.7992137454150947,1.4875444172240992,0.5372705084709365,2000683008.0,cell,False,True
MDense-H/tshort,1024,0.7897000753280996,1.4875444172240992,0.5308749548479068,2302672896.0,cell,False,True
MDense-H/tshort,1536,0.7811699980350278,1.4875444172240992,0.5251406203337216,2906652672.0,cell,False,True
MDense-H/tshort,2048,0.7766748570617409,1.4875444172240992,0.5221187670557702,3510632448.0,cell,False,True
MDense-H/tshort,2560,0.7776599706930187,1.4875444172240992,0.5227810085457528,4114612224.0,cell,False,False
MDense-H/tshort,3072,0.7739745265680917,1.4875444172240992,0.5203034730300037,4718592000.0,cell,False,True
MDense-H/tshort,4096,0.7711240675852992,1.4875444172240992,0.5183872553024607,5926551552.0,cell,False,True
MDense-H/tshort,6144,0.7776542214303123,1.4875444172240992,0.522777143610602,8342470656.0,cell,False,False
MDense-H/tshort,8192,0.7842158225111088,1.4875444172240992,0.5271881722863313,10758389760.0,cell,False,False
MDense-H/tmedium,native,0.6930902464306984,1.569946511898904,0.44147379619473914,10758389760.0,cell,True,False
MDense-H/tmedium,32,1.4065452176523467,1.569946511898904,0.8959191966044003,1132462080.0,cell,False,True
MDense-H/tmedium,48,1.259884513641533,1.569946511898904,0.8025015528189299,1170210816.0,cell,False,False
MDense-H/tmedium,64,1.1407187229846214,1.569946511898904,0.7265971893557591,1170210816.0,cell,False,True
MDense-H/tmedium,96,1.0760755773398902,1.569946511898904,0.6854218084400469,1207959552.0,cell,False,True
MDense-H/tmedium,128,0.9345709158057361,1.569946511898904,0.5952883800323494,1245708288.0,cell,False,True
MDense-H/tmedium,192,0.8003052923425276,1.569946511898904,0.5097659609909454,1321205760.0,cell,False,True
MDense-H/tmedium,256,0.7362835043256086,1.569946511898904,0.4689863627487847,1396703232.0,cell,False,True
MDense-H/tmedium,384,0.7141724297003235,1.569946511898904,0.454902395901697,1547698176.0,cell,False,True
MDense-H/tmedium,512,0.7033916450671763,1.569946511898904,0.44803542014714887,1698693120.0,cell,False,True
MDense-H/tmedium,768,0.694093432315223,1.569946511898904,0.44211278986549246,2000683008.0,cell,False,True
MDense-H/tmedium,1024,0.6922388213252288,1.569946511898904,0.44093146873388844,2302672896.0,cell,False,True
MDense-H/tmedium,1536,0.6969756990437375,1.569946511898904,0.4439486910931262,2906652672.0,cell,False,False
MDense-H/tmedium,2048,0.7024946233472408,1.569946511898904,0.447464049267226,3510632448.0,cell,False,False
MDense-H/tmedium,2560,0.7002844128293441,1.569946511898904,0.4460562239042947,4114612224.0,cell,False,False
MDense-H/tmedium,3072,0.6981915662395048,1.569946511898904,0.44472315518254074,4718592000.0,cell,False,False
MDense-H/tmedium,4096,0.6982804486064494,1.569946511898904,0.4447797700839218,5926551552.0,cell,False,False
MDense-H/tmedium,6144,0.6925185186554007,1.569946511898904,0.4411096259692159,8342470656.0,cell,False,False
MDense-H/tmedium,8192,0.6930902473499116,1.569946511898904,0.4414737967802453,10758389760.0,cell,False,False
MDense-H/tlong,native,0.6996298819024882,1.4779178744488215,0.47338887633618343,10758389760.0,cell,True,True
MDense-H/tlong,32,1.4123764953562876,1.4779178744488215,0.9556528950453509,1132462080.0,cell,False,True
MDense-H/tlong,48,1.2853010978486816,1.4779178744488215,0.8696701759074571,1170210816.0,cell,False,False
MDense-H/tlong,64,1.1873442623283268,1.4779178744488215,0.8033898790019967,1170210816.0,cell,False,True
MDense-H/tlong,96,1.1755329819893274,1.4779178744488215,0.7953980409281766,1207959552.0,cell,False,True
MDense-H/tlong,128,1.0612775125605642,1.4779178744488215,0.718089638746916,1245708288.0,cell,False,True
MDense-H/tlong,192,0.8374059207950587,1.4779178744488215,0.5666119445962875,1321205760.0,cell,False,True
MDense-H/tlong,256,0.7538802944436424,1.4779178744488215,0.5100962018777914,1396703232.0,cell,False,True
MDense-H/tlong,384,0.7198396993544467,1.4779178744488215,0.48706339628168144,1547698176.0,cell,False,True
MDense-H/tlong,512,0.7088528613549081,1.4779178744488215,0.47962939863574594,1698693120.0,cell,False,True
MDense-H/tlong,768,0.7001966683898698,1.4779178744488215,0.47377237970750097,2000683008.0,cell,False,True
MDense-H/tlong,1024,0.705553067051386,1.4779178744488215,0.47739666679010617,2302672896.0,cell,False,False
MDense-H/tlong,1536,0.7151244328246636,1.4779178744488215,0.4838729168840752,2906652672.0,cell,False,False
MDense-H/tlong,2048,0.715184099197521,1.4779178744488215,0.48391328879775786,3510632448.0,cell,False,False
MDense-H/tlong,2560,0.7096308937418454,1.4779178744488215,0.48015583680960416,4114612224.0,cell,False,False
MDense-H/tlong,3072,0.7093251218492802,1.4779178744488215,0.47994894311283554,4718592000.0,cell,False,False
MDense-H/tlong,4096,0.7059277451323631,1.4779178744488215,0.4776501843146282,5926551552.0,cell,False,False
MDense-H/tlong,6144,0.7023345771489591,1.4779178744488215,0.47521894774490736,8342470656.0,cell,False,False
MDense-H/tlong,8192,0.6996298896462039,1.4779178744488215,0.473388881575795,10758389760.0,cell,False,False
MDense-D/tshort,native,0.6756963317059539,1.6693368812171987,0.40476930648849574,1887436800.0,cell,True,True
MDense-D/tshort,32,0.721218345801045,1.6693368812171987,0.43203882566541507,1132462080.0,cell,False,True
MDense-D/tshort,48,0.71976518751768,1.6693368812171987,0.4311683253489628,1170210816.0,cell,False,True
MDense-D/tshort,64,0.723957986196651,1.6693368812171987,0.4336799805613689,1170210816.0,cell,False,False
MDense-D/tshort,96,0.7971676934876957,1.6693368812171987,0.4775355426799413,1207959552.0,cell,False,False
MDense-D/tshort,128,0.7766834203188289,1.6693368812171987,0.465264638347,1245708288.0,cell,False,False
MDense-D/tshort,192,0.6977338567115987,1.6693368812171987,0.41797067120618897,1321205760.0,cell,False,True
MDense-D/tshort,256,0.6980958620182391,1.6693368812171987,0.4181875269593408,1396703232.0,cell,False,False
MDense-D/tshort,384,0.6943949330857728,1.6693368812171987,0.4159705215279579,1547698176.0,cell,False,True
MDense-D/tshort,512,0.6823348953076641,1.6693368812171987,0.4087460733570679,1698693120.0,cell,False,True
Solar-10T/tshort,native,1.0277968898016978,1.1057028063509833,0.9295417212457036,10758389760.0,cell,True,False
Solar-10T/tshort,32,1.888227579456893,1.1057028063509833,1.7077170905339214,1132462080.0,cell,False,True
Solar-10T/tshort,48,1.8244901674237026,1.1057028063509833,1.6500728377861733,1170210816.0,cell,False,False
Solar-10T/tshort,64,1.5125801713431872,1.1057028063509833,1.3679807654056444,1170210816.0,cell,False,True
Solar-10T/tshort,96,1.4073747479269312,1.1057028063509833,1.272832753831492,1207959552.0,cell,False,True
Solar-10T/tshort,128,1.0122578165341805,1.1057028063509833,0.915488149907851,1245708288.0,cell,False,True
Solar-10T/tshort,192,0.9941512648198984,1.1057028063509833,0.8991125455318099,1321205760.0,cell,False,True
Solar-10T/tshort,256,0.9867629392845932,1.1057028063509833,0.8924305280015407,1396703232.0,cell,False,True
Solar-10T/tshort,384,1.0426991275413144,1.1057028063509833,0.9430193371602337,1547698176.0,cell,False,False
Solar-10T/tshort,512,1.0867643670744687,1.1057028063509833,0.9828720347206001,1698693120.0,cell,False,False
Solar-10T/tshort,768,0.9342390568578168,1.1057028063509833,0.8449278155863351,2000683008.0,cell,False,True
Solar-10T/tshort,1024,0.9732743143879533,1.1057028063509833,0.8802313865874433,2302672896.0,cell,False,False
Solar-10T/tshort,1536,0.9535866904425494,1.1057028063509833,0.8624258570795852,2906652672.0,cell,False,False
Solar-10T/tshort,2048,0.9562677434370963,1.1057028063509833,0.8648506071834534,3510632448.0,cell,False,False
Solar-10T/tshort,2560,0.9825080805471796,1.1057028063509833,0.888582424593487,4114612224.0,cell,False,False
Solar-10T/tshort,3072,0.9856711634390458,1.1057028063509833,0.8914431235748932,4718592000.0,cell,False,False
Solar-10T/tshort,4096,0.9997282437853058,1.1057028063509833,0.9041563773222097,5926551552.0,cell,False,False
Solar-10T/tshort,6144,1.0223951156315656,1.1057028063509833,0.9246563450495817,8342470656.0,cell,False,False
Solar-10T/tshort,8192,1.027796890793344,1.1057028063509833,0.9295417221425504,10758389760.0,cell,False,False
Solar-10T/tmedium,native,0.8240075018666674,0.9270005404761702,0.8888964632570779,10758389760.0,cell,True,False
Solar-10T/tmedium,32,2.6969280668533777,0.9270005404761702,2.909305819248016,1132462080.0,cell,False,True
Solar-10T/tmedium,48,2.463904265385242,0.9270005404761702,2.6579318541924626,1170210816.0,cell,False,False
Solar-10T/tmedium,64,2.078056814642826,0.9270005404761702,2.2416996796737525,1170210816.0,cell,False,True
Solar-10T/tmedium,96,1.9182331527078729,0.9270005404761702,2.0692902203946275,1207959552.0,cell,False,True
Solar-10T/tmedium,128,1.6808936535629573,0.9270005404761702,1.8132607050040517,1245708288.0,cell,False,True
Solar-10T/tmedium,192,1.6082424105700746,0.9270005404761702,1.734888320285091,1321205760.0,cell,False,True
Solar-10T/tmedium,256,1.2595711552086437,0.9270005404761702,1.3587598930218991,1396703232.0,cell,False,True
Solar-10T/tmedium,384,1.1262952406357964,0.9270005404761702,1.2149887637144796,1547698176.0,cell,False,True
Solar-10T/tmedium,512,1.0067791826422459,0.9270005404761702,1.086061052483417,1698693120.0,cell,False,True
Solar-10T/tmedium,768,0.9235618330287761,0.9270005404761702,0.9962905011407786,2000683008.0,cell,False,True
Solar-10T/tmedium,1024,0.8527738693579963,0.9270005404761702,0.9199281253061125,2302672896.0,cell,False,True
Solar-10T/tmedium,1536,0.8410612704113772,0.9270005404761702,0.9072931823527862,2906652672.0,cell,False,True
Solar-10T/tmedium,2048,0.8340606180691646,0.9270005404761702,0.8997412424816221,3510632448.0,cell,False,True
Solar-10T/tmedium,2560,0.8416900630148905,0.9270005404761702,0.9079714911304598,4114612224.0,cell,False,False
Solar-10T/tmedium,3072,0.8326436518587962,0.9270005404761702,0.8982126929840775,4718592000.0,cell,False,True
Solar-10T/tmedium,4096,0.830182280934465,0.9270005404761702,0.8955574939665377,5926551552.0,cell,False,True
Solar-10T/tmedium,6144,0.8266025877643622,0.9270005404761702,0.8916959070377275,8342470656.0,cell,False,True
Solar-10T/tmedium,8192,0.8240075011963476,0.9270005404761702,0.8888964625339717,10758389760.0,cell,False,True
Solar-10T/tlong,native,0.8087932889504913,0.8709317964102903,0.928652843177945,10758389760.0,cell,True,False
Solar-10T/tlong,32,2.0178572833452195,0.8709317964102903,2.3168947231714343,1132462080.0,cell,False,True
Solar-10T/tlong,48,2.0180161956440497,0.8709317964102903,2.317077185563421,1170210816.0,cell,False,False
Solar-10T/tlong,64,2.020287551627627,0.8709317964102903,2.319685146362348,1170210816.0,cell,False,False
Solar-10T/tlong,96,1.9794530808520836,0.8709317964102903,2.272799189340397,1207959552.0,cell,False,True
Solar-10T/tlong,128,1.949781298816912,0.8709317964102903,2.238730181689661,1245708288.0,cell,False,True
Solar-10T/tlong,192,1.9161360667661245,0.8709317964102903,2.2000988764721194,1321205760.0,cell,False,True
Solar-10T/tlong,256,1.492830372795825,0.8709317964102903,1.7140611686802651,1396703232.0,cell,False,True
Solar-10T/tlong,384,1.172529062154887,0.8709317964102903,1.3462926339211483,1547698176.0,cell,False,True
Solar-10T/tlong,512,1.022522900047787,0.8709317964102903,1.1740562283548586,1698693120.0,cell,False,True
Solar-10T/tlong,768,0.9257078852725197,0.8709317964102903,1.0628936606609145,2000683008.0,cell,False,True
Solar-10T/tlong,1024,0.8831792380985739,0.8709317964102903,1.0140624578626751,2302672896.0,cell,False,True
Solar-10T/tlong,1536,0.8219915433811493,0.8709317964102903,0.9438070199861144,2906652672.0,cell,False,True
Solar-10T/tlong,2048,0.8218012951951053,0.8709317964102903,0.9435885778683409,3510632448.0,cell,False,True
Solar-10T/tlong,2560,0.8115401333228495,0.8709317964102903,0.9318067576218543,4114612224.0,cell,False,True
Solar-10T/tlong,3072,0.8066515771624353,0.8709317964102903,0.9261937392654648,4718592000.0,cell,False,True
Solar-10T/tlong,4096,0.8136442291600096,0.8709317964102903,0.9342226710674679,5926551552.0,cell,False,False
Solar-10T/tlong,6144,0.8103829556044687,0.8709317964102903,0.9304780913323121,8342470656.0,cell,False,False
Solar-10T/tlong,8192,0.8087932898384754,0.8709317964102903,0.9286528441975245,10758389760.0,cell,False,False
Solar-H/tshort,native,0.4139906391683295,0.9519362458316396,0.43489324099289345,10678918736.842106,cell,True,False
Solar-H/tshort,32,1.027045680456107,0.9519362458316396,1.0789017488863968,1132462080.0,cell,False,True
Solar-H/tshort,48,0.9297142453024353,0.9519362458316396,0.9766559991527684,1170210816.0,cell,False,False
Solar-H/tshort,64,0.885616748107419,0.9519362458316396,0.9303319964812539,1170210816.0,cell,False,True
Solar-H/tshort,96,0.8767850740160579,0.9519362458316396,0.921054406590089,1207959552.0,cell,False,True
Solar-H/tshort,128,0.8557707551115492,0.9519362458316396,0.8989790638383799,1245708288.0,cell,False,True
Solar-H/tshort,192,0.8671618628624705,0.9519362458316396,0.9109453145203987,1321205760.0,cell,False,False
Solar-H/tshort,256,0.8501709892418298,0.9519362458316396,0.8930965628891411,1396703232.0,cell,False,True
Solar-H/tshort,384,0.8051836477171572,0.9519362458316396,0.8458377871868142,1547698176.0,cell,False,True
Solar-H/tshort,512,0.768217628365553,0.9519362458316396,0.8070053343692312,1698693120.0,cell,False,True
Solar-H/tshort,768,0.6499429951930872,0.9519362458316396,0.6827589536999694,2000683008.0,cell,False,True
Solar-H/tshort,1024,0.5451870258886073,0.9519362458316396,0.5727138012402457,2302672896.0,cell,False,True
Solar-H/tshort,1536,0.46130092378339577,0.9519362458316396,0.4845922463855651,2906652672.0,cell,False,True
Solar-H/tshort,2048,0.43039652148777574,0.9519362458316396,0.4521274648091256,3510632448.0,cell,False,True
Solar-H/tshort,2560,0.4248829696730507,0.9519362458316396,0.4463355309071779,4114612224.0,cell,False,True
Solar-H/tshort,3072,0.4195528892770937,0.9519362458316396,0.44073633199097273,4718592000.0,cell,False,True
Solar-H/tshort,4096,0.41543649198015864,0.9519362458316396,0.4364120956621639,5926551552.0,cell,False,True
Solar-H/tshort,6144,0.4133526218201136,0.9519362458316396,0.4342230098182642,8342470656.0,cell,False,True
Solar-H/tshort,8192,0.4142489422436644,0.9519362458316396,0.43516458592430657,10758389760.0,cell,False,False
Solar-H/tmedium,native,0.4494984086245085,0.9349685908749716,0.4807631112012591,10531897344.0,cell,True,True
Solar-H/tmedium,32,0.8947899625322507,0.9349685908749716,0.9570267613962085,1132462080.0,cell,False,True
Solar-H/tmedium,48,0.8791502477297398,0.9349685908749716,0.9402992317709888,1170210816.0,cell,False,False
Solar-H/tmedium,64,0.86425404935941,0.9349685908749716,0.9243669335999994,1170210816.0,cell,False,True
Solar-H/tmedium,96,0.8225845836761895,0.9349685908749716,0.8797991629926201,1207959552.0,cell,False,True
Solar-H/tmedium,128,0.8169721227668446,0.9349685908749716,0.8737963293529439,1245708288.0,cell,False,True
Solar-H/tmedium,192,0.8807485225513668,0.9349685908749716,0.9420086740316441,1321205760.0,cell,False,False
Solar-H/tmedium,256,0.9109257035558965,0.9349685908749716,0.9742848181706564,1396703232.0,cell,False,False
Solar-H/tmedium,384,0.8570699762296012,0.9349685908749716,0.9166831748086098,1547698176.0,cell,False,False
Solar-H/tmedium,512,0.7935996731575736,0.9349685908749716,0.8487982172908068,1698693120.0,cell,False,True
Solar-H/tmedium,768,0.6812976250982995,0.9349685908749716,0.7286850400618493,2000683008.0,cell,False,True
Solar-H/tmedium,1024,0.5520696952448333,0.9349685908749716,0.5904687073265102,2302672896.0,cell,False,True
Solar-H/tmedium,1536,0.4716302703125478,0.9349685908749716,0.5044343466887824,2906652672.0,cell,False,True
Solar-H/tmedium,2048,0.46410499783011766,0.9349685908749716,0.4963856565446699,3510632448.0,cell,False,True
Solar-H/tmedium,2560,0.45771820605029934,0.9349685908749716,0.4895546337251318,4114612224.0,cell,False,True
Solar-H/tmedium,3072,0.45416547039833977,0.9349685908749716,0.4857547888034593,4718592000.0,cell,False,True
Solar-H/tmedium,4096,0.4529931834648155,0.9349685908749716,0.4845009638675572,5926551552.0,cell,False,True
Solar-H/tmedium,6144,0.45084648763420776,0.9349685908749716,0.48220495536892005,8342470656.0,cell,False,True
Solar-H/tmedium,8192,0.44999931299245866,0.9349685908749716,0.4812988557950763,10758389760.0,cell,False,False
Solar-H/tlong,native,0.4722214561498237,1.071196647792778,0.44083544988947215,10173284352.0,cell,True,False
Solar-H/tlong,32,1.3272732991797471,1.071196647792778,1.2390566213165624,1132462080.0,cell,False,True
Solar-H/tlong,48,1.1489997012547932,1.071196647792778,1.072631905283059,1170210816.0,cell,False,False
Solar-H/tlong,64,1.0967360221369058,1.071196647792778,1.023841910256863,1170210816.0,cell,False,True
Solar-H/tlong,96,1.0791075176744775,1.071196647792778,1.0073850771452657,1207959552.0,cell,False,True
Solar-H/tlong,128,1.078133194529073,1.071196647792778,1.0064755119898743,1245708288.0,cell,False,True
Solar-H/tlong,192,0.9375279186795893,1.071196647792778,0.8752155083862373,1321205760.0,cell,False,True
Solar-H/tlong,256,0.9216855808400968,1.071196647792778,0.8604261250623294,1396703232.0,cell,False,True
Solar-H/tlong,384,0.8413949284373423,1.071196647792778,0.7854719580863638,1547698176.0,cell,False,True
Solar-H/tlong,512,0.8263365392140816,1.071196647792778,0.7714144185540204,1698693120.0,cell,False,True
Solar-H/tlong,768,0.6153431236779191,1.071196647792778,0.5744445942263224,2000683008.0,cell,False,True
Solar-H/tlong,1024,0.5524021638018229,1.071196647792778,0.5156869795476476,2302672896.0,cell,False,True
Solar-H/tlong,1536,0.49937555341398043,1.071196647792778,0.46618476116682567,2906652672.0,cell,False,True
Solar-H/tlong,2048,0.48728827543358,1.071196647792778,0.4549008591817826,3510632448.0,cell,False,True
Solar-H/tlong,2560,0.4784959889777524,1.071196647792778,0.4466929484550787,4114612224.0,cell,False,True
Solar-H/tlong,3072,0.47231994325305354,1.071196647792778,0.44092739108760115,4718592000.0,cell,False,True
Solar-H/tlong,4096,0.47228425976877203,1.071196647792778,0.44089407929153174,5926551552.0,cell,False,True
Solar-H/tlong,6144,0.4703607971294637,1.071196647792778,0.4390984588111357,8342470656.0,cell,False,True
Solar-D/tshort,native,0.9821156408939068,1.155861190610263,0.8496830319005492,1491075072.0,cell,True,False
Solar-D/tshort,32,1.019190495733301,1.155861190610263,0.8817585571803793,1132462080.0,cell,False,True
Solar-D/tshort,48,0.9678534281789354,1.155861190610263,0.8373439960103993,1170210816.0,cell,False,True
Solar-D/tshort,64,0.9682594967918056,1.155861190610263,0.8376953086214368,1170210816.0,cell,False,False
Solar-D/tshort,96,0.9838687678813574,1.155861190610263,0.8511997598620832,1207959552.0,cell,False,False
Solar-D/tshort,128,0.9918978528308576,1.155861190610263,0.8581461691841759,1245708288.0,cell,False,False
Solar-D/tshort,192,0.9780190641946038,1.155861190610263,0.8461388548552587,1321205760.0,cell,False,False
Solar-D/tshort,256,0.9761262080378238,1.155861190610263,0.8445012393940279,1396703232.0,cell,False,False
Solar-W/tshort,native,1.1156862465932973,1.4703506784640206,0.7587892214657131,1170210816.0,cell,True,True
HierSales-D/tshort,native,0.7452200022176643,1.134803399686105,0.6566952499647054,3133145088.0,cell,True,True
HierSales-D/tshort,32,0.7738136849865664,1.134803399686105,0.6818922865410951,1132462080.0,cell,False,True
HierSales-D/tshort,48,0.7692842625981443,1.134803399686105,0.6779009146526472,1170210816.0,cell,False,False
HierSales-D/tshort,64,0.7681053843388312,1.134803399686105,0.6768620754496284,1170210816.0,cell,False,True
HierSales-D/tshort,96,0.7653361345526196,1.134803399686105,0.6744217850989142,1207959552.0,cell,False,True
HierSales-D/tshort,128,0.7594123847635847,1.134803399686105,0.6692017180893569,1245708288.0,cell,False,True
HierSales-D/tshort,192,0.7570827622587016,1.134803399686105,0.6671488316549953,1321205760.0,cell,False,True
HierSales-D/tshort,256,0.7558559638687664,1.134803399686105,0.6660677647580556,1396703232.0,cell,False,True
HierSales-D/tshort,384,0.7480735779866468,1.134803399686105,0.659209849206981,1547698176.0,cell,False,True
HierSales-D/tshort,512,0.7488622577618982,1.134803399686105,0.6599048416395641,1698693120.0,cell,False,False
HierSales-D/tshort,768,0.7456807066948681,1.134803399686105,0.6571012273149065,2000683008.0,cell,False,True
HierSales-D/tshort,1024,0.7475736350375453,1.134803399686105,0.6587692945265493,2302672896.0,cell,False,False
HierSales-D/tshort,1536,0.746182528074116,1.134803399686105,0.6575434372865957,2906652672.0,cell,False,False
HierSales-W/tshort,native,0.7229926577630311,1.0250133777288335,0.7053494846720901,1396703232.0,cell,True,True
HierSales-W/tshort,32,0.798704448852534,1.0250133777288335,0.7792136826762769,1132462080.0,cell,False,True
HierSales-W/tshort,48,0.7664128682661507,1.0250133777288335,0.7477101127834301,1170210816.0,cell,False,False
HierSales-W/tshort,64,0.7531755727422357,1.0250133777288335,0.7347958466757569,1170210816.0,cell,False,True
HierSales-W/tshort,96,0.7456446609377969,1.0250133777288335,0.7274487115377499,1207959552.0,cell,False,True
HierSales-W/tshort,128,0.7347726939266476,1.0250133777288335,0.7168420528859001,1245708288.0,cell,False,True
HierSales-W/tshort,192,0.7261727857452048,1.0250133777288335,0.7084520080647311,1321205760.0,cell,False,True
M4-Yearly/tshort,native,3.591288645967449,3.965954931783283,0.9055293637319862,1147894139.2196395,cell,True,True
M4-Yearly/tshort,32,3.6334961658438436,3.965954931783283,0.9161718245270251,1132462080.0,cell,False,True
M4-Yearly/tshort,48,3.6148252903932065,3.965954931783283,0.9114640364225743,1170210816.0,cell,False,False
M4-Yearly/tshort,64,3.6158103718759564,3.965954931783283,0.9117124208595369,1170210816.0,cell,False,False
M4-Yearly/tshort,96,3.6162091788480963,3.965954931783283,0.911812978475294,1207959552.0,cell,False,False
M4-Yearly/tshort,128,3.616423169311622,3.965954931783283,0.9118669353323956,1245708288.0,cell,False,False
M4-Yearly/tshort,192,3.616306243067887,3.965954931783283,0.9118374528380793,1321205760.0,cell,False,False
M4-Yearly/tshort,256,3.6160935787534427,3.965954931783283,0.9117838303642735,1396703232.0,cell,False,False
M4-Quarterly/tshort,native,1.1930237006767117,1.602247174616002,0.7445940424033728,1222887604.224,cell,True,True
M4-Quarterly/tshort,32,1.2540995615345532,1.602247174616002,0.782712918083387,1132462080.0,cell,False,True
M4-Quarterly/tshort,48,1.2303218328744518,1.602247174616002,0.7678726805490004,1170210816.0,cell,False,False
M4-Quarterly/tshort,64,1.2146151819545754,1.602247174616002,0.7580697917259068,1170210816.0,cell,False,True
M4-Quarterly/tshort,96,1.1956018902620487,1.602247174616002,0.7462031509268158,1207959552.0,cell,False,True
M4-Quarterly/tshort,128,1.1941938895735744,1.602247174616002,0.7453243847097296,1245708288.0,cell,False,False
M4-Quarterly/tshort,192,1.193995526861164,1.602247174616002,0.7452005818935642,1321205760.0,cell,False,False
M4-Quarterly/tshort,256,1.1940100814425718,1.602247174616002,0.7452096657488135,1396703232.0,cell,False,False
M4-Quarterly/tshort,384,1.1938810457618148,1.602247174616002,0.7451291315573346,1547698176.0,cell,False,False
M4-Quarterly/tshort,512,1.1938478237258368,1.602247174616002,0.7451083969063368,1698693120.0,cell,False,False
M4-Quarterly/tshort,768,1.1938427745021098,1.602247174616002,0.7451052455675128,2000683008.0,cell,False,False
M4-Monthly/tshort,native,0.9443784943698418,1.259717038974429,0.7496750977812341,1370850852.864,cell,True,True
M4-Monthly/tshort,32,0.9976562823980073,1.259717038974429,0.7919685544701589,1132462080.0,cell,False,True
M4-Monthly/tshort,48,0.9833607088143915,1.259717038974429,0.7806203126497147,1170210816.0,cell,False,False
M4-Monthly/tshort,64,0.9708075047559279,1.259717038974429,0.7706552144013941,1170210816.0,cell,False,True
M4-Monthly/tshort,96,0.9736602693763281,1.259717038974429,0.7729198218744523,1207959552.0,cell,False,False
M4-Monthly/tshort,128,0.9662845769750478,1.259717038974429,0.7670647828672121,1245708288.0,cell,False,True
M4-Monthly/tshort,192,0.9534519837180759,1.259717038974429,0.7568778973524943,1321205760.0,cell,False,True
M4-Monthly/tshort,256,0.9504187520635232,1.259717038974429,0.7544700299023389,1396703232.0,cell,False,False
M4-Monthly/tshort,384,0.9479890503052917,1.259717038974429,0.7525412620258564,1547698176.0,cell,False,False
M4-Monthly/tshort,512,0.9477657268887447,1.259717038974429,0.7523639814067669,1698693120.0,cell,False,False
M4-Monthly/tshort,768,0.9478310933902823,1.259717038974429,0.7524158712356056,2000683008.0,cell,False,False
M4-Monthly/tshort,1024,0.9478487755670965,1.259717038974429,0.7524299078615042,2302672896.0,cell,False,False
M4-Monthly/tshort,1536,0.9478625391839736,1.259717038974429,0.7524408338206293,2906652672.0,cell,False,False
M4-Monthly/tshort,2048,0.9478710424632669,1.259717038974429,0.7524475839708855,3510632448.0,cell,False,False
M4-Monthly/tshort,2560,0.9478754298114092,1.259717038974429,0.7524510667753618,4114612224.0,cell,False,False
M4-Weekly/tshort,native,2.056925200882937,2.777295047362158,0.7406217797552984,2321494689.1587744,cell,True,False
M4-Weekly/tshort,32,2.62445973335046,2.777295047362158,0.9449697236320429,1132462080.0,cell,False,True
M4-Weekly/tshort,48,2.5076879944171546,2.777295047362158,0.9029245908888677,1170210816.0,cell,False,False
M4-Weekly/tshort,64,2.4054242209386496,2.777295047362158,0.8661032335125118,1170210816.0,cell,False,True
M4-Weekly/tshort,96,2.2336472232588753,2.777295047362158,0.8042527657910769,1207959552.0,cell,False,True
M4-Weekly/tshort,128,2.1942954626822724,2.777295047362158,0.7900836696361765,1245708288.0,cell,False,True
M4-Weekly/tshort,192,2.0003402745498904,2.777295047362158,0.720247665601748,1321205760.0,cell,False,True
M4-Weekly/tshort,256,2.027038049903149,2.777295047362158,0.7298605352817684,1396703232.0,cell,False,False
M4-Weekly/tshort,384,2.0160658205864976,2.777295047362158,0.7259098461653662,1547698176.0,cell,False,False
M4-Weekly/tshort,512,2.025127024689298,2.777295047362158,0.729172446626706,1698693120.0,cell,False,False
M4-Weekly/tshort,768,2.0675612682250715,2.777295047362158,0.7444514295263001,2000683008.0,cell,False,False
M4-Weekly/tshort,1024,2.088025636377742,2.777295047362158,0.751819882572766,2302672896.0,cell,False,False
M4-Weekly/tshort,1536,2.098654472599763,2.777295047362158,0.7556469286880558,2906652672.0,cell,False,False
M4-Weekly/tshort,2048,2.104199049893927,2.777295047362158,0.7576433234533259,3510632448.0,cell,False,False
M4-Weekly/tshort,2560,2.1038894724345814,2.777295047362158,0.7575318561968527,4114612224.0,cell,False,False
M4-Daily/tshort,native,3.28875061254548,3.278424296610481,1.0031497801994926,3898371889.601136,cell,True,True
M4-Daily/tshort,32,3.445282107835095,3.278424296610481,1.05089573408699,1132462080.0,cell,False,True
M4-Daily/tshort,48,3.4353380865420924,3.278424296610481,1.0478625631507925,1170210816.0,cell,False,True
M4-Daily/tshort,64,3.461104753031086,3.278424296610481,1.0557220298206904,1170210816.0,cell,False,False
M4-Daily/tshort,96,3.4057823484698506,3.278424296610481,1.0388473365058464,1207959552.0,cell,False,True
M4-Daily/tshort,128,3.3899946064246875,3.278424296610481,1.0340316870911304,1245708288.0,cell,False,True
M4-Daily/tshort,192,3.3348863069422245,3.278424296610481,1.0172223010883976,1321205760.0,cell,False,True
M4-Daily/tshort,256,3.302861060899888,3.278424296610481,1.007453813807649,1396703232.0,cell,False,True
M4-Daily/tshort,384,3.318810960767663,3.278424296610481,1.012318925344391,1547698176.0,cell,False,False
M4-Daily/tshort,512,3.2974422991633556,3.278424296610481,1.00580095827515,1698693120.0,cell,False,True
M4-Daily/tshort,768,3.3264139837333375,3.278424296610481,1.014638034244827,2000683008.0,cell,False,False
M4-Daily/tshort,1024,3.3653217603516006,3.278424296610481,1.0265058625361463,2302672896.0,cell,False,False
M4-Daily/tshort,1536,3.31552039418367,3.278424296610481,1.0113152216482602,2906652672.0,cell,False,False
M4-Daily/tshort,2048,3.325334361546204,3.278424296610481,1.0143087229387064,3510632448.0,cell,False,False
M4-Daily/tshort,2560,3.3084950839714073,3.278424296610481,1.009172329338828,4114612224.0,cell,False,False
M4-Daily/tshort,3072,3.2998140595945658,3.278424296610481,1.006524403508783,4718592000.0,cell,False,False
M4-Daily/tshort,4096,3.2938878550932507,3.278424296610481,1.0047167654591742,5926551552.0,cell,False,False
M4-Daily/tshort,6144,3.2942257935920822,3.278424296610481,1.0048198450084507,8342470656.0,cell,False,False
M4-Daily/tshort,8192,3.294433415079478,3.278424296610481,1.004883174665814,10758389760.0,cell,False,False
M4-Hourly/tshort,native,0.7446396546295921,1.1932101877276544,0.6240641106557105,2103899358.608696,cell,True,False
M4-Hourly/tshort,32,1.3748038497213046,1.1932101877276544,1.1521891648775449,1132462080.0,cell,False,True
M4-Hourly/tshort,48,1.2033049218557195,1.1932101877276544,1.0084601474508774,1170210816.0,cell,False,False
M4-Hourly/tshort,64,1.1676842742186944,1.1932101877276544,0.9786073620796253,1170210816.0,cell,False,True
M4-Hourly/tshort,96,1.2884215185857388,1.1932101877276544,1.079794265785984,1207959552.0,cell,False,False
M4-Hourly/tshort,128,0.9248691690393807,1.1932101877276544,0.7751100171217097,1245708288.0,cell,False,True
M4-Hourly/tshort,192,0.7196349932099835,1.1932101877276544,0.6031083212425918,1321205760.0,cell,False,True
M4-Hourly/tshort,256,0.7339049956786723,1.1932101877276544,0.6150676580094565,1396703232.0,cell,False,False
M4-Hourly/tshort,384,0.7292497910613917,1.1932101877276544,0.6111662459488153,1547698176.0,cell,False,False
M4-Hourly/tshort,512,0.7321240644258951,1.1932101877276544,0.6135751034946741,1698693120.0,cell,False,False
M4-Hourly/tshort,768,0.7291636110193197,1.1932101877276544,0.6110940205831937,2000683008.0,cell,False,False
Hospital/tshort,native,0.7647301849286045,0.9205278266364826,0.8307518391082784,1207959552.0,cell,True,False
Hospital/tshort,32,0.773796086618126,0.9205278266364826,0.840600429696406,1132462080.0,cell,False,True
Hospital/tshort,48,0.7820789118878687,0.9205278266364826,0.8495983383202087,1170210816.0,cell,False,False
Hospital/tshort,64,0.7626719973659819,0.9205278266364826,0.8285159614921254,1170210816.0,cell,False,True
CovidDeaths-D/tshort,native,34.19761323929527,46.91239825526407,0.7289674907093017,1321205760.0,cell,True,True
CovidDeaths-D/tshort,32,43.9705177383733,46.91239825526407,0.9372899142592724,1132462080.0,cell,False,True
CovidDeaths-D/tshort,48,39.32925494082785,46.91239825526407,0.8383552409072305,1170210816.0,cell,False,False
CovidDeaths-D/tshort,64,38.00429226305217,46.91239825526407,0.8101119038139919,1170210816.0,cell,False,True
CovidDeaths-D/tshort,96,36.187929035888004,46.91239825526407,0.7713937121478827,1207959552.0,cell,False,True
CovidDeaths-D/tshort,128,35.3783658326522,46.91239825526407,0.7541367985526591,1245708288.0,cell,False,True
USBirths-D/tshort,native,0.3845596434919525,1.8648391912491091,0.20621598114010367,9359799091.2,cell,True,True
USBirths-D/tshort,32,0.503245838010437,1.8648391912491091,0.269860179028816,1132462080.0,cell,False,True
USBirths-D/tshort,48,0.4978089024411268,1.8648391912491091,0.2669446806872842,1170210816.0,cell,False,True
USBirths-D/tshort,64,0.5076374972980873,1.8648391912491091,0.2722151591838119,1170210816.0,cell,False,False
USBirths-D/tshort,96,0.5236459788749424,1.8648391912491091,0.28079953560188375,1207959552.0,cell,False,False
USBirths-D/tshort,128,0.5204892230997699,1.8648391912491091,0.2791067592005802,1245708288.0,cell,False,False
USBirths-D/tshort,192,0.5044873132953023,1.8648391912491091,0.27052590682491284,1321205760.0,cell,False,False
USBirths-D/tshort,256,0.4996726397881521,1.8648391912491091,0.2679440898351459,1396703232.0,cell,False,False
USBirths-D/tshort,384,0.4812422723490215,1.8648391912491091,0.25806100311881325,1547698176.0,cell,False,True
USBirths-D/tshort,512,0.4574443324211175,1.8648391912491091,0.24529961326837596,1698693120.0,cell,False,True
USBirths-D/tshort,768,0.426769753070243,1.8648391912491091,0.22885069933798607,2000683008.0,cell,False,True
USBirths-D/tshort,1024,0.42591537779001004,1.8648391912491091,0.22839254976442383,2302672896.0,cell,False,True
USBirths-D/tshort,1536,0.4255350242398044,1.8648391912491091,0.22818858925566227,2906652672.0,cell,False,True
USBirths-D/tshort,2048,0.409718872303798,1.8648391912491091,0.21970734754311955,3510632448.0,cell,False,True
USBirths-D/tshort,2560,0.39900193823649277,1.8648391912491091,0.21396050668006003,4114612224.0,cell,False,True
USBirths-D/tshort,3072,0.39858318163489,1.8648391912491091,0.21373595294718709,4718592000.0,cell,False,True
USBirths-D/tshort,4096,0.4023664709344144,1.8648391912491091,0.215764701226008,5926551552.0,cell,False,False
USBirths-D/tshort,6144,0.3863683135569437,1.8648391912491091,0.20718586104904088,8342470656.0,cell,False,True
USBirths-W/tshort,native,1.1223815537954722,1.5634204337929731,0.7179012948375582,2275709513.142857,cell,True,False
USBirths-W/tshort,32,1.4714745661026083,1.5634204337929731,0.94118928875242,1132462080.0,cell,False,True
USBirths-W/tshort,48,1.4421547409149105,1.5634204337929731,0.9224356479825051,1170210816.0,cell,False,False
USBirths-W/tshort,64,1.4273480323057808,1.5634204337929731,0.9129649334587046,1170210816.0,cell,False,True
USBirths-W/tshort,96,1.2434724704752675,1.5634204337929731,0.7953538559416878,1207959552.0,cell,False,True
USBirths-W/tshort,128,1.239659302893941,1.5634204337929731,0.7929148654443746,1245708288.0,cell,False,True
USBirths-W/tshort,192,1.2265126060908709,1.5634204337929731,0.7845059330043813,1321205760.0,cell,False,True
USBirths-W/tshort,256,1.147301303613572,1.5634204337929731,0.7338405452653158,1396703232.0,cell,False,True
USBirths-W/tshort,384,1.1449685743934712,1.5634204337929731,0.7323484775081858,1547698176.0,cell,False,True
USBirths-W/tshort,512,1.114594642850396,1.5634204337929731,0.7129206058451643,1698693120.0,cell,False,True
USBirths-W/tshort,768,1.095679306336473,1.5634204337929731,0.7008219175428546,2000683008.0,cell,False,True
USBirths-W/tshort,1024,1.0845859397135202,1.5634204337929731,0.6937263427485304,2302672896.0,cell,False,True
USBirths-M/tshort,native,0.732109195656899,0.7605310792868888,0.9626288991941795,1377828864.0,cell,True,False
USBirths-M/tshort,32,0.668551624080392,0.7605310792868888,0.8790589132889333,1132462080.0,cell,False,True
USBirths-M/tshort,48,0.7412633786629782,0.7605310792868888,0.9746654658189946,1170210816.0,cell,False,False
USBirths-M/tshort,64,0.756103725104663,0.7605310792868888,0.9941786018970097,1170210816.0,cell,False,False
USBirths-M/tshort,96,0.8079062814728609,0.7605310792868888,1.062292263230575,1207959552.0,cell,False,False
USBirths-M/tshort,128,0.6698809138137035,0.7605310792868888,0.8808067573541066,1245708288.0,cell,False,False
USBirths-M/tshort,192,0.6786038225482308,0.7605310792868888,0.8922762540940773,1321205760.0,cell,False,False
SaugeenDay-D/tshort,native,2.918765639333658,3.413049305768806,0.8551782813100006,10758389760.0,cell,True,False
SaugeenDay-D/tshort,32,3.8107685498532784,3.413049305768806,1.1165290063088862,1132462080.0,cell,False,True
SaugeenDay-D/tshort,48,3.744663483515059,3.413049305768806,1.0971606759930927,1170210816.0,cell,False,False
SaugeenDay-D/tshort,64,3.674417633523746,3.413049305768806,1.0765791245128424,1170210816.0,cell,False,True
SaugeenDay-D/tshort,96,3.462700136282706,3.413049305768806,1.014547352254765,1207959552.0,cell,False,True
SaugeenDay-D/tshort,128,3.4902936097250814,3.413049305768806,1.022632050414776,1245708288.0,cell,False,False
SaugeenDay-D/tshort,192,3.538216078676281,3.413049305768806,1.0366730046049777,1321205760.0,cell,False,False
SaugeenDay-D/tshort,256,3.5597320064163465,3.413049305768806,1.042977023625066,1396703232.0,cell,False,False
SaugeenDay-D/tshort,384,3.5214344961783453,3.413049305768806,1.0317561162173499,1547698176.0,cell,False,False
SaugeenDay-D/tshort,512,3.4035613583737976,3.413049305768806,0.9972200965925188,1698693120.0,cell,False,True
SaugeenDay-D/tshort,768,3.4360689183596067,3.413049305768806,1.0067445883515052,2000683008.0,cell,False,False
SaugeenDay-D/tshort,1024,3.4485122066767446,3.413049305768806,1.0103903863468948,2302672896.0,cell,False,False
SaugeenDay-D/tshort,1536,3.2163575410600758,3.413049305768806,0.9423706641517667,2906652672.0,cell,False,True
SaugeenDay-D/tshort,2048,3.095867489577291,3.413049305768806,0.9070679067965974,3510632448.0,cell,False,True
SaugeenDay-D/tshort,2560,3.0106988906090906,3.413049305768806,0.8821140923807769,4114612224.0,cell,False,True
SaugeenDay-D/tshort,3072,2.983273668551033,3.413049305768806,0.8740786907205362,4718592000.0,cell,False,True
SaugeenDay-D/tshort,4096,2.9554529881091596,3.413049305768806,0.8659274224705141,5926551552.0,cell,False,True
SaugeenDay-D/tshort,6144,2.9497050133130354,3.413049305768806,0.864243305342054,8342470656.0,cell,False,True
SaugeenDay-D/tshort,8192,2.9187655194266964,3.413049305768806,0.8551782461780846,10758389760.0,cell,False,True
SaugeenDay-W/tshort,native,1.2250428953177004,1.990658004828632,0.6153959607055455,5011144704.0,cell,True,False
SaugeenDay-W/tshort,32,1.5279167819979533,1.990658004828632,0.767543585232505,1132462080.0,cell,False,True
SaugeenDay-W/tshort,48,1.5191550969661405,1.990658004828632,0.7631421837810451,1170210816.0,cell,False,False
SaugeenDay-W/tshort,64,1.4971142260337944,1.990658004828632,0.7520700303127533,1170210816.0,cell,False,True
SaugeenDay-W/tshort,96,1.4900689368016296,1.990658004828632,0.7485308542136567,1207959552.0,cell,False,True
SaugeenDay-W/tshort,128,1.4625386251365897,1.990658004828632,0.73470109963087,1245708288.0,cell,False,True
SaugeenDay-W/tshort,192,1.3710103090116648,1.990658004828632,0.6887221741183462,1321205760.0,cell,False,True
SaugeenDay-W/tshort,256,1.2816842386973308,1.990658004828632,0.6438495389908354,1396703232.0,cell,False,True
SaugeenDay-W/tshort,384,1.2368914297979434,1.990658004828632,0.6213480300471916,1547698176.0,cell,False,True
SaugeenDay-W/tshort,512,1.2428199936803142,1.990658004828632,0.6243262231210347,1698693120.0,cell,False,False
SaugeenDay-W/tshort,768,1.2341994577492448,1.990658004828632,0.6199957274205381,2000683008.0,cell,False,True
SaugeenDay-W/tshort,1024,1.2210850967167508,1.990658004828632,0.6134077745925369,2302672896.0,cell,False,True
SaugeenDay-W/tshort,1536,1.203977364776486,1.990658004828632,0.6048137660291536,2906652672.0,cell,False,True
SaugeenDay-W/tshort,2048,1.2256424173431122,1.990658004828632,0.6156971284721622,3510632448.0,cell,False,False
SaugeenDay-W/tshort,2560,1.2262919582282936,1.990658004828632,0.6160234230358722,4114612224.0,cell,False,False
SaugeenDay-W/tshort,3072,1.222747871127211,1.990658004828632,0.6142430634299098,4718592000.0,cell,False,False
SaugeenDay-M/tshort,native,0.7552463961486717,0.9763741730697156,0.7735214807804479,1973719625.142857,cell,True,True
SaugeenDay-M/tshort,32,0.9826944614238703,0.9763741730697156,1.0064732236149627,1132462080.0,cell,False,True
SaugeenDay-M/tshort,48,0.8986210002464164,0.9763741730697156,0.9203653937518199,1170210816.0,cell,False,False
SaugeenDay-M/tshort,64,0.860437865712806,0.9763741730697156,0.881258322316734,1170210816.0,cell,False,True
SaugeenDay-M/tshort,96,0.834474894200975,0.9763741730697156,0.854667111459319,1207959552.0,cell,False,True
SaugeenDay-M/tshort,128,0.8050967467969355,0.9763741730697156,0.8245780859460009,1245708288.0,cell,False,True
SaugeenDay-M/tshort,192,0.77308754128743,0.9763741730697156,0.7917943372640086,1321205760.0,cell,False,True
SaugeenDay-M/tshort,256,0.7781633486010312,0.9763741730697156,0.7969929664920258,1396703232.0,cell,False,False
SaugeenDay-M/tshort,384,0.7620742760697363,0.9763741730697156,0.7805145784159555,1547698176.0,cell,False,True
SaugeenDay-M/tshort,512,0.7573721850190489,0.9763741730697156,0.7756987084550531,1698693120.0,cell,False,True
SaugeenDay-M/tshort,768,0.7556006905137749,0.9763741730697156,0.7738843481881233,2000683008.0,cell,False,False
Electricity-15T/tshort,native,0.9911091023265204,1.7170601412372184,0.5772128060770091,10758389760.0,cell,True,True
Electricity-15T/tshort,32,2.5038714402891658,1.7170601412372184,1.4582316484762232,1132462080.0,cell,False,True
Electricity-15T/tshort,48,2.440158046537407,1.7170601412372184,1.421125555205751,1170210816.0,cell,False,False
Electricity-15T/tshort,64,2.1283196077672395,1.7170601412372184,1.23951372270146,1170210816.0,cell,False,True
Electricity-15T/tshort,96,1.9142631760442803,1.7170601412372184,1.1148492298382562,1207959552.0,cell,False,True
Electricity-15T/tshort,128,1.5710693574925736,1.7170601412372184,0.9149763131538002,1245708288.0,cell,False,True
Electricity-15T/tshort,192,1.350615527527677,1.7170601412372184,0.7865860345197334,1321205760.0,cell,False,True
Electricity-15T/tshort,256,1.2908590810866714,1.7170601412372184,0.7517844308915993,1396703232.0,cell,False,True
Electricity-15T/tshort,384,1.2196525053860878,1.7170601412372184,0.7103143775192835,1547698176.0,cell,False,True
Electricity-15T/tshort,512,1.190491846299885,1.7170601412372184,0.6933314784431969,1698693120.0,cell,False,True
Electricity-15T/tshort,768,1.093615020529982,1.7170601412372184,0.6369113080348972,2000683008.0,cell,False,True
Electricity-15T/tshort,1024,1.0616161588891804,1.7170601412372184,0.6182754659509122,2302672896.0,cell,False,True
Electricity-15T/tshort,1536,1.0258236604873456,1.7170601412372184,0.5974302447835018,2906652672.0,cell,False,True
Electricity-15T/tshort,2048,1.0160579173654447,1.7170601412372184,0.5917427660008051,3510632448.0,cell,False,True
Electricity-15T/tshort,2560,1.0189895229304817,1.7170601412372184,0.5934501060610808,4114612224.0,cell,False,False
Electricity-15T/tshort,3072,1.0149928184157961,1.7170601412372184,0.5911224621896171,4718592000.0,cell,False,True
Electricity-15T/tshort,4096,1.011164033881148,1.7170601412372184,0.5888926133667975,5926551552.0,cell,False,True
Electricity-15T/tshort,6144,0.9975925520780469,1.7170601412372184,0.5809887074539142,8342470656.0,cell,False,True
Electricity-15T/tshort,8192,0.9911091034887388,1.7170601412372184,0.5772128067538744,10758389760.0,cell,False,False
Electricity-15T/tmedium,native,0.8316938645117602,1.1507882041044135,0.7227167097693841,10758389760.0,cell,True,False
Electricity-15T/tmedium,32,2.530503996403234,1.1507882041044135,2.198931121624215,1132462080.0,cell,False,True
Electricity-15T/tmedium,48,2.459066871592763,1.1507882041044135,2.136854429704987,1170210816.0,cell,False,False
Electricity-15T/tmedium,64,2.3065501341764776,1.1507882041044135,2.004322016814138,1170210816.0,cell,False,True
Electricity-15T/tmedium,96,2.2666323467535427,1.1507882041044135,1.9696346718443478,1207959552.0,cell,False,True
Electricity-15T/tmedium,128,1.4327288500503432,1.1507882041044135,1.244997858806996,1245708288.0,cell,False,True
Electricity-15T/tmedium,192,1.278199276600582,1.1507882041044135,1.1107163525327621,1321205760.0,cell,False,True
Electricity-15T/tmedium,256,1.1962226058127587,1.1507882041044135,1.0394811152445762,1396703232.0,cell,False,True
Electricity-15T/tmedium,384,1.103858115629742,1.1507882041044135,0.9592191783794011,1547698176.0,cell,False,True
Electricity-15T/tmedium,512,0.9829063177117837,1.1507882041044135,0.8541157392873333,1698693120.0,cell,False,True
Electricity-15T/tmedium,768,0.9089638017878043,1.1507882041044135,0.7898619385790403,2000683008.0,cell,False,True
Electricity-15T/tmedium,1024,0.8795490780488809,1.1507882041044135,0.7643014369732604,2302672896.0,cell,False,True
Electricity-15T/tmedium,1536,0.8524369937470282,1.1507882041044135,0.7407418591072773,2906652672.0,cell,False,True
Electricity-15T/tmedium,2048,0.8410932714930864,1.1507882041044135,0.7308845089767467,3510632448.0,cell,False,True
Electricity-15T/tmedium,2560,0.8389772161571749,1.1507882041044135,0.7290457211543095,4114612224.0,cell,False,True
Electricity-15T/tmedium,3072,0.8367378263389138,1.1507882041044135,0.7270997594123713,4718592000.0,cell,False,True
Electricity-15T/tmedium,4096,0.8354422726491089,1.1507882041044135,0.7259739626018163,5926551552.0,cell,False,True
Electricity-15T/tmedium,6144,0.8328329595055152,1.1507882041044135,0.7237065487247125,8342470656.0,cell,False,True
Electricity-15T/tmedium,8192,0.831693864364974,1.1507882041044135,0.7227167096418313,10758389760.0,cell,False,True
Electricity-15T/tlong,native,0.8794274108501815,1.1635317075319347,0.7558259093047057,10758389760.0,cell,True,True
Electricity-15T/tlong,32,2.692329642586057,1.1635317075319347,2.313928898677789,1132462080.0,cell,False,True
Electricity-15T/tlong,48,2.692118494843614,1.1635317075319347,2.313747427265299,1170210816.0,cell,False,False
Electricity-15T/tlong,64,2.397465913254467,1.1635317075319347,2.060507588864883,1170210816.0,cell,False,True
Electricity-15T/tlong,96,2.232176782736133,1.1635317075319347,1.9184494657829239,1207959552.0,cell,False,True
Electricity-15T/tlong,128,1.4192717040514669,1.1635317075319347,1.2197963277356694,1245708288.0,cell,False,True
Electricity-15T/tlong,192,1.194721027555244,1.1635317075319347,1.0268057327715354,1321205760.0,cell,False,True
Electricity-15T/tlong,256,1.1369893919707594,1.1635317075319347,0.9771881458929242,1396703232.0,cell,False,True
Electricity-15T/tlong,384,1.0806298690180192,1.1635317075319347,0.928749824368976,1547698176.0,cell,False,True
Electricity-15T/tlong,512,1.0088552280823462,1.1635317075319347,0.8670629442684584,1698693120.0,cell,False,True
Electricity-15T/tlong,768,0.9464242703100461,1.1635317075319347,0.8134065141358171,2000683008.0,cell,False,True
Electricity-15T/tlong,1024,0.9193625312427373,1.1635317075319347,0.7901482403026856,2302672896.0,cell,False,True
Electricity-15T/tlong,1536,0.9011276551701465,1.1635317075319347,0.7744762341557536,2906652672.0,cell,False,True
Electricity-15T/tlong,2048,0.8919139736736656,1.1635317075319347,0.76655751441925,3510632448.0,cell,False,True
Electricity-15T/tlong,2560,0.890975223824127,1.1635317075319347,0.7657507037036831,4114612224.0,cell,False,True
Electricity-15T/tlong,3072,0.8890833063936109,1.1635317075319347,0.7641246909201301,4718592000.0,cell,False,True
Electricity-15T/tlong,4096,0.8853795252710878,1.1635317075319347,0.7609414677225608,5926551552.0,cell,False,True
Electricity-15T/tlong,6144,0.8818388783988911,1.1635317075319347,0.7578984506313403,8342470656.0,cell,False,True
Electricity-15T/tlong,8192,0.8794274113211418,1.1635317075319347,0.7558259097094736,10758389760.0,cell,False,False
Electricity-H/tshort,native,0.9384876669311608,1.3577726051465433,0.6911964959183063,10758389760.0,cell,True,False
Electricity-H/tshort,32,1.4473341213197728,1.3577726051465433,1.0659620880799574,1132462080.0,cell,False,True
Electricity-H/tshort,48,1.37148767898848,1.3577726051465433,1.010101156695864,1170210816.0,cell,False,False
Electricity-H/tshort,64,1.3473430815003051,1.3577726051465433,0.9923186521758461,1170210816.0,cell,False,True
Electricity-H/tshort,96,1.3109832141437279,1.3577726051465433,0.9655395971126067,1207959552.0,cell,False,True
Electricity-H/tshort,128,1.1835952596383599,1.3577726051465433,0.8717183239314328,1245708288.0,cell,False,True
Electricity-H/tshort,192,1.0688147231879974,1.3577726051465433,0.7871824185704801,1321205760.0,cell,False,True
Electricity-H/tshort,256,1.0462614309905576,1.3577726051465433,0.7705719109553218,1396703232.0,cell,False,True
Electricity-H/tshort,384,0.9942068436660145,1.3577726051465433,0.7322336891299339,1547698176.0,cell,False,True
Electricity-H/tshort,512,0.9679723820862027,1.3577726051465433,0.7129119989732966,1698693120.0,cell,False,True
Electricity-H/tshort,768,0.9528563172697632,1.3577726051465433,0.7017790119332405,2000683008.0,cell,False,True
Electricity-H/tshort,1024,0.9488000081990863,1.3577726051465433,0.698791538879725,2302672896.0,cell,False,True
Electricity-H/tshort,1536,0.9418267143887062,1.3577726051465433,0.6936557055421336,2906652672.0,cell,False,True
Electricity-H/tshort,2048,0.9244512949915448,1.3577726051465433,0.6808587030607894,3510632448.0,cell,False,True
Electricity-H/tshort,2560,0.9160636019072786,1.3577726051465433,0.6746811641618065,4114612224.0,cell,False,True
Electricity-H/tshort,3072,0.9139293170075725,1.3577726051465433,0.6731092625844611,4718592000.0,cell,False,True
Electricity-H/tshort,4096,0.9161706051744625,1.3577726051465433,0.6747599721056243,5926551552.0,cell,False,False
Electricity-H/tshort,6144,0.9244198040729831,1.3577726051465433,0.6808355099882216,8342470656.0,cell,False,False
Electricity-H/tshort,8192,0.9384876652421271,1.3577726051465433,0.6911964946743324,10758389760.0,cell,False,False
Electricity-H/tmedium,native,1.0624366177650175,1.3924537851702354,0.7629959637296893,10758389760.0,cell,True,True
Electricity-H/tmedium,32,1.572925853870142,1.3924537851702354,1.1296072233218446,1132462080.0,cell,False,True
Electricity-H/tmedium,48,1.5590942902023432,1.3924537851702354,1.119673993353923,1170210816.0,cell,False,False
Electricity-H/tmedium,64,1.500250995963908,1.3924537851702354,1.0774152879914027,1170210816.0,cell,False,True
Electricity-H/tmedium,96,1.3896511880892226,1.3924537851702354,0.9979872961595848,1207959552.0,cell,False,True
Electricity-H/tmedium,128,1.2880353299251406,1.3924537851702354,0.9250111879064417,1245708288.0,cell,False,True
Electricity-H/tmedium,192,1.21129759540203,1.3924537851702354,0.8699014705568429,1321205760.0,cell,False,True
Electricity-H/tmedium,256,1.189561425060112,1.3924537851702354,0.8542914944316672,1396703232.0,cell,False,True
Electricity-H/tmedium,384,1.1450454791022742,1.3924537851702354,0.822322070073073,1547698176.0,cell,False,True
Electricity-H/tmedium,512,1.11864451002545,1.3924537851702354,0.8033620375333961,1698693120.0,cell,False,True
Electricity-H/tmedium,768,1.1132361339009533,1.3924537851702354,0.7994779760427408,2000683008.0,cell,False,True
Electricity-H/tmedium,1024,1.1138255017613221,1.3924537851702354,0.7999012345139703,2302672896.0,cell,False,False
Electricity-H/tmedium,1536,1.0969822419496174,1.3924537851702354,0.7878051348149447,2906652672.0,cell,False,True
Electricity-H/tmedium,2048,1.0879935869950716,1.3924537851702354,0.7813498721338592,3510632448.0,cell,False,True
Electricity-H/tmedium,2560,1.0836464556925607,1.3924537851702354,0.7782279507108228,4114612224.0,cell,False,True
Electricity-H/tmedium,3072,1.0813050914939155,1.3924537851702354,0.7765464843500854,4718592000.0,cell,False,True
Electricity-H/tmedium,4096,1.0776475366333131,1.3924537851702354,0.7739197868614107,5926551552.0,cell,False,True
Electricity-H/tmedium,6144,1.0693725560496943,1.3924537851702354,0.7679770542036032,8342470656.0,cell,False,True
Electricity-H/tmedium,8192,1.0624366183152365,1.3924537851702354,0.7629959641248327,10758389760.0,cell,False,False
Electricity-H/tlong,native,1.1722964324553884,1.5240786163496851,0.7691837021263057,10758389760.0,cell,True,True
Electricity-H/tlong,32,1.6558042704626867,1.5240786163496851,1.086429697720251,1132462080.0,cell,False,True
Electricity-H/tlong,48,1.5797135514340401,1.5240786163496851,1.0365039798390492,1170210816.0,cell,False,False
Electricity-H/tlong,64,1.5391790434822266,1.5240786163496851,1.0099079056490592,1170210816.0,cell,False,True
Electricity-H/tlong,96,1.461353989649481,1.5240786163496851,0.9588442315066164,1207959552.0,cell,False,True
Electricity-H/tlong,128,1.3885694897298935,1.5240786163496851,0.9110878368306558,1245708288.0,cell,False,True
Electricity-H/tlong,192,1.3371476008667018,1.5240786163496851,0.8773481804168993,1321205760.0,cell,False,True
Electricity-H/tlong,256,1.3014473446513597,1.5240786163496851,0.8539240237937668,1396703232.0,cell,False,True
Electricity-H/tlong,384,1.2785488563353582,1.5240786163496851,0.8388995440390113,1547698176.0,cell,False,True
Electricity-H/tlong,512,1.2567338971788882,1.5240786163496851,0.8245860047488146,1698693120.0,cell,False,True
Electricity-H/tlong,768,1.2480907463452238,1.5240786163496851,0.8189149384790406,2000683008.0,cell,False,True
Electricity-H/tlong,1024,1.2393838313937038,1.5240786163496851,0.8132020343951464,2302672896.0,cell,False,True
Electricity-H/tlong,1536,1.2159071195899553,1.5240786163496851,0.7977981624741707,2906652672.0,cell,False,True
Electricity-H/tlong,2048,1.2116809826834578,1.5240786163496851,0.7950252498034192,3510632448.0,cell,False,True
Electricity-H/tlong,2560,1.2003591438368337,1.5240786163496851,0.7875966048994305,4114612224.0,cell,False,True
Electricity-H/tlong,3072,1.1964890623023896,1.5240786163496851,0.7850573123111563,4718592000.0,cell,False,True
Electricity-H/tlong,4096,1.1900170897584492,1.5240786163496851,0.780810830223873,5926551552.0,cell,False,True
Electricity-H/tlong,6144,1.178038749346396,1.5240786163496851,0.7729514322351114,8342470656.0,cell,False,True
Electricity-H/tlong,8192,1.1722964328577132,1.5240786163496851,0.7691837023902848,10758389760.0,cell,False,False
Electricity-D/tshort,native,1.4030863820481017,1.987041399842847,0.706118343663635,2717908992.0,cell,True,False
Electricity-D/tshort,32,1.7641950276608722,1.987041399842847,0.8878501614512917,1132462080.0,cell,False,True
Electricity-D/tshort,48,1.7771863665463894,1.987041399842847,0.8943881927608279,1170210816.0,cell,False,False
Electricity-D/tshort,64,1.782392532821958,1.987041399842847,0.8970082520489637,1170210816.0,cell,False,False
Electricity-D/tshort,96,1.780326948955135,1.987041399842847,0.8959687247059569,1207959552.0,cell,False,False
Electricity-D/tshort,128,1.7330811804679562,1.987041399842847,0.8721917825189872,1245708288.0,cell,False,True
Electricity-D/tshort,192,1.6909415448541278,1.987041399842847,0.8509845567323674,1321205760.0,cell,False,True
Electricity-D/tshort,256,1.6389746215759509,1.987041399842847,0.8248316425141297,1396703232.0,cell,False,True
Electricity-D/tshort,384,1.5399209070694047,1.987041399842847,0.7749817931278108,1547698176.0,cell,False,True
Electricity-D/tshort,512,1.4875184505005363,1.987041399842847,0.7486096920870309,1698693120.0,cell,False,True
Electricity-D/tshort,768,1.4199373528090236,1.987041399842847,0.714598776312021,2000683008.0,cell,False,True
Electricity-D/tshort,1024,1.4013610309064048,1.987041399842847,0.7052500421064388,2302672896.0,cell,False,True
Electricity-W/tshort,native,1.519504513486541,2.0896995064573947,0.7271401982874139,1333788672.0,cell,True,True
Electricity-W/tshort,32,2.130357015145995,2.0896995064573947,1.0194561507829065,1132462080.0,cell,False,True
Electricity-W/tshort,48,1.8845913716305418,2.0896995064573947,0.9018480244680889,1170210816.0,cell,False,False
Electricity-W/tshort,64,1.8498660207911566,2.0896995064573947,0.8852306348711253,1170210816.0,cell,False,True
Electricity-W/tshort,96,1.632595374405876,2.0896995064573947,0.7812584390056954,1207959552.0,cell,False,True
Electricity-W/tshort,128,1.5453354241622836,2.0896995064573947,0.7395012629265749,1245708288.0,cell,False,True
Electricity-W/tshort,192,1.525322320713253,2.0896995064573947,0.7299242383892248,1321205760.0,cell,False,True
KDDCup2018-H/tshort,native,0.922495873425468,1.340425278558367,0.6882113372388919,10758389760.0,cell,True,False
KDDCup2018-H/tshort,32,1.1473237907948566,1.340425278558367,0.8559401326934151,1132462080.0,cell,False,True
KDDCup2018-H/tshort,48,1.0964452077789022,1.340425278558367,0.8179830873960641,1170210816.0,cell,False,False
KDDCup2018-H/tshort,64,1.0611265413930804,1.340425278558367,0.7916342360644872,1170210816.0,cell,False,True
KDDCup2018-H/tshort,96,1.0191376369953409,1.340425278558367,0.7603091744818686,1207959552.0,cell,False,True
KDDCup2018-H/tshort,128,1.003847548174874,1.340425278558367,0.7489022806661154,1245708288.0,cell,False,True
KDDCup2018-H/tshort,192,0.969284801949999,1.340425278558367,0.7231173698786618,1321205760.0,cell,False,True
KDDCup2018-H/tshort,256,0.9735746272296327,1.340425278558367,0.7263177163271021,1396703232.0,cell,False,False
KDDCup2018-H/tshort,384,0.9629751358630395,1.340425278558367,0.7184101577812105,1547698176.0,cell,False,True
KDDCup2018-H/tshort,512,0.9484390800646744,1.340425278558367,0.7075657966438268,1698693120.0,cell,False,True
KDDCup2018-H/tshort,768,0.9393616000665503,1.340425278558367,0.7007937071112518,2000683008.0,cell,False,True
KDDCup2018-H/tshort,1024,0.9314488158584209,1.340425278558367,0.6948905177767148,2302672896.0,cell,False,True
KDDCup2018-H/tshort,1536,0.9263814313383121,1.340425278558367,0.691110087340817,2906652672.0,cell,False,True
KDDCup2018-H/tshort,2048,0.9275194052882605,1.340425278558367,0.6919590521941003,3510632448.0,cell,False,False
KDDCup2018-H/tshort,2560,0.9265546062149177,1.340425278558367,0.6912392813207993,4114612224.0,cell,False,False
KDDCup2018-H/tshort,3072,0.9226544916454958,1.340425278558367,0.6883296714888983,4718592000.0,cell,False,True
KDDCup2018-H/tshort,4096,0.9193064151617453,1.340425278558367,0.6858318996717692,5926551552.0,cell,False,True
KDDCup2018-H/tshort,6144,0.9228209530693822,1.340425278558367,0.6884538570190798,8342470656.0,cell,False,False
KDDCup2018-H/tshort,8192,0.9224958722502574,1.340425278558367,0.6882113363621474,10758389760.0,cell,False,False
KDDCup2018-H/tmedium,native,1.0545451814029676,1.4289997072062277,0.7379603901141876,10758389760.0,cell,True,False
KDDCup2018-H/tmedium,32,1.268690346378748,1.4289997072062277,0.8878170793044505,1132462080.0,cell,False,True
KDDCup2018-H/tmedium,48,1.2158087382263651,1.4289997072062277,0.8508110478226322,1170210816.0,cell,False,False
KDDCup2018-H/tmedium,64,1.1564263081024966,1.4289997072062277,0.8092558047918519,1170210816.0,cell,False,True
KDDCup2018-H/tmedium,96,1.090391984732603,1.4289997072062277,0.7630456320137242,1207959552.0,cell,False,True
KDDCup2018-H/tmedium,128,1.0750813141191156,1.4289997072062277,0.7523313746655401,1245708288.0,cell,False,True
KDDCup2018-H/tmedium,192,1.0514127440152667,1.4289997072062277,0.735768341108226,1321205760.0,cell,False,True
KDDCup2018-H/tmedium,256,1.0774849718146,1.4289997072062277,0.7540134307802917,1396703232.0,cell,False,False
KDDCup2018-H/tmedium,384,1.068244981070743,1.4289997072062277,0.7475473757508462,1547698176.0,cell,False,False
KDDCup2018-H/tmedium,512,1.0703771641660977,1.4289997072062277,0.7490394565991504,1698693120.0,cell,False,False
KDDCup2018-H/tmedium,768,1.0617187386024785,1.4289997072062277,0.7429803751871975,2000683008.0,cell,False,False
KDDCup2018-H/tmedium,1024,1.0579457106933037,1.4289997072062277,0.7403400472080188,2302672896.0,cell,False,False
KDDCup2018-H/tmedium,1536,1.064246876584128,1.4289997072062277,0.7447495413870928,2906652672.0,cell,False,False
KDDCup2018-H/tmedium,2048,1.065410990874925,1.4289997072062277,0.745564177166881,3510632448.0,cell,False,False
KDDCup2018-H/tmedium,2560,1.062092315931495,1.4289997072062277,0.7432418009433629,4114612224.0,cell,False,False
KDDCup2018-H/tmedium,3072,1.0574033638583555,1.4289997072062277,0.7399605182044696,4718592000.0,cell,False,False
KDDCup2018-H/tmedium,4096,1.0532599137391725,1.4289997072062277,0.7370609723905074,5926551552.0,cell,False,False
KDDCup2018-H/tmedium,6144,1.0543780832524856,1.4289997072062277,0.7378434564649787,8342470656.0,cell,False,False
KDDCup2018-H/tmedium,8192,1.0545451847614495,1.4289997072062277,0.7379603924644204,10758389760.0,cell,False,False
KDDCup2018-H/tlong,native,1.0130041639348308,1.3355336658089667,0.758501406492983,10758110139.733334,cell,True,False
KDDCup2018-H/tlong,32,1.2229350317445564,1.3355336658089667,0.9156901567163367,1132462080.0,cell,False,True
KDDCup2018-H/tlong,48,1.151380516869937,1.3355336658089667,0.862112686745726,1170210816.0,cell,False,False
KDDCup2018-H/tlong,64,1.098611983094133,1.3355336658089667,0.8226014897413131,1170210816.0,cell,False,True
KDDCup2018-H/tlong,96,1.0076939915719711,1.3355336658089667,0.7545253387241162,1207959552.0,cell,False,True
KDDCup2018-H/tlong,128,1.0108567846657515,1.3355336658089667,0.7568935254458372,1245708288.0,cell,False,False
KDDCup2018-H/tlong,192,1.0270816832751277,1.3355336658089667,0.7690421511411307,1321205760.0,cell,False,False
KDDCup2018-H/tlong,256,1.0085709331188268,1.3355336658089667,0.7551819612932855,1396703232.0,cell,False,False
KDDCup2018-H/tlong,384,1.0093701127023722,1.3355336658089667,0.7557803584763781,1547698176.0,cell,False,False
KDDCup2018-H/tlong,512,1.019909925265401,1.3355336658089667,0.7636721944014908,1698693120.0,cell,False,False
KDDCup2018-H/tlong,768,1.0330136236826797,1.3355336658089667,0.7734837766571441,2000683008.0,cell,False,False
KDDCup2018-H/tlong,1024,1.035137321037134,1.3355336658089667,0.7750739255308289,2302672896.0,cell,False,False
KDDCup2018-H/tlong,1536,1.0160528001716258,1.3355336658089667,0.7607841166296446,2906652672.0,cell,False,False
KDDCup2018-H/tlong,2048,1.0256666739511984,1.3355336658089667,0.7679826426014698,3510632448.0,cell,False,False
KDDCup2018-H/tlong,2560,1.023433451779723,1.3355336658089667,0.7663104854491282,4114612224.0,cell,False,False
KDDCup2018-H/tlong,3072,1.02146319171963,1.3355336658089667,0.7648352249517452,4718592000.0,cell,False,False
KDDCup2018-H/tlong,4096,1.0138053261279778,1.3355336658089667,0.7591012881834694,5926551552.0,cell,False,False
KDDCup2018-H/tlong,6144,1.0162299883677903,1.3355336658089667,0.7609167888345473,8342470656.0,cell,False,False
KDDCup2018-H/tlong,8192,1.0129974287787387,1.3355336658089667,0.7584963634481954,10758389760.0,cell,False,False
KDDCup2018-D/tshort,native,1.1864196538068332,1.4970343738270926,0.792513301330424,1604041659.733333,cell,True,True
KDDCup2018-D/tshort,32,1.2313088477549774,1.4970343738270926,0.8224987143128842,1132462080.0,cell,False,True
KDDCup2018-D/tshort,48,1.219288515941618,1.4970343738270926,0.8144692849133242,1170210816.0,cell,False,True
KDDCup2018-D/tshort,64,1.222139257371601,1.4970343738270926,0.8163735440805303,1170210816.0,cell,False,False
KDDCup2018-D/tshort,96,1.2352311031010421,1.4970343738270926,0.825118731204038,1207959552.0,cell,False,False
KDDCup2018-D/tshort,128,1.2138359112560488,1.4970343738270926,0.8108270140470715,1245708288.0,cell,False,True
KDDCup2018-D/tshort,192,1.2160405054490142,1.4970343738270926,0.8122996550441712,1321205760.0,cell,False,False
KDDCup2018-D/tshort,256,1.221894124413312,1.4970343738270926,0.8162097983692929,1396703232.0,cell,False,False
KDDCup2018-D/tshort,384,1.1919478850341725,1.4970343738270926,0.7962060897686791,1547698176.0,cell,False,True
CarParts/tshort,native,0.8349108281233725,1.2014638390969912,0.6949113247976598,1170210816.0,cell,True,True
TempRain/tshort,native,1.3204586382561774,2.011535765322217,0.6564430327415333,1887436800.0,cell,True,True
TempRain/tshort,32,1.4908925662586512,2.011535765322217,0.7411712940733287,1132462080.0,cell,False,True
TempRain/tshort,48,1.4542517577597955,2.011535765322217,0.722955953769406,1170210816.0,cell,False,False
TempRain/tshort,64,1.4369271608684486,2.011535765322217,0.7143433319159876,1170210816.0,cell,False,True
TempRain/tshort,96,1.4166625600952312,2.011535765322217,0.7042691382960837,1207959552.0,cell,False,True
TempRain/tshort,128,1.4067865247016005,2.011535765322217,0.699359439167742,1245708288.0,cell,False,True
TempRain/tshort,192,1.3736937007230348,2.011535765322217,0.6829079176243184,1321205760.0,cell,False,True
TempRain/tshort,256,1.3604191170625175,2.011535765322217,0.6763086893682944,1396703232.0,cell,False,True
TempRain/tshort,384,1.3318328309198413,2.011535765322217,0.662097514685006,1547698176.0,cell,False,True
TempRain/tshort,512,1.3264804893914321,2.011535765322217,0.6594366912382243,1698693120.0,cell,False,True
