cell,window,mase,naive_mase,normalized_mase,flops,flops_weighting,is_native,within_cell_pareto
JenaWeather-10T/tshort,native,0.3055102443562166,0.7428874675800381,0.4112470026603338,13409323008.0,cell,True,False
JenaWeather-10T/tshort,32,0.38450440454096524,0.7428874675800381,0.5175809544795411,306935808.0,cell,False,True
JenaWeather-10T/tshort,48,0.37780471655524533,0.7428874675800381,0.5085625118780739,408619008.0,cell,False,True
JenaWeather-10T/tshort,64,0.3684978805370149,0.7428874675800381,0.4960345901882013,510339072.0,cell,False,True
JenaWeather-10T/tshort,96,0.37365079368727466,0.7428874675800381,0.5029709208912154,713889792.0,cell,False,False
JenaWeather-10T/tshort,128,0.39741165243675886,0.7428874675800381,0.5349553866231321,917587968.0,cell,False,False
JenaWeather-10T/tshort,192,0.37185096020599556,0.7428874675800381,0.500548167028989,1325426688.0,cell,False,False
JenaWeather-10T/tshort,256,0.3429139784475427,0.7428874675800381,0.46159612782887255,1733855232.0,cell,False,True
JenaWeather-10T/tshort,384,0.3338756357010176,0.7428874675800381,0.44942962463563985,2552481792.0,cell,False,True
JenaWeather-10T/tshort,512,0.3408907411772341,0.7428874675800381,0.4588726503728599,3373467648.0,cell,False,False
JenaWeather-10T/tshort,768,0.34176007143665565,0.7428874675800381,0.46004285487537144,5022517248.0,cell,False,False
JenaWeather-10T/tshort,1024,0.3288347146640306,0.7428874675800381,0.44264404639266874,6681004032.0,cell,False,True
JenaWeather-10T/tshort,1536,0.3156131169387092,0.7428874675800381,0.4248464682905763,10026289152.0,cell,False,True
JenaWeather-10T/tshort,2048,0.3055102416613007,0.7428874675800381,0.4112469990327105,13409323008.0,cell,False,True
JenaWeather-10T/tmedium,native,0.6078149031427253,0.7160100391723763,0.8488915935386718,858196672512.0,cell,True,False
JenaWeather-10T/tmedium,32,0.7672003504391469,0.7160100391723763,1.0714938457091197,122493566976.0,cell,False,True
JenaWeather-10T/tmedium,48,0.685490000669974,0.7160100391723763,0.9573748455570821,129038450688.0,cell,False,True
JenaWeather-10T/tmedium,64,0.7066684722339234,0.7160100391723763,0.9869533017312848,135585693696.0,cell,False,False
JenaWeather-10T/tmedium,96,0.7626131644957924,0.7160100391723763,1.0650872512587728,148687257600.0,cell,False,False
JenaWeather-10T/tmedium,128,0.8150647575452018,0.7160100391723763,1.138342639004505,161798258688.0,cell,False,False
JenaWeather-10T/tmedium,192,0.6944349769009728,0.7160100391723763,0.9698676539558835,188048572416.0,cell,False,False
JenaWeather-10T/tmedium,256,0.6763898311273434,0.7160100391723763,0.9446652897620972,214336634880.0,cell,False,True
JenaWeather-10T/tmedium,384,0.6784790750822436,0.7160100391723763,0.947583187334197,267026006016.0,cell,False,False
JenaWeather-10T/tmedium,512,0.6524546470498227,0.7160100391723763,0.9112367304290647,319866372096.0,cell,False,True
JenaWeather-10T/tmedium,768,0.6493551963699371,0.7160100391723763,0.9069079493920443,426000089088.0,cell,False,True
JenaWeather-10T/tmedium,1024,0.6342838467069699,0.7160100391723763,0.8858588734874832,532737785856.0,cell,False,True
JenaWeather-10T/tmedium,1536,0.6102629682118615,0.7160100391723763,0.8523106308917876,748025118720.0,cell,False,True
JenaWeather-10T/tmedium,2048,0.6078149020214771,0.7160100391723763,0.8488915919727047,858196672512.0,cell,False,True
JenaWeather-10T/tlong,native,0.6532365651031135,0.7614923703210493,0.8578373081107895,1340932300800.0,cell,True,False
JenaWeather-10T/tlong,32,0.7684276842061076,0.7614923703210493,1.0091075290513212,273592098816.0,cell,False,True
JenaWeather-10T/tlong,48,0.7441365136933419,0.7614923703210493,0.977208101743173,283848007680.0,cell,False,True
JenaWeather-10T/tlong,64,0.8457975492445654,0.7614923703210493,1.1107104709243147,294107602944.0,cell,False,False
JenaWeather-10T/tlong,96,0.8482162917347156,0.7614923703210493,1.1138867896694788,314637852672.0,cell,False,False
JenaWeather-10T/tlong,128,0.784090411049269,0.7614923703210493,1.0296759910000046,335182848000.0,cell,False,False
JenaWeather-10T/tlong,192,0.7343372264385668,0.7614923703210493,0.9643395719499674,376317075456.0,cell,False,True
JenaWeather-10T/tlong,256,0.7131176299372968,0.7614923703210493,0.9364737687872599,417510285312.0,cell,False,True
JenaWeather-10T/tlong,384,0.7005648643123623,0.7614923703210493,0.9199893414782349,500073652224.0,cell,False,True
JenaWeather-10T/tlong,512,0.6917311074449717,0.7614923703210493,0.9083887566113552,582872948736.0,cell,False,True
JenaWeather-10T/tlong,768,0.6837466257195255,0.7614923703210493,0.8979034490276694,749179330560.0,cell,False,True
JenaWeather-10T/tlong,1024,0.6713805054416088,0.7614923703210493,0.8816641264029357,916429430784.0,cell,False,True
JenaWeather-10T/tlong,1536,0.6506787388778648,0.7614923703210493,0.8544783431034707,1230760747008.0,cell,False,True
JenaWeather-10T/tlong,2048,0.6532365690737488,0.7614923703210493,0.8578373133250707,1340932300800.0,cell,False,False
JenaWeather-H/tshort,native,0.5358099633677906,0.7229102185557323,0.7411846583636066,13409323008.0,cell,True,True
JenaWeather-H/tshort,32,0.6284329758092477,0.7229102185557323,0.8693098529783738,306935808.0,cell,False,True
JenaWeather-H/tshort,48,0.6305867199798142,0.7229102185557323,0.8722891222088867,408619008.0,cell,False,False
JenaWeather-H/tshort,64,0.6567458241568558,0.7229102185557323,0.9084749493082789,510339072.0,cell,False,False
JenaWeather-H/tshort,96,0.6114422471682098,0.7229102185557323,0.845806618129954,713889792.0,cell,False,True
JenaWeather-H/tshort,128,0.6048286821889092,0.7229102185557323,0.836658089295331,917587968.0,cell,False,True
JenaWeather-H/tshort,192,0.5786031351539231,0.7229102185557323,0.8003803519472814,1325426688.0,cell,False,True
JenaWeather-H/tshort,256,0.560007388486499,0.7229102185557323,0.774656899449161,1733855232.0,cell,False,True
JenaWeather-H/tshort,384,0.5703180444462164,0.7229102185557323,0.788919605515644,2552481792.0,cell,False,False
JenaWeather-H/tshort,512,0.5662794346372712,0.7229102185557323,0.7833330060939153,3373467648.0,cell,False,False
JenaWeather-H/tshort,768,0.54614833592853,0.7229102185557323,0.7554857047389004,5022517248.0,cell,False,True
JenaWeather-H/tshort,1024,0.5437548158436288,0.7229102185557323,0.7521747540517141,6681004032.0,cell,False,True
JenaWeather-H/tshort,1536,0.5413412680597046,0.7229102185557323,0.7488360990957139,10026289152.0,cell,False,True
JenaWeather-H/tshort,2048,0.5358099643741742,0.7229102185557323,0.7411846597557346,13409323008.0,cell,False,False
JenaWeather-H/tmedium,native,0.7465161245328686,0.8886133410507664,0.8400910610346332,858196672512.0,cell,True,False
JenaWeather-H/tmedium,32,0.8113907801551645,0.8886133410507664,0.9130976800277522,122493566976.0,cell,False,True
JenaWeather-H/tmedium,48,0.8679116941034354,0.8886133410507664,0.976703425448405,129038450688.0,cell,False,False
JenaWeather-H/tmedium,64,0.920570887611169,0.8886133410507664,1.0359633882185626,135585693696.0,cell,False,False
JenaWeather-H/tmedium,96,0.9145509785910396,0.8886133410507664,1.029188890535452,148687257600.0,cell,False,False
JenaWeather-H/tmedium,128,0.9203778456476925,0.8886133410507664,1.0357461486672768,161798258688.0,cell,False,False
JenaWeather-H/tmedium,192,0.9020187785912424,0.8886133410507664,1.0150857936981053,188048572416.0,cell,False,False
JenaWeather-H/tmedium,256,0.8402520739346526,0.8886133410507664,0.9455767037450421,214336634880.0,cell,False,False
JenaWeather-H/tmedium,384,0.7534411805096802,0.8886133410507664,0.8478841648030537,267026006016.0,cell,False,True
JenaWeather-H/tmedium,512,0.7340591218887992,0.8886133410507664,0.8260725874549553,319866372096.0,cell,False,True
JenaWeather-H/tmedium,768,0.7250171118268193,0.8886133410507664,0.8158971718447328,426000089088.0,cell,False,True
JenaWeather-H/tmedium,1024,0.7623076098291569,0.8886133410507664,0.8578619908269038,532737785856.0,cell,False,False
JenaWeather-H/tmedium,1536,0.7484642032577578,0.8886133410507664,0.8422833291842262,748025118720.0,cell,False,False
JenaWeather-H/tmedium,2048,0.7465161140571677,0.8886133410507664,0.8400910492458151,858196672512.0,cell,False,False
JenaWeather-H/tlong,native,1.01804777879347,1.267717847392006,0.8030554913207493,1340932300800.0,cell,True,False
JenaWeather-H/tlong,32,1.2607657929002585,1.267717847392006,0.9945160869147266,273592098816.0,cell,False,True
JenaWeather-H/tlong,48,1.308318907935838,1.267717847392006,1.0320268903899694,283848007680.0,cell,False,False
JenaWeather-H/tlong,64,1.3177435581831747,1.267717847392006,1.0394612341335125,294107602944.0,cell,False,False
JenaWeather-H/tlong,96,1.2202786192744917,1.267717847392006,0.9625790326963464,314637852672.0,cell,False,True
JenaWeather-H/tlong,128,1.1425619767299837,1.267717847392006,0.9012746638224763,335182848000.0,cell,False,True
JenaWeather-H/tlong,192,1.1169206103881255,1.267717847392006,0.88104826534224,376317075456.0,cell,False,True
JenaWeather-H/tlong,256,1.1203547096733582,1.267717847392006,0.8837571483104,417510285312.0,cell,False,False
JenaWeather-H/tlong,384,1.0261072167091108,1.267717847392006,0.8094129295568843,500073652224.0,cell,False,True
JenaWeather-H/tlong,512,0.9947123574862213,1.267717847392006,0.7846480662338065,582872948736.0,cell,False,True
JenaWeather-H/tlong,768,1.0105499904764157,1.267717847392006,0.7971410929926993,749179330560.0,cell,False,False
JenaWeather-H/tlong,1024,0.9849550827820297,1.267717847392006,0.7769513419790642,916429430784.0,cell,False,True
JenaWeather-H/tlong,1536,0.9768887424791824,1.267717847392006,0.7705884590083452,1230760747008.0,cell,False,True
JenaWeather-H/tlong,2048,1.0180477707415887,1.267717847392006,0.8030554849692717,1340932300800.0,cell,False,False
JenaWeather-D/tshort,native,1.0511222954004245,1.5734140297468562,0.6680519402572873,2194046976.0,cell,True,True
JenaWeather-D/tshort,32,1.331422109150771,1.5734140297468562,0.8461994643361488,306935808.0,cell,False,True
JenaWeather-D/tshort,48,1.4136394100403462,1.5734140297468562,0.8984535432595476,408619008.0,cell,False,False
JenaWeather-D/tshort,64,1.3775981873134489,1.5734140297468562,0.8755471613120726,510339072.0,cell,False,False
JenaWeather-D/tshort,96,1.379059584843135,1.5734140297468562,0.8764759680355777,713889792.0,cell,False,False
JenaWeather-D/tshort,128,1.3312240427827824,1.5734140297468562,0.8460735811520383,917587968.0,cell,False,True
JenaWeather-D/tshort,192,1.2607343599374523,1.5734140297468562,0.8012731144518201,1325426688.0,cell,False,True
JenaWeather-D/tshort,256,1.2252600574655057,1.5734140297468562,0.7787270446944188,1733855232.0,cell,False,True
BizITObsApp/tshort,native,5.533293250934406,2.242330238675541,2.467653138461314,13409323008.0,cell,True,False
BizITObsApp/tshort,32,3.4512874759588854,2.242330238675541,1.5391521803663626,306935808.0,cell,False,True
BizITObsApp/tshort,48,3.1440799827142616,2.242330238675541,1.402148500914544,408619008.0,cell,False,True
BizITObsApp/tshort,64,3.77483951587852,2.242330238675541,1.6834449497091801,510339072.0,cell,False,False
BizITObsApp/tshort,96,5.300482505886756,2.242330238675541,2.3638277781142305,713889792.0,cell,False,False
BizITObsApp/tshort,128,3.1486524057218275,2.242330238675541,1.4041876398998288,917587968.0,cell,False,False
BizITObsApp/tshort,192,4.579622987725916,2.242330238675541,2.0423499218522445,1325426688.0,cell,False,False
BizITObsApp/tshort,256,5.130409456892523,2.242330238675541,2.287981211867731,1733855232.0,cell,False,False
BizITObsApp/tshort,384,4.117509493763546,2.242330238675541,1.8362636433942938,2552481792.0,cell,False,False
BizITObsApp/tshort,512,4.070676873567783,2.242330238675541,1.8153779507393955,3373467648.0,cell,False,False
BizITObsApp/tshort,768,4.467240051288773,2.242330238675541,1.9922311059442346,5022517248.0,cell,False,False
BizITObsApp/tshort,1024,3.730143024450757,2.242330238675541,1.6635118949535328,6681004032.0,cell,False,False
BizITObsApp/tshort,1536,5.669455217708988,2.242330238675541,2.5283765610982076,10026289152.0,cell,False,False
BizITObsApp/tshort,2048,5.533293211853764,2.242330238675541,2.4676531210327295,13409323008.0,cell,False,False
BizITObsApp/tmedium,native,9.576031524694704,2.6914183385868085,3.557987023943227,1099564486656.0,cell,True,False
BizITObsApp/tmedium,32,6.717624612311234,2.6914183385868085,2.4959422011809873,190622109696.0,cell,False,True
BizITObsApp/tmedium,48,6.896548703988171,2.6914183385868085,2.5624216812052203,199019851776.0,cell,False,False
BizITObsApp/tmedium,64,7.191423995759902,2.6914183385868085,2.671982981113195,207420616704.0,cell,False,False
BizITObsApp/tmedium,96,12.889166104100319,2.6914183385868085,4.7889865054824865,224231215104.0,cell,False,False
BizITObsApp/tmedium,128,11.371284891495144,2.6914183385868085,4.225015757849781,241053904896.0,cell,False,False
BizITObsApp/tmedium,192,10.883170316679053,2.6914183385868085,4.043656149862422,274735558656.0,cell,False,False
BizITObsApp/tmedium,256,11.093288034663026,2.6914183385868085,4.121725662495045,308465577984.0,cell,False,False
BizITObsApp/tmedium,384,10.147907657381367,2.6914183385868085,3.7704683481906276,376070713344.0,cell,False,False
BizITObsApp/tmedium,512,7.865891312619006,2.6914183385868085,2.922582193873723,443869310976.0,cell,False,False
BizITObsApp/tmedium,768,8.418350541096462,2.6914183385868085,3.1278491419942958,580046893056.0,cell,False,False
BizITObsApp/tmedium,1024,8.734980832568601,2.6914183385868085,3.2454935404635403,716998324224.0,cell,False,False
BizITObsApp/tmedium,1536,9.702537958029506,2.6914183385868085,3.6049906545275485,989392932864.0,cell,False,False
BizITObsApp/tmedium,2048,9.57603168613009,2.6914183385868085,3.557987083924756,1099564486656.0,cell,False,False
BizITObsApp/tlong,native,10.248024538604511,3.2063450561622804,3.1961702059822956,1702984022016.0,cell,True,False
BizITObsApp/tlong,32,7.302750791926195,3.2063450561622804,2.277593541559423,425967691776.0,cell,False,True
BizITObsApp/tlong,48,7.292739820884687,3.2063450561622804,2.2744713039754587,439020804096.0,cell,False,True
BizITObsApp/tlong,64,7.250935982044409,3.2063450561622804,2.2614334561742884,452078598144.0,cell,False,True
BizITObsApp/tlong,96,7.157241015865469,3.2063450561622804,2.232211720978051,478208231424.0,cell,False,True
BizITObsApp/tlong,128,11.61897628191559,3.2063450561622804,3.623744817977422,504356591616.0,cell,False,False
BizITObsApp/tlong,192,12.80829345728692,3.2063450561622804,3.994670951796232,556709492736.0,cell,False,False
BizITObsApp/tlong,256,11.926733537406376,3.2063450561622804,3.719728640710196,609137301504.0,cell,False,False
BizITObsApp/tlong,384,11.315488115415375,3.2063450561622804,3.5290924455145953,714217641984.0,cell,False,False
BizITObsApp/tlong,512,10.252088599159887,3.2063450561622804,3.1974377116575083,819597613056.0,cell,False,False
BizITObsApp/tlong,768,9.905889521010813,3.2063450561622804,3.089464592082086,1031256446976.0,cell,False,False
BizITObsApp/tlong,1024,10.128080212242967,3.2063450561622804,3.158761778548379,1244113803264.0,cell,False,False
BizITObsApp/tlong,1536,10.514629844162155,3.2063450561622804,3.2793194930639387,1592812468224.0,cell,False,False
BizITObsApp/tlong,2048,10.248024162744631,3.2063450561622804,3.196170088758518,1702984022016.0,cell,False,False
BizITObsService/tshort,native,3.298603315174302,1.225305042620374,2.692067036727507,13409323008.0,cell,True,False
BizITObsService/tshort,32,2.146794493633189,1.225305042620374,1.752049015518752,306935808.0,cell,False,True
BizITObsService/tshort,48,2.153769102884949,1.225305042620374,1.7577411566665961,408619008.0,cell,False,False
BizITObsService/tshort,64,2.486238127978177,1.225305042620374,2.029076875959995,510339072.0,cell,False,False
BizITObsService/tshort,96,3.04047011056797,1.225305042620374,2.481398512868092,713889792.0,cell,False,False
BizITObsService/tshort,128,2.1039006843056636,1.225305042620374,1.7170423781219168,917587968.0,cell,False,True
BizITObsService/tshort,192,2.60530149003458,1.225305042620374,2.126247260407104,1325426688.0,cell,False,False
BizITObsService/tshort,256,2.5834149056905673,1.225305042620374,2.108385108875264,1733855232.0,cell,False,False
BizITObsService/tshort,384,2.2867286375345466,1.225305042620374,1.8662525314057854,2552481792.0,cell,False,False
BizITObsService/tshort,512,1.8773559123808632,1.225305042620374,1.5321539103161177,3373467648.0,cell,False,True
BizITObsService/tshort,768,2.4024022024667238,1.225305042620374,1.9606564234234038,5022517248.0,cell,False,False
BizITObsService/tshort,1024,2.4659038950478895,1.225305042620374,2.012481634593158,6681004032.0,cell,False,False
BizITObsService/tshort,1536,3.286510317016244,1.225305042620374,2.6821976591134264,10026289152.0,cell,False,False
BizITObsService/tshort,2048,3.298603340987031,1.225305042620374,2.692067057793877,13409323008.0,cell,False,False
BizITObsService/tmedium,native,4.925497651666481,1.3205790727650968,3.729801382777647,1099564486656.0,cell,True,False
BizITObsService/tmedium,32,3.7426815694183713,1.3205790727650968,2.834121520328011,190622109696.0,cell,False,True
BizITObsService/tmedium,48,3.7515085872000586,1.3205790727650968,2.8408057227084145,199019851776.0,cell,False,False
BizITObsService/tmedium,64,4.323008558293776,1.3205790727650968,3.2735703960854363,207420616704.0,cell,False,False
BizITObsService/tmedium,96,6.403082013511826,1.3205790727650968,4.848692627019086,224231215104.0,cell,False,False
BizITObsService/tmedium,128,5.5126381347217785,1.3205790727650968,4.17440973313255,241053904896.0,cell,False,False
BizITObsService/tmedium,192,5.359936929259456,1.3205790727650968,4.058777728497956,274735558656.0,cell,False,False
BizITObsService/tmedium,256,5.5625353165922755,1.3205790727650968,4.212194052829529,308465577984.0,cell,False,False
BizITObsService/tmedium,384,4.713077015890565,1.3205790727650968,3.5689472240553384,376070713344.0,cell,False,False
BizITObsService/tmedium,512,4.168304106239178,1.3205790727650968,3.156421445867204,443869310976.0,cell,False,False
BizITObsService/tmedium,768,4.183576531904544,1.3205790727650968,3.1679863918672853,580046893056.0,cell,False,False
BizITObsService/tmedium,1024,4.403417606377384,1.3205790727650968,3.334459630014642,716998324224.0,cell,False,False
BizITObsService/tmedium,1536,4.976941729499337,1.3205790727650968,3.7687570794820786,989392932864.0,cell,False,False
BizITObsService/tmedium,2048,4.9254976368438355,1.3205790727650968,3.729801371553294,1099564486656.0,cell,False,False
BizITObsService/tlong,native,5.1902861529601045,1.367193469742303,3.7963070098180047,1702984022016.0,cell,True,False
BizITObsService/tlong,32,3.789204587544269,1.367193469742303,2.771520396640339,425967691776.0,cell,False,True
BizITObsService/tlong,48,3.796413782788506,1.367193469742303,2.7767933849947934,439020804096.0,cell,False,False
BizITObsService/tlong,64,3.8100371032338307,1.367193469742303,2.7867578272970905,452078598144.0,cell,False,False
BizITObsService/tlong,96,3.8663205463228745,1.367193469742303,2.8279249659169468,478208231424.0,cell,False,False
BizITObsService/tlong,128,5.817388098349204,1.367193469742303,4.254985287082816,504356591616.0,cell,False,False
BizITObsService/tlong,192,6.782949347988493,1.367193469742303,4.96122128879608,556709492736.0,cell,False,False
BizITObsService/tlong,256,6.074450674482095,1.367193469742303,4.443007378924246,609137301504.0,cell,False,False
BizITObsService/tlong,384,5.619622715406491,1.367193469742303,4.110334667167268,714217641984.0,cell,False,False
BizITObsService/tlong,512,5.1771930850895025,1.367193469742303,3.786730407705452,819597613056.0,cell,False,False
BizITObsService/tlong,768,4.730206782073532,1.367193469742303,3.4597932821937123,1031256446976.0,cell,False,False
BizITObsService/tlong,1024,5.039427687282255,1.367193469742303,3.6859652995798156,1244113803264.0,cell,False,False
BizITObsService/tlong,1536,5.23771274254512,1.367193469742303,3.830996021018412,1592812468224.0,cell,False,False
BizITObsService/tlong,2048,5.190286150489824,1.367193469742303,3.7963070080111785,1702984022016.0,cell,False,False
BizITObsL2C-5T/tshort,native,0.2781865626716315,0.9860210805885202,0.2821304413751398,13409323008.0,cell,True,True
BizITObsL2C-5T/tshort,32,0.32583094888730585,0.9860210805885202,0.33045028681621,306935808.0,cell,False,True
BizITObsL2C-5T/tshort,48,0.31233329761076933,0.9860210805885202,0.31676127798844717,408619008.0,cell,False,True
BizITObsL2C-5T/tshort,64,0.3170958445999059,0.9860210805885202,0.3215913440822613,510339072.0,cell,False,False
BizITObsL2C-5T/tshort,96,0.29348560964884174,0.9860210805885202,0.2976463844704728,713889792.0,cell,False,True
BizITObsL2C-5T/tshort,128,0.29046265215595374,0.9860210805885202,0.2945805702070661,917587968.0,cell,False,True
BizITObsL2C-5T/tshort,192,0.29802449926118935,0.9860210805885202,0.30224962237451286,1325426688.0,cell,False,False
BizITObsL2C-5T/tshort,256,0.2913513059283494,0.9860210805885202,0.2954818225128132,1733855232.0,cell,False,False
BizITObsL2C-5T/tshort,384,0.2870211611723406,0.9860210805885202,0.29109028886180416,2552481792.0,cell,False,True
BizITObsL2C-5T/tshort,512,0.2931119835093711,0.9860210805885202,0.2972674613958793,3373467648.0,cell,False,False
BizITObsL2C-5T/tshort,768,0.30155126056330606,0.9860210805885202,0.3058263829241065,5022517248.0,cell,False,False
BizITObsL2C-5T/tshort,1024,0.2963019392216393,0.9860210805885202,0.30050264142911365,6681004032.0,cell,False,False
BizITObsL2C-5T/tshort,1536,0.2930631384804745,0.9860210805885202,0.297217923886126,10026289152.0,cell,False,False
BizITObsL2C-5T/tshort,2048,0.2781865639627061,0.9860210805885202,0.2821304426845181,13409323008.0,cell,False,False
BizITObsL2C-5T/tmedium,native,0.8758420171196984,1.2435997989335994,0.7042796387316423,858196672512.0,cell,True,False
BizITObsL2C-5T/tmedium,32,0.8908235566529575,1.2435997989335994,0.7163265524944992,122493566976.0,cell,False,True
BizITObsL2C-5T/tmedium,48,0.9324441424375828,1.2435997989335994,0.7497943817916053,129038450688.0,cell,False,False
BizITObsL2C-5T/tmedium,64,0.9827101671044041,1.2435997989335994,0.7902141572771956,135585693696.0,cell,False,False
BizITObsL2C-5T/tmedium,96,0.9907151267421428,1.2435997989335994,0.7966510830829114,148687257600.0,cell,False,False
BizITObsL2C-5T/tmedium,128,1.0557401704068268,1.2435997989335994,0.8489388397393886,161798258688.0,cell,False,False
BizITObsL2C-5T/tmedium,192,0.9998207078404009,1.2435997989335994,0.8039730375461288,188048572416.0,cell,False,False
BizITObsL2C-5T/tmedium,256,1.0204797010104787,1.2435997989335994,0.8205852894842467,214336634880.0,cell,False,False
BizITObsL2C-5T/tmedium,384,0.9454686808511144,1.2435997989335994,0.7602676372751622,267026006016.0,cell,False,False
BizITObsL2C-5T/tmedium,512,0.8907456072644426,1.2435997989335994,0.7162638720497276,319866372096.0,cell,False,True
BizITObsL2C-5T/tmedium,768,0.9315585028438188,1.2435997989335994,0.749082223752883,426000089088.0,cell,False,False
BizITObsL2C-5T/tmedium,1024,0.9394992751692322,1.2435997989335994,0.7554675354361292,532737785856.0,cell,False,False
BizITObsL2C-5T/tmedium,1536,0.8847299501847699,1.2435997989335994,0.7114265786657697,748025118720.0,cell,False,True
BizITObsL2C-5T/tmedium,2048,0.8758420116663798,1.2435997989335994,0.704279634346535,858196672512.0,cell,False,True
BizITObsL2C-5T/tlong,native,1.2434632887119654,1.4542830442631411,0.8550352653956752,1340932300800.0,cell,True,False
BizITObsL2C-5T/tlong,32,1.2495705279474243,1.4542830442631411,0.85923474998676,273592098816.0,cell,False,True
BizITObsL2C-5T/tlong,48,1.2704897798208596,1.4542830442631411,0.8736193307297987,283848007680.0,cell,False,False
BizITObsL2C-5T/tlong,64,1.2716114339597413,1.4542830442631411,0.8743906070939882,294107602944.0,cell,False,False
BizITObsL2C-5T/tlong,96,1.3006170791614167,1.4542830442631411,0.894335586385397,314637852672.0,cell,False,False
BizITObsL2C-5T/tlong,128,1.2823221948900607,1.4542830442631411,0.8817555839274672,335182848000.0,cell,False,False
BizITObsL2C-5T/tlong,192,1.309398466090706,1.4542830442631411,0.9003738792500016,376317075456.0,cell,False,False
BizITObsL2C-5T/tlong,256,1.2948519962633396,1.4542830442631411,0.8903713767215223,417510285312.0,cell,False,False
BizITObsL2C-5T/tlong,384,1.3290653434769284,1.4542830442631411,0.913897297173221,500073652224.0,cell,False,False
BizITObsL2C-5T/tlong,512,1.2737335940966108,1.4542830442631411,0.8758498554468044,582872948736.0,cell,False,False
BizITObsL2C-5T/tlong,768,1.2821193319344,1.4542830442631411,0.8816160904798465,749179330560.0,cell,False,False
BizITObsL2C-5T/tlong,1024,1.2860068986291655,1.4542830442631411,0.884289274843854,916429430784.0,cell,False,False
BizITObsL2C-5T/tlong,1536,1.3195442205719634,1.4542830442631411,0.9073503440594348,1230760747008.0,cell,False,False
BizITObsL2C-5T/tlong,2048,1.2434632810978867,1.4542830442631411,0.8550352601600516,1340932300800.0,cell,False,True
BizITObsL2C-H/tshort,native,0.4322674443930397,1.214064126760004,0.35604992756572096,13409323008.0,cell,True,True
BizITObsL2C-H/tshort,32,1.0336978816177198,1.214064126760004,0.8514359817025225,306935808.0,cell,False,True
BizITObsL2C-H/tshort,48,1.0137845585097653,1.214064126760004,0.8350337813005573,408619008.0,cell,False,True
BizITObsL2C-H/tshort,64,1.0727186385230627,1.214064126760004,0.8835765878247694,510339072.0,cell,False,False
BizITObsL2C-H/tshort,96,0.9929800186436225,1.214064126760004,0.8178975037287421,713889792.0,cell,False,True
BizITObsL2C-H/tshort,128,0.9398230112396413,1.214064126760004,0.7741131547538307,917587968.0,cell,False,True
BizITObsL2C-H/tshort,192,1.0900327123715265,1.214064126760004,0.8978378393244494,1325426688.0,cell,False,False
BizITObsL2C-H/tshort,256,1.0094670925175069,1.214064126760004,0.8314775721209149,1733855232.0,cell,False,False
BizITObsL2C-H/tshort,384,0.707361034403901,1.214064126760004,0.582638938761537,2552481792.0,cell,False,True
BizITObsL2C-H/tshort,512,0.5575512708138958,1.214064126760004,0.45924367463343424,3373467648.0,cell,False,True
BizITObsL2C-H/tshort,768,0.478763694552608,1.214064126760004,0.394347945878521,5022517248.0,cell,False,True
BizITObsL2C-H/tshort,1024,0.44381550959303956,1.214064126760004,0.3655618346762773,6681004032.0,cell,False,True
BizITObsL2C-H/tshort,1536,0.4324038467885975,1.214064126760004,0.35616227945270224,10026289152.0,cell,False,True
BizITObsL2C-H/tshort,2048,0.4322674457702606,1.214064126760004,0.3560499287001099,13409323008.0,cell,False,False
BizITObsL2C-H/tmedium,native,0.5044269258376084,1.5102861226255864,0.3339942798128063,858196672512.0,cell,True,False
BizITObsL2C-H/tmedium,32,1.3953443080744568,1.5102861226255864,0.9238940139691499,122493566976.0,cell,False,True
BizITObsL2C-H/tmedium,48,1.390892591272881,1.5102861226255864,0.9209464156731153,129038450688.0,cell,False,True
BizITObsL2C-H/tmedium,64,1.8187055173415834,1.5102861226255864,1.2042125595246942,135585693696.0,cell,False,False
BizITObsL2C-H/tmedium,96,1.6637403139698024,1.5102861226255864,1.1016060394420102,148687257600.0,cell,False,False
BizITObsL2C-H/tmedium,128,1.691937163017791,1.5102861226255864,1.1202759117434051,161798258688.0,cell,False,False
BizITObsL2C-H/tmedium,192,1.5285748886420194,1.5102861226255864,1.0121094710084726,188048572416.0,cell,False,False
BizITObsL2C-H/tmedium,256,1.3289144471596133,1.5102861226255864,0.8799090630915261,214336634880.0,cell,False,True
BizITObsL2C-H/tmedium,384,0.8448645364478593,1.5102861226255864,0.5594069387190608,267026006016.0,cell,False,True
BizITObsL2C-H/tmedium,512,0.561570807620457,1.5102861226255864,0.37183074068388,319866372096.0,cell,False,True
BizITObsL2C-H/tmedium,768,0.5014429688573214,1.5102861226255864,0.33201852373878543,426000089088.0,cell,False,True
BizITObsL2C-H/tmedium,1024,0.5041009932392314,1.5102861226255864,0.3337784713024226,532737785856.0,cell,False,False
BizITObsL2C-H/tmedium,1536,0.5052523156852304,1.5102861226255864,0.3345407920499625,748025118720.0,cell,False,False
BizITObsL2C-H/tmedium,2048,0.5044269188721503,1.5102861226255864,0.33399427520079406,858196672512.0,cell,False,False
BizITObsL2C-H/tlong,native,0.565239945355598,1.4260541525613812,0.3963663962833056,1338382196736.0,cell,True,True
BizITObsL2C-H/tlong,32,1.3720459248163623,1.4260541525613812,0.9621275057135713,273592098816.0,cell,False,True
BizITObsL2C-H/tlong,48,1.3564955899523703,1.4260541525613812,0.951223056653161,283848007680.0,cell,False,True
BizITObsL2C-H/tlong,64,1.3405396755869312,1.4260541525613812,0.9400342007904435,294107602944.0,cell,False,True
BizITObsL2C-H/tlong,96,1.649829811721126,1.4260541525613812,1.1569194681406834,314637852672.0,cell,False,False
BizITObsL2C-H/tlong,128,1.3662285310347837,1.4260541525613812,0.9580481418471081,335182848000.0,cell,False,False
BizITObsL2C-H/tlong,192,1.3929467718735378,1.4260541525613812,0.9767839246298058,376317075456.0,cell,False,False
BizITObsL2C-H/tlong,256,1.2983441684167836,1.4260541525613812,0.9104452072067434,417510285312.0,cell,False,True
BizITObsL2C-H/tlong,384,0.9506818739305526,1.4260541525613812,0.6666520147380116,500073652224.0,cell,False,True
BizITObsL2C-H/tlong,512,0.7893330318309636,1.4260541525613812,0.5535084557716251,582872948736.0,cell,False,True
BizITObsL2C-H/tlong,768,0.5715966357679386,1.4260541525613812,0.40082393416917284,749179330560.0,cell,False,True
BizITObsL2C-H/tlong,1024,0.5662431000462601,1.4260541525613812,0.3970698441074014,916429430784.0,cell,False,True
BizITObsL2C-H/tlong,1536,0.5687106963961029,1.4260541525613812,0.3988002106193678,1230760747008.0,cell,False,False
BitbrainsFS-5T/tshort,native,0.744876956204278,1.1360241737534569,0.655687593110966,13409323008.0,cell,True,False
BitbrainsFS-5T/tshort,32,0.9418747792283357,1.1360241737534569,0.8290974796041127,306935808.0,cell,False,True
BitbrainsFS-5T/tshort,48,0.8864945118431012,1.1360241737534569,0.7803482815987072,408619008.0,cell,False,True
BitbrainsFS-5T/tshort,64,0.9497664998670835,1.1360241737534569,0.8360442689604284,510339072.0,cell,False,False
BitbrainsFS-5T/tshort,96,0.884494693014232,1.1360241737534569,0.7785879151601465,713889792.0,cell,False,True
BitbrainsFS-5T/tshort,128,0.9578023673454371,1.1360241737534569,0.8431179454402191,917587968.0,cell,False,False
BitbrainsFS-5T/tshort,192,0.8300925341551735,1.1360241737534569,0.7306997098596271,1325426688.0,cell,False,True
BitbrainsFS-5T/tshort,256,0.7805135464492262,1.1360241737534569,0.6870571634672058,1733855232.0,cell,False,True
BitbrainsFS-5T/tshort,384,0.7682852870531305,1.1360241737534569,0.676293079675139,2552481792.0,cell,False,True
BitbrainsFS-5T/tshort,512,0.7643018656380245,1.1360241737534569,0.6727866213557313,3373467648.0,cell,False,True
BitbrainsFS-5T/tshort,768,0.7566636181672566,1.1360241737534569,0.6660629550401361,5022517248.0,cell,False,True
BitbrainsFS-5T/tshort,1024,0.749092405884259,1.1360241737534569,0.6593982973172445,6681004032.0,cell,False,True
BitbrainsFS-5T/tshort,1536,0.7432555138179309,1.1360241737534569,0.654260297439088,10026289152.0,cell,False,True
BitbrainsFS-5T/tshort,2048,0.7448769591234253,1.1360241737534569,0.6556875956805833,13409323008.0,cell,False,False
BitbrainsFS-5T/tmedium,native,1.0480067549124146,1.2202713595882653,0.8588309040261546,858196672512.0,cell,True,False
BitbrainsFS-5T/tmedium,32,1.1429894343426972,1.2202713595882653,0.9366682462565998,122493566976.0,cell,False,True
BitbrainsFS-5T/tmedium,48,1.1397100922432033,1.2202713595882653,0.9339808586737262,129038450688.0,cell,False,True
BitbrainsFS-5T/tmedium,64,1.351338277265925,1.2202713595882653,1.1074080094134828,135585693696.0,cell,False,False
BitbrainsFS-5T/tmedium,96,3.1917074254931856,1.2202713595882653,2.6155718565500936,148687257600.0,cell,False,False
BitbrainsFS-5T/tmedium,128,2.4674798712311974,1.2202713595882653,2.022074722841775,161798258688.0,cell,False,False
BitbrainsFS-5T/tmedium,192,1.0973459573521855,1.2202713595882653,0.8992638798983561,188048572416.0,cell,False,True
BitbrainsFS-5T/tmedium,256,1.0945391698203348,1.2202713595882653,0.8969637459897821,214336634880.0,cell,False,True
BitbrainsFS-5T/tmedium,384,1.079626375261835,1.2202713595882653,0.8847428621336441,267026006016.0,cell,False,True
BitbrainsFS-5T/tmedium,512,1.0729098311209049,1.2202713595882653,0.8792387223469033,319866372096.0,cell,False,True
BitbrainsFS-5T/tmedium,768,1.0620685165346908,1.2202713595882653,0.8703543750244584,426000089088.0,cell,False,True
BitbrainsFS-5T/tmedium,1024,1.0522216298480371,1.2202713595882653,0.8622849512776156,532737785856.0,cell,False,True
BitbrainsFS-5T/tmedium,1536,1.048413925053084,1.2202713595882653,0.8591645758258489,748025118720.0,cell,False,True
BitbrainsFS-5T/tmedium,2048,1.0480067492130225,1.2202713595882653,0.8588308993555606,858196672512.0,cell,False,True
BitbrainsFS-5T/tlong,native,0.953565030818845,1.1366422318753115,0.8389315512635731,1340932300800.0,cell,True,False
BitbrainsFS-5T/tlong,32,1.4886569640976686,1.1366422318753115,1.3096970377755353,273592098816.0,cell,False,True
BitbrainsFS-5T/tlong,48,1.0554016200494338,1.1366422318753115,0.9285257845013895,283848007680.0,cell,False,True
BitbrainsFS-5T/tlong,64,1.1486241309044702,1.1366422318753115,1.0105414867520717,294107602944.0,cell,False,False
BitbrainsFS-5T/tlong,96,2.5823283037402764,1.1366422318753115,2.2718919210662896,314637852672.0,cell,False,False
BitbrainsFS-5T/tlong,128,1.961196959744798,1.1366422318753115,1.7254303110918892,335182848000.0,cell,False,False
BitbrainsFS-5T/tlong,192,0.9983356106134249,1.1366422318753115,0.8783200048499881,376317075456.0,cell,False,True
BitbrainsFS-5T/tlong,256,0.9924463290234815,1.1366422318753115,0.8731387073187263,417510285312.0,cell,False,True
BitbrainsFS-5T/tlong,384,0.976469839095597,1.1366422318753115,0.8590828421750167,500073652224.0,cell,False,True
BitbrainsFS-5T/tlong,512,0.970118814207509,1.1366422318753115,0.8534953101354851,582872948736.0,cell,False,True
BitbrainsFS-5T/tlong,768,0.969029188686089,1.1366422318753115,0.8525366746995817,749179330560.0,cell,False,True
BitbrainsFS-5T/tlong,1024,0.9604599870644223,1.1366422318753115,0.8449976255763333,916429430784.0,cell,False,True
BitbrainsFS-5T/tlong,1536,0.9549534218103309,1.1366422318753115,0.8401530358719668,1230760747008.0,cell,False,True
BitbrainsFS-5T/tlong,2048,0.953565030060999,1.1366422318753115,0.838931550596832,1340932300800.0,cell,False,True
BitbrainsFS-H/tshort,native,1.069887198359813,1.298512456963805,0.8239329492929427,4351494144.0,cell,True,False
BitbrainsFS-H/tshort,32,1.2429329760832297,1.298512456963805,0.9571975759011726,306935808.0,cell,False,True
BitbrainsFS-H/tshort,48,1.2051937151228933,1.298512456963805,0.9281341188985507,408619008.0,cell,False,True
BitbrainsFS-H/tshort,64,1.0870096381014318,1.298512456963805,0.8371191452741923,510339072.0,cell,False,True
BitbrainsFS-H/tshort,96,1.0368144354887618,1.298512456963805,0.7984632183760886,713889792.0,cell,False,True
BitbrainsFS-H/tshort,128,1.045892414802252,1.298512456963805,0.8054542790045837,917587968.0,cell,False,False
BitbrainsFS-H/tshort,192,0.9825013858878006,1.298512456963805,0.7566360881782338,1325426688.0,cell,False,True
BitbrainsFS-H/tshort,256,1.091811917367577,1.298512456963805,0.8408174380709931,1733855232.0,cell,False,False
BitbrainsFS-H/tshort,384,1.0844505121254866,1.298512456963805,0.8351483317003826,2552481792.0,cell,False,False
BitbrainsFS-H/tshort,512,1.066601649669527,1.298512456963805,0.8214027088838761,3373467648.0,cell,False,False
BitbrainsRnD-5T/tshort,native,1.7053991411664005,1.970812637671696,0.86532788991101,13409323008.0,cell,True,False
BitbrainsRnD-5T/tshort,32,2.01730849005833,1.970812637671696,1.0235922235822295,306935808.0,cell,False,True
BitbrainsRnD-5T/tshort,48,1.9755498948253638,1.970812637671696,1.002403707517963,408619008.0,cell,False,True
BitbrainsRnD-5T/tshort,64,1.9355528718749992,1.970812637671696,0.982109021871124,510339072.0,cell,False,True
BitbrainsRnD-5T/tshort,96,1.9011157352256096,1.970812637671696,0.9646354498069255,713889792.0,cell,False,True
BitbrainsRnD-5T/tshort,128,1.8665771590672409,1.970812637671696,0.9471104068382684,917587968.0,cell,False,True
BitbrainsRnD-5T/tshort,192,1.8584066498844685,1.970812637671696,0.9429646503992266,1325426688.0,cell,False,True
BitbrainsRnD-5T/tshort,256,1.805817906199403,1.970812637671696,0.916280863884039,1733855232.0,cell,False,True
BitbrainsRnD-5T/tshort,384,1.769710443909201,1.970812637671696,0.897959760396059,2552481792.0,cell,False,True
BitbrainsRnD-5T/tshort,512,1.7556315521582442,1.970812637671696,0.8908160616588774,3373467648.0,cell,False,True
BitbrainsRnD-5T/tshort,768,1.7333375876080932,1.970812637671696,0.8795039946850787,5022517248.0,cell,False,True
BitbrainsRnD-5T/tshort,1024,1.711758927612477,1.970812637671696,0.8685548767511136,6681004032.0,cell,False,True
BitbrainsRnD-5T/tshort,1536,1.7052451573874785,1.970812637671696,0.8652497577862313,10026289152.0,cell,False,True
BitbrainsRnD-5T/tshort,2048,1.70539917094242,1.970812637671696,0.8653279050195084,13409323008.0,cell,False,False
BitbrainsRnD-5T/tmedium,native,4.459922809520957,4.542392314855541,0.9818444776192329,858196672512.0,cell,True,False
BitbrainsRnD-5T/tmedium,32,4.707530410765794,4.542392314855541,1.0363548730412786,122493566976.0,cell,False,True
BitbrainsRnD-5T/tmedium,48,4.657518614728775,4.542392314855541,1.0253448605697757,129038450688.0,cell,False,True
BitbrainsRnD-5T/tmedium,64,4.782864792546432,4.542392314855541,1.0529396100166082,135585693696.0,cell,False,False
BitbrainsRnD-5T/tmedium,96,8.450502689314563,4.542392314855541,1.8603639015674296,148687257600.0,cell,False,False
BitbrainsRnD-5T/tmedium,128,7.395371556866116,4.542392314855541,1.6280785639496895,161798258688.0,cell,False,False
BitbrainsRnD-5T/tmedium,192,4.648052998540329,4.542392314855541,1.0232610211450106,188048572416.0,cell,False,True
BitbrainsRnD-5T/tmedium,256,4.644582221450541,4.542392314855541,1.0224969354277913,214336634880.0,cell,False,True
BitbrainsRnD-5T/tmedium,384,4.605403059746601,4.542392314855541,1.0138717091179,267026006016.0,cell,False,True
BitbrainsRnD-5T/tmedium,512,4.48321705732402,4.542392314855541,0.9869726669495295,319866372096.0,cell,False,True
BitbrainsRnD-5T/tmedium,768,4.470567065463499,4.542392314855541,0.9841877925961737,426000089088.0,cell,False,True
BitbrainsRnD-5T/tmedium,1024,4.46415167172016,4.542392314855541,0.9827754544935492,532737785856.0,cell,False,True
BitbrainsRnD-5T/tmedium,1536,4.459191271938171,4.542392314855541,0.9816834308553078,748025118720.0,cell,False,True
BitbrainsRnD-5T/tmedium,2048,4.459922866041843,4.542392314855541,0.9818444900622106,858196672512.0,cell,False,False
BitbrainsRnD-5T/tlong,native,3.4083560630721625,3.501257904408163,0.9734661530591521,1340932300800.0,cell,True,True
BitbrainsRnD-5T/tlong,32,3.700023158582916,3.501257904408163,1.0567696695306288,273592098816.0,cell,False,True
BitbrainsRnD-5T/tlong,48,3.6658180181021867,3.501257904408163,1.047000283380107,283848007680.0,cell,False,True
BitbrainsRnD-5T/tlong,64,3.768199866778631,3.501257904408163,1.0762417307317984,294107602944.0,cell,False,False
BitbrainsRnD-5T/tlong,96,8.332379602550894,3.501257904408163,2.3798245744937097,314637852672.0,cell,False,False
BitbrainsRnD-5T/tlong,128,6.9833828528727375,3.501257904408163,1.9945354051412496,335182848000.0,cell,False,False
BitbrainsRnD-5T/tlong,192,3.6356456958219128,3.501257904408163,1.0383827170356552,376317075456.0,cell,False,True
BitbrainsRnD-5T/tlong,256,3.6501731114488214,3.501257904408163,1.0425319159874429,417510285312.0,cell,False,False
BitbrainsRnD-5T/tlong,384,3.5117988290378808,3.501257904408163,1.0030106107340584,500073652224.0,cell,False,True
BitbrainsRnD-5T/tlong,512,3.4402267686728187,3.501257904408163,0.9825687974431976,582872948736.0,cell,False,True
BitbrainsRnD-5T/tlong,768,3.426650191541087,3.501257904408163,0.9786911690300955,749179330560.0,cell,False,True
BitbrainsRnD-5T/tlong,1024,3.4178259123968684,3.501257904408163,0.9761708522224964,916429430784.0,cell,False,True
BitbrainsRnD-5T/tlong,1536,3.4131877644911053,3.501257904408163,0.9748461432086521,1230760747008.0,cell,False,True
BitbrainsRnD-5T/tlong,2048,3.40835619620072,3.501257904408163,0.9734661910822172,1340932300800.0,cell,False,False
BitbrainsRnD-H/tshort,native,5.896932103462124,6.0373618687533925,0.9767398793804181,4248391680.0,cell,True,False
BitbrainsRnD-H/tshort,32,5.8793800024458465,6.0373618687533925,0.973832632573312,306935808.0,cell,False,True
BitbrainsRnD-H/tshort,48,5.928364349824161,6.0373618687533925,0.981946167664166,408619008.0,cell,False,False
BitbrainsRnD-H/tshort,64,5.946782858559608,6.0373618687533925,0.9849969221386944,510339072.0,cell,False,False
BitbrainsRnD-H/tshort,96,5.898431672528032,6.0373618687533925,0.976988260891831,713889792.0,cell,False,False
BitbrainsRnD-H/tshort,128,5.912215662043208,6.0373618687533925,0.9792713755725189,917587968.0,cell,False,False
BitbrainsRnD-H/tshort,192,5.914760438002882,6.0373618687533925,0.9796928801990421,1325426688.0,cell,False,False
BitbrainsRnD-H/tshort,256,5.949742855212003,6.0373618687533925,0.9854872019524181,1733855232.0,cell,False,False
BitbrainsRnD-H/tshort,384,5.953992999324189,6.0373618687533925,0.9861911756754747,2552481792.0,cell,False,False
BitbrainsRnD-H/tshort,512,5.912215773566748,6.0373618687533925,0.9792713940447494,3373467648.0,cell,False,False
Restaurant/tshort,native,0.700367075821165,1.0060757450046092,0.6961375217508662,2230342477.0855017,cell,True,True
Restaurant/tshort,32,0.8078260459032692,1.0060757450046092,0.8029475413897075,306935808.0,cell,False,True
Restaurant/tshort,48,0.7737145440982852,1.0060757450046092,0.7690420407607984,408619008.0,cell,False,True
Restaurant/tshort,64,0.7618254579874201,1.0060757450046092,0.7572247534741332,510339072.0,cell,False,True
Restaurant/tshort,96,0.7474338108736902,1.0060757450046092,0.7429200182837784,713889792.0,cell,False,True
Restaurant/tshort,128,0.7244900702287634,1.0060757450046092,0.72011483611052,917587968.0,cell,False,True
Restaurant/tshort,192,0.7075542135159155,1.0060757450046092,0.703281255938313,1325426688.0,cell,False,True
Restaurant/tshort,256,0.7039923456249301,1.0060757450046092,0.6997408983572155,1733855232.0,cell,False,True
Restaurant/tshort,384,0.6995068171496316,1.0060757450046092,0.6952824582272649,2552481792.0,cell,False,True
ETTm1-15T/tshort,native,0.6796543807775642,0.9341549587802876,0.7275606411863177,13409323008.0,cell,True,False
ETTm1-15T/tshort,32,1.90782558696536,0.9341549587802876,2.0423009791184747,306935808.0,cell,False,True
ETTm1-15T/tshort,48,2.0474152374326944,0.9341549587802876,2.191729774796651,408619008.0,cell,False,False
ETTm1-15T/tshort,64,1.963360311979033,0.9341549587802876,2.101750136339868,510339072.0,cell,False,False
ETTm1-15T/tshort,96,1.407100003988699,0.9341549587802876,1.506281148286071,713889792.0,cell,False,True
ETTm1-15T/tshort,128,1.2097508858713992,0.9341549587802876,1.2950216390768328,917587968.0,cell,False,True
ETTm1-15T/tshort,192,0.9070458733963938,0.9341549587802876,0.9709800979708015,1325426688.0,cell,False,True
ETTm1-15T/tshort,256,0.7851005513596623,0.9341549587802876,0.8404393125362803,1733855232.0,cell,False,True
ETTm1-15T/tshort,384,0.7045348238639454,0.9341549587802876,0.7541948123722922,2552481792.0,cell,False,True
ETTm1-15T/tshort,512,0.7039397441371311,0.9341549587802876,0.7535577877317644,3373467648.0,cell,False,True
ETTm1-15T/tshort,768,0.7144531763644201,0.9341549587802876,0.7648122719353447,5022517248.0,cell,False,False
ETTm1-15T/tshort,1024,0.7016355128375967,0.9341549587802876,0.75109113990436,6681004032.0,cell,False,True
ETTm1-15T/tshort,1536,0.681929644512078,0.9341549587802876,0.7299962796348729,10026289152.0,cell,False,True
ETTm1-15T/tshort,2048,0.6796543745069668,0.9341549587802876,0.7275606344737295,13409323008.0,cell,False,True
ETTm1-15T/tmedium,native,1.0543853650482538,1.188305978388322,0.8873012374121837,858196672512.0,cell,True,False
ETTm1-15T/tmedium,32,2.273007085114429,1.188305978388322,1.9128129677486496,122493566976.0,cell,False,True
ETTm1-15T/tmedium,48,2.0565511285607605,1.188305978388322,1.7306578995336064,129038450688.0,cell,False,True
ETTm1-15T/tmedium,64,2.051911675802678,1.188305978388322,1.7267536418403353,135585693696.0,cell,False,True
ETTm1-15T/tmedium,96,1.6786102912046714,1.188305978388322,1.4126077977671545,148687257600.0,cell,False,True
ETTm1-15T/tmedium,128,1.5241004735465142,1.188305978388322,1.2825825176892773,161798258688.0,cell,False,True
ETTm1-15T/tmedium,192,1.2513252380948452,1.188305978388322,1.0530328558912032,188048572416.0,cell,False,True
ETTm1-15T/tmedium,256,1.1997353049213086,1.188305978388322,1.0096181679978484,214336634880.0,cell,False,True
ETTm1-15T/tmedium,384,1.1424196260793367,1.188305978388322,0.9613850698864443,267026006016.0,cell,False,True
ETTm1-15T/tmedium,512,1.123172800244263,1.188305978388322,0.9451882096626341,319866372096.0,cell,False,True
ETTm1-15T/tmedium,768,1.097444083904866,1.188305978388322,0.923536617558139,426000089088.0,cell,False,True
ETTm1-15T/tmedium,1024,1.0695451250358259,1.188305978388322,0.9000586923634185,532737785856.0,cell,False,True
ETTm1-15T/tmedium,1536,1.0547429861978876,1.188305978388322,0.8876021878038656,748025118720.0,cell,False,True
ETTm1-15T/tmedium,2048,1.0543853599855908,1.188305978388322,0.8873012331517801,858196672512.0,cell,False,True
ETTm1-15T/tlong,native,1.1258614374838258,1.190885705867336,0.9453983971231292,1340932300800.0,cell,True,False
ETTm1-15T/tlong,32,2.0846444273589224,1.190885705867336,1.7504991596491213,273592098816.0,cell,False,True
ETTm1-15T/tlong,48,1.8543539093919787,1.190885705867336,1.557121645054452,283848007680.0,cell,False,True
ETTm1-15T/tlong,64,1.8271328278362355,1.190885705867336,1.5342637994848658,294107602944.0,cell,False,True
ETTm1-15T/tlong,96,1.793309058588874,1.190885705867336,1.5058616034716663,314637852672.0,cell,False,True
ETTm1-15T/tlong,128,1.4970119948158704,1.190885705867336,1.257057656700631,335182848000.0,cell,False,True
ETTm1-15T/tlong,192,1.2594755531115311,1.190885705867336,1.0575956591856481,376317075456.0,cell,False,True
ETTm1-15T/tlong,256,1.1755585170982221,1.190885705867336,0.9871295887643969,417510285312.0,cell,False,True
ETTm1-15T/tlong,384,1.1812310076295118,1.190885705867336,0.9918928422851523,500073652224.0,cell,False,False
ETTm1-15T/tlong,512,1.1802870331399258,1.190885705867336,0.9911001763853642,582872948736.0,cell,False,False
ETTm1-15T/tlong,768,1.1522882338865144,1.190885705867336,0.9675892725971459,749179330560.0,cell,False,True
ETTm1-15T/tlong,1024,1.119793225619117,1.190885705867336,0.9403028519882674,916429430784.0,cell,False,True
ETTm1-15T/tlong,1536,1.133458506764394,1.190885705867336,0.9517777408696688,1230760747008.0,cell,False,False
ETTm1-15T/tlong,2048,1.12586144857977,1.190885705867336,0.9453984064405172,1340932300800.0,cell,False,False
ETTm1-H/tshort,native,0.8278797969686483,0.9773176243434534,0.8470938990021847,13409323008.0,cell,True,False
ETTm1-H/tshort,32,1.0171004419982512,0.9773176243434534,1.0407061293727546,306935808.0,cell,False,True
ETTm1-H/tshort,48,0.9234251445584313,0.9773176243434534,0.9448567400785122,408619008.0,cell,False,True
ETTm1-H/tshort,64,0.9377604228371039,0.9773176243434534,0.9595247230572319,510339072.0,cell,False,False
ETTm1-H/tshort,96,0.8713244740961752,0.9773176243434534,0.8915468752356914,713889792.0,cell,False,True
ETTm1-H/tshort,128,0.8815331047052742,0.9773176243434534,0.901992435977479,917587968.0,cell,False,False
ETTm1-H/tshort,192,0.8681926818505574,0.9773176243434534,0.8883423978297696,1325426688.0,cell,False,True
ETTm1-H/tshort,256,0.8409149056120173,0.9773176243434534,0.8604315369600858,1733855232.0,cell,False,True
ETTm1-H/tshort,384,0.8319564964291024,0.9773176243434534,0.8512652137916756,2552481792.0,cell,False,True
ETTm1-H/tshort,512,0.8282209422600383,0.9773176243434534,0.8474429618686393,3373467648.0,cell,False,True
ETTm1-H/tshort,768,0.8529663680408169,0.9773176243434534,0.8727626994487349,5022517248.0,cell,False,False
ETTm1-H/tshort,1024,0.8539431108937731,0.9773176243434534,0.8737621113375896,6681004032.0,cell,False,False
ETTm1-H/tshort,1536,0.8279194571141922,0.9773176243434534,0.8471344796123732,10026289152.0,cell,False,True
ETTm1-H/tshort,2048,0.8278797948804352,0.9773176243434534,0.8470938968655065,13409323008.0,cell,False,True
ETTm1-H/tmedium,native,1.3615353062425375,1.5678007461285397,0.8684364448764645,858196672512.0,cell,True,False
ETTm1-H/tmedium,32,1.4882426036839307,1.5678007461285397,0.9492549403098152,122493566976.0,cell,False,True
ETTm1-H/tmedium,48,1.4018331622831939,1.5678007461285397,0.8941398744354606,129038450688.0,cell,False,True
ETTm1-H/tmedium,64,1.4036088584816577,1.5678007461285397,0.8952724776714577,135585693696.0,cell,False,False
ETTm1-H/tmedium,96,1.3184091882251598,1.5678007461285397,0.840929047572393,148687257600.0,cell,False,True
ETTm1-H/tmedium,128,1.294754477958535,1.5678007461285397,0.8258412181240163,161798258688.0,cell,False,True
ETTm1-H/tmedium,192,1.3275497716548161,1.5678007461285397,0.8467592421632729,188048572416.0,cell,False,False
ETTm1-H/tmedium,256,1.3080680896440773,1.5678007461285397,0.834333121013091,214336634880.0,cell,False,False
ETTm1-H/tmedium,384,1.2752040184071527,1.5678007461285397,0.8133712281717477,267026006016.0,cell,False,True
ETTm1-H/tmedium,512,1.2931771617655663,1.5678007461285397,0.824835148827989,319866372096.0,cell,False,False
ETTm1-H/tmedium,768,1.3223546511354984,1.5678007461285397,0.8434456064655311,426000089088.0,cell,False,False
ETTm1-H/tmedium,1024,1.4053365956395405,1.5678007461285397,0.8963744908974044,532737785856.0,cell,False,False
ETTm1-H/tmedium,1536,1.3368601052329805,1.5678007461285397,0.8526977095362187,748025118720.0,cell,False,False
ETTm1-H/tmedium,2048,1.3615352880940153,1.5678007461285397,0.8684364333006809,858196672512.0,cell,False,False
ETTm1-H/tlong,native,1.3456144617037478,1.4787012870437326,0.9099974913756541,1340932300800.0,cell,True,False
ETTm1-H/tlong,32,1.5696557295895295,1.4787012870437326,1.0615096797052472,273592098816.0,cell,False,True
ETTm1-H/tlong,48,1.556411562617514,1.4787012870437326,1.0525530587243501,283848007680.0,cell,False,True
ETTm1-H/tlong,64,1.5061541078206342,1.4787012870437326,1.0185654946116847,294107602944.0,cell,False,True
ETTm1-H/tlong,96,1.4240197667329653,1.4787012870437326,0.9630205770496837,314637852672.0,cell,False,True
ETTm1-H/tlong,128,1.395713135194694,1.4787012870437326,0.9438776765962306,335182848000.0,cell,False,True
ETTm1-H/tlong,192,1.3744892505403337,1.4787012870437326,0.9295246190582934,376317075456.0,cell,False,True
ETTm1-H/tlong,256,1.3393037006347863,1.4787012870437326,0.9057297186184003,417510285312.0,cell,False,True
ETTm1-H/tlong,384,1.36171633466201,1.4787012870437326,0.9208866906340477,500073652224.0,cell,False,False
ETTm1-H/tlong,512,1.410986158357202,1.4787012870437326,0.9542063503428007,582872948736.0,cell,False,False
ETTm1-H/tlong,768,1.3711007113157905,1.4787012870437326,0.9272330546603765,749179330560.0,cell,False,False
ETTm1-H/tlong,1024,1.3499192217778895,1.4787012870437326,0.9129086676300199,916429430784.0,cell,False,False
ETTm1-H/tlong,1536,1.3395163359335722,1.4787012870437326,0.9058735173021838,1230760747008.0,cell,False,False
ETTm1-H/tlong,2048,1.3456144686166456,1.4787012870437326,0.9099974960506334,1340932300800.0,cell,False,False
ETTm1-D/tshort,native,1.6723603818783412,1.7783697877928102,0.9403895597855154,4403066880.0,cell,True,False
ETTm1-D/tshort,32,1.5829225459970107,1.7783697877928102,0.8900975246332906,306935808.0,cell,False,True
ETTm1-D/tshort,48,1.58263637330624,1.7783697877928102,0.8899366060815165,408619008.0,cell,False,True
ETTm1-D/tshort,64,1.7875147541988994,1.7783697877928102,1.0051423311781738,510339072.0,cell,False,False
ETTm1-D/tshort,96,1.8060622889081883,1.7783697877928102,1.0155718463648373,713889792.0,cell,False,False
ETTm1-D/tshort,128,1.8859700124357586,1.7783697877928102,1.0605049778631779,917587968.0,cell,False,False
ETTm1-D/tshort,192,1.6082883645653618,1.7783697877928102,0.9043610477444393,1325426688.0,cell,False,False
ETTm1-D/tshort,256,1.6791193686887074,1.7783697877928102,0.9441902242236776,1733855232.0,cell,False,False
ETTm1-D/tshort,384,1.7000653044457543,1.7783697877928102,0.9559683908911645,2552481792.0,cell,False,False
ETTm1-D/tshort,512,1.7096520856510509,1.7783697877928102,0.9613591601626077,3373467648.0,cell,False,False
ETTm1-W/tshort,native,1.6970130887822763,1.7689207877683926,0.9593493956974566,713889792.0,cell,True,False
ETTm1-W/tshort,32,1.6692314473196073,1.7689207877683926,0.9436439770858537,306935808.0,cell,False,True
ETTm1-W/tshort,48,1.6327680246281489,1.7689207877683926,0.9230306048288295,408619008.0,cell,False,True
ETTm1-W/tshort,64,1.7254866723605922,1.7689207877683926,0.9754459805616308,510339072.0,cell,False,False
ETTm2-15T/tshort,native,0.7660706103333698,1.067314800011479,0.7177550712546389,13409323008.0,cell,True,False
ETTm2-15T/tshort,32,1.206934036906804,1.067314800011479,1.1308135490052451,306935808.0,cell,False,True
ETTm2-15T/tshort,48,1.2289923265145604,1.067314800011479,1.1514806376725428,408619008.0,cell,False,False
ETTm2-15T/tshort,64,1.1261802873512239,1.067314800011479,1.055152882110425,510339072.0,cell,False,True
ETTm2-15T/tshort,96,1.0678767470557415,1.067314800011479,1.000526505436125,713889792.0,cell,False,True
ETTm2-15T/tshort,128,1.0050766856725621,1.067314800011479,0.9416872001229184,917587968.0,cell,False,True
ETTm2-15T/tshort,192,0.9201507601206063,1.067314800011479,0.862117493461826,1325426688.0,cell,False,True
ETTm2-15T/tshort,256,0.8773765371832846,1.067314800011479,0.8220410109312158,1733855232.0,cell,False,True
ETTm2-15T/tshort,384,0.8261032715826389,1.067314800011479,0.7740015144301888,2552481792.0,cell,False,True
ETTm2-15T/tshort,512,0.8398211969198818,1.067314800011479,0.78685425978432,3373467648.0,cell,False,False
ETTm2-15T/tshort,768,0.8012005479135981,1.067314800011479,0.7506693881739307,5022517248.0,cell,False,True
ETTm2-15T/tshort,1024,0.7978529534900826,1.067314800011479,0.7475329241958433,6681004032.0,cell,False,True
ETTm2-15T/tshort,1536,0.7708741777601221,1.067314800011479,0.7222556810341536,10026289152.0,cell,False,True
ETTm2-15T/tshort,2048,0.7660706102395858,1.067314800011479,0.7177550711667698,13409323008.0,cell,False,True
ETTm2-15T/tmedium,native,0.9243539675583688,1.0512391501712754,0.8792994128955018,858196672512.0,cell,True,False
ETTm2-15T/tmedium,32,1.1426317738167884,1.0512391501712754,1.0869379946804898,122493566976.0,cell,False,True
ETTm2-15T/tmedium,48,1.1855269168759879,1.0512391501712754,1.127742356896462,129038450688.0,cell,False,False
ETTm2-15T/tmedium,64,1.1454953191389876,1.0512391501712754,1.0896619660258613,135585693696.0,cell,False,False
ETTm2-15T/tmedium,96,1.1046203548457665,1.0512391501712754,1.0507793156921466,148687257600.0,cell,False,True
ETTm2-15T/tmedium,128,1.1124698090838596,1.0512391501712754,1.0582461744338651,161798258688.0,cell,False,False
ETTm2-15T/tmedium,192,1.0349527977910378,1.0512391501712754,0.9845074716085448,188048572416.0,cell,False,True
ETTm2-15T/tmedium,256,1.0112670963712693,1.0512391501712754,0.9619762507955554,214336634880.0,cell,False,True
ETTm2-15T/tmedium,384,0.9760643544995221,1.0512391501712754,0.928489349298392,267026006016.0,cell,False,True
ETTm2-15T/tmedium,512,0.9339662577190498,1.0512391501712754,0.8884431839956506,319866372096.0,cell,False,True
ETTm2-15T/tmedium,768,0.9565710616672009,1.0512391501712754,0.9099461920832661,426000089088.0,cell,False,False
ETTm2-15T/tmedium,1024,0.9391060977759695,1.0512391501712754,0.8933324996723758,532737785856.0,cell,False,False
ETTm2-15T/tmedium,1536,0.9283839018935508,1.0512391501712754,0.8831329215072439,748025118720.0,cell,False,True
ETTm2-15T/tmedium,2048,0.9243539672207056,1.0512391501712754,0.8792994125742969,858196672512.0,cell,False,True
ETTm2-15T/tlong,native,0.9456221859697608,1.0126577751121104,0.9338023261264862,1340932300800.0,cell,True,False
ETTm2-15T/tlong,32,1.119149328156964,1.0126577751121104,1.105160455646592,273592098816.0,cell,False,True
ETTm2-15T/tlong,48,1.155397632766414,1.0126577751121104,1.1409556724516345,283848007680.0,cell,False,False
ETTm2-15T/tlong,64,1.1661623329161386,1.0126577751121104,1.1515858186019792,294107602944.0,cell,False,False
ETTm2-15T/tlong,96,1.0896576736873538,1.0126577751121104,1.0760374338376248,314637852672.0,cell,False,True
ETTm2-15T/tlong,128,1.03050937326677,1.0126577751121104,1.0176284610590023,335182848000.0,cell,False,True
ETTm2-15T/tlong,192,1.0052530370888522,1.0126577751121104,0.9926878179329256,376317075456.0,cell,False,True
ETTm2-15T/tlong,256,0.9959828243821262,1.0126577751121104,0.9835334787923411,417510285312.0,cell,False,True
ETTm2-15T/tlong,384,0.9917453438715929,1.0126577751121104,0.9793489649173904,500073652224.0,cell,False,True
ETTm2-15T/tlong,512,1.0136713049869557,1.0126577751121104,1.0010008611988714,582872948736.0,cell,False,False
ETTm2-15T/tlong,768,1.0073703277556934,1.0126577751121104,0.9947786434011908,749179330560.0,cell,False,False
ETTm2-15T/tlong,1024,0.9981271017444079,1.0126577751121104,0.9856509536342681,916429430784.0,cell,False,False
ETTm2-15T/tlong,1536,0.9595288419765909,1.0126577751121104,0.94753515507286,1230760747008.0,cell,False,True
ETTm2-15T/tlong,2048,0.9456221792048034,1.0126577751121104,0.9338023194460877,1340932300800.0,cell,False,True
ETTm2-H/tshort,native,0.7329318975572939,0.9231678277377344,0.7939313692867499,13409323008.0,cell,True,False
ETTm2-H/tshort,32,0.9021653065077166,0.9231678277377344,0.9772495091369405,306935808.0,cell,False,True
ETTm2-H/tshort,48,0.8646589659622355,0.9231678277377344,0.9366216412470985,408619008.0,cell,False,True
ETTm2-H/tshort,64,0.8551162669533486,0.9231678277377344,0.9262847352998108,510339072.0,cell,False,True
ETTm2-H/tshort,96,0.8008896120581085,0.9231678277377344,0.8675449771909032,713889792.0,cell,False,True
ETTm2-H/tshort,128,0.7980358090386259,0.9231678277377344,0.8644536616860335,917587968.0,cell,False,True
ETTm2-H/tshort,192,0.8037197298395171,0.9231678277377344,0.8706106362145111,1325426688.0,cell,False,False
ETTm2-H/tshort,256,0.7709784744386527,0.9231678277377344,0.8351444355767589,1733855232.0,cell,False,True
ETTm2-H/tshort,384,0.7410708963594248,0.9231678277377344,0.8027477497514763,2552481792.0,cell,False,True
ETTm2-H/tshort,512,0.742296518453275,0.9231678277377344,0.8040753762750886,3373467648.0,cell,False,False
ETTm2-H/tshort,768,0.7458756503123055,0.9231678277377344,0.8079523873141338,5022517248.0,cell,False,False
ETTm2-H/tshort,1024,0.7442978790938974,0.9231678277377344,0.8062433034715193,6681004032.0,cell,False,False
ETTm2-H/tshort,1536,0.7372897036495688,0.9231678277377344,0.7986518610124569,10026289152.0,cell,False,True
ETTm2-H/tshort,2048,0.7329318969161144,0.9231678277377344,0.7939313685922071,13409323008.0,cell,False,True
ETTm2-H/tmedium,native,1.0500633967605442,1.2384249730532626,0.8479023110876679,858196672512.0,cell,True,False
ETTm2-H/tmedium,32,1.259941912945987,1.2384249730532626,1.0173744395994178,122493566976.0,cell,False,True
ETTm2-H/tmedium,48,1.300260617799293,1.2384249730532626,1.0499308767923003,129038450688.0,cell,False,False
ETTm2-H/tmedium,64,1.260281165834519,1.2384249730532626,1.0176483785912127,135585693696.0,cell,False,False
ETTm2-H/tmedium,96,1.2333278632684999,1.2384249730532626,0.9958841997733653,148687257600.0,cell,False,True
ETTm2-H/tmedium,128,1.0671532833885131,1.2384249730532626,0.8617020058611307,161798258688.0,cell,False,True
ETTm2-H/tmedium,192,1.193418719813369,1.2384249730532626,0.9636584740947742,188048572416.0,cell,False,False
ETTm2-H/tmedium,256,1.1256000258526746,1.2384249730532626,0.908896421135287,214336634880.0,cell,False,False
ETTm2-H/tmedium,384,1.1238300015650444,1.2384249730532626,0.9074671667790329,267026006016.0,cell,False,False
ETTm2-H/tmedium,512,1.1472254603114473,1.2384249730532626,0.9263584676292757,319866372096.0,cell,False,False
ETTm2-H/tmedium,768,1.124956502736699,1.2384249730532626,0.9083767908549083,426000089088.0,cell,False,False
ETTm2-H/tmedium,1024,1.096490318028679,1.2384249730532626,0.8853909941151685,532737785856.0,cell,False,False
ETTm2-H/tmedium,1536,1.0569301401059277,1.2384249730532626,0.853447050167383,748025118720.0,cell,False,True
ETTm2-H/tmedium,2048,1.0500633846371994,1.2384249730532626,0.8479023012983427,858196672512.0,cell,False,True
ETTm2-H/tlong,native,1.071912894033856,1.1284016697207502,0.9499391243360411,1340932300800.0,cell,True,False
ETTm2-H/tlong,32,1.1773807875659492,1.1284016697207502,1.0434057474031566,273592098816.0,cell,False,True
ETTm2-H/tlong,48,1.1133897476040866,1.1284016697207502,0.9866962957256359,283848007680.0,cell,False,True
ETTm2-H/tlong,64,1.0613404231263002,1.1284016697207502,0.9405697027982546,294107602944.0,cell,False,True
ETTm2-H/tlong,96,1.1049603027001726,1.1284016697207502,0.9792260436601634,314637852672.0,cell,False,False
ETTm2-H/tlong,128,1.1475142537636065,1.1284016697207502,1.0169377488138476,335182848000.0,cell,False,False
ETTm2-H/tlong,192,1.1609798646221148,1.1284016697207502,1.0288710977443225,376317075456.0,cell,False,False
ETTm2-H/tlong,256,1.1137237327848983,1.1284016697207502,0.9869922764829971,417510285312.0,cell,False,False
ETTm2-H/tlong,384,1.1444399674976231,1.1284016697207502,1.0142132878807615,500073652224.0,cell,False,False
ETTm2-H/tlong,512,1.1812920861893876,1.1284016697207502,1.046871976431696,582872948736.0,cell,False,False
ETTm2-H/tlong,768,1.1392430219441572,1.1284016697207502,1.0096077066476603,749179330560.0,cell,False,False
ETTm2-H/tlong,1024,1.0974365760371767,1.1284016697207502,0.9725584474797556,916429430784.0,cell,False,False
ETTm2-H/tlong,1536,1.0866594925554125,1.1284016697207502,0.9630076963855718,1230760747008.0,cell,False,False
ETTm2-H/tlong,2048,1.0719128843702166,1.1284016697207502,0.9499391157720344,1340932300800.0,cell,False,False
ETTm2-D/tshort,native,1.3214570750534769,1.3901143157307532,0.950610363550436,4403066880.0,cell,True,True
ETTm2-D/tshort,32,1.5511454010963486,1.3901143157307532,1.115840174828316,306935808.0,cell,False,True
ETTm2-D/tshort,48,1.6989315585132108,1.3901143157307532,1.2221524081061772,408619008.0,cell,False,False
ETTm2-D/tshort,64,1.5017866740366317,1.3901143157307532,1.0803332193922301,510339072.0,cell,False,True
ETTm2-D/tshort,96,1.3240021212772057,1.3901143157307532,0.9524411814874422,713889792.0,cell,False,True
ETTm2-D/tshort,128,1.5458897366016333,1.3901143157307532,1.1120594321690676,917587968.0,cell,False,False
ETTm2-D/tshort,192,1.397781684552834,1.3901143157307532,1.0055156390631443,1325426688.0,cell,False,False
ETTm2-D/tshort,256,1.4444037561169618,1.3901143157307532,1.0390539395011336,1733855232.0,cell,False,False
ETTm2-D/tshort,384,1.3460446212853727,1.3901143157307532,0.9682977910905018,2552481792.0,cell,False,False
ETTm2-D/tshort,512,1.3681757327980824,1.3901143157307532,0.9842181447349975,3373467648.0,cell,False,False
ETTm2-W/tshort,native,0.7390663683640241,0.7785209533197451,0.9493211007520349,713889792.0,cell,True,True
ETTm2-W/tshort,32,1.0908317091453834,0.7785209533197451,1.4011590882607492,306935808.0,cell,False,True
ETTm2-W/tshort,48,0.7654607986180888,0.7785209533197451,0.9832244018019481,408619008.0,cell,False,True
ETTm2-W/tshort,64,0.7671586535503068,0.7785209533197451,0.9854052742948182,510339072.0,cell,False,False
LoopSeattle-5T/tshort,native,0.6275845800242291,0.7623397118337274,0.8232347997648461,13409323008.0,cell,True,False
LoopSeattle-5T/tshort,32,0.8254299594720905,0.7623397118337274,1.0827587054157342,306935808.0,cell,False,True
LoopSeattle-5T/tshort,48,0.8761140045655558,0.7623397118337274,1.1492435602733542,408619008.0,cell,False,False
LoopSeattle-5T/tshort,64,0.9062549757185431,0.7623397118337274,1.1887810140949404,510339072.0,cell,False,False
LoopSeattle-5T/tshort,96,0.9465888626532051,0.7623397118337274,1.241689036999379,713889792.0,cell,False,False
LoopSeattle-5T/tshort,128,0.9368806249532448,0.7623397118337274,1.2289542449516078,917587968.0,cell,False,False
LoopSeattle-5T/tshort,192,0.8324176362570124,0.7623397118337274,1.091924798532035,1325426688.0,cell,False,False
LoopSeattle-5T/tshort,256,0.7994321322626592,0.7623397118337274,1.0486560254610244,1733855232.0,cell,False,True
LoopSeattle-5T/tshort,384,0.6995223725450991,0.7623397118337274,0.9175992824281345,2552481792.0,cell,False,True
LoopSeattle-5T/tshort,512,0.6515058211043195,0.7623397118337274,0.8546135154591269,3373467648.0,cell,False,True
LoopSeattle-5T/tshort,768,0.6328239733495458,0.7623397118337274,0.8301075800280098,5022517248.0,cell,False,True
LoopSeattle-5T/tshort,1024,0.632503997358403,0.7623397118337274,0.8296878511510067,6681004032.0,cell,False,True
LoopSeattle-5T/tshort,1536,0.6264765795381376,0.7623397118337274,0.821781378843842,10026289152.0,cell,False,True
LoopSeattle-5T/tshort,2048,0.6275845798910549,0.7623397118337274,0.8232347995901547,13409323008.0,cell,False,False
LoopSeattle-5T/tmedium,native,1.116477536909254,1.1532851467900649,0.9680845539515901,858196672512.0,cell,True,True
LoopSeattle-5T/tmedium,32,1.6728387075407503,1.1532851467900649,1.4504987879162037,122493566976.0,cell,False,True
LoopSeattle-5T/tmedium,48,1.6254273699748634,1.1532851467900649,1.4093889741829335,129038450688.0,cell,False,True
LoopSeattle-5T/tmedium,64,1.6597058356859182,1.1532851467900649,1.4391114290384928,135585693696.0,cell,False,False
LoopSeattle-5T/tmedium,96,1.7249897553766358,1.1532851467900649,1.4957183487343044,148687257600.0,cell,False,False
LoopSeattle-5T/tmedium,128,1.6362686631056709,1.1532851467900649,1.4187893320744593,161798258688.0,cell,False,False
LoopSeattle-5T/tmedium,192,1.6253868822447537,1.1532851467900649,1.409353867747875,188048572416.0,cell,False,True
LoopSeattle-5T/tmedium,256,1.5224027266696607,1.1532851467900649,1.3200575164840713,214336634880.0,cell,False,True
LoopSeattle-5T/tmedium,384,1.299498608653617,1.1532851467900649,1.1267799748141278,267026006016.0,cell,False,True
LoopSeattle-5T/tmedium,512,1.183746736899533,1.1532851467900649,1.0264128868686566,319866372096.0,cell,False,True
LoopSeattle-5T/tmedium,768,1.1593609375479905,1.1532851467900649,1.0052682467773355,426000089088.0,cell,False,True
LoopSeattle-5T/tmedium,1024,1.15720504730822,1.1532851467900649,1.0033988996815448,532737785856.0,cell,False,True
LoopSeattle-5T/tmedium,1536,1.1403789265643491,1.1532851467900649,0.9888091680868017,748025118720.0,cell,False,True
LoopSeattle-5T/tmedium,2048,1.1164775372708473,1.1532851467900649,0.9680845542651233,858196672512.0,cell,False,False
LoopSeattle-5T/tlong,native,1.2072822334700657,1.2506857542807588,0.9652962219629234,1340932300800.0,cell,True,False
LoopSeattle-5T/tlong,32,1.3856902723574827,1.2506857542807588,1.107944395796178,273592098816.0,cell,False,True
LoopSeattle-5T/tlong,48,1.4735138642115306,1.2506857542807588,1.1781647461547327,283848007680.0,cell,False,False
LoopSeattle-5T/tlong,64,1.558039193342821,1.2506857542807588,1.2457479330919654,294107602944.0,cell,False,False
LoopSeattle-5T/tlong,96,1.486813636325738,1.2506857542807588,1.1887987300061407,314637852672.0,cell,False,False
LoopSeattle-5T/tlong,128,1.3887063148639576,1.2506857542807588,1.1103559068381421,335182848000.0,cell,False,False
LoopSeattle-5T/tlong,192,1.3007918733800243,1.2506857542807588,1.0400629166261517,376317075456.0,cell,False,True
LoopSeattle-5T/tlong,256,1.280248411102908,1.2506857542807588,1.023637158031875,417510285312.0,cell,False,True
LoopSeattle-5T/tlong,384,1.2452378049453343,1.2506857542807588,0.9956440302315929,500073652224.0,cell,False,True
LoopSeattle-5T/tlong,512,1.1795002755620343,1.2506857542807588,0.943082841972833,582872948736.0,cell,False,True
LoopSeattle-5T/tlong,768,1.150477368172715,1.2506857542807588,0.9198772467303976,749179330560.0,cell,False,True
LoopSeattle-5T/tlong,1024,1.155354582153925,1.2506857542807588,0.923776878563987,916429430784.0,cell,False,False
LoopSeattle-5T/tlong,1536,1.184783600765588,1.2506857542807588,0.9473071846468184,1230760747008.0,cell,False,False
LoopSeattle-5T/tlong,2048,1.2072822313957132,1.2506857542807588,0.9652962203043514,1340932300800.0,cell,False,False
LoopSeattle-H/tshort,native,0.8995754865147085,1.2928412613913995,0.6958127910819886,13409323008.0,cell,True,False
LoopSeattle-H/tshort,32,1.291443581318492,1.2928412613913995,0.99891890821043,306935808.0,cell,False,True
LoopSeattle-H/tshort,48,1.2796439932363286,1.2928412613913995,0.9897920428832325,408619008.0,cell,False,True
LoopSeattle-H/tshort,64,1.2923479045053106,1.2928412613913995,0.9996183933010012,510339072.0,cell,False,False
LoopSeattle-H/tshort,96,1.2559088607580782,1.2928412613913995,0.9714331513572103,713889792.0,cell,False,True
LoopSeattle-H/tshort,128,1.1611732864212339,1.2928412613913995,0.8981561163754472,917587968.0,cell,False,True
LoopSeattle-H/tshort,192,1.1160738685979088,1.2928412613913995,0.8632721602625463,1325426688.0,cell,False,True
LoopSeattle-H/tshort,256,1.118947856621013,1.2928412613913995,0.8654951617314282,1733855232.0,cell,False,False
LoopSeattle-H/tshort,384,1.0743131171812954,1.2928412613913995,0.8309706297779228,2552481792.0,cell,False,True
LoopSeattle-H/tshort,512,1.0376628242198906,1.2928412613913995,0.8026219886447025,3373467648.0,cell,False,True
LoopSeattle-H/tshort,768,0.9625414170336926,1.2928412613913995,0.7445163190396421,5022517248.0,cell,False,True
LoopSeattle-H/tshort,1024,0.9244589759876682,1.2928412613913995,0.7150599254488011,6681004032.0,cell,False,True
LoopSeattle-H/tshort,1536,0.9032596499321911,1.2928412613913995,0.6986624552499759,10026289152.0,cell,False,True
LoopSeattle-H/tshort,2048,0.8995754855463975,1.2928412613913995,0.6958127903330096,13409323008.0,cell,False,True
LoopSeattle-H/tmedium,native,1.0541914473890264,1.4805126192799751,0.712044891519882,858196672512.0,cell,True,False
LoopSeattle-H/tmedium,32,1.4147745008911417,1.4805126192799751,0.955597731803999,122493566976.0,cell,False,True
LoopSeattle-H/tmedium,48,1.3914795091705547,1.4805126192799751,0.9398633223722738,129038450688.0,cell,False,True
LoopSeattle-H/tmedium,64,1.3542445319372614,1.4805126192799751,0.9147132650553682,135585693696.0,cell,False,True
LoopSeattle-H/tmedium,96,1.3652853606025326,1.4805126192799751,0.9221707014334795,148687257600.0,cell,False,False
LoopSeattle-H/tmedium,128,1.3641108415421763,1.4805126192799751,0.9213773822512846,161798258688.0,cell,False,False
LoopSeattle-H/tmedium,192,1.3340576771887944,1.4805126192799751,0.90107822102698,188048572416.0,cell,False,True
LoopSeattle-H/tmedium,256,1.3375266912418236,1.4805126192799751,0.9034213378689804,214336634880.0,cell,False,False
LoopSeattle-H/tmedium,384,1.2587879803019997,1.4805126192799751,0.8502379269919308,267026006016.0,cell,False,True
LoopSeattle-H/tmedium,512,1.227221985841082,1.4805126192799751,0.8289169371875552,319866372096.0,cell,False,True
LoopSeattle-H/tmedium,768,1.1232406273082431,1.4805126192799751,0.7586835888332476,426000089088.0,cell,False,True
LoopSeattle-H/tmedium,1024,1.0895141018184398,1.4805126192799751,0.7359032862200854,532737785856.0,cell,False,True
LoopSeattle-H/tmedium,1536,1.0623763876153756,1.4805126192799751,0.7175733416794827,748025118720.0,cell,False,True
LoopSeattle-H/tmedium,2048,1.0541914409579565,1.4805126192799751,0.7120448871760692,858196672512.0,cell,False,True
LoopSeattle-H/tlong,native,1.0269535552057376,1.5460268753677606,0.664253365557731,1340932300800.0,cell,True,True
LoopSeattle-H/tlong,32,1.4896709532799666,1.5460268753677606,0.9635479027009873,273592098816.0,cell,False,True
LoopSeattle-H/tlong,48,1.4155666382916887,1.5460268753677606,0.9156158025745583,283848007680.0,cell,False,True
LoopSeattle-H/tlong,64,1.4044778672860676,1.5460268753677606,0.908443371627662,294107602944.0,cell,False,True
LoopSeattle-H/tlong,96,1.3465244833284078,1.5460268753677606,0.8709580051822216,314637852672.0,cell,False,True
LoopSeattle-H/tlong,128,1.304578307549439,1.5460268753677606,0.843826409705273,335182848000.0,cell,False,True
LoopSeattle-H/tlong,192,1.2699081812321602,1.5460268753677606,0.8214011033476253,376317075456.0,cell,False,True
LoopSeattle-H/tlong,256,1.2581395685380123,1.5460268753677606,0.8137889376850146,417510285312.0,cell,False,True
LoopSeattle-H/tlong,384,1.230233803952303,1.5460268753677606,0.7957389509543045,500073652224.0,cell,False,True
LoopSeattle-H/tlong,512,1.1591669957991741,1.5460268753677606,0.7497715688308703,582872948736.0,cell,False,True
LoopSeattle-H/tlong,768,1.0755453103422095,1.5460268753677606,0.695683449931208,749179330560.0,cell,False,True
LoopSeattle-H/tlong,1024,1.0438128298180227,1.5460268753677606,0.6751582695286109,916429430784.0,cell,False,True
LoopSeattle-H/tlong,1536,1.0298780833364158,1.5460268753677606,0.6661450067557422,1230760747008.0,cell,False,True
LoopSeattle-H/tlong,2048,1.0269535554640614,1.5460268753677606,0.6642533657248197,1340932300800.0,cell,False,False
LoopSeattle-D/tshort,native,0.902981806605724,1.7323957056549062,0.5212329975525801,2194046976.0,cell,True,False
LoopSeattle-D/tshort,32,0.9924043205234199,1.7323957056549062,0.5728508315300033,306935808.0,cell,False,True
LoopSeattle-D/tshort,48,0.9213758706636345,1.7323957056549062,0.5318507011164185,408619008.0,cell,False,True
LoopSeattle-D/tshort,64,0.9345905366331397,1.7323957056549062,0.5394786731359575,510339072.0,cell,False,False
LoopSeattle-D/tshort,96,0.908170154240277,1.7323957056549062,0.524227895091068,713889792.0,cell,False,True
LoopSeattle-D/tshort,128,0.8962673852778499,1.7323957056549062,0.5173571963681528,917587968.0,cell,False,True
LoopSeattle-D/tshort,192,0.8984302163562057,1.7323957056549062,0.5186056588708569,1325426688.0,cell,False,False
LoopSeattle-D/tshort,256,0.8998314708782712,1.7323957056549062,0.5194145124817794,1733855232.0,cell,False,False
SZTaxi-15T/tshort,native,0.5480538574750224,0.7644167735543712,0.7169568701726567,13409323008.0,cell,True,True
SZTaxi-15T/tshort,32,0.6469659775164035,0.7644167735543712,0.8463524086581105,306935808.0,cell,False,True
SZTaxi-15T/tshort,48,0.6478667229246396,0.7644167735543712,0.8475307519904368,408619008.0,cell,False,False
SZTaxi-15T/tshort,64,0.6491357889868422,0.7644167735543712,0.8491909275727983,510339072.0,cell,False,False
SZTaxi-15T/tshort,96,0.6270284899170671,0.7644167735543712,0.8202704488044151,713889792.0,cell,False,True
SZTaxi-15T/tshort,128,0.6125345144764398,0.7644167735543712,0.8013096201804782,917587968.0,cell,False,True
SZTaxi-15T/tshort,192,0.590399658466975,0.7644167735543712,0.7723530917849243,1325426688.0,cell,False,True
SZTaxi-15T/tshort,256,0.575768198200401,0.7644167735543712,0.7532124073144085,1733855232.0,cell,False,True
SZTaxi-15T/tshort,384,0.565715787409405,0.7644167735543712,0.7400619753265617,2552481792.0,cell,False,True
SZTaxi-15T/tshort,512,0.5591256477221928,0.7644167735543712,0.7314408409987925,3373467648.0,cell,False,True
SZTaxi-15T/tshort,768,0.5530254026540536,0.7644167735543712,0.7234605803881123,5022517248.0,cell,False,True
SZTaxi-15T/tshort,1024,0.5509968585503999,0.7644167735543712,0.7208068655903307,6681004032.0,cell,False,True
SZTaxi-15T/tshort,1536,0.5489417049740132,0.7644167735543712,0.7181183406292277,10026289152.0,cell,False,True
SZTaxi-15T/tshort,2048,0.5480538581175985,0.7644167735543712,0.7169568710132663,13409323008.0,cell,False,False
SZTaxi-15T/tmedium,native,0.5618103631932532,0.7134840540400068,0.78741824713822,858196672512.0,cell,True,False
SZTaxi-15T/tmedium,32,0.6343683989403884,0.7134840540400068,0.8891136323907497,122493566976.0,cell,False,True
SZTaxi-15T/tmedium,48,0.6521928092739729,0.7134840540400068,0.9140958450031497,129038450688.0,cell,False,False
SZTaxi-15T/tmedium,64,0.6544321070149811,0.7134840540400068,0.9172343842996181,135585693696.0,cell,False,False
SZTaxi-15T/tmedium,96,0.6156867731544419,0.7134840540400068,0.8629299697284037,148687257600.0,cell,False,True
SZTaxi-15T/tmedium,128,0.596775097611094,0.7134840540400068,0.8364238755329372,161798258688.0,cell,False,True
SZTaxi-15T/tmedium,192,0.5855019607099975,0.7134840540400068,0.8206237510070085,188048572416.0,cell,False,True
SZTaxi-15T/tmedium,256,0.5703377667411648,0.7134840540400068,0.7993700258775293,214336634880.0,cell,False,True
SZTaxi-15T/tmedium,384,0.5641184509364165,0.7134840540400068,0.7906532006457219,267026006016.0,cell,False,True
SZTaxi-15T/tmedium,512,0.5612689748107274,0.7134840540400068,0.7866594517881904,319866372096.0,cell,False,True
SZTaxi-15T/tmedium,768,0.5562935513772062,0.7134840540400068,0.7796860325430811,426000089088.0,cell,False,True
SZTaxi-15T/tmedium,1024,0.5546531148374201,0.7134840540400068,0.7773868409486827,532737785856.0,cell,False,True
SZTaxi-15T/tmedium,1536,0.5579419012263951,0.7134840540400068,0.7819963152184336,748025118720.0,cell,False,False
SZTaxi-15T/tmedium,2048,0.561810361668553,0.7134840540400068,0.7874182450012414,858196672512.0,cell,False,False
SZTaxi-15T/tlong,native,0.5477847145133655,0.6909431344941248,0.7928072328476453,1340932300800.0,cell,True,False
SZTaxi-15T/tlong,32,0.6309538088183323,0.6909431344941248,0.9131776224685787,273592098816.0,cell,False,True
SZTaxi-15T/tlong,48,0.6052763611403402,0.6909431344941248,0.8760147267162505,283848007680.0,cell,False,True
SZTaxi-15T/tlong,64,0.6188505289899033,0.6909431344941248,0.8956605805816361,294107602944.0,cell,False,False
SZTaxi-15T/tlong,96,0.5824233563653085,0.6909431344941248,0.8429396390076743,314637852672.0,cell,False,True
SZTaxi-15T/tlong,128,0.5734123821448434,0.6909431344941248,0.8298980820826423,335182848000.0,cell,False,True
SZTaxi-15T/tlong,192,0.5440458823414431,0.6909431344941248,0.7873960318597959,376317075456.0,cell,False,True
SZTaxi-15T/tlong,256,0.5347523290746946,0.6909431344941248,0.773945499098438,417510285312.0,cell,False,True
SZTaxi-15T/tlong,384,0.5265980883567747,0.6909431344941248,0.7621438900935377,500073652224.0,cell,False,True
SZTaxi-15T/tlong,512,0.5255615708261105,0.6909431344941248,0.7606437412695349,582872948736.0,cell,False,True
SZTaxi-15T/tlong,768,0.5256597601249154,0.6909431344941248,0.7607858503576826,749179330560.0,cell,False,False
SZTaxi-15T/tlong,1024,0.5285795020990391,0.6909431344941248,0.7650115844714769,916429430784.0,cell,False,False
SZTaxi-15T/tlong,1536,0.5444816070990294,0.6909431344941248,0.7880266550411164,1230760747008.0,cell,False,False
SZTaxi-15T/tlong,2048,0.5477847183585436,0.6909431344941248,0.7928072384127604,1340932300800.0,cell,False,False
SZTaxi-H/tshort,native,0.5624324277829984,0.7381672994945998,0.7619308362319469,4454633472.0,cell,True,False
SZTaxi-H/tshort,32,0.6352134286132297,0.7381672994945998,0.8605277273162067,306935808.0,cell,False,True
SZTaxi-H/tshort,48,0.6137193103433835,0.7381672994945998,0.8314095067115246,408619008.0,cell,False,True
SZTaxi-H/tshort,64,0.609986174691169,0.7381672994945998,0.8263522037738702,510339072.0,cell,False,True
SZTaxi-H/tshort,96,0.6005743618187844,0.7381672994945998,0.8136019601924646,713889792.0,cell,False,True
SZTaxi-H/tshort,128,0.5846137433425987,0.7381672994945998,0.7919800074358017,917587968.0,cell,False,True
SZTaxi-H/tshort,192,0.5676317752605127,0.7381672994945998,0.7689744257828172,1325426688.0,cell,False,True
SZTaxi-H/tshort,256,0.564314747160586,0.7381672994945998,0.7644808264291236,1733855232.0,cell,False,True
SZTaxi-H/tshort,384,0.5610005512707269,0.7381672994945998,0.7599910638886693,2552481792.0,cell,False,True
SZTaxi-H/tshort,512,0.5606773438629529,0.7381672994945998,0.7595532127294601,3373467648.0,cell,False,True
MDense-H/tshort,native,0.7753891314023998,1.4875444172240992,0.5212544394804361,13409323008.0,cell,True,False
MDense-H/tshort,32,1.3901272090053776,1.4875444172240992,0.9345113953635673,306935808.0,cell,False,True
MDense-H/tshort,48,1.3304115243687096,1.4875444172240992,0.8943675959951403,408619008.0,cell,False,True
MDense-H/tshort,64,1.27438469970894,1.4875444172240992,0.8567036284449673,510339072.0,cell,False,True
MDense-H/tshort,96,1.1830276155793555,1.4875444172240992,0.7952889351613438,713889792.0,cell,False,True
MDense-H/tshort,128,1.070200359940329,1.4875444172240992,0.7194409441147482,917587968.0,cell,False,True
MDense-H/tshort,192,0.9194931598047285,1.4875444172240992,0.6181282045484,1325426688.0,cell,False,True
MDense-H/tshort,256,0.8823787886545756,1.4875444172240992,0.5931781118181192,1733855232.0,cell,False,True
MDense-H/tshort,384,0.8467674538876933,1.4875444172240992,0.5692384335439493,2552481792.0,cell,False,True
MDense-H/tshort,512,0.7838004881287196,1.4875444172240992,0.5269089642320507,3373467648.0,cell,False,True
MDense-H/tshort,768,0.7712886507667337,1.4875444172240992,0.5184978961542758,5022517248.0,cell,False,True
MDense-H/tshort,1024,0.7619211661693268,1.4875444172240992,0.5122006155561694,6681004032.0,cell,False,True
MDense-H/tshort,1536,0.7647257067861295,1.4875444172240992,0.5140859647157165,10026289152.0,cell,False,False
MDense-H/tshort,2048,0.7753891329413193,1.4875444172240992,0.5212544405149729,13409323008.0,cell,False,False
MDense-H/tmedium,native,0.9061440842117692,1.569946511898904,0.5771815009899649,858196672512.0,cell,True,False
MDense-H/tmedium,32,1.401007884254658,1.569946511898904,0.8923921124931136,122493566976.0,cell,False,True
MDense-H/tmedium,48,1.123595322198806,1.569946511898904,0.7156901930625515,129038450688.0,cell,False,True
MDense-H/tmedium,64,1.0787560086204204,1.569946511898904,0.6871291476775397,135585693696.0,cell,False,True
MDense-H/tmedium,96,1.0188627603259586,1.569946511898904,0.6489792821626829,148687257600.0,cell,False,True
MDense-H/tmedium,128,0.9137811414635416,1.569946511898904,0.5820460343953324,161798258688.0,cell,False,True
MDense-H/tmedium,192,0.8947809598628536,1.569946511898904,0.5699435955818555,188048572416.0,cell,False,True
MDense-H/tmedium,256,0.849831235238485,1.569946511898904,0.5413122222938571,214336634880.0,cell,False,True
MDense-H/tmedium,384,0.8212064742379969,1.569946511898904,0.5230792692705941,267026006016.0,cell,False,True
MDense-H/tmedium,512,0.8146170370610889,1.569946511898904,0.5188820325322941,319866372096.0,cell,False,True
MDense-H/tmedium,768,0.8434711977781897,1.569946511898904,0.5372611050028593,426000089088.0,cell,False,False
MDense-H/tmedium,1024,0.8458318481676578,1.569946511898904,0.5387647552046823,532737785856.0,cell,False,False
MDense-H/tmedium,1536,0.8598591232003213,1.569946511898904,0.5476996296901174,748025118720.0,cell,False,False
MDense-H/tmedium,2048,0.9061440842251381,1.569946511898904,0.5771815009984804,858196672512.0,cell,False,False
MDense-H/tlong,native,0.9935257089144728,1.4779178744488215,0.6722468995680838,1340932300800.0,cell,True,False
MDense-H/tlong,32,1.370444623846126,1.4779178744488215,0.927280634153791,273592098816.0,cell,False,True
MDense-H/tlong,48,1.2146235455282102,1.4779178744488215,0.8218477944731503,283848007680.0,cell,False,True
MDense-H/tlong,64,1.2163047782020977,1.4779178744488215,0.8229853628745843,294107602944.0,cell,False,False
MDense-H/tlong,96,1.0132823138125429,1.4779178744488215,0.6856147633984324,314637852672.0,cell,False,True
MDense-H/tlong,128,0.973572501005283,1.4779178744488215,0.6587460087174124,335182848000.0,cell,False,True
MDense-H/tlong,192,0.9348281057377993,1.4779178744488215,0.6325304821733998,376317075456.0,cell,False,True
MDense-H/tlong,256,0.8959864747094319,1.4779178744488215,0.6062491632314708,417510285312.0,cell,False,True
MDense-H/tlong,384,0.8773692316698092,1.4779178744488215,0.5936522230621356,500073652224.0,cell,False,True
MDense-H/tlong,512,0.8640222262203844,1.4779178744488215,0.5846212710179278,582872948736.0,cell,False,True
MDense-H/tlong,768,0.9076043353121288,1.4779178744488215,0.6141101281765153,749179330560.0,cell,False,False
MDense-H/tlong,1024,0.9068681007024109,1.4779178744488215,0.6136119715316527,916429430784.0,cell,False,False
MDense-H/tlong,1536,0.9275493567712018,1.4779178744488215,0.6276054798492267,1230760747008.0,cell,False,False
MDense-H/tlong,2048,0.9935257102438216,1.4779178744488215,0.6722469004675579,1340932300800.0,cell,False,False
MDense-D/tshort,native,0.716330267615456,1.6693368812171987,0.4291106700363219,4403066880.0,cell,True,False
MDense-D/tshort,32,0.8810755346186249,1.6693368812171987,0.527799717679626,306935808.0,cell,False,True
MDense-D/tshort,48,0.7860105152858633,1.6693368812171987,0.4708519437447179,408619008.0,cell,False,True
MDense-D/tshort,64,0.7575363147363326,1.6693368812171987,0.45379475123318086,510339072.0,cell,False,True
MDense-D/tshort,96,0.9478483485085024,1.6693368812171987,0.567799321499072,713889792.0,cell,False,False
MDense-D/tshort,128,1.0728657705913296,1.6693368812171987,0.6426897905766321,917587968.0,cell,False,False
MDense-D/tshort,192,0.8199517065099399,1.6693368812171987,0.4911840837734749,1325426688.0,cell,False,False
MDense-D/tshort,256,0.8279590168751115,1.6693368812171987,0.4959807850596366,1733855232.0,cell,False,False
MDense-D/tshort,384,0.7292870789116705,1.6693368812171987,0.4368723216490072,2552481792.0,cell,False,True
MDense-D/tshort,512,0.7065391909218,1.6693368812171987,0.4232454209042732,3373467648.0,cell,False,True
Solar-10T/tshort,native,0.990654640852204,1.1057028063509833,0.8959501912829011,13409323008.0,cell,True,False
Solar-10T/tshort,32,1.7819020947264221,1.1057028063509833,1.6115560930943256,306935808.0,cell,False,True
Solar-10T/tshort,48,1.7372115902246261,1.1057028063509833,1.5711379045493559,408619008.0,cell,False,True
Solar-10T/tshort,64,1.5554332561527646,1.1057028063509833,1.4067371876227501,510339072.0,cell,False,True
Solar-10T/tshort,96,1.5693978709288503,1.1057028063509833,1.4193668153092092,713889792.0,cell,False,False
Solar-10T/tshort,128,1.5976088921593985,1.1057028063509833,1.4448809236830944,917587968.0,cell,False,False
Solar-10T/tshort,192,1.6066642022683328,1.1057028063509833,1.4530705656528191,1325426688.0,cell,False,False
Solar-10T/tshort,256,1.3607107282127013,1.1057028063509833,1.2306297138769953,1733855232.0,cell,False,True
Solar-10T/tshort,384,1.2253746104156573,1.1057028063509833,1.1082314373964668,2552481792.0,cell,False,True
Solar-10T/tshort,512,1.057007508338552,1.1057028063509833,0.9559598675767728,3373467648.0,cell,False,True
Solar-10T/tshort,768,0.9177967846557785,1.1057028063509833,0.8300573891864051,5022517248.0,cell,False,True
Solar-10T/tshort,1024,0.9544674452188606,1.1057028063509833,0.8632224135966279,6681004032.0,cell,False,False
Solar-10T/tshort,1536,0.9553395268497639,1.1057028063509833,0.8640111261022796,10026289152.0,cell,False,False
Solar-10T/tshort,2048,0.9906546430271145,1.1057028063509833,0.8959501932498948,13409323008.0,cell,False,False
Solar-10T/tmedium,native,1.011214655647927,0.9270005404761702,1.0908458102176495,858196672512.0,cell,True,False
Solar-10T/tmedium,32,2.998702068895335,0.9270005404761702,3.2348439272268372,122493566976.0,cell,False,True
Solar-10T/tmedium,48,3.3512267196085035,0.9270005404761702,3.615129197106063,129038450688.0,cell,False,False
Solar-10T/tmedium,64,3.7744995698367485,0.9270005404761702,4.071733947315619,135585693696.0,cell,False,False
Solar-10T/tmedium,96,3.181154683703824,0.9270005404761702,3.4316643246720955,148687257600.0,cell,False,False
Solar-10T/tmedium,128,3.202377135522818,0.9270005404761702,3.4545580026068383,161798258688.0,cell,False,False
Solar-10T/tmedium,192,2.820944537223024,0.9270005404761702,3.0430883414307357,188048572416.0,cell,False,True
Solar-10T/tmedium,256,2.849611181353548,0.9270005404761702,3.0740124271014935,214336634880.0,cell,False,False
Solar-10T/tmedium,384,1.9237043682093127,0.9270005404761702,2.075192283298096,267026006016.0,cell,False,True
Solar-10T/tmedium,512,1.2610066474229957,0.9270005404761702,1.360308427409608,319866372096.0,cell,False,True
Solar-10T/tmedium,768,1.0862969901620676,0.9270005404761702,1.1718407301079588,426000089088.0,cell,False,True
Solar-10T/tmedium,1024,1.0161000480560578,0.9270005404761702,1.09611591761761,532737785856.0,cell,False,True
Solar-10T/tmedium,1536,0.9985896236296402,0.9270005404761702,1.0772265818924949,748025118720.0,cell,False,True
Solar-10T/tmedium,2048,1.0112146566410019,0.9270005404761702,1.0908458112889272,858196672512.0,cell,False,False
Solar-10T/tlong,native,1.09187916963187,0.8709317964102903,1.2536907874213066,1340932300800.0,cell,True,False
Solar-10T/tlong,32,2.017857288311581,0.8709317964102903,2.3168947288737884,273592098816.0,cell,False,True
Solar-10T/tlong,48,2.030171122346767,0.8709317964102903,2.3310334181327406,283848007680.0,cell,False,False
Solar-10T/tlong,64,3.830485780799482,0.8709317964102903,4.398146670712393,294107602944.0,cell,False,False
Solar-10T/tlong,96,2.690139131836861,0.8709317964102903,3.0888057399267965,314637852672.0,cell,False,False
Solar-10T/tlong,128,1.8945596962049547,0.8709317964102903,2.175324984130491,335182848000.0,cell,False,True
Solar-10T/tlong,192,2.015675514435401,0.8709317964102903,2.314389625850598,376317075456.0,cell,False,False
Solar-10T/tlong,256,2.476362003501293,0.8709317964102903,2.8433477956690596,417510285312.0,cell,False,False
Solar-10T/tlong,384,2.316802381472835,0.8709317964102903,2.6601421500764735,500073652224.0,cell,False,False
Solar-10T/tlong,512,1.5441413646033586,0.8709317964102903,1.772976220374349,582872948736.0,cell,False,True
Solar-10T/tlong,768,1.2053350375789262,0.8709317964102903,1.3839603084270686,749179330560.0,cell,False,True
Solar-10T/tlong,1024,1.110693160910755,0.8709317964102903,1.2752929282048107,916429430784.0,cell,False,True
Solar-10T/tlong,1536,1.0641797949771943,0.8709317964102903,1.2218864891182204,1230760747008.0,cell,False,True
Solar-10T/tlong,2048,1.091879171069931,0.8709317964102903,1.2536907890724818,1340932300800.0,cell,False,False
Solar-H/tshort,native,0.8126995877748471,0.9519362458316396,0.8537332109513791,13409323008.0,cell,True,False
Solar-H/tshort,32,0.9809074322795764,0.9519362458316396,1.0304339566591738,306935808.0,cell,False,True
Solar-H/tshort,48,0.8904183683992482,0.9519362458316396,0.9353760530689241,408619008.0,cell,False,True
Solar-H/tshort,64,0.8642311257359139,0.9519362458316396,0.9078666029581592,510339072.0,cell,False,True
Solar-H/tshort,96,0.8609314613399051,0.9519362458316396,0.9044003367975236,713889792.0,cell,False,True
Solar-H/tshort,128,0.8593488803374366,0.9519362458316396,0.9027378504604413,917587968.0,cell,False,True
Solar-H/tshort,192,0.8601945374926937,0.9519362458316396,0.9036262052835297,1325426688.0,cell,False,False
Solar-H/tshort,256,0.878130096728444,0.9519362458316396,0.9224673401959641,1733855232.0,cell,False,False
Solar-H/tshort,384,0.8463340834577286,0.9519362458316396,0.8890659297444297,2552481792.0,cell,False,True
Solar-H/tshort,512,0.8555524794502865,0.9519362458316396,0.89874976732591,3373467648.0,cell,False,False
Solar-H/tshort,768,0.8290211155790338,0.9519362458316396,0.8708788211491795,5022517248.0,cell,False,True
Solar-H/tshort,1024,0.8183475701887497,0.9519362458316396,0.8596663629230937,6681004032.0,cell,False,True
Solar-H/tshort,1536,0.8061915841643961,0.9519362458316396,0.8468966148673993,10026289152.0,cell,False,True
Solar-H/tshort,2048,0.8126995871736958,0.9519362458316396,0.8537332103198755,13409323008.0,cell,False,False
Solar-H/tmedium,native,0.9685623678119596,0.9349685908749716,1.035930380191221,858196672512.0,cell,True,False
Solar-H/tmedium,32,0.9083514876210192,0.9349685908749716,0.9715315535583465,122493566976.0,cell,False,True
Solar-H/tmedium,48,0.8927830145354009,0.9349685908749716,0.9548802208424004,129038450688.0,cell,False,True
Solar-H/tmedium,64,0.8853318544950753,0.9349685908749716,0.9469107980050487,135585693696.0,cell,False,True
Solar-H/tmedium,96,0.8805670420903838,0.9349685908749716,0.9418145707614871,148687257600.0,cell,False,True
Solar-H/tmedium,128,0.8847328623882958,0.9349685908749716,0.9462701432144756,161798258688.0,cell,False,False
Solar-H/tmedium,192,1.011857684436368,0.9349685908749716,1.0822370872260438,188048572416.0,cell,False,False
Solar-H/tmedium,256,1.0097043953692102,0.9349685908749716,1.0799340269006241,214336634880.0,cell,False,False
Solar-H/tmedium,384,1.0050268872597459,0.9349685908749716,1.0749311763716165,267026006016.0,cell,False,False
Solar-H/tmedium,512,0.9381263282176974,0.9349685908749716,1.0033773726449684,319866372096.0,cell,False,False
Solar-H/tmedium,768,0.9425811745442345,0.9349685908749716,1.0081420742296154,426000089088.0,cell,False,False
Solar-H/tmedium,1024,0.9502192018383286,0.9349685908749716,1.0163113618063737,532737785856.0,cell,False,False
Solar-H/tmedium,1536,0.9446890983079941,0.9349685908749716,1.0103966138840297,748025118720.0,cell,False,False
Solar-H/tmedium,2048,0.9685623687869581,0.9349685908749716,1.0359303812340352,858196672512.0,cell,False,False
Solar-H/tlong,native,1.1210121075574255,1.071196647792778,1.0465044955725855,1340932300800.0,cell,True,False
Solar-H/tlong,32,1.1603796573436074,1.071196647792778,1.0832554972372186,273592098816.0,cell,False,True
Solar-H/tlong,48,1.1603077086989817,1.071196647792778,1.083188330629879,283848007680.0,cell,False,True
Solar-H/tlong,64,1.135553760449132,1.071196647792778,1.0600796434426518,294107602944.0,cell,False,True
Solar-H/tlong,96,1.1479123419197448,1.071196647792778,1.071616816842212,314637852672.0,cell,False,False
Solar-H/tlong,128,1.174094816736848,1.071196647792778,1.0960590841617117,335182848000.0,cell,False,False
Solar-H/tlong,192,1.210959044579814,1.071196647792778,1.130473146153901,376317075456.0,cell,False,False
Solar-H/tlong,256,1.158742463206346,1.071196647792778,1.0817271185397734,417510285312.0,cell,False,False
Solar-H/tlong,384,1.1567571724276469,1.071196647792778,1.0798737793020246,500073652224.0,cell,False,False
Solar-H/tlong,512,1.1350549543081052,1.071196647792778,1.0596139902481105,582872948736.0,cell,False,True
Solar-H/tlong,768,1.100310699929699,1.071196647792778,1.0271789985498099,749179330560.0,cell,False,True
Solar-H/tlong,1024,1.1095322484955983,1.071196647792778,1.0357876406557205,916429430784.0,cell,False,False
Solar-H/tlong,1536,1.1150654559608413,1.071196647792778,1.0409530857461662,1230760747008.0,cell,False,False
Solar-H/tlong,2048,1.121012104182062,1.071196647792778,1.046504492421564,1340932300800.0,cell,False,False
Solar-D/tshort,native,0.9817682254986122,1.155861190610263,0.8493824634602236,2194046976.0,cell,True,True
Solar-D/tshort,32,1.0108599218797891,1.155861190610263,0.8745513129877498,306935808.0,cell,False,True
Solar-D/tshort,48,1.0052077261965364,1.155861190610263,0.8696612831734704,408619008.0,cell,False,True
Solar-D/tshort,64,1.0127455915385815,1.155861190610263,0.876182711008646,510339072.0,cell,False,False
Solar-D/tshort,96,1.021559669286428,1.155861190610263,0.8838082613943223,713889792.0,cell,False,False
Solar-D/tshort,128,1.0103810292771551,1.155861190610263,0.8741369962804112,917587968.0,cell,False,False
Solar-D/tshort,192,0.9938659724254724,1.155861190610263,0.8598488992443275,1325426688.0,cell,False,True
Solar-D/tshort,256,0.9889414734157271,1.155861190610263,0.855588440419557,1733855232.0,cell,False,True
Solar-W/tshort,native,0.979681922112004,1.4703506784640206,0.6662913388358577,408619008.0,cell,True,True
Solar-W/tshort,32,1.497503455501361,1.4703506784640206,1.018466871498781,306935808.0,cell,False,True
HierSales-D/tshort,native,0.7428384966824995,1.134803399686105,0.6545966436899766,11185244160.0,cell,True,False
HierSales-D/tshort,32,0.7930331197857164,1.134803399686105,0.698828642921827,306935808.0,cell,False,True
HierSales-D/tshort,48,0.7743104751295238,1.134803399686105,0.682330062937513,408619008.0,cell,False,True
HierSales-D/tshort,64,0.7793707904845962,1.134803399686105,0.6867892629685246,510339072.0,cell,False,False
HierSales-D/tshort,96,0.7808859382465428,1.134803399686105,0.6881244261891898,713889792.0,cell,False,False
HierSales-D/tshort,128,0.7741063313533119,1.134803399686105,0.682150169419157,917587968.0,cell,False,True
HierSales-D/tshort,192,0.764942943737287,1.134803399686105,0.674075301456513,1325426688.0,cell,False,True
HierSales-D/tshort,256,0.7546588020373168,1.134803399686105,0.6650128138901072,1733855232.0,cell,False,True
HierSales-D/tshort,384,0.7470086993248201,1.134803399686105,0.6582714675788318,2552481792.0,cell,False,True
HierSales-D/tshort,512,0.7468870375245729,1.134803399686105,0.6581642579949684,3373467648.0,cell,False,True
HierSales-D/tshort,768,0.7421388516122012,1.134803399686105,0.6539801095215984,5022517248.0,cell,False,True
HierSales-D/tshort,1024,0.742393438887835,1.134803399686105,0.6542044543514643,6681004032.0,cell,False,False
HierSales-D/tshort,1536,0.742660964687734,1.134803399686105,0.654440200737114,10026289152.0,cell,False,False
HierSales-W/tshort,native,0.7326987659923189,1.0250133777288335,0.7148187349669438,1682774016.0,cell,True,True
HierSales-W/tshort,32,0.7915304635808117,1.0250133777288335,0.7722147640010709,306935808.0,cell,False,True
HierSales-W/tshort,48,0.7601958006625589,1.0250133777288335,0.7416447601366507,408619008.0,cell,False,True
HierSales-W/tshort,64,0.7659110224790234,1.0250133777288335,0.7472205135274289,510339072.0,cell,False,False
HierSales-W/tshort,96,0.761735234972966,1.0250133777288335,0.7431466276672172,713889792.0,cell,False,False
HierSales-W/tshort,128,0.7542121865030263,1.0250133777288335,0.7358071639749395,917587968.0,cell,False,True
HierSales-W/tshort,192,0.743138435344795,1.0250133777288335,0.7250036453098777,1325426688.0,cell,False,True
M4-Yearly/tshort,native,3.506611559812108,3.965954931783283,0.8841783681680336,346561740.0511883,cell,True,True
M4-Yearly/tshort,32,3.5180707865164007,3.965954931783283,0.8870677672916741,306935808.0,cell,False,True
M4-Yearly/tshort,48,3.5015174697690488,3.965954931783283,0.8828939133190299,408619008.0,cell,False,True
M4-Yearly/tshort,64,3.4990656946870486,3.965954931783283,0.8822757078365743,510339072.0,cell,False,True
M4-Yearly/tshort,96,3.499124262984948,3.965954931783283,0.8822904756034569,713889792.0,cell,False,False
M4-Yearly/tshort,128,3.4991806516302955,3.965954931783283,0.882304693779487,917587968.0,cell,False,False
M4-Yearly/tshort,192,3.4997479642543103,3.965954931783283,0.882447739435268,1325426688.0,cell,False,False
M4-Yearly/tshort,256,3.4990571793140473,3.965954931783283,0.8822735607186297,1733855232.0,cell,False,True
M4-Quarterly/tshort,native,1.223917143317136,1.602247174616002,0.7638753637437137,742790278.656,cell,True,True
M4-Quarterly/tshort,32,1.3627914152508493,1.602247174616002,0.8505500504798573,306935808.0,cell,False,True
M4-Quarterly/tshort,48,1.316047175126414,1.602247174616002,0.8213758750686021,408619008.0,cell,False,True
M4-Quarterly/tshort,64,1.237766927476208,1.602247174616002,0.7725193385177002,510339072.0,cell,False,True
M4-Quarterly/tshort,96,1.2342893786807052,1.602247174616002,0.7703489188405138,713889792.0,cell,False,True
M4-Quarterly/tshort,128,1.232897662222619,1.602247174616002,0.7694803159931288,917587968.0,cell,False,False
M4-Quarterly/tshort,192,1.2333806291678908,1.602247174616002,0.7697817469788863,1325426688.0,cell,False,False
M4-Quarterly/tshort,256,1.2331529414000324,1.602247174616002,0.7696396417085725,1733855232.0,cell,False,False
M4-Quarterly/tshort,384,1.2327477690462332,1.602247174616002,0.7693867641499671,2552481792.0,cell,False,False
M4-Quarterly/tshort,512,1.2327484081045708,1.602247174616002,0.7693871630012478,3373467648.0,cell,False,False
M4-Quarterly/tshort,768,1.232743443611873,1.602247174616002,0.7693840645450443,5022517248.0,cell,False,False
M4-Monthly/tshort,native,0.9488320861488034,1.259717038974429,0.753210488381799,1535740346.624,cell,True,False
M4-Monthly/tshort,32,1.0558066896365728,1.259717038974429,0.8381300379140181,306935808.0,cell,False,True
M4-Monthly/tshort,48,1.0054146206958738,1.259717038974429,0.798127348911951,408619008.0,cell,False,True
M4-Monthly/tshort,64,0.9584792037830421,1.259717038974429,0.7608686507593538,510339072.0,cell,False,True
M4-Monthly/tshort,96,0.9502010007064718,1.259717038974429,0.7542971725460323,713889792.0,cell,False,True
M4-Monthly/tshort,128,0.9481148145390859,1.259717038974429,0.7526410973300581,917587968.0,cell,False,True
M4-Monthly/tshort,192,0.9480535085251138,1.259717038974429,0.7525924308342696,1325426688.0,cell,False,True
M4-Monthly/tshort,256,0.9451275900781071,1.259717038974429,0.7502697517273895,1733855232.0,cell,False,True
M4-Monthly/tshort,384,0.9458498631880663,1.259717038974429,0.750843113115394,2552481792.0,cell,False,False
M4-Monthly/tshort,512,0.9467613517103476,1.259717038974429,0.7515666791973638,3373467648.0,cell,False,False
M4-Monthly/tshort,768,0.9468482688572912,1.259717038974429,0.7516356765549087,5022517248.0,cell,False,False
M4-Monthly/tshort,1024,0.9469307178028303,1.259717038974429,0.7517011269243077,6681004032.0,cell,False,False
M4-Monthly/tshort,1536,0.9469517254391804,1.259717038974429,0.7517178033966424,10026289152.0,cell,False,False
M4-Monthly/tshort,2048,0.9469795946552835,1.259717038974429,0.7517399267904212,13409323008.0,cell,False,False
M4-Weekly/tshort,native,2.0773283012483823,2.777295047362158,0.7479681725646702,6568607373.192201,cell,True,False
M4-Weekly/tshort,32,2.629436221714644,2.777295047362158,0.9467615708356416,306935808.0,cell,False,True
M4-Weekly/tshort,48,2.404940520614334,2.777295047362158,0.8659290711293056,408619008.0,cell,False,True
M4-Weekly/tshort,64,2.1032376710051977,2.777295047362158,0.7572971668972759,510339072.0,cell,False,True
M4-Weekly/tshort,96,2.028752557236503,2.777295047362158,0.7304778652031906,713889792.0,cell,False,True
M4-Weekly/tshort,128,2.021705201523919,2.777295047362158,0.7279403761743323,917587968.0,cell,False,True
M4-Weekly/tshort,192,2.0751240381494513,2.777295047362158,0.7471744999222822,1325426688.0,cell,False,False
M4-Weekly/tshort,256,2.0895381516534646,2.777295047362158,0.752364482714245,1733855232.0,cell,False,False
M4-Weekly/tshort,384,2.1723387741870974,2.777295047362158,0.7821778878878423,2552481792.0,cell,False,False
M4-Weekly/tshort,512,2.1452808291564036,2.777295047362158,0.772435334587143,3373467648.0,cell,False,False
M4-Weekly/tshort,768,2.1413152688370998,2.777295047362158,0.7710074847362349,5022517248.0,cell,False,False
M4-Weekly/tshort,1024,2.114603813864096,2.777295047362158,0.7613896895371349,6681004032.0,cell,False,False
M4-Weekly/tshort,1536,2.0875996668700263,2.777295047362158,0.7516665068959107,10026289152.0,cell,False,False
M4-Weekly/tshort,2048,2.1056210895564904,2.777295047362158,0.7581553467127609,13409323008.0,cell,False,False
M4-Daily/tshort,native,3.198419878493562,3.278424296610481,0.9755966858226269,8903214560.38609,cell,True,False
M4-Daily/tshort,32,3.4564798943703283,3.278424296610481,1.0543113342418602,306935808.0,cell,False,True
M4-Daily/tshort,48,3.4796168045161844,3.278424296610481,1.0613686605829862,408619008.0,cell,False,False
M4-Daily/tshort,64,3.470833412650632,3.278424296610481,1.0586895101525085,510339072.0,cell,False,False
M4-Daily/tshort,96,3.341476051786398,3.278424296610481,1.0192323352535868,713889792.0,cell,False,True
M4-Daily/tshort,128,3.2305348065699,3.278424296610481,0.9853925283282908,917587968.0,cell,False,True
M4-Daily/tshort,192,3.246922901436243,3.278424296610481,0.990391300111213,1325426688.0,cell,False,False
M4-Daily/tshort,256,3.160294784683459,3.278424296610481,0.9639675950275398,1733855232.0,cell,False,True
M4-Daily/tshort,384,3.150612696467657,3.278424296610481,0.9610143201186722,2552481792.0,cell,False,True
M4-Daily/tshort,512,3.143577567516786,3.278424296610481,0.958868432852602,3373467648.0,cell,False,True
M4-Daily/tshort,768,3.150260566385963,3.278424296610481,0.9609069117877681,5022517248.0,cell,False,False
M4-Daily/tshort,1024,3.1957390573303517,3.278424296610481,0.974778969468468,6681004032.0,cell,False,False
M4-Daily/tshort,1536,3.230616602939083,3.278424296610481,0.9854174782315926,10026289152.0,cell,False,False
M4-Daily/tshort,2048,3.195471458836185,3.278424296610481,0.9746973453496975,13409323008.0,cell,False,False
M4-Hourly/tshort,native,0.8365289173652153,1.1932101877276544,0.701074233164484,5589445557.797101,cell,True,False
M4-Hourly/tshort,32,2.226438869128652,1.1932101877276544,1.8659234492195167,306935808.0,cell,False,True
M4-Hourly/tshort,48,1.0659912788368837,1.1932101877276544,0.8933809732776034,408619008.0,cell,False,True
M4-Hourly/tshort,64,0.9218734700902965,1.1932101877276544,0.7725993957912054,510339072.0,cell,False,True
M4-Hourly/tshort,96,0.8499811084016864,1.1932101877276544,0.7123481823603833,713889792.0,cell,False,True
M4-Hourly/tshort,128,0.7752728997097392,1.1932101877276544,0.6497370770745483,917587968.0,cell,False,True
M4-Hourly/tshort,192,0.7496140619007102,1.1932101877276544,0.6282330385799612,1325426688.0,cell,False,True
M4-Hourly/tshort,256,0.7613077313785753,1.1932101877276544,0.6380332142725057,1733855232.0,cell,False,False
M4-Hourly/tshort,384,0.7820036697245275,1.1932101877276544,0.6553779692526535,2552481792.0,cell,False,False
M4-Hourly/tshort,512,0.787668630386869,1.1932101877276544,0.660125632925497,3373467648.0,cell,False,False
M4-Hourly/tshort,768,0.7947953271016244,1.1932101877276544,0.6660983414960863,5022517248.0,cell,False,False
Hospital/tshort,native,0.7912498505027769,0.9205278266364826,0.8595610340145016,612096000.0,cell,True,False
Hospital/tshort,32,0.7756484967380535,0.9205278266364826,0.8426127644312461,306935808.0,cell,False,True
Hospital/tshort,48,0.8051889937077434,0.9205278266364826,0.8747035889722359,408619008.0,cell,False,False
Hospital/tshort,64,0.7881602175975869,0.9205278266364826,0.8562046630110534,510339072.0,cell,False,False
CovidDeaths-D/tshort,native,38.85435808012794,46.91239825526407,0.8282321843515656,1325426688.0,cell,True,False
CovidDeaths-D/tshort,32,42.02245915019853,46.91239825526407,0.8957644612740121,306935808.0,cell,False,True
CovidDeaths-D/tshort,48,38.69764026458106,46.91239825526407,0.8248915362206786,408619008.0,cell,False,True
CovidDeaths-D/tshort,64,36.6990927306883,46.91239825526407,0.7822898443818158,510339072.0,cell,False,True
CovidDeaths-D/tshort,96,34.4513822822617,46.91239825526407,0.7343769144950052,713889792.0,cell,False,True
CovidDeaths-D/tshort,128,34.94139153316263,46.91239825526407,0.7448221116950002,917587968.0,cell,False,False
USBirths-D/tshort,native,0.4847837709404801,1.8648391912491091,0.25996009372570167,13409323008.0,cell,True,False
USBirths-D/tshort,32,0.9530105764415462,1.8648391912491091,0.5110416924492022,306935808.0,cell,False,True
USBirths-D/tshort,48,0.5885585234303966,1.8648391912491091,0.31560819087900416,408619008.0,cell,False,True
USBirths-D/tshort,64,0.5460603533574917,1.8648391912491091,0.29281900333279076,510339072.0,cell,False,True
USBirths-D/tshort,96,0.5623155271548397,1.8648391912491091,0.3015356658062236,713889792.0,cell,False,False
USBirths-D/tshort,128,0.5674851412449561,1.8648391912491091,0.3043078158738408,917587968.0,cell,False,False
USBirths-D/tshort,192,0.5859070259380336,1.8648391912491091,0.3141863538086523,1325426688.0,cell,False,False
USBirths-D/tshort,256,0.5724126678834448,1.8648391912491091,0.30695014914397556,1733855232.0,cell,False,False
USBirths-D/tshort,384,0.5656261056762744,1.8648391912491091,0.3033109280041492,2552481792.0,cell,False,False
USBirths-D/tshort,512,0.5373721181674653,1.8648391912491091,0.2881600304675718,3373467648.0,cell,False,True
USBirths-D/tshort,768,0.4878337798294314,1.8648391912491091,0.26159562825504,5022517248.0,cell,False,True
USBirths-D/tshort,1024,0.4629111377137003,1.8648391912491091,0.2482311289284051,6681004032.0,cell,False,True
USBirths-D/tshort,1536,0.4711088738403264,1.8648391912491091,0.252627076935662,10026289152.0,cell,False,False
USBirths-D/tshort,2048,0.4847837662887315,1.8648391912491091,0.2599600912312514,13409323008.0,cell,False,False
USBirths-W/tshort,native,1.087506698399077,1.5634204337929731,0.6955945278012683,6473250816.0,cell,True,True
USBirths-W/tshort,32,1.4760414027333462,1.5634204337929731,0.9441103434681105,306935808.0,cell,False,True
USBirths-W/tshort,48,1.4492133337257211,1.5634204337929731,0.9269504877903014,408619008.0,cell,False,True
USBirths-W/tshort,64,1.2476250375496891,1.5634204337929731,0.7980099342330194,510339072.0,cell,False,True
USBirths-W/tshort,96,1.257106261077196,1.5634204337929731,0.8040743448819865,713889792.0,cell,False,False
USBirths-W/tshort,128,1.1946764503850573,1.5634204337929731,0.764142788825322,917587968.0,cell,False,True
USBirths-W/tshort,192,1.216823056264906,1.5634204337929731,0.778308272019193,1325426688.0,cell,False,False
USBirths-W/tshort,256,1.141229782428656,1.5634204337929731,0.7299570593816204,1733855232.0,cell,False,True
USBirths-W/tshort,384,1.129498773288431,1.5634204337929731,0.722453633632115,2552481792.0,cell,False,True
USBirths-W/tshort,512,1.1214841075937096,1.5634204337929731,0.7173272674151422,3373467648.0,cell,False,True
USBirths-W/tshort,768,1.1150508049859655,1.5634204337929731,0.7132123777356358,5022517248.0,cell,False,True
USBirths-W/tshort,1024,1.1054425067534432,1.5634204337929731,0.7070666871556478,6681004032.0,cell,False,False
USBirths-M/tshort,native,0.9239016557027822,0.7605310792868888,1.2148111771698766,1580630016.0,cell,True,False
USBirths-M/tshort,32,0.9665938620754414,0.7605310792868888,1.2709459066180007,306935808.0,cell,False,True
USBirths-M/tshort,48,0.8030639851444968,0.7605310792868888,1.0559252698752153,408619008.0,cell,False,True
USBirths-M/tshort,64,0.6323011298741815,0.7605310792868888,0.831394202150237,510339072.0,cell,False,True
USBirths-M/tshort,96,0.6241223918389016,0.7605310792868888,0.8206402194951841,713889792.0,cell,False,True
USBirths-M/tshort,128,0.5954141643611521,0.7605310792868888,0.7828926135660907,917587968.0,cell,False,True
USBirths-M/tshort,192,0.83343348617089,0.7605310792868888,1.0958572356469087,1325426688.0,cell,False,False
SaugeenDay-D/tshort,native,2.8398914793738834,3.413049305768806,0.8320686942828047,13409323008.0,cell,True,True
SaugeenDay-D/tshort,32,4.297329828375906,3.413049305768806,1.2590881183909273,306935808.0,cell,False,True
SaugeenDay-D/tshort,48,3.900859418440977,3.413049305768806,1.142925011908754,408619008.0,cell,False,True
SaugeenDay-D/tshort,64,4.048619619190152,3.413049305768806,1.1862177356615071,510339072.0,cell,False,False
SaugeenDay-D/tshort,96,4.265013712917564,3.413049305768806,1.249619718563324,713889792.0,cell,False,False
SaugeenDay-D/tshort,128,4.146463027018396,3.413049305768806,1.2148851820013147,917587968.0,cell,False,False
SaugeenDay-D/tshort,192,3.892805585289199,3.413049305768806,1.1405652941226192,1325426688.0,cell,False,True
SaugeenDay-D/tshort,256,3.9786581391939495,3.413049305768806,1.1657195026362908,1733855232.0,cell,False,False
SaugeenDay-D/tshort,384,3.217585346017825,3.413049305768806,0.9427304025697479,2552481792.0,cell,False,True
SaugeenDay-D/tshort,512,2.971731918698968,3.413049305768806,0.8706970373021233,3373467648.0,cell,False,True
SaugeenDay-D/tshort,768,2.979207782745697,3.413049305768806,0.8728874141109473,5022517248.0,cell,False,False
SaugeenDay-D/tshort,1024,2.9527423370579364,3.413049305768806,0.8651332203338378,6681004032.0,cell,False,True
SaugeenDay-D/tshort,1536,2.845559649107089,3.413049305768806,0.8337294290760657,10026289152.0,cell,False,True
SaugeenDay-D/tshort,2048,2.839891484869162,3.413049305768806,0.8320686958928836,13409323008.0,cell,False,False
SaugeenDay-W/tshort,native,1.2161550696876944,1.990658004828632,0.6109311929712349,13409323008.0,cell,True,False
SaugeenDay-W/tshort,32,1.672530024473484,1.990658004828632,0.8401895355287136,306935808.0,cell,False,True
SaugeenDay-W/tshort,48,1.5221209352521998,1.990658004828632,0.7646320621423032,408619008.0,cell,False,True
SaugeenDay-W/tshort,64,1.5128733501966845,1.990658004828632,0.759986570534461,510339072.0,cell,False,True
SaugeenDay-W/tshort,96,1.588042191041174,1.990658004828632,0.7977473715671629,713889792.0,cell,False,False
SaugeenDay-W/tshort,128,1.558827807379873,1.990658004828632,0.7830716293801889,917587968.0,cell,False,False
SaugeenDay-W/tshort,192,1.5967759194708333,1.990658004828632,0.8021347291185226,1325426688.0,cell,False,False
SaugeenDay-W/tshort,256,1.492415362373294,1.990658004828632,0.7497095727911185,1733855232.0,cell,False,True
SaugeenDay-W/tshort,384,1.3112173560852936,1.990658004828632,0.6586853959367929,2552481792.0,cell,False,True
SaugeenDay-W/tshort,512,1.1935290047762794,1.990658004828632,0.5995650693796727,3373467648.0,cell,False,True
SaugeenDay-W/tshort,768,1.1895256348389842,1.990658004828632,0.5975539906672145,5022517248.0,cell,False,True
SaugeenDay-W/tshort,1024,1.2358804889223054,1.990658004828632,0.6208401874779579,6681004032.0,cell,False,False
SaugeenDay-W/tshort,1536,1.242560713780652,1.990658004828632,0.6241959747815242,10026289152.0,cell,False,False
SaugeenDay-W/tshort,2048,1.2161550604602531,1.990658004828632,0.6109311883358625,13409323008.0,cell,False,False
SaugeenDay-M/tshort,native,0.7388266894060322,0.9763741730697156,0.7567044579673433,4830664704.0,cell,True,True
SaugeenDay-M/tshort,32,1.024484066500274,0.9763741730697156,1.049274033211367,306935808.0,cell,False,True
SaugeenDay-M/tshort,48,0.950515528325305,0.9763741730697156,0.9735156403583359,408619008.0,cell,False,True
SaugeenDay-M/tshort,64,0.8898202966776034,0.9763741730697156,0.9113517350423278,510339072.0,cell,False,True
SaugeenDay-M/tshort,96,0.8333505720041688,0.9763741730697156,0.8535155834613268,713889792.0,cell,False,True
SaugeenDay-M/tshort,128,0.8364832638856088,0.9763741730697156,0.8567240786958851,917587968.0,cell,False,False
SaugeenDay-M/tshort,192,0.7898831397011863,0.9763741730697156,0.8089963473918995,1325426688.0,cell,False,True
SaugeenDay-M/tshort,256,0.7968561289271905,0.9763741730697156,0.8161380656166669,1733855232.0,cell,False,False
SaugeenDay-M/tshort,384,0.7608710961267985,0.9763741730697156,0.7792822845104797,2552481792.0,cell,False,True
SaugeenDay-M/tshort,512,0.7438390764762727,0.9763741730697156,0.7618381323398244,3373467648.0,cell,False,True
SaugeenDay-M/tshort,768,0.744472525702132,0.9763741730697156,0.7624869094616811,5022517248.0,cell,False,False
Electricity-15T/tshort,native,0.9354591021094574,1.7170601412372184,0.5448027588803135,13409323008.0,cell,True,False
Electricity-15T/tshort,32,2.271801458179066,1.7170601412372184,1.3230762298996306,306935808.0,cell,False,True
Electricity-15T/tshort,48,2.2404573747758487,1.7170601412372184,1.3048217246260805,408619008.0,cell,False,True
Electricity-15T/tshort,64,1.7283684806119748,1.7170601412372184,1.0065858726221484,510339072.0,cell,False,True
Electricity-15T/tshort,96,1.2928106553671788,1.7170601412372184,0.7529210097647779,713889792.0,cell,False,True
Electricity-15T/tshort,128,1.218135341711236,1.7170601412372184,0.7094307953788475,917587968.0,cell,False,True
Electricity-15T/tshort,192,1.1442376230551645,1.7170601412372184,0.6663934451536976,1325426688.0,cell,False,True
Electricity-15T/tshort,256,1.0444309856325655,1.7170601412372184,0.608266979443135,1733855232.0,cell,False,True
Electricity-15T/tshort,384,0.9975813985706534,1.7170601412372184,0.5809822117540109,2552481792.0,cell,False,True
Electricity-15T/tshort,512,0.9954678621716229,1.7170601412372184,0.5797513076358198,3373467648.0,cell,False,True
Electricity-15T/tshort,768,0.9267635558994296,1.7170601412372184,0.5397385529150162,5022517248.0,cell,False,True
Electricity-15T/tshort,1024,0.9266050602458695,1.7170601412372184,0.5396462465072477,6681004032.0,cell,False,True
Electricity-15T/tshort,1536,0.9327613735094381,1.7170601412372184,0.5432316266088048,10026289152.0,cell,False,False
Electricity-15T/tshort,2048,0.9354591035648021,1.7170601412372184,0.5448027597278928,13409323008.0,cell,False,False
Electricity-15T/tmedium,native,0.8661244991753795,1.1507882041044135,0.7526358856358195,858196672512.0,cell,True,False
Electricity-15T/tmedium,32,2.5545251522488073,1.1507882041044135,2.219804776532998,122493566976.0,cell,False,True
Electricity-15T/tmedium,48,2.1583781331745397,1.1507882041044135,1.8755650479179793,129038450688.0,cell,False,True
Electricity-15T/tmedium,64,1.6148876694565577,1.1507882041044135,1.4032883407188934,135585693696.0,cell,False,True
Electricity-15T/tmedium,96,1.1695810796779749,1.1507882041044135,1.0163304381349534,148687257600.0,cell,False,True
Electricity-15T/tmedium,128,1.1331851787297216,1.1507882041044135,0.9847035055521869,161798258688.0,cell,False,True
Electricity-15T/tmedium,192,1.0786466647848838,1.1507882041044135,0.9373111932654254,188048572416.0,cell,False,True
Electricity-15T/tmedium,256,1.008679215742974,1.1507882041044135,0.876511604955115,214336634880.0,cell,False,True
Electricity-15T/tmedium,384,0.9468453297921766,1.1507882041044135,0.8227798359551722,267026006016.0,cell,False,True
Electricity-15T/tmedium,512,0.9186653747387852,1.1507882041044135,0.7982923108372708,319866372096.0,cell,False,True
Electricity-15T/tmedium,768,0.8797577519520597,1.1507882041044135,0.7644827682577092,426000089088.0,cell,False,True
Electricity-15T/tmedium,1024,0.8769064641332204,1.1507882041044135,0.7620050857365729,532737785856.0,cell,False,True
Electricity-15T/tmedium,1536,0.8665479455055679,1.1507882041044135,0.7530038476367144,748025118720.0,cell,False,True
Electricity-15T/tmedium,2048,0.8661244989650391,1.1507882041044135,0.75263588545304,858196672512.0,cell,False,True
Electricity-15T/tlong,native,0.9460768816793056,1.1635317075319347,0.8131079501787787,1340932300800.0,cell,True,False
Electricity-15T/tlong,32,2.9481974742463106,1.1635317075319347,2.5338350946189347,273592098816.0,cell,False,True
Electricity-15T/tlong,48,2.5199614185485673,1.1635317075319347,2.1657866324020256,283848007680.0,cell,False,True
Electricity-15T/tlong,64,1.5295059181100017,1.1635317075319347,1.3145373763422106,294107602944.0,cell,False,True
Electricity-15T/tlong,96,1.2135590093308954,1.1635317075319347,1.0429960795009858,314637852672.0,cell,False,True
Electricity-15T/tlong,128,1.1320151541658416,1.1635317075319347,0.9729130257799803,335182848000.0,cell,False,True
Electricity-15T/tlong,192,1.0885493637239234,1.1635317075319347,0.9355562522940929,376317075456.0,cell,False,True
Electricity-15T/tlong,256,1.0416554793836714,1.1635317075319347,0.8952531956290343,417510285312.0,cell,False,True
Electricity-15T/tlong,384,1.004724829233305,1.1635317075319347,0.8635130634854049,500073652224.0,cell,False,True
Electricity-15T/tlong,512,0.9687222884981574,1.1635317075319347,0.832570597111613,582872948736.0,cell,False,True
Electricity-15T/tlong,768,0.9460784841180676,1.1635317075319347,0.8131093273984553,749179330560.0,cell,False,True
Electricity-15T/tlong,1024,0.9421010060187051,1.1635317075319347,0.8096908747051467,916429430784.0,cell,False,True
Electricity-15T/tlong,1536,0.9452009806560864,1.1635317075319347,0.8123551550314275,1230760747008.0,cell,False,False
Electricity-15T/tlong,2048,0.9460768820403462,1.1635317075319347,0.8131079504890758,1340932300800.0,cell,False,False
Electricity-H/tshort,native,0.8733239601596153,1.3577726051465433,0.6432034030214936,13409323008.0,cell,True,False
Electricity-H/tshort,32,1.4250119798138567,1.3577726051465433,1.0495218230301946,306935808.0,cell,False,True
Electricity-H/tshort,48,1.272531450315664,1.3577726051465433,0.9372198595642756,408619008.0,cell,False,True
Electricity-H/tshort,64,1.194359534086961,1.3577726051465433,0.8796462158389584,510339072.0,cell,False,True
Electricity-H/tshort,96,1.0871174177780913,1.3577726051465433,0.8006623595567092,713889792.0,cell,False,True
Electricity-H/tshort,128,1.0118695721064686,1.3577726051465433,0.7452422948224517,917587968.0,cell,False,True
Electricity-H/tshort,192,0.909690097050282,1.3577726051465433,0.6699870755987892,1325426688.0,cell,False,True
Electricity-H/tshort,256,0.902684425116766,1.3577726051465433,0.6648273957621498,1733855232.0,cell,False,True
Electricity-H/tshort,384,0.8766254316294336,1.3577726051465433,0.6456349379171781,2552481792.0,cell,False,True
Electricity-H/tshort,512,0.872233601990892,1.3577726051465433,0.6424003538477288,3373467648.0,cell,False,True
Electricity-H/tshort,768,0.8712197162584732,1.3577726051465433,0.641653626650129,5022517248.0,cell,False,True
Electricity-H/tshort,1024,0.8688076204241665,1.3577726051465433,0.6398771172219937,6681004032.0,cell,False,True
Electricity-H/tshort,1536,0.8701399086012508,1.3577726051465433,0.6408583479317859,10026289152.0,cell,False,False
Electricity-H/tshort,2048,0.873323961700487,1.3577726051465433,0.643203404156346,13409323008.0,cell,False,False
Electricity-H/tmedium,native,1.0819109852362678,1.3924537851702354,0.7769816109940036,858196672512.0,cell,True,False
Electricity-H/tmedium,32,1.47179281360597,1.3924537851702354,1.0569778539731103,122493566976.0,cell,False,True
Electricity-H/tmedium,48,1.3288425384196918,1.3924537851702354,0.9543171576478807,129038450688.0,cell,False,True
Electricity-H/tmedium,64,1.2843432574427702,1.3924537851702354,0.9223597013568045,135585693696.0,cell,False,True
Electricity-H/tmedium,96,1.200678242659981,1.3924537851702354,0.862275111351858,148687257600.0,cell,False,True
Electricity-H/tmedium,128,1.1591307035949192,1.3924537851702354,0.8324374682591055,161798258688.0,cell,False,True
Electricity-H/tmedium,192,1.1178283884772364,1.3924537851702354,0.8027759343844761,188048572416.0,cell,False,True
Electricity-H/tmedium,256,1.119737289938274,1.3924537851702354,0.8041468247374398,214336634880.0,cell,False,False
Electricity-H/tmedium,384,1.1091868923469952,1.3924537851702354,0.7965699861352245,267026006016.0,cell,False,True
Electricity-H/tmedium,512,1.1004542739115337,1.3924537851702354,0.790298597792958,319866372096.0,cell,False,True
Electricity-H/tmedium,768,1.089259694268,1.3924537851702354,0.7822591355409556,426000089088.0,cell,False,True
Electricity-H/tmedium,1024,1.086264284469531,1.3924537851702354,0.7801079619577672,532737785856.0,cell,False,True
Electricity-H/tmedium,1536,1.0784085551301077,1.3924537851702354,0.7744663173853673,748025118720.0,cell,False,True
Electricity-H/tmedium,2048,1.0819109856969078,1.3924537851702354,0.7769816113248154,858196672512.0,cell,False,False
Electricity-H/tlong,native,1.24240080495505,1.5240786163496851,0.8151815737240112,1340932300800.0,cell,True,False
Electricity-H/tlong,32,1.6304594590633994,1.5240786163496851,1.069800101892714,273592098816.0,cell,False,True
Electricity-H/tlong,48,1.4476910636736167,1.5240786163496851,0.9498795194312063,283848007680.0,cell,False,True
Electricity-H/tlong,64,1.4303874350504253,1.5240786163496851,0.9385260180845137,294107602944.0,cell,False,True
Electricity-H/tlong,96,1.3218865422088895,1.5240786163496851,0.8673348789414387,314637852672.0,cell,False,True
Electricity-H/tlong,128,1.3108659999977743,1.5240786163496851,0.8601039250438567,335182848000.0,cell,False,True
Electricity-H/tlong,192,1.2676298045981755,1.5240786163496851,0.8317351815054468,376317075456.0,cell,False,True
Electricity-H/tlong,256,1.2955771590762533,1.5240786163496851,0.8500723946769132,417510285312.0,cell,False,False
Electricity-H/tlong,384,1.2837700766728777,1.5240786163496851,0.842325364913019,500073652224.0,cell,False,False
Electricity-H/tlong,512,1.2854108731325684,1.5240786163496851,0.8434019474738456,582872948736.0,cell,False,False
Electricity-H/tlong,768,1.2610171460115345,1.5240786163496851,0.8273963905036551,749179330560.0,cell,False,True
Electricity-H/tlong,1024,1.2525033461786705,1.5240786163496851,0.8218101958405115,916429430784.0,cell,False,True
Electricity-H/tlong,1536,1.237124106867716,1.5240786163496851,0.8117193520047851,1230760747008.0,cell,False,True
Electricity-H/tlong,2048,1.2424008068467864,1.5240786163496851,0.8151815749652441,1340932300800.0,cell,False,False
Electricity-D/tshort,native,1.447777417196367,1.987041399842847,0.7286095887639132,8976979968.0,cell,True,False
Electricity-D/tshort,32,1.8115140681307824,1.987041399842847,0.9116639785532668,306935808.0,cell,False,True
Electricity-D/tshort,48,1.863059836048203,1.987041399842847,0.9376049417971616,408619008.0,cell,False,False
Electricity-D/tshort,64,1.8209344977162512,1.987041399842847,0.9164049112717365,510339072.0,cell,False,False
Electricity-D/tshort,96,1.806557760069662,1.987041399842847,0.9091696631044229,713889792.0,cell,False,True
Electricity-D/tshort,128,1.7476075641267452,1.987041399842847,0.8795023416547646,917587968.0,cell,False,True
Electricity-D/tshort,192,1.731203752512332,1.987041399842847,0.8712469466661596,1325426688.0,cell,False,True
Electricity-D/tshort,256,1.692948874266331,1.987041399842847,0.8519947668932437,1733855232.0,cell,False,True
Electricity-D/tshort,384,1.6624512174828125,1.987041399842847,0.8366464924255197,2552481792.0,cell,False,True
Electricity-D/tshort,512,1.5579734302284485,1.987041399842847,0.7840669199703977,3373467648.0,cell,False,True
Electricity-D/tshort,768,1.4592656513928857,1.987041399842847,0.734391166438856,5022517248.0,cell,False,True
Electricity-D/tshort,1024,1.4453550210787551,1.987041399842847,0.7273904918101187,6681004032.0,cell,False,True
Electricity-W/tshort,native,1.4765547564941124,2.0896995064573947,0.7065871202684407,1359443968.0,cell,True,True
Electricity-W/tshort,32,2.131730073341314,2.0896995064573947,1.02011321089661,306935808.0,cell,False,True
Electricity-W/tshort,48,1.7786746522560013,2.0896995064573947,0.8511628809595383,408619008.0,cell,False,True
Electricity-W/tshort,64,1.6600301326685818,2.0896995064573947,0.7943870051837173,510339072.0,cell,False,True
Electricity-W/tshort,96,1.5898924388257605,2.0896995064573947,0.7608234743382113,713889792.0,cell,False,True
Electricity-W/tshort,128,1.4946792675565925,2.0896995064573947,0.7152603821448366,917587968.0,cell,False,True
Electricity-W/tshort,192,1.4893723195126833,2.0896995064573947,0.7127208074224853,1325426688.0,cell,False,True
KDDCup2018-H/tshort,native,0.6006879868012098,1.340425278558367,0.44813239231600605,13409323008.0,cell,True,False
KDDCup2018-H/tshort,32,1.152864670653898,1.340425278558367,0.8600738057505218,306935808.0,cell,False,True
KDDCup2018-H/tshort,48,1.1173937418465194,1.340425278558367,0.8336113617972656,408619008.0,cell,False,True
KDDCup2018-H/tshort,64,1.0833566122077216,1.340425278558367,0.8082185777433832,510339072.0,cell,False,True
KDDCup2018-H/tshort,96,1.0092013775158097,1.340425278558367,0.7528964080722277,713889792.0,cell,False,True
KDDCup2018-H/tshort,128,0.9257795398753353,1.340425278558367,0.6906610571168988,917587968.0,cell,False,True
KDDCup2018-H/tshort,192,0.8359387390080517,1.340425278558367,0.6236369549126284,1325426688.0,cell,False,True
KDDCup2018-H/tshort,256,0.7461784149855736,1.340425278558367,0.5566728910007513,1733855232.0,cell,False,True
KDDCup2018-H/tshort,384,0.6573805654081967,1.340425278558367,0.4904268637153816,2552481792.0,cell,False,True
KDDCup2018-H/tshort,512,0.6264680979858765,1.340425278558367,0.4673651773112229,3373467648.0,cell,False,True
KDDCup2018-H/tshort,768,0.598880154611811,1.340425278558367,0.44678369185629585,5022517248.0,cell,False,True
KDDCup2018-H/tshort,1024,0.5963334408664073,1.340425278558367,0.44488376219505976,6681004032.0,cell,False,True
KDDCup2018-H/tshort,1536,0.5980356807460503,1.340425278558367,0.4461536874246658,10026289152.0,cell,False,False
KDDCup2018-H/tshort,2048,0.6006879864353798,1.340425278558367,0.4481323920430852,13409323008.0,cell,False,False
KDDCup2018-H/tmedium,native,0.7007810857819075,1.4289997072062277,0.4903997406353376,858196672512.0,cell,True,False
KDDCup2018-H/tmedium,32,1.31390720168698,1.4289997072062277,0.9194593918117311,122493566976.0,cell,False,True
KDDCup2018-H/tmedium,48,1.268441860644757,1.4289997072062277,0.8876431914213824,129038450688.0,cell,False,True
KDDCup2018-H/tmedium,64,1.2187442645348818,1.4289997072062277,0.8528653003838561,135585693696.0,cell,False,True
KDDCup2018-H/tmedium,96,1.2163813807360961,1.4289997072062277,0.8512117774426896,148687257600.0,cell,False,True
KDDCup2018-H/tmedium,128,1.0813143452887235,1.4289997072062277,0.7566931888339935,161798258688.0,cell,False,True
KDDCup2018-H/tmedium,192,0.9382177306658607,1.4289997072062277,0.6565555793570647,188048572416.0,cell,False,True
KDDCup2018-H/tmedium,256,0.8657943685833355,1.4289997072062277,0.6058744198597568,214336634880.0,cell,False,True
KDDCup2018-H/tmedium,384,0.7758417421289763,1.4289997072062277,0.5429264528302733,267026006016.0,cell,False,True
KDDCup2018-H/tmedium,512,0.7363311995389371,1.4289997072062277,0.5152773620776345,319866372096.0,cell,False,True
KDDCup2018-H/tmedium,768,0.7164430834196901,1.4289997072062277,0.5013598531943546,426000089088.0,cell,False,True
KDDCup2018-H/tmedium,1024,0.7041848957463213,1.4289997072062277,0.49278169351275874,532737785856.0,cell,False,True
KDDCup2018-H/tmedium,1536,0.7002735975439943,1.4289997072062277,0.49004460533660105,748025118720.0,cell,False,True
KDDCup2018-H/tmedium,2048,0.7007810844529876,1.4289997072062277,0.4903997397053725,858196672512.0,cell,False,False
KDDCup2018-H/tlong,native,0.6892230305239313,1.3355336658089667,0.5160656359092614,1340932300800.0,cell,True,False
KDDCup2018-H/tlong,32,1.1797639152239245,1.3355336658089667,0.8833651636249181,273592098816.0,cell,False,True
KDDCup2018-H/tlong,48,1.100008004040577,1.3355336658089667,0.8236467804608087,283848007680.0,cell,False,True
KDDCup2018-H/tlong,64,1.1109181013605116,1.3355336658089667,0.8318158724120222,294107602944.0,cell,False,False
KDDCup2018-H/tlong,96,1.0647184116942523,1.3355336658089667,0.7972231917114012,314637852672.0,cell,False,True
KDDCup2018-H/tlong,128,1.0295388343355687,1.3355336658089667,0.7708819782629371,335182848000.0,cell,False,True
KDDCup2018-H/tlong,192,0.8917275622124946,1.3355336658089667,0.6676938103783049,376317075456.0,cell,False,True
KDDCup2018-H/tlong,256,0.7954514120685505,1.3355336658089667,0.5956056611921687,417510285312.0,cell,False,True
KDDCup2018-H/tlong,384,0.7363608488829705,1.3355336658089667,0.551360753932727,500073652224.0,cell,False,True
KDDCup2018-H/tlong,512,0.7175535733045474,1.3355336658089667,0.5372785364193025,582872948736.0,cell,False,True
KDDCup2018-H/tlong,768,0.6995416383453014,1.3355336658089667,0.5237918416093025,749179330560.0,cell,False,True
KDDCup2018-H/tlong,1024,0.6936691813372006,1.3355336658089667,0.5193947551423405,916429430784.0,cell,False,True
KDDCup2018-H/tlong,1536,0.690442173041911,1.3355336658089667,0.5169784863668657,1230760747008.0,cell,False,True
KDDCup2018-H/tlong,2048,0.6892230297621071,1.3355336658089667,0.5160656353388345,1340932300800.0,cell,False,True
KDDCup2018-D/tshort,native,1.1967436594890792,1.4970343738270926,0.7994096063603835,2756007344.3555555,cell,True,True
KDDCup2018-D/tshort,32,1.2702554167097277,1.4970343738270926,0.8485145290701536,306935808.0,cell,False,True
KDDCup2018-D/tshort,48,1.2345192131730438,1.4970343738270926,0.8246431977490657,408619008.0,cell,False,True
KDDCup2018-D/tshort,64,1.2470842790487489,1.4970343738270926,0.8330365026025696,510339072.0,cell,False,False
KDDCup2018-D/tshort,96,1.2293518399968555,1.4970343738270926,0.821191457918284,713889792.0,cell,False,True
KDDCup2018-D/tshort,128,1.2242438394305237,1.4970343738270926,0.8177793782388619,917587968.0,cell,False,True
KDDCup2018-D/tshort,192,1.2210185601574264,1.4970343738270926,0.8156249325364215,1325426688.0,cell,False,True
KDDCup2018-D/tshort,256,1.2174101903775585,1.4970343738270926,0.8132145872277542,1733855232.0,cell,False,True
KDDCup2018-D/tshort,384,1.1968953314939883,1.4970343738270926,0.7995109213385568,2552481792.0,cell,False,True
CarParts/tshort,native,0.8550895691135997,1.2014638390969912,0.7117064544832884,408619008.0,cell,True,False
CarParts/tshort,32,0.851652289970271,1.2014638390969912,0.7088455451229932,306935808.0,cell,False,True
TempRain/tshort,native,1.3042200472407124,2.011535765322217,0.6483702998101037,4403066880.0,cell,True,True
TempRain/tshort,32,1.5436866897223112,2.011535765322217,0.7674169738041104,306935808.0,cell,False,True
TempRain/tshort,48,1.506545090816553,2.011535765322217,0.748952674264396,408619008.0,cell,False,True
TempRain/tshort,64,1.5025295422875753,2.011535765322217,0.7469564141937557,510339072.0,cell,False,True
TempRain/tshort,96,1.45615127621966,2.011535765322217,0.7239002663153777,713889792.0,cell,False,True
TempRain/tshort,128,1.4373387147205898,2.011535765322217,0.7145479287515181,917587968.0,cell,False,True
TempRain/tshort,192,1.4083480503676598,2.011535765322217,0.7001357244781895,1325426688.0,cell,False,True
TempRain/tshort,256,1.3745396213319552,2.011535765322217,0.6833284523339187,1733855232.0,cell,False,True
TempRain/tshort,384,1.3326696905176096,2.011535765322217,0.6625135448705962,2552481792.0,cell,False,True
TempRain/tshort,512,1.3090385958328696,2.011535765322217,0.6507657573879537,3373467648.0,cell,False,True
