cell,window,mase,naive_mase,normalized_mase,flops,flops_weighting,is_native,within_cell_pareto
JenaWeather-10T/tshort,native,0.2760741699016764,0.7428874675800381,0.37162313533298685,106660044800.0,cell,True,False
JenaWeather-10T/tshort,32,0.37877072780010607,0.7428874675800381,0.5098628585483542,590284800.0,cell,False,True
JenaWeather-10T/tshort,48,0.3803467679973079,0.7428874675800381,0.5119843645179404,787251200.0,cell,False,False
JenaWeather-10T/tshort,64,0.3537621485527042,0.7428874675800381,0.47619883763160964,787251200.0,cell,False,True
JenaWeather-10T/tshort,96,0.3608889228471526,0.7428874675800381,0.485792180641775,984320000.0,cell,False,False
JenaWeather-10T/tshort,128,0.3560607332872513,0.7428874675800381,0.47929296000526433,1181491200.0,cell,False,False
JenaWeather-10T/tshort,192,0.33745578864568776,0.7428874675800381,0.45424886456215596,1576140800.0,cell,False,True
JenaWeather-10T/tshort,256,0.31305768537057493,0.7428874675800381,0.4214066046777756,1971200000.0,cell,False,True
JenaWeather-10T/tshort,384,0.30907024466504635,0.7428874675800381,0.4160391151459926,2762547200.0,cell,False,True
JenaWeather-10T/tshort,512,0.3070852659113165,0.7428874675800381,0.41336713743691117,3555532800.0,cell,False,True
JenaWeather-10T/tshort,768,0.3005706216467231,0.7428874675800381,0.4045977819841736,5146419200.0,cell,False,True
JenaWeather-10T/tshort,1024,0.30486317723085865,0.7428874675800381,0.4103759863172183,6743859200.0,cell,False,False
JenaWeather-10T/tshort,1536,0.3079091997227166,0.7428874675800381,0.41447623383085636,9958400000.0,cell,False,False
JenaWeather-10T/tshort,2048,0.2955624995627063,0.7428874675800381,0.39785635437558736,13199155200.0,cell,False,True
JenaWeather-10T/tshort,2560,0.2863399933778978,0.7428874675800381,0.3854419489813883,16466124800.0,cell,False,True
JenaWeather-10T/tshort,3072,0.285192439200482,0.7428874675800381,0.38389722757000955,19759308800.0,cell,False,True
JenaWeather-10T/tshort,4096,0.28135131448408934,0.7428874675800381,0.3787266938296772,26424320000.0,cell,False,True
JenaWeather-10T/tshort,6144,0.2759393652836096,0.7428874675800381,0.37144167498542446,40068915200.0,cell,False,True
JenaWeather-10T/tshort,8192,0.2748661844331885,0.7428874675800381,0.369997067427409,54132940800.0,cell,False,True
JenaWeather-10T/tshort,12288,0.2749180289996113,0.7428874675800381,0.37006685534103706,83519283200.0,cell,False,False
JenaWeather-10T/tshort,15360,0.27607417086305924,0.7428874675800381,0.3716231366271033,106660044800.0,cell,False,False
JenaWeather-10T/tmedium,native,0.627040551382869,0.7160100391723763,0.8757426810770061,109866240000.0,cell,True,False
JenaWeather-10T/tmedium,32,0.7407774986388447,0.7160100391723763,1.0345909388297079,3158835200.0,cell,False,True
JenaWeather-10T/tmedium,48,0.7064147604081759,0.7160100391723763,0.986598960574224,3357132800.0,cell,False,False
JenaWeather-10T/tmedium,64,0.6995115817776579,0.7160100391723763,0.9769577848185081,3357132800.0,cell,False,True
JenaWeather-10T/tmedium,96,0.7552859801302217,0.7160100391723763,1.054853897025304,3555532800.0,cell,False,False
JenaWeather-10T/tmedium,128,0.6714323722133113,0.7160100391723763,0.9377415615420819,3754035200.0,cell,False,True
JenaWeather-10T/tmedium,192,0.6571338832220112,0.7160100391723763,0.9177718848489624,4151347200.0,cell,False,True
JenaWeather-10T/tmedium,256,0.6681378757838466,0.7160100391723763,0.9331403740597489,4549068800.0,cell,False,False
JenaWeather-10T/tmedium,384,0.6717172993510484,0.7160100391723763,0.9381394988923268,5345740800.0,cell,False,False
JenaWeather-10T/tmedium,512,0.6596331891986593,0.7160100391723763,0.9212624867119433,6144051200.0,cell,False,False
JenaWeather-10T/tmedium,768,0.6553635114482979,0.7160100391723763,0.9152993332409435,7745587200.0,cell,False,True
JenaWeather-10T/tmedium,1024,0.6365457552947683,0.7160100391723763,0.889017919400321,9353676800.0,cell,False,True
JenaWeather-10T/tmedium,1536,0.6418225210839095,0.7160100391723763,0.8963876006903215,12589516800.0,cell,False,False
JenaWeather-10T/tmedium,2048,0.6493886689493014,0.7160100391723763,0.906954698149091,15851571200.0,cell,False,False
JenaWeather-10T/tmedium,2560,0.6387515112075578,0.7160100391723763,0.8920985408890073,19139840000.0,cell,False,False
JenaWeather-10T/tmedium,3072,0.6270921180361668,0.7160100391723763,0.8758147005327074,22454323200.0,cell,False,True
JenaWeather-10T/tmedium,4096,0.6187397441135617,0.7160100391723763,0.8641495373846327,29161932800.0,cell,False,True
JenaWeather-10T/tmedium,6144,0.6296865907727943,0.7160100391723763,0.8794382150013403,42891724800.0,cell,False,False
JenaWeather-10T/tmedium,8192,0.6357633938283053,0.7160100391723763,0.8879252511084528,57040947200.0,cell,False,False
JenaWeather-10T/tmedium,12288,0.6310003746199748,0.7160100391723763,0.8812730829156213,86597683200.0,cell,False,False
JenaWeather-10T/tmedium,15360,0.6270405541753448,0.7160100391723763,0.8757426849770573,109866240000.0,cell,False,False
JenaWeather-10T/tlong,native,0.6748793057656505,0.7614923703210493,0.8862587887533498,111847884800.0,cell,True,False
JenaWeather-10T/tlong,32,0.7380304898173577,0.7614923703210493,0.9691896052828475,4748083200.0,cell,False,True
JenaWeather-10T/tlong,48,0.7363278831327293,0.7614923703210493,0.9669537238072254,4947200000.0,cell,False,True
JenaWeather-10T/tlong,64,0.7656422809351382,0.7614923703210493,1.005449707411171,4947200000.0,cell,False,False
JenaWeather-10T/tlong,96,0.7981305024478025,0.7614923703210493,1.0481135905686176,5146419200.0,cell,False,False
JenaWeather-10T/tlong,128,0.7225691518255551,0.7614923703210493,0.9488856093474923,5345740800.0,cell,False,True
JenaWeather-10T/tlong,192,0.7098540215120173,0.7614923703210493,0.9321879629768831,5744691200.0,cell,False,True
JenaWeather-10T/tlong,256,0.672839688706321,0.7614923703210493,0.8835803416160929,6144051200.0,cell,False,True
JenaWeather-10T/tlong,384,0.6431163234077057,0.7614923703210493,0.8445472974818703,6944000000.0,cell,False,True
JenaWeather-10T/tlong,512,0.6650773529644637,0.7614923703210493,0.8733867585358255,7745587200.0,cell,False,False
JenaWeather-10T/tlong,768,0.6770257577025639,0.7614923703210493,0.8890775326049901,9353676800.0,cell,False,False
JenaWeather-10T/tlong,1024,0.6826403466897277,0.7614923703210493,0.8964506714649325,10968320000.0,cell,False,False
JenaWeather-10T/tlong,1536,0.6834643621068522,0.7614923703210493,0.8975327774048477,14217267200.0,cell,False,False
JenaWeather-10T/tlong,2048,0.6717976758067317,0.7614923703210493,0.8822119590292128,17492428800.0,cell,False,False
JenaWeather-10T/tlong,2560,0.6645881390833912,0.7614923703210493,0.8727443175867898,20793804800.0,cell,False,False
JenaWeather-10T/tlong,3072,0.6560749694980388,0.7614923703210493,0.8615647313989948,24121395200.0,cell,False,False
JenaWeather-10T/tlong,4096,0.6506776221524805,0.7614923703210493,0.8544768766076425,30855219200.0,cell,False,False
JenaWeather-10T/tlong,6144,0.6722707160574208,0.7614923703210493,0.8828331605922562,44637440000.0,cell,False,False
JenaWeather-10T/tlong,8192,0.6842412180856154,0.7614923703210493,0.8985529530612836,58839091200.0,cell,False,False
JenaWeather-10T/tlong,12288,0.6796630238024597,0.7614923703210493,0.892540818913143,88500684800.0,cell,False,False
JenaWeather-10T/tlong,15360,0.6748793105120743,0.7614923703210493,0.8862587949864048,111847884800.0,cell,False,False
JenaWeather-H/tshort,native,0.5256784592791232,0.7229102185557323,0.7271697726577319,54970532378.947365,cell,True,False
JenaWeather-H/tshort,32,0.647179393257124,0.7229102185557323,0.8952417280116647,590284800.0,cell,False,True
JenaWeather-H/tshort,48,0.5956865770142967,0.7229102185557323,0.8240118367732999,787251200.0,cell,False,True
JenaWeather-H/tshort,64,0.5974825790701508,0.7229102185557323,0.8264962421804364,787251200.0,cell,False,False
JenaWeather-H/tshort,96,0.5768959253987958,0.7229102185557323,0.7980187727202812,984320000.0,cell,False,True
JenaWeather-H/tshort,128,0.5500873427204079,0.7229102185557323,0.7609345235420811,1181491200.0,cell,False,True
JenaWeather-H/tshort,192,0.5457897324955188,0.7229102185557323,0.754989649455953,1576140800.0,cell,False,True
JenaWeather-H/tshort,256,0.5383466789077813,0.7229102185557323,0.7446936909860236,1971200000.0,cell,False,True
JenaWeather-H/tshort,384,0.5436897164267567,0.7229102185557323,0.7520847021819228,2762547200.0,cell,False,False
JenaWeather-H/tshort,512,0.5357533802598237,0.7229102185557323,0.741106387083834,3555532800.0,cell,False,True
JenaWeather-H/tshort,768,0.5221291351947532,0.7229102185557323,0.7222600010245948,5146419200.0,cell,False,True
JenaWeather-H/tshort,1024,0.5218813048516208,0.7229102185557323,0.7219171778955655,6743859200.0,cell,False,True
JenaWeather-H/tshort,1536,0.5273507831038627,0.7229102185557323,0.7294830942595217,9958400000.0,cell,False,False
JenaWeather-H/tshort,2048,0.5233870306717369,0.7229102185557323,0.7240000448705605,13199155200.0,cell,False,False
JenaWeather-H/tshort,2560,0.5275344614481413,0.7229102185557323,0.7297371760798694,16466124800.0,cell,False,False
JenaWeather-H/tshort,3072,0.5260242490776045,0.7229102185557323,0.7276481028702612,19759308800.0,cell,False,False
JenaWeather-H/tshort,4096,0.530493949908258,0.7229102185557323,0.7338310294853855,26424320000.0,cell,False,False
JenaWeather-H/tshort,6144,0.5279930827803914,0.7229102185557323,0.730371585886894,40068915200.0,cell,False,False
JenaWeather-H/tshort,8192,0.526474079246723,0.7229102185557323,0.728270351882064,54132940800.0,cell,False,False
JenaWeather-H/tmedium,native,0.7295762140396305,0.8886133410507664,0.8210277522695327,56259200000.0,cell,True,True
JenaWeather-H/tmedium,32,0.7857319890677648,0.8886133410507664,0.884222589026914,3158835200.0,cell,False,True
JenaWeather-H/tmedium,48,0.7735143194527541,0.8886133410507664,0.870473448595865,3357132800.0,cell,False,True
JenaWeather-H/tmedium,64,0.7987867140470736,0.8886133410507664,0.8989137087482001,3357132800.0,cell,False,False
JenaWeather-H/tmedium,96,0.9045643853938883,0.8886133410507664,1.0179504893818723,3555532800.0,cell,False,False
JenaWeather-H/tmedium,128,0.9436436679624544,0.8886133410507664,1.0619283150156353,3754035200.0,cell,False,False
JenaWeather-H/tmedium,192,0.9572662789079706,0.8886133410507664,1.0772585045549998,4151347200.0,cell,False,False
JenaWeather-H/tmedium,256,0.9000003745751013,0.8886133410507664,1.0128143850629903,4549068800.0,cell,False,False
JenaWeather-H/tmedium,384,0.838424632797875,0.8886133410507664,0.9435201949663008,5345740800.0,cell,False,False
JenaWeather-H/tmedium,512,0.8309067925087684,0.8886133410507664,0.9350600020547056,6144051200.0,cell,False,False
JenaWeather-H/tmedium,768,0.7845462045003616,0.8886133410507664,0.8828881677295689,7745587200.0,cell,False,False
JenaWeather-H/tmedium,1024,0.8419410505761465,0.8886133410507664,0.9474773916634756,9353676800.0,cell,False,False
JenaWeather-H/tmedium,1536,0.8120936754345272,0.8886133410507664,0.9138886824209095,12589516800.0,cell,False,False
JenaWeather-H/tmedium,2048,0.7825570263568887,0.8886133410507664,0.8806496483966038,15851571200.0,cell,False,False
JenaWeather-H/tmedium,2560,0.7806888943642207,0.8886133410507664,0.8785473482100468,19139840000.0,cell,False,False
JenaWeather-H/tmedium,3072,0.7705915543474503,0.8886133410507664,0.8671843182505478,22454323200.0,cell,False,True
JenaWeather-H/tmedium,4096,0.7702287303439158,0.8886133410507664,0.8667760146760083,29161932800.0,cell,False,True
JenaWeather-H/tmedium,6144,0.7383347146991311,0.8886133410507664,0.8308841209001724,42891724800.0,cell,False,True
JenaWeather-H/tmedium,8192,0.7390657512651312,0.8886133410507664,0.8317067920578388,57040947200.0,cell,False,False
JenaWeather-H/tlong,native,0.8487102526894539,1.267717847392006,0.669478823253495,55479142400.0,cell,True,True
JenaWeather-H/tlong,32,1.385151928946363,1.267717847392006,1.0926342417565127,4748083200.0,cell,False,True
JenaWeather-H/tlong,48,1.2660690745762992,1.267717847392006,0.9986994165783035,4947200000.0,cell,False,False
JenaWeather-H/tlong,64,1.257021732006912,1.267717847392006,0.9915627003223954,4947200000.0,cell,False,True
JenaWeather-H/tlong,96,1.301107641779681,1.267717847392006,1.0263385062033838,5146419200.0,cell,False,False
JenaWeather-H/tlong,128,1.2331456217068024,1.267717847392006,0.9727287694526611,5345740800.0,cell,False,True
JenaWeather-H/tlong,192,1.078174435444151,1.267717847392006,0.8504845440664967,5744691200.0,cell,False,True
JenaWeather-H/tlong,256,1.1335640526477868,1.267717847392006,0.8941769298111523,6144051200.0,cell,False,False
JenaWeather-H/tlong,384,1.03885962325371,1.267717847392006,0.8194722708928399,6944000000.0,cell,False,True
JenaWeather-H/tlong,512,1.0309656700642624,1.267717847392006,0.8132453701627703,7745587200.0,cell,False,True
JenaWeather-H/tlong,768,1.0143651899635424,1.267717847392006,0.8001505950636653,9353676800.0,cell,False,True
JenaWeather-H/tlong,1024,0.9778567321500231,1.267717847392006,0.7713520277100339,10968320000.0,cell,False,True
JenaWeather-H/tlong,1536,0.9515422140284745,1.267717847392006,0.7505946342760896,14217267200.0,cell,False,True
JenaWeather-H/tlong,2048,0.9369229507492453,1.267717847392006,0.7390626807666361,17492428800.0,cell,False,True
JenaWeather-H/tlong,2560,0.9544593995916927,1.267717847392006,0.7528957658482447,20793804800.0,cell,False,False
JenaWeather-H/tlong,3072,0.9613895351230722,1.267717847392006,0.7583623888398169,24121395200.0,cell,False,False
JenaWeather-H/tlong,4096,0.9132686212611767,1.267717847392006,0.720403694828455,30855219200.0,cell,False,True
JenaWeather-H/tlong,6144,0.8745783066320814,1.267717847392006,0.6898840372337541,44637440000.0,cell,False,True
JenaWeather-D/tshort,native,0.9880877407016684,1.5734140297468562,0.6279896594417936,2267776000.0,cell,True,True
JenaWeather-D/tshort,32,1.3094737024042253,1.5734140297468562,0.8322499212841672,393420800.0,cell,False,True
JenaWeather-D/tshort,48,1.3166926976172721,1.5734140297468562,0.8368380303746958,590284800.0,cell,False,False
JenaWeather-D/tshort,64,1.3269408680229677,1.5734140297468562,0.8433513639359482,590284800.0,cell,False,False
JenaWeather-D/tshort,96,1.2595490336042234,1.5734140297468562,0.8005197677097554,787251200.0,cell,False,True
JenaWeather-D/tshort,128,1.2521685526325754,1.5734140297468562,0.7958290246299854,984320000.0,cell,False,True
JenaWeather-D/tshort,192,1.1838785795242284,1.5734140297468562,0.7524266068192493,1378764800.0,cell,False,True
JenaWeather-D/tshort,256,1.1551429420739754,1.5734140297468562,0.7341633671970145,1773619200.0,cell,False,True
BizITObsApp/tshort,native,1.0242734484100793,2.242330238675541,0.45678974075427825,55372045653.333336,cell,True,True
BizITObsApp/tshort,32,4.056261560967765,2.242330238675541,1.8089492310301465,590284800.0,cell,False,True
BizITObsApp/tshort,48,3.7246930806156477,2.242330238675541,1.6610814127073816,787251200.0,cell,False,True
BizITObsApp/tshort,64,4.750336070893169,2.242330238675541,2.1184819207089722,787251200.0,cell,False,False
BizITObsApp/tshort,96,4.688500436555496,2.242330238675541,2.0909054142376524,984320000.0,cell,False,False
BizITObsApp/tshort,128,3.8408121866542526,2.242330238675541,1.7128664281505983,1181491200.0,cell,False,False
BizITObsApp/tshort,192,3.898444098750821,2.242330238675541,1.7385682231416024,1576140800.0,cell,False,False
BizITObsApp/tshort,256,4.778271419893051,2.242330238675541,2.1309400985982303,1971200000.0,cell,False,False
BizITObsApp/tshort,384,2.8820433390667586,2.242330238675541,1.285289423189098,2762547200.0,cell,False,True
BizITObsApp/tshort,512,3.07525975444034,2.242330238675541,1.371457112515585,3555532800.0,cell,False,False
BizITObsApp/tshort,768,1.2039713061725408,2.242330238675541,0.5369286313882475,5146419200.0,cell,False,True
BizITObsApp/tshort,1024,1.2510557202765122,2.242330238675541,0.5579266152230383,6743859200.0,cell,False,False
BizITObsApp/tshort,1536,1.2070735526456893,2.242330238675541,0.5383121236230849,9958400000.0,cell,False,False
BizITObsApp/tshort,2048,1.2013794551192842,2.242330238675541,0.5357727574636345,13199155200.0,cell,False,True
BizITObsApp/tshort,2560,1.0936900234456668,2.242330238675541,0.48774707872274325,16466124800.0,cell,False,True
BizITObsApp/tshort,3072,1.111556740677594,2.242330238675541,0.4957150028597697,19759308800.0,cell,False,False
BizITObsApp/tshort,4096,1.1129519332129223,2.242330238675541,0.49633720939797904,26424320000.0,cell,False,False
BizITObsApp/tshort,6144,1.068219422605407,2.242330238675541,0.47638809136176274,40068915200.0,cell,False,True
BizITObsApp/tshort,8192,1.0536382580431356,2.242330238675541,0.4698854075417007,54132940800.0,cell,False,True
BizITObsApp/tmedium,native,2.155564371522392,2.6914183385868085,0.8009027584519696,56260940800.0,cell,True,False
BizITObsApp/tmedium,32,6.588334460046411,2.6914183385868085,2.447904276191329,3952640000.0,cell,False,True
BizITObsApp/tmedium,48,6.667989333620934,2.6914183385868085,2.477500148535852,4151347200.0,cell,False,False
BizITObsApp/tmedium,64,6.431320884556071,2.6914183385868085,2.3895656770819897,4151347200.0,cell,False,True
BizITObsApp/tmedium,96,9.323592976335368,2.6914183385868085,3.4641931514931033,4350156800.0,cell,False,False
BizITObsApp/tmedium,128,10.212939306870712,2.6914183385868085,3.7946309425212776,4549068800.0,cell,False,False
BizITObsApp/tmedium,192,8.022611148113889,2.6914183385868085,2.9808116535039835,4947200000.0,cell,False,False
BizITObsApp/tmedium,256,8.463883514563392,2.6914183385868085,3.1447669777740868,5345740800.0,cell,False,False
BizITObsApp/tmedium,384,7.517187874941791,2.6914183385868085,2.7930209760288935,6144051200.0,cell,False,False
BizITObsApp/tmedium,512,5.357515168360077,2.6914183385868085,1.9905917603181542,6944000000.0,cell,False,True
BizITObsApp/tmedium,768,2.0945716649506942,2.6914183385868085,0.7782408386391904,8548812800.0,cell,False,True
BizITObsApp/tmedium,1024,1.6175175376228257,2.6914183385868085,0.6009907543663914,10160179200.0,cell,False,True
BizITObsApp/tmedium,1536,2.1421506978199933,2.6914183385868085,0.795918890463078,13402572800.0,cell,False,False
BizITObsApp/tmedium,2048,2.0431377292606414,2.6914183385868085,0.7591304926358784,16671180800.0,cell,False,False
BizITObsApp/tmedium,2560,2.2322983072026665,2.6914183385868085,0.8294133525057225,19966003200.0,cell,False,False
BizITObsApp/tmedium,3072,2.362248927713631,2.6914183385868085,0.8776966753351263,23287040000.0,cell,False,False
BizITObsApp/tmedium,4096,2.430611064692035,2.6914183385868085,0.9030967166435686,30007756800.0,cell,False,False
BizITObsApp/tmedium,6144,2.250651309911387,2.6914183385868085,0.836232434640073,43763763200.0,cell,False,False
BizITObsApp/tmedium,8192,2.2003195598144694,2.6914183385868085,0.8175316071338795,57939200000.0,cell,False,False
BizITObsApp/tlong,native,3.161856104153754,3.2063450561622804,0.9861247148297333,58388940800.0,cell,True,False
BizITObsApp/tlong,32,7.244496114351125,3.2063450561622804,2.2594249799870774,5944320000.0,cell,False,True
BizITObsApp/tlong,48,7.271045312559506,3.2063450561622804,2.26770518618552,6144051200.0,cell,False,False
BizITObsApp/tlong,64,7.259846303027787,3.2063450561622804,2.2642124212661003,6144051200.0,cell,False,False
BizITObsApp/tlong,96,7.26823505018557,3.2063450561622804,2.2668287170829404,6343884800.0,cell,False,False
BizITObsApp/tlong,128,9.487195603955119,3.2063450561622804,2.9588816667506386,6543820800.0,cell,False,False
BizITObsApp/tlong,192,10.939029739885358,3.2063450561622804,3.411682008105028,6944000000.0,cell,False,False
BizITObsApp/tlong,256,9.783988147852636,3.2063450561622804,3.0514457977779936,7344588800.0,cell,False,False
BizITObsApp/tlong,384,9.97844819320486,3.2063450561622804,3.112094306265404,8146995200.0,cell,False,False
BizITObsApp/tlong,512,3.336362402470448,3.2063450561622804,1.0405500169291784,8951040000.0,cell,False,True
BizITObsApp/tlong,768,3.556057302171737,3.2063450561622804,1.1090688119600054,10564044800.0,cell,False,False
BizITObsApp/tlong,1024,3.2497677796966298,3.2063450561622804,1.0135427481365098,12183603200.0,cell,False,True
BizITObsApp/tlong,1536,3.30284119006706,3.2063450561622804,1.0300953678454923,15442380800.0,cell,False,False
BizITObsApp/tlong,2048,3.2970990968746228,3.2063450561622804,1.028304514680328,18727372800.0,cell,False,False
BizITObsApp/tlong,2560,3.30299188183968,3.2063450561622804,1.0301423658354094,22038579200.0,cell,False,False
BizITObsApp/tlong,3072,3.2795815903161794,3.2063450561622804,1.0228411268503823,25376000000.0,cell,False,False
BizITObsApp/tlong,4096,3.276754593004392,3.2063450561622804,1.0219594384287467,32129484800.0,cell,False,False
BizITObsApp/tlong,6144,3.1528976644868645,3.2063450561622804,0.9833307424063124,45951027200.0,cell,False,True
BizITObsService/tshort,native,0.7261337888259606,1.225305042620374,0.5926147070064189,55372045653.333336,cell,True,True
BizITObsService/tshort,32,2.3641035955061303,1.225305042620374,1.9294000377656004,590284800.0,cell,False,True
BizITObsService/tshort,48,2.224978816225529,1.225305042620374,1.8158570632071378,787251200.0,cell,False,True
BizITObsService/tshort,64,2.642118188999204,1.225305042620374,2.1562942264147598,787251200.0,cell,False,False
BizITObsService/tshort,96,2.638549587644458,1.225305042620374,2.1533818076858577,984320000.0,cell,False,False
BizITObsService/tshort,128,2.0850581445361698,1.225305042620374,1.7016645423062753,1181491200.0,cell,False,True
BizITObsService/tshort,192,2.4059396523868832,1.225305042620374,1.9635434187405816,1576140800.0,cell,False,False
BizITObsService/tshort,256,2.769065655144933,1.225305042620374,2.2598990119416733,1971200000.0,cell,False,False
BizITObsService/tshort,384,1.6952635980739226,1.225305042620374,1.383544129099901,2762547200.0,cell,False,True
BizITObsService/tshort,512,1.515235079837406,1.225305042620374,1.236618659951813,3555532800.0,cell,False,True
BizITObsService/tshort,768,0.8917407402019142,1.225305042620374,0.72777039935695,5146419200.0,cell,False,True
BizITObsService/tshort,1024,0.8842964725118865,1.225305042620374,0.7216949590126356,6743859200.0,cell,False,True
BizITObsService/tshort,1536,0.8475035189577761,1.225305042620374,0.6916673721878667,9958400000.0,cell,False,True
BizITObsService/tshort,2048,0.8022264052735906,1.225305042620374,0.6547156645646302,13199155200.0,cell,False,True
BizITObsService/tshort,2560,0.7779126835487393,1.225305042620374,0.6348726696538647,16466124800.0,cell,False,True
BizITObsService/tshort,3072,0.7699827822942804,1.225305042620374,0.6284008924403307,19759308800.0,cell,False,True
BizITObsService/tshort,4096,0.760903285462458,1.225305042620374,0.620990903485739,26424320000.0,cell,False,True
BizITObsService/tshort,6144,0.7410410672850686,1.225305042620374,0.6047808843586545,40068915200.0,cell,False,True
BizITObsService/tshort,8192,0.731731109400726,1.225305042620374,0.5971828107683975,54132940800.0,cell,False,True
BizITObsService/tmedium,native,0.9608894214959914,1.3205790727650968,0.7276273275208212,56260940800.0,cell,True,True
BizITObsService/tmedium,32,3.7172075545445087,1.3205790727650968,2.8148314865850685,3952640000.0,cell,False,True
BizITObsService/tmedium,48,3.667149916891774,1.3205790727650968,2.776925662780121,4151347200.0,cell,False,False
BizITObsService/tmedium,64,3.6372055568353217,1.3205790727650968,2.7542504889310053,4151347200.0,cell,False,True
BizITObsService/tmedium,96,4.765012624321405,1.3205790727650968,3.60827512914026,4350156800.0,cell,False,False
BizITObsService/tmedium,128,4.950219103736161,1.3205790727650968,3.7485215431826706,4549068800.0,cell,False,False
BizITObsService/tmedium,192,4.292081760072439,1.3205790727650968,3.2501512772616157,4947200000.0,cell,False,False
BizITObsService/tmedium,256,4.778111899342917,1.3205790727650968,3.6181944708076124,5345740800.0,cell,False,False
BizITObsService/tmedium,384,4.23497153633017,1.3205790727650968,3.206904928050062,6144051200.0,cell,False,False
BizITObsService/tmedium,512,2.963375719834649,1.3205790727650968,2.2439971834702632,6944000000.0,cell,False,True
BizITObsService/tmedium,768,1.171899758031606,1.3205790727650968,0.8874135462239467,8548812800.0,cell,False,True
BizITObsService/tmedium,1024,1.0920149805493693,1.3205790727650968,0.8269213128319925,10160179200.0,cell,False,True
BizITObsService/tmedium,1536,1.0157118422257256,1.3205790727650968,0.7691412526316774,13402572800.0,cell,False,True
BizITObsService/tmedium,2048,1.0302400486970873,1.3205790727650968,0.7801426434389251,16671180800.0,cell,False,False
BizITObsService/tmedium,2560,1.0281249882984405,1.3205790727650968,0.7785410275703515,19966003200.0,cell,False,False
BizITObsService/tmedium,3072,1.0408865671890328,1.3205790727650968,0.7882046510168987,23287040000.0,cell,False,False
BizITObsService/tmedium,4096,1.0392004544399231,1.3205790727650968,0.7869278529940592,30007756800.0,cell,False,False
BizITObsService/tmedium,6144,0.9796633435640946,1.3205790727650968,0.7418437591266873,43763763200.0,cell,False,True
BizITObsService/tmedium,8192,0.9639289005600451,1.3205790727650968,0.7299289534716925,57939200000.0,cell,False,False
BizITObsService/tlong,native,1.3100080908164369,1.367193469742303,0.9581731626200316,58388940800.0,cell,True,True
BizITObsService/tlong,32,3.7873977554386005,1.367193469742303,2.770198833785004,5944320000.0,cell,False,True
BizITObsService/tlong,48,3.775935496512082,1.367193469742303,2.76181504672034,6144051200.0,cell,False,False
BizITObsService/tlong,64,3.7587991810597905,1.367193469742303,2.7492811107182016,6144051200.0,cell,False,True
BizITObsService/tlong,96,3.7393270732630044,1.367193469742303,2.7350387169182544,6343884800.0,cell,False,True
BizITObsService/tlong,128,4.325974504504971,1.367193469742303,3.1641275358931877,6543820800.0,cell,False,False
BizITObsService/tlong,192,5.258315344777371,1.367193469742303,3.846065287137811,6944000000.0,cell,False,False
BizITObsService/tlong,256,5.055823806662603,1.367193469742303,3.6979578373904576,7344588800.0,cell,False,False
BizITObsService/tlong,384,4.640581717043286,1.367193469742303,3.3942392351522654,8146995200.0,cell,False,False
BizITObsService/tlong,512,1.6296460053302162,1.367193469742303,1.1919644449716265,8951040000.0,cell,False,True
BizITObsService/tlong,768,1.5307025408226895,1.367193469742303,1.1195946840729174,10564044800.0,cell,False,True
BizITObsService/tlong,1024,1.4759200290790075,1.367193469742303,1.0795253647292493,12183603200.0,cell,False,True
BizITObsService/tlong,1536,1.4345576143866166,1.367193469742303,1.0492718449401393,15442380800.0,cell,False,True
BizITObsService/tlong,2048,1.3725877317175388,1.367193469742303,1.0039455001026685,18727372800.0,cell,False,True
BizITObsService/tlong,2560,1.3516930091780948,1.367193469742303,0.9886625697772461,22038579200.0,cell,False,True
BizITObsService/tlong,3072,1.3305423123003117,1.367193469742303,0.9731924133247217,25376000000.0,cell,False,True
BizITObsService/tlong,4096,1.335090831026744,1.367193469742303,0.9765193153521938,32129484800.0,cell,False,False
BizITObsService/tlong,6144,1.3147224971608271,1.367193469742303,0.961621399061125,45951027200.0,cell,False,True
BizITObsL2C-5T/tshort,native,0.2740234467992336,0.9860210805885202,0.27790830459291904,106660044800.0,cell,True,False
BizITObsL2C-5T/tshort,32,0.30570052508799217,0.9860210805885202,0.31003447198667455,590284800.0,cell,False,True
BizITObsL2C-5T/tshort,48,0.32018277282505453,0.9860210805885202,0.32472203599739374,787251200.0,cell,False,False
BizITObsL2C-5T/tshort,64,0.32513537218717065,0.9860210805885202,0.3297448488556747,787251200.0,cell,False,False
BizITObsL2C-5T/tshort,96,0.32682877730929527,0.9860210805885202,0.3314622615514701,984320000.0,cell,False,False
BizITObsL2C-5T/tshort,128,0.30146880662647474,0.9860210805885202,0.3057427600295715,1181491200.0,cell,False,True
BizITObsL2C-5T/tshort,192,0.29511232694273126,0.9860210805885202,0.2992961638980268,1576140800.0,cell,False,True
BizITObsL2C-5T/tshort,256,0.2784265375414168,0.9860210805885202,0.2823738183926393,1971200000.0,cell,False,True
BizITObsL2C-5T/tshort,384,0.2895851508013434,0.9860210805885202,0.2936906284280459,2762547200.0,cell,False,False
BizITObsL2C-5T/tshort,512,0.288593223718574,0.9860210805885202,0.2926846386958818,3555532800.0,cell,False,False
BizITObsL2C-5T/tshort,768,0.28494738920497725,0.9860210805885202,0.2889871168219877,5146419200.0,cell,False,False
BizITObsL2C-5T/tshort,1024,0.2836264210658763,0.9860210805885202,0.2876474211855491,6743859200.0,cell,False,False
BizITObsL2C-5T/tshort,1536,0.2853552687585032,0.9860210805885202,0.2894007789247112,9958400000.0,cell,False,False
BizITObsL2C-5T/tshort,2048,0.2843769658046277,0.9860210805885202,0.28840860647207806,13199155200.0,cell,False,False
BizITObsL2C-5T/tshort,2560,0.2822496744007709,0.9860210805885202,0.28625115624536784,16466124800.0,cell,False,False
BizITObsL2C-5T/tshort,3072,0.2798996459273341,0.9860210805885202,0.28386781118337967,19759308800.0,cell,False,False
BizITObsL2C-5T/tshort,4096,0.2756900587716161,0.9860210805885202,0.27959854428981046,26424320000.0,cell,False,True
BizITObsL2C-5T/tshort,6144,0.2707071093461379,0.9860210805885202,0.2745449510922856,40068915200.0,cell,False,True
BizITObsL2C-5T/tshort,8192,0.272148612517255,0.9860210805885202,0.27600689059793665,54132940800.0,cell,False,False
BizITObsL2C-5T/tshort,12288,0.2721759951684413,0.9860210805885202,0.2760346614557057,83519283200.0,cell,False,False
BizITObsL2C-5T/tshort,15360,0.27402344788067,0.9860210805885202,0.27790830568968705,106660044800.0,cell,False,False
BizITObsL2C-5T/tmedium,native,0.5705058141268069,1.2435997989335994,0.4587535432347464,109866240000.0,cell,True,False
BizITObsL2C-5T/tmedium,32,0.8785874634368165,1.2435997989335994,0.7064872993628778,3158835200.0,cell,False,True
BizITObsL2C-5T/tmedium,48,1.005178344627823,1.2435997989335994,0.8082812054889158,3357132800.0,cell,False,False
BizITObsL2C-5T/tmedium,64,1.0095216526129593,1.2435997989335994,0.8117737341857367,3357132800.0,cell,False,False
BizITObsL2C-5T/tmedium,96,1.0025197290482135,1.2435997989335994,0.8061433669480208,3555532800.0,cell,False,False
BizITObsL2C-5T/tmedium,128,0.9790561192689571,1.2435997989335994,0.7872758745285329,3754035200.0,cell,False,False
BizITObsL2C-5T/tmedium,192,0.9239128668599096,1.2435997989335994,0.7429342362809764,4151347200.0,cell,False,False
BizITObsL2C-5T/tmedium,256,0.9196831957509316,1.2435997989335994,0.7395330849519034,4549068800.0,cell,False,False
BizITObsL2C-5T/tmedium,384,0.9058751968131479,1.2435997989335994,0.728429835377865,5345740800.0,cell,False,False
BizITObsL2C-5T/tmedium,512,0.8731030681433505,1.2435997989335994,0.7020772027239358,6144051200.0,cell,False,True
BizITObsL2C-5T/tmedium,768,0.8591235817124849,1.2435997989335994,0.6908360571055037,7745587200.0,cell,False,True
BizITObsL2C-5T/tmedium,1024,0.8894264472683195,1.2435997989335994,0.7152031127948175,9353676800.0,cell,False,False
BizITObsL2C-5T/tmedium,1536,0.9139211457249264,1.2435997989335994,0.7348997213642395,12589516800.0,cell,False,False
BizITObsL2C-5T/tmedium,2048,0.9196094251149821,1.2435997989335994,0.7394737647139838,15851571200.0,cell,False,False
BizITObsL2C-5T/tmedium,2560,0.8647077790526914,1.2435997989335994,0.6953264062877687,19139840000.0,cell,False,False
BizITObsL2C-5T/tmedium,3072,0.8481298575276701,1.2435997989335994,0.6819958142924684,22454323200.0,cell,False,True
BizITObsL2C-5T/tmedium,4096,0.77305032634087,1.2435997989335994,0.6216230711871852,29161932800.0,cell,False,True
BizITObsL2C-5T/tmedium,6144,0.7033674012019601,1.2435997989335994,0.5655898318776711,42891724800.0,cell,False,True
BizITObsL2C-5T/tmedium,8192,0.643606137083703,1.2435997989335994,0.5175347709412645,57040947200.0,cell,False,True
BizITObsL2C-5T/tmedium,12288,0.6067782884709844,1.2435997989335994,0.48792086408449364,86597683200.0,cell,False,True
BizITObsL2C-5T/tmedium,15360,0.5705058107582798,1.2435997989335994,0.45875354052605577,109866240000.0,cell,False,True
BizITObsL2C-5T/tlong,native,0.6113582552876262,1.4542830442631411,0.42038464087119326,111847884800.0,cell,True,True
BizITObsL2C-5T/tlong,32,1.2503437806803501,1.4542830442631411,0.85976645716438,4748083200.0,cell,False,True
BizITObsL2C-5T/tlong,48,1.2776605746789529,1.4542830442631411,0.8785501417479019,4947200000.0,cell,False,False
BizITObsL2C-5T/tlong,64,1.2787885878141632,1.4542830442631411,0.879325790710915,4947200000.0,cell,False,False
BizITObsL2C-5T/tlong,96,1.253628724801866,1.4542830442631411,0.8620252637525985,5146419200.0,cell,False,False
BizITObsL2C-5T/tlong,128,1.2784391152923822,1.4542830442631411,0.8790854849993415,5345740800.0,cell,False,False
BizITObsL2C-5T/tlong,192,1.282528297991478,1.4542830442631411,0.8818973053772431,5744691200.0,cell,False,False
BizITObsL2C-5T/tlong,256,1.32231212376027,1.4542830442631411,0.9092536208659859,6144051200.0,cell,False,False
BizITObsL2C-5T/tlong,384,1.258486060314925,1.4542830442631411,0.8653652844811769,6944000000.0,cell,False,False
BizITObsL2C-5T/tlong,512,1.156130835596341,1.4542830442631411,0.7949833700922585,7745587200.0,cell,False,True
BizITObsL2C-5T/tlong,768,1.189524271213066,1.4542830442631411,0.8179454996092431,9353676800.0,cell,False,False
BizITObsL2C-5T/tlong,1024,1.2038494027035989,1.4542830442631411,0.8277958045736328,10968320000.0,cell,False,False
BizITObsL2C-5T/tlong,1536,1.443728936667437,1.4542830442631411,0.9927427417672661,14217267200.0,cell,False,False
BizITObsL2C-5T/tlong,2048,1.3074563110089776,1.4542830442631411,0.8990384067026251,17492428800.0,cell,False,False
BizITObsL2C-5T/tlong,2560,1.3250971459267777,1.4542830442631411,0.911168669093698,20793804800.0,cell,False,False
BizITObsL2C-5T/tlong,3072,1.1850655060348962,1.4542830442631411,0.8148795454294439,24121395200.0,cell,False,False
BizITObsL2C-5T/tlong,4096,1.0333873473242523,1.4542830442631411,0.7105819953005441,30855219200.0,cell,False,True
BizITObsL2C-5T/tlong,6144,0.7859791863543973,1.4542830442631411,0.5404581930972308,44637440000.0,cell,False,True
BizITObsL2C-5T/tlong,8192,0.7151162690684676,1.4542830442631411,0.49173114675953883,58839091200.0,cell,False,True
BizITObsL2C-5T/tlong,12288,0.6457057955067774,1.4542830442631411,0.44400283566115895,88500684800.0,cell,False,True
BizITObsL2C-5T/tlong,15360,0.6113582684526382,1.4542830442631411,0.4203846499237721,111847884800.0,cell,False,False
BizITObsL2C-H/tshort,native,0.4261489363446321,1.214064126760004,0.3510102365695491,16159052800.0,cell,True,False
BizITObsL2C-H/tshort,32,1.0417127161377977,1.214064126760004,0.8580376383559213,590284800.0,cell,False,True
BizITObsL2C-H/tshort,48,1.1697332903632132,1.214064126760004,0.9634855890890233,787251200.0,cell,False,False
BizITObsL2C-H/tshort,64,1.1594176695783955,1.214064126760004,0.9549888214492882,787251200.0,cell,False,False
BizITObsL2C-H/tshort,96,1.225641686124318,1.214064126760004,1.0095362008555604,984320000.0,cell,False,False
BizITObsL2C-H/tshort,128,1.0447790576170037,1.214064126760004,0.8605633216469589,1181491200.0,cell,False,False
BizITObsL2C-H/tshort,192,0.9674520026968692,1.214064126760004,0.7968705947013908,1576140800.0,cell,False,True
BizITObsL2C-H/tshort,256,0.8060961337762814,1.214064126760004,0.6639650377674245,1971200000.0,cell,False,True
BizITObsL2C-H/tshort,384,0.6798886682880191,1.214064126760004,0.5600105079312827,2762547200.0,cell,False,True
BizITObsL2C-H/tshort,512,0.5563521320381688,1.214064126760004,0.4582559683423941,3555532800.0,cell,False,True
BizITObsL2C-H/tshort,768,0.5081471414598802,1.214064126760004,0.41855049519993814,5146419200.0,cell,False,True
BizITObsL2C-H/tshort,1024,0.4927962912907777,1.214064126760004,0.4059063112307852,6743859200.0,cell,False,True
BizITObsL2C-H/tshort,1536,0.43151418960227655,1.214064126760004,0.35542948687057135,9958400000.0,cell,False,True
BizITObsL2C-H/tshort,2048,0.41684903231491055,1.214064126760004,0.3433500942222578,13199155200.0,cell,False,True
BizITObsL2C-H/tshort,2560,0.42967671004152247,1.214064126760004,0.35391599222045117,16466124800.0,cell,False,False
BizITObsL2C-H/tmedium,native,0.5055443533820593,1.5102861226255864,0.334734157858238,16876339200.0,cell,True,False
BizITObsL2C-H/tmedium,32,1.422590891736259,1.5102861226255864,0.9419346906684994,3158835200.0,cell,False,True
BizITObsL2C-H/tmedium,48,1.3119018911067195,1.5102861226255864,0.8686446041270763,3357132800.0,cell,False,False
BizITObsL2C-H/tmedium,64,1.2776133318716507,1.5102861226255864,0.8459412509535338,3357132800.0,cell,False,True
BizITObsL2C-H/tmedium,96,1.2683937444974165,1.5102861226255864,0.8398367206687648,3555532800.0,cell,False,True
BizITObsL2C-H/tmedium,128,1.2902319612223034,1.5102861226255864,0.8542963759603872,3754035200.0,cell,False,False
BizITObsL2C-H/tmedium,192,1.185258063184256,1.5102861226255864,0.7847904085377683,4151347200.0,cell,False,True
BizITObsL2C-H/tmedium,256,1.1276470518772703,1.5102861226255864,0.746644648973461,4549068800.0,cell,False,True
BizITObsL2C-H/tmedium,384,0.8186642843351722,1.5102861226255864,0.5420590655444475,5345740800.0,cell,False,True
BizITObsL2C-H/tmedium,512,0.7496291401017278,1.5102861226255864,0.49634908834262503,6144051200.0,cell,False,True
BizITObsL2C-H/tmedium,768,0.5486024490522264,1.5102861226255864,0.3632440508017764,7745587200.0,cell,False,True
BizITObsL2C-H/tmedium,1024,0.5562433181218538,1.5102861226255864,0.36830327034644383,9353676800.0,cell,False,False
BizITObsL2C-H/tmedium,1536,0.5146814079757842,1.5102861226255864,0.34078404102728976,12589516800.0,cell,False,True
BizITObsL2C-H/tmedium,2048,0.5022170860347573,1.5102861226255864,0.33253108699805056,15851571200.0,cell,False,True
BizITObsL2C-H/tlong,native,0.5939174820088805,1.4260541525613812,0.4164761071254737,16876339200.0,cell,True,True
BizITObsL2C-H/tlong,32,1.3271976004367385,1.4260541525613812,0.9306782621493838,4748083200.0,cell,False,True
BizITObsL2C-H/tlong,48,1.2892697556199941,1.4260541525613812,0.9040819055183112,4947200000.0,cell,False,False
BizITObsL2C-H/tlong,64,1.2112766127240655,1.4260541525613812,0.8493903338442323,4947200000.0,cell,False,True
BizITObsL2C-H/tlong,96,1.357025281636977,1.4260541525613812,0.9515944953419762,5146419200.0,cell,False,False
BizITObsL2C-H/tlong,128,1.2592445245375694,1.4260541525613812,0.8830271433071459,5345740800.0,cell,False,False
BizITObsL2C-H/tlong,192,1.352203683964775,1.4260541525613812,0.9482134192001328,5744691200.0,cell,False,False
BizITObsL2C-H/tlong,256,1.0640297644355596,1.4260541525613812,0.7461355955693701,6144051200.0,cell,False,True
BizITObsL2C-H/tlong,384,0.9070675545851414,1.4260541525613812,0.6360680994869153,6944000000.0,cell,False,True
BizITObsL2C-H/tlong,512,0.7867999555193602,1.4260541525613812,0.5517321723765986,7745587200.0,cell,False,True
BizITObsL2C-H/tlong,768,0.6866845227800189,1.4260541525613812,0.481527662569225,9353676800.0,cell,False,True
BizITObsL2C-H/tlong,1024,0.6630860220597692,1.4260541525613812,0.46497955275315406,10968320000.0,cell,False,True
BizITObsL2C-H/tlong,1536,0.605175790525061,1.4260541525613812,0.4243708343319821,14217267200.0,cell,False,True
BitbrainsFS-5T/tshort,native,0.711136317453814,1.1360241737534569,0.6259869586262403,54136064000.0,cell,True,False
BitbrainsFS-5T/tshort,32,0.9181414254925541,1.1360241737534569,0.8082058874319444,590284800.0,cell,False,True
BitbrainsFS-5T/tshort,48,0.7753976482936352,1.1360241737534569,0.6825538278219018,787251200.0,cell,False,False
BitbrainsFS-5T/tshort,64,0.7744909257199212,1.1360241737534569,0.6817556735267178,787251200.0,cell,False,True
BitbrainsFS-5T/tshort,96,0.7805996592191332,1.1360241737534569,0.6871329653488,984320000.0,cell,False,False
BitbrainsFS-5T/tshort,128,0.7737564508915314,1.1360241737534569,0.6811091425414105,1181491200.0,cell,False,True
BitbrainsFS-5T/tshort,192,0.7660275003274581,1.1360241737534569,0.6743056336525666,1576140800.0,cell,False,True
BitbrainsFS-5T/tshort,256,0.7631012993428403,1.1360241737534569,0.6717298073169794,1971200000.0,cell,False,True
BitbrainsFS-5T/tshort,384,0.7403581515874526,1.1360241737534569,0.6517098567905362,2762547200.0,cell,False,True
BitbrainsFS-5T/tshort,512,0.731331685536263,1.1360241737534569,0.6437641930804359,3555532800.0,cell,False,True
BitbrainsFS-5T/tshort,768,0.6931784999635205,1.1360241737534569,0.610179357075861,5146419200.0,cell,False,True
BitbrainsFS-5T/tshort,1024,0.6852009481113155,1.1360241737534569,0.6031570136816646,6743859200.0,cell,False,True
BitbrainsFS-5T/tshort,1536,0.6823074281364638,1.1360241737534569,0.6006099552284176,9958400000.0,cell,False,True
BitbrainsFS-5T/tshort,2048,0.6810222227326105,1.1360241737534569,0.5994786365174724,13199155200.0,cell,False,True
BitbrainsFS-5T/tshort,2560,0.6843769430622876,1.1360241737534569,0.6024316725594723,16466124800.0,cell,False,False
BitbrainsFS-5T/tshort,3072,0.6871139519969205,1.1360241737534569,0.6048409601414343,19759308800.0,cell,False,False
BitbrainsFS-5T/tshort,4096,0.6893674633083087,1.1360241737534569,0.6068246426751805,26424320000.0,cell,False,False
BitbrainsFS-5T/tshort,6144,0.6996053879291545,1.1360241737534569,0.6158367084897832,40068915200.0,cell,False,False
BitbrainsFS-5T/tshort,8192,0.7046920721170138,1.1360241737534569,0.6203143281614252,54132940800.0,cell,False,False
BitbrainsFS-5T/tmedium,native,0.9944741929118084,1.2202713595882653,0.8149615125338648,55140480000.0,cell,True,False
BitbrainsFS-5T/tmedium,32,1.1196913227939824,1.2202713595882653,0.9175756801927895,3158835200.0,cell,False,True
BitbrainsFS-5T/tmedium,48,1.1250764081942233,1.2202713595882653,0.9219887030486711,3357132800.0,cell,False,False
BitbrainsFS-5T/tmedium,64,1.1149206509416543,1.2202713595882653,0.9136661630064336,3357132800.0,cell,False,True
BitbrainsFS-5T/tmedium,96,1.103209574361582,1.2202713595882653,0.9040690545534221,3555532800.0,cell,False,True
BitbrainsFS-5T/tmedium,128,1.0826507595141588,1.2202713595882653,0.887221314347211,3754035200.0,cell,False,True
BitbrainsFS-5T/tmedium,192,1.0510296986050045,1.2202713595882653,0.8613081757156335,4151347200.0,cell,False,True
BitbrainsFS-5T/tmedium,256,1.0425569691802365,1.2202713595882653,0.8543648599046103,4549068800.0,cell,False,True
BitbrainsFS-5T/tmedium,384,1.025890005296093,1.2202713595882653,0.840706452081479,5345740800.0,cell,False,True
BitbrainsFS-5T/tmedium,512,1.015001420326201,1.2202713595882653,0.8317833671591498,6144051200.0,cell,False,True
BitbrainsFS-5T/tmedium,768,0.9997859007169078,1.2202713595882653,0.8193144031949156,7745587200.0,cell,False,True
BitbrainsFS-5T/tmedium,1024,0.9909203222071001,1.2202713595882653,0.8120491515440049,9353676800.0,cell,False,True
BitbrainsFS-5T/tmedium,1536,0.9848206583324028,1.2202713595882653,0.8070505388774294,12589516800.0,cell,False,True
BitbrainsFS-5T/tmedium,2048,0.9792518099267835,1.2202713595882653,0.8024869241028448,15851571200.0,cell,False,True
BitbrainsFS-5T/tmedium,2560,0.9920750097886527,1.2202713595882653,0.8129954063032269,19139840000.0,cell,False,False
BitbrainsFS-5T/tmedium,3072,0.9898867004188115,1.2202713595882653,0.8112021089741971,22454323200.0,cell,False,False
BitbrainsFS-5T/tmedium,4096,0.9881679119873958,1.2202713595882653,0.809793579291098,29161932800.0,cell,False,False
BitbrainsFS-5T/tmedium,6144,0.9927172664971705,1.2202713595882653,0.8135217291604104,42891724800.0,cell,False,False
BitbrainsFS-5T/tlong,native,0.9039188674036446,1.1366422318753115,0.7952536357128807,54474368000.0,cell,True,False
BitbrainsFS-5T/tlong,32,1.056207257772572,1.1366422318753115,0.9292345719285546,4748083200.0,cell,False,True
BitbrainsFS-5T/tlong,48,1.035443298239135,1.1366422318753115,0.9109667661483848,4947200000.0,cell,False,False
BitbrainsFS-5T/tlong,64,1.0262759592630328,1.1366422318753115,0.9029014851663669,4947200000.0,cell,False,True
BitbrainsFS-5T/tlong,96,0.9964998327317817,1.1366422318753115,0.8767049162757984,5146419200.0,cell,False,True
BitbrainsFS-5T/tlong,128,0.9945535280184016,1.1366422318753115,0.8749925879293767,5345740800.0,cell,False,True
BitbrainsFS-5T/tlong,192,0.9859909151214366,1.1366422318753115,0.867459335462734,5744691200.0,cell,False,True
BitbrainsFS-5T/tlong,256,0.976220771091312,1.1366422318753115,0.8588637160530934,6144051200.0,cell,False,True
BitbrainsFS-5T/tlong,384,0.9471339407041657,1.1366422318753115,0.8332735790940287,6944000000.0,cell,False,True
BitbrainsFS-5T/tlong,512,0.935454421794537,1.1366422318753115,0.8229981216263266,7745587200.0,cell,False,True
BitbrainsFS-5T/tlong,768,0.9054165805537151,1.1366422318753115,0.79657130024097,9353676800.0,cell,False,True
BitbrainsFS-5T/tlong,1024,0.8980090682088377,1.1366422318753115,0.7900542871148117,10968320000.0,cell,False,True
BitbrainsFS-5T/tlong,1536,0.9079134683533443,1.1366422318753115,0.7987680229472077,14217267200.0,cell,False,False
BitbrainsFS-5T/tlong,2048,0.9054453457876324,1.1366422318753115,0.7965966074424012,17492428800.0,cell,False,False
BitbrainsFS-5T/tlong,2560,0.9054402097197535,1.1366422318753115,0.7965920888104739,20793804800.0,cell,False,False
BitbrainsFS-5T/tlong,3072,0.8929016657734722,1.1366422318753115,0.7855608745949029,24121395200.0,cell,False,True
BitbrainsFS-5T/tlong,4096,0.8846601743146256,1.1366422318753115,0.7783101397306448,30855219200.0,cell,False,True
BitbrainsFS-5T/tlong,6144,0.897019584932222,1.1366422318753115,0.7891837552545066,44637440000.0,cell,False,False
BitbrainsFS-H/tshort,native,1.059527139956821,1.298512456963805,0.8159545441976106,4549120000.0,cell,True,False
BitbrainsFS-H/tshort,32,1.179847831813049,1.298512456963805,0.9086149505040415,590284800.0,cell,False,True
BitbrainsFS-H/tshort,48,1.071383486421539,1.298512456963805,0.8250852586556303,787251200.0,cell,False,True
BitbrainsFS-H/tshort,64,1.1021498228644877,1.298512456963805,0.8487787829479477,787251200.0,cell,False,False
BitbrainsFS-H/tshort,96,1.0810851708894282,1.298512456963805,0.8325566420958583,984320000.0,cell,False,False
BitbrainsFS-H/tshort,128,1.0528700793053856,1.298512456963805,0.8108278620346987,1181491200.0,cell,False,True
BitbrainsFS-H/tshort,192,1.0374028968577145,1.298512456963805,0.7989163995264092,1576140800.0,cell,False,True
BitbrainsFS-H/tshort,256,1.0438961468240298,1.298512456963805,0.8039169291181684,1971200000.0,cell,False,False
BitbrainsFS-H/tshort,384,1.0471959940498266,1.298512456963805,0.806458181000736,2762547200.0,cell,False,False
BitbrainsFS-H/tshort,512,1.0642378240091526,1.298512456963805,0.8195822984228925,3555532800.0,cell,False,False
BitbrainsRnD-5T/tshort,native,1.6570822522926614,1.970812637671696,0.8408116634822915,54136064000.0,cell,True,False
BitbrainsRnD-5T/tshort,32,1.856574485733799,1.970812637671696,0.9420350013216593,590284800.0,cell,False,True
BitbrainsRnD-5T/tshort,48,1.8935431644110987,1.970812637671696,0.9607930902290728,787251200.0,cell,False,False
BitbrainsRnD-5T/tshort,64,1.8229244469027335,1.970812637671696,0.9249608065515165,787251200.0,cell,False,True
BitbrainsRnD-5T/tshort,96,1.82243902812819,1.970812637671696,0.9247145026841347,984320000.0,cell,False,True
BitbrainsRnD-5T/tshort,128,1.823146609905675,1.970812637671696,0.9250735331490098,1181491200.0,cell,False,False
BitbrainsRnD-5T/tshort,192,1.8330650199340137,1.970812637671696,0.9301061830512635,1576140800.0,cell,False,False
BitbrainsRnD-5T/tshort,256,1.7820077975921227,1.970812637671696,0.9041994979783436,1971200000.0,cell,False,True
BitbrainsRnD-5T/tshort,384,1.749454465156251,1.970812637671696,0.8876817774129173,2762547200.0,cell,False,True
BitbrainsRnD-5T/tshort,512,1.727826141451219,1.970812637671696,0.8767074598691739,3555532800.0,cell,False,True
BitbrainsRnD-5T/tshort,768,1.6581054425978234,1.970812637671696,0.8413308352622995,5146419200.0,cell,False,True
BitbrainsRnD-5T/tshort,1024,1.644310470752995,1.970812637671696,0.8343311988782312,6743859200.0,cell,False,True
BitbrainsRnD-5T/tshort,1536,1.643271933859645,1.970812637671696,0.8338042401640954,9958400000.0,cell,False,True
BitbrainsRnD-5T/tshort,2048,1.6393790243194286,1.970812637671696,0.8318289587670695,13199155200.0,cell,False,True
BitbrainsRnD-5T/tshort,2560,1.6420112284799324,1.970812637671696,0.8331645520701516,16466124800.0,cell,False,False
BitbrainsRnD-5T/tshort,3072,1.6441662334106277,1.970812637671696,0.8342580121431706,19759308800.0,cell,False,False
BitbrainsRnD-5T/tshort,4096,1.6488065449197913,1.970812637671696,0.8366125289655538,26424320000.0,cell,False,False
BitbrainsRnD-5T/tshort,6144,1.652369580944423,1.970812637671696,0.838420430922607,40068915200.0,cell,False,False
BitbrainsRnD-5T/tshort,8192,1.6580270646077317,1.970812637671696,0.8412910658856507,54132940800.0,cell,False,False
BitbrainsRnD-5T/tmedium,native,4.39347513657004,4.542392314855541,0.9672161345909117,55140480000.0,cell,True,False
BitbrainsRnD-5T/tmedium,32,4.646977534884155,4.542392314855541,1.0230242596366184,3158835200.0,cell,False,True
BitbrainsRnD-5T/tmedium,48,4.6359063785803185,4.542392314855541,1.0205869632657987,3357132800.0,cell,False,True
BitbrainsRnD-5T/tmedium,64,4.638714040553203,4.542392314855541,1.0212050653094513,3357132800.0,cell,False,False
BitbrainsRnD-5T/tmedium,96,4.711469110141059,4.542392314855541,1.0372219710597355,3555532800.0,cell,False,False
BitbrainsRnD-5T/tmedium,128,4.605426847676581,4.542392314855541,1.013876945990528,3754035200.0,cell,False,True
BitbrainsRnD-5T/tmedium,192,4.660153346042764,4.542392314855541,1.0259248922208006,4151347200.0,cell,False,False
BitbrainsRnD-5T/tmedium,256,4.584696133659794,4.542392314855541,1.0093131142957206,4549068800.0,cell,False,True
BitbrainsRnD-5T/tmedium,384,4.5330693669215085,4.542392314855541,0.9979475687506025,5345740800.0,cell,False,True
BitbrainsRnD-5T/tmedium,512,4.416982970014232,4.542392314855541,0.9723913444395439,6144051200.0,cell,False,True
BitbrainsRnD-5T/tmedium,768,4.392338392542939,4.542392314855541,0.9669658823123087,7745587200.0,cell,False,True
BitbrainsRnD-5T/tmedium,1024,4.399418859789074,4.542392314855541,0.9685246352238482,9353676800.0,cell,False,False
BitbrainsRnD-5T/tmedium,1536,4.3900629975372825,4.542392314855541,0.9664649579429594,12589516800.0,cell,False,True
BitbrainsRnD-5T/tmedium,2048,4.378223020258009,4.542392314855541,0.9638584069322613,15851571200.0,cell,False,True
BitbrainsRnD-5T/tmedium,2560,4.3731585567863105,4.542392314855541,0.9627434738484025,19139840000.0,cell,False,True
BitbrainsRnD-5T/tmedium,3072,4.37187182685656,4.542392314855541,0.9624602024265259,22454323200.0,cell,False,True
BitbrainsRnD-5T/tmedium,4096,4.386532949069435,4.542392314855541,0.9656878237319176,29161932800.0,cell,False,False
BitbrainsRnD-5T/tmedium,6144,4.3923769555887615,4.542392314855541,0.9669743719017474,42891724800.0,cell,False,False
BitbrainsRnD-5T/tlong,native,3.314149821447244,3.501257904408163,0.9465597542170928,54474368000.0,cell,True,False
BitbrainsRnD-5T/tlong,32,3.732995103723866,3.501257904408163,1.0661868407419917,4748083200.0,cell,False,True
BitbrainsRnD-5T/tlong,48,3.6403370414140386,3.501257904408163,1.0397226199277614,4947200000.0,cell,False,False
BitbrainsRnD-5T/tlong,64,3.612180562476212,3.501257904408163,1.0316808018993389,4947200000.0,cell,False,True
BitbrainsRnD-5T/tlong,96,3.5993151093787805,3.501257904408163,1.0280062787854507,5146419200.0,cell,False,True
BitbrainsRnD-5T/tlong,128,3.5991362685082806,3.501257904408163,1.0279551997517482,5345740800.0,cell,False,True
BitbrainsRnD-5T/tlong,192,3.5396113279651713,3.501257904408163,1.0109541840687373,5744691200.0,cell,False,True
BitbrainsRnD-5T/tlong,256,3.6102338619457206,3.501257904408163,1.0311248015749868,6144051200.0,cell,False,False
BitbrainsRnD-5T/tlong,384,3.4541561289589287,3.501257904408163,0.9865471848303629,6944000000.0,cell,False,True
BitbrainsRnD-5T/tlong,512,3.3791804477700706,3.501257904408163,0.965133257825882,7745587200.0,cell,False,True
BitbrainsRnD-5T/tlong,768,3.3388144274455325,3.501257904408163,0.9536042527006907,9353676800.0,cell,False,True
BitbrainsRnD-5T/tlong,1024,3.3319759271698737,3.501257904408163,0.9516510974455326,10968320000.0,cell,False,True
BitbrainsRnD-5T/tlong,1536,3.327587658393499,3.501257904408163,0.9503977568187681,14217267200.0,cell,False,True
BitbrainsRnD-5T/tlong,2048,3.310404542671291,3.501257904408163,0.9454900590166229,17492428800.0,cell,False,True
BitbrainsRnD-5T/tlong,2560,3.306372155255524,3.501257904408163,0.944338362247673,20793804800.0,cell,False,True
BitbrainsRnD-5T/tlong,3072,3.3057763749394993,3.501257904408163,0.9441682004565993,24121395200.0,cell,False,True
BitbrainsRnD-5T/tlong,4096,3.3082975753278765,3.501257904408163,0.9448882846255499,30855219200.0,cell,False,False
BitbrainsRnD-5T/tlong,6144,3.3119670604686804,3.501257904408163,0.9459363322818461,44637440000.0,cell,False,False
BitbrainsRnD-H/tshort,native,5.851207905273828,6.0373618687533925,0.9691663399467553,4449612800.0,cell,True,True
BitbrainsRnD-H/tshort,32,6.078686848843697,6.0373618687533925,1.0068448738022784,590284800.0,cell,False,True
BitbrainsRnD-H/tshort,48,5.970891514137109,6.0373618687533925,0.9889901655621632,787251200.0,cell,False,True
BitbrainsRnD-H/tshort,64,5.999482214805279,6.0373618687533925,0.9937257936874446,787251200.0,cell,False,False
BitbrainsRnD-H/tshort,96,5.942739018928434,6.0373618687533925,0.9843271197118922,984320000.0,cell,False,True
BitbrainsRnD-H/tshort,128,5.9118041942282025,6.0373618687533925,0.9792032219941927,1181491200.0,cell,False,True
BitbrainsRnD-H/tshort,192,5.880523234639228,6.0373618687533925,0.9740219921343644,1576140800.0,cell,False,True
BitbrainsRnD-H/tshort,256,5.875405966517634,6.0373618687533925,0.9731743921009658,1971200000.0,cell,False,True
BitbrainsRnD-H/tshort,384,5.883241608321951,6.0373618687533925,0.9744722506647983,2762547200.0,cell,False,False
BitbrainsRnD-H/tshort,512,5.865003899109143,6.0373618687533925,0.9714514429661248,3555532800.0,cell,False,True
Restaurant/tshort,native,0.6817608745945928,1.0060757450046092,0.6776436843644108,2313831478.562577,cell,True,True
Restaurant/tshort,32,0.760545904241068,1.0060757450046092,0.7559529270210005,393420800.0,cell,False,True
Restaurant/tshort,48,0.7429221414112717,1.0060757450046092,0.7384355950335212,590284800.0,cell,False,False
Restaurant/tshort,64,0.7312610019533027,1.0060757450046092,0.7268448778177756,590284800.0,cell,False,True
Restaurant/tshort,96,0.7137215833174377,1.0060757450046092,0.7094113806651485,787251200.0,cell,False,True
Restaurant/tshort,128,0.7073499341602953,1.0060757450046092,0.7030782102366008,984320000.0,cell,False,True
Restaurant/tshort,192,0.6955871241409188,1.0060757450046092,0.6913864364533827,1378764800.0,cell,False,True
Restaurant/tshort,256,0.6847448324008781,1.0060757450046092,0.6806096218905875,1773619200.0,cell,False,True
Restaurant/tshort,384,0.6808379596264311,1.0060757450046092,0.6767263429288934,2564556800.0,cell,False,True
ETTm1-15T/tshort,native,0.6939114500808566,0.9341549587802876,0.7428226372494844,106660044800.0,cell,True,False
ETTm1-15T/tshort,32,2.224540645573037,0.9341549587802876,2.381340081390337,590284800.0,cell,False,True
ETTm1-15T/tshort,48,2.1006728728917325,0.9341549587802876,2.2487413390542295,787251200.0,cell,False,False
ETTm1-15T/tshort,64,1.8564813637131699,0.9341549587802876,1.9873376962395513,787251200.0,cell,False,True
ETTm1-15T/tshort,96,1.8250429271775943,0.9341549587802876,1.9536832835106137,984320000.0,cell,False,True
ETTm1-15T/tshort,128,1.7218890211392173,0.9341549587802876,1.8432584497409963,1181491200.0,cell,False,True
ETTm1-15T/tshort,192,1.1544423649781412,0.9341549587802876,1.235814630246656,1576140800.0,cell,False,True
ETTm1-15T/tshort,256,0.8277252436540921,0.9341549587802876,0.8860684577801103,1971200000.0,cell,False,True
ETTm1-15T/tshort,384,0.7225734784408038,0.9341549587802876,0.7735049433171743,2762547200.0,cell,False,True
ETTm1-15T/tshort,512,0.7113616114256052,0.9341549587802876,0.7615027943055823,3555532800.0,cell,False,True
ETTm1-15T/tshort,768,0.7261805638416227,0.9341549587802876,0.7773662784917247,5146419200.0,cell,False,False
ETTm1-15T/tshort,1024,0.7089948975505798,0.9341549587802876,0.7589692597428418,6743859200.0,cell,False,True
ETTm1-15T/tshort,1536,0.7174702242812975,0.9341549587802876,0.7680419801208225,9958400000.0,cell,False,False
ETTm1-15T/tshort,2048,0.7145692161189652,0.9341549587802876,0.7649364908922259,13199155200.0,cell,False,False
ETTm1-15T/tshort,2560,0.7102880293937721,0.9341549587802876,0.7603535395467843,16466124800.0,cell,False,False
ETTm1-15T/tshort,3072,0.7170199068714713,0.9341549587802876,0.7675599215441448,19759308800.0,cell,False,False
ETTm1-15T/tshort,4096,0.7079851492259005,0.9341549587802876,0.7578883380871909,26424320000.0,cell,False,True
ETTm1-15T/tshort,6144,0.696707112327686,0.9341549587802876,0.7458153551284106,40068915200.0,cell,False,True
ETTm1-15T/tshort,8192,0.6988994384267174,0.9341549587802876,0.7481622099820142,54132940800.0,cell,False,False
ETTm1-15T/tshort,12288,0.6913514879297662,0.9341549587802876,0.7400822330723948,83519283200.0,cell,False,True
ETTm1-15T/tshort,15360,0.693911451398713,0.9341549587802876,0.7428226386602315,106660044800.0,cell,False,False
ETTm1-15T/tmedium,native,1.0375319630501243,1.188305978388322,0.8731185249587906,109866240000.0,cell,True,False
ETTm1-15T/tmedium,32,1.8985014975983754,1.188305978388322,1.5976537458586875,3158835200.0,cell,False,True
ETTm1-15T/tmedium,48,1.7285554351951824,1.188305978388322,1.4546383394785163,3357132800.0,cell,False,False
ETTm1-15T/tmedium,64,1.6845089019855648,1.188305978388322,1.4175716798717395,3357132800.0,cell,False,True
ETTm1-15T/tmedium,96,1.6956297287153745,1.188305978388322,1.426930234765903,3555532800.0,cell,False,False
ETTm1-15T/tmedium,128,1.6495314142495336,1.188305978388322,1.3881369312698093,3754035200.0,cell,False,True
ETTm1-15T/tmedium,192,1.3268029013684906,1.188305978388322,1.1165498831942335,4151347200.0,cell,False,True
ETTm1-15T/tmedium,256,1.2048564875357448,1.188305978388322,1.013927817791399,4549068800.0,cell,False,True
ETTm1-15T/tmedium,384,1.0993886275246805,1.188305978388322,0.9251730173197996,5345740800.0,cell,False,True
ETTm1-15T/tmedium,512,1.1070900494774296,1.188305978388322,0.9316540264982558,6144051200.0,cell,False,False
ETTm1-15T/tmedium,768,1.0801479854206792,1.188305978388322,0.9089813609165414,7745587200.0,cell,False,True
ETTm1-15T/tmedium,1024,1.079429811913091,1.188305978388322,0.9083769934214267,9353676800.0,cell,False,True
ETTm1-15T/tmedium,1536,1.0630477229208268,1.188305978388322,0.8945909069334308,12589516800.0,cell,False,True
ETTm1-15T/tmedium,2048,1.0490902673971823,1.188305978388322,0.8828452321851014,15851571200.0,cell,False,True
ETTm1-15T/tmedium,2560,1.0362935531418669,1.188305978388322,0.8720763607933482,19139840000.0,cell,False,True
ETTm1-15T/tmedium,3072,1.054764553896175,1.188305978388322,0.8876203377573957,22454323200.0,cell,False,False
ETTm1-15T/tmedium,4096,1.0137838845926432,1.188305978388322,0.8531337071682665,29161932800.0,cell,False,True
ETTm1-15T/tmedium,6144,1.0194366182206627,1.188305978388322,0.8578906752647211,42891724800.0,cell,False,False
ETTm1-15T/tmedium,8192,1.03007137695104,1.188305978388322,0.8668401873632808,57040947200.0,cell,False,False
ETTm1-15T/tmedium,12288,1.0360302491273596,1.188305978388322,0.8718547814869271,86597683200.0,cell,False,False
ETTm1-15T/tmedium,15360,1.0375319688402698,1.188305978388322,0.8731185298313955,109866240000.0,cell,False,False
ETTm1-15T/tlong,native,1.0596295308722767,1.190885705867336,0.889782726966679,111847884800.0,cell,True,False
ETTm1-15T/tlong,32,2.0176081909080463,1.190885705867336,1.6942080847620877,4748083200.0,cell,False,True
ETTm1-15T/tlong,48,1.84482020099772,1.190885705867336,1.5491160838597149,4947200000.0,cell,False,False
ETTm1-15T/tlong,64,1.7519347231257987,1.190885705867336,1.4711191128537764,4947200000.0,cell,False,True
ETTm1-15T/tlong,96,1.7384422483695885,1.190885705867336,1.459789331423254,5146419200.0,cell,False,True
ETTm1-15T/tlong,128,1.617132608691991,1.190885705867336,1.3579242749531655,5345740800.0,cell,False,True
ETTm1-15T/tlong,192,1.3321659822918581,1.190885705867336,1.1186346227252983,5744691200.0,cell,False,True
ETTm1-15T/tlong,256,1.16683796147232,1.190885705867336,0.9798068410120837,6144051200.0,cell,False,True
ETTm1-15T/tlong,384,1.1287270304708954,1.190885705867336,0.9478046674922764,6944000000.0,cell,False,True
ETTm1-15T/tlong,512,1.1677953546772233,1.190885705867336,0.9806107747566792,7745587200.0,cell,False,False
ETTm1-15T/tlong,768,1.1258741462469635,1.190885705867336,0.9454090688131789,9353676800.0,cell,False,True
ETTm1-15T/tlong,1024,1.1114016998230893,1.190885705867336,0.9332563942512371,10968320000.0,cell,False,True
ETTm1-15T/tlong,1536,1.0652479469539267,1.190885705867336,0.8945005735693956,14217267200.0,cell,False,True
ETTm1-15T/tlong,2048,1.0712422138594626,1.190885705867336,0.8995340262979009,17492428800.0,cell,False,False
ETTm1-15T/tlong,2560,1.0762363286450272,1.190885705867336,0.9037276401442669,20793804800.0,cell,False,False
ETTm1-15T/tlong,3072,1.082040659530651,1.190885705867336,0.9086016014799574,24121395200.0,cell,False,False
ETTm1-15T/tlong,4096,1.0575757064870188,1.190885705867336,0.8880581077398808,30855219200.0,cell,False,True
ETTm1-15T/tlong,6144,1.0535512731006944,1.190885705867336,0.8846787461718508,44637440000.0,cell,False,True
ETTm1-15T/tlong,8192,1.0553633442105572,1.190885705867336,0.886200362478886,58839091200.0,cell,False,False
ETTm1-15T/tlong,12288,1.0528483764749599,1.190885705867336,0.884088516041225,88500684800.0,cell,False,True
ETTm1-15T/tlong,15360,1.0596295276763137,1.190885705867336,0.8897827242829932,111847884800.0,cell,False,False
ETTm1-H/tshort,native,0.8386854665957136,0.9773176243434534,0.8581503553249942,106660044800.0,cell,True,False
ETTm1-H/tshort,32,1.1483419346911192,0.9773176243434534,1.1749935804775415,590284800.0,cell,False,True
ETTm1-H/tshort,48,1.0205286674196674,0.9773176243434534,1.0442139198146996,787251200.0,cell,False,False
ETTm1-H/tshort,64,0.9700760337631759,0.9773176243434534,0.9925903407450138,787251200.0,cell,False,True
ETTm1-H/tshort,96,0.9137742011651128,0.9773176243434534,0.9349818098071975,984320000.0,cell,False,True
ETTm1-H/tshort,128,0.9025335832061074,0.9773176243434534,0.9234803105207637,1181491200.0,cell,False,True
ETTm1-H/tshort,192,0.8840702798927276,0.9773176243434534,0.9045884959729772,1576140800.0,cell,False,True
ETTm1-H/tshort,256,0.8687632817975365,0.9773176243434534,0.8889262407205212,1971200000.0,cell,False,True
ETTm1-H/tshort,384,0.8498716725312336,0.9773176243434534,0.8695961797498168,2762547200.0,cell,False,True
ETTm1-H/tshort,512,0.8548221384678194,0.9773176243434534,0.8746615400925318,3555532800.0,cell,False,False
ETTm1-H/tshort,768,0.8254259637163159,0.9773176243434534,0.844583115208655,5146419200.0,cell,False,True
ETTm1-H/tshort,1024,0.8237622952820663,0.9773176243434534,0.8428808350155937,6743859200.0,cell,False,True
ETTm1-H/tshort,1536,0.8274593707112212,0.9773176243434534,0.846663715153091,9958400000.0,cell,False,False
ETTm1-H/tshort,2048,0.8450457960966898,0.9773176243434534,0.8646583004827917,13199155200.0,cell,False,False
ETTm1-H/tshort,2560,0.8343727588735598,0.9773176243434534,0.8537375548037193,16466124800.0,cell,False,False
ETTm1-H/tshort,3072,0.8321603615081578,0.9773176243434534,0.851473810335908,19759308800.0,cell,False,False
ETTm1-H/tshort,4096,0.8355579762500409,0.9773176243434534,0.8549502796609809,26424320000.0,cell,False,False
ETTm1-H/tshort,6144,0.8363771483243396,0.9773176243434534,0.8557884637414624,40068915200.0,cell,False,False
ETTm1-H/tshort,8192,0.8420312586254532,0.9773176243434534,0.8615737991946237,54132940800.0,cell,False,False
ETTm1-H/tshort,12288,0.8385040088225777,0.9773176243434534,0.8579646861335091,83519283200.0,cell,False,False
ETTm1-H/tshort,15360,0.838685461628678,0.9773176243434534,0.8581503502426795,106660044800.0,cell,False,False
ETTm1-H/tmedium,native,1.347592193800612,1.5678007461285397,0.859543023645255,109866240000.0,cell,True,False
ETTm1-H/tmedium,32,1.685256616570693,1.5678007461285397,1.074917600806221,3158835200.0,cell,False,True
ETTm1-H/tmedium,48,1.5390177298110188,1.5678007461285397,0.9816411515375303,3357132800.0,cell,False,False
ETTm1-H/tmedium,64,1.441374476329453,1.5678007461285397,0.9193607541575175,3357132800.0,cell,False,True
ETTm1-H/tmedium,96,1.4078158533116485,1.5678007461285397,0.8979558510786839,3555532800.0,cell,False,True
ETTm1-H/tmedium,128,1.4004284374020197,1.5678007461285397,0.8932438901181659,3754035200.0,cell,False,True
ETTm1-H/tmedium,192,1.3000527396173696,1.5678007461285397,0.8292206409696286,4151347200.0,cell,False,True
ETTm1-H/tmedium,256,1.3091915002229422,1.5678007461285397,0.8350496728974035,4549068800.0,cell,False,False
ETTm1-H/tmedium,384,1.2899833383593642,1.5678007461285397,0.8227980127862511,5345740800.0,cell,False,True
ETTm1-H/tmedium,512,1.2728973726242947,1.5678007461285397,0.8118999660942459,6144051200.0,cell,False,True
ETTm1-H/tmedium,768,1.2773549242073612,1.5678007461285397,0.8147431536575084,7745587200.0,cell,False,False
ETTm1-H/tmedium,1024,1.2457402508213171,1.5678007461285397,0.7945781719376617,9353676800.0,cell,False,True
ETTm1-H/tmedium,1536,1.381202460894335,1.5678007461285397,0.8809808671829105,12589516800.0,cell,False,False
ETTm1-H/tmedium,2048,1.3232695824317597,1.5678007461285397,0.844029182725793,15851571200.0,cell,False,False
ETTm1-H/tmedium,2560,1.339564265689074,1.5678007461285397,0.854422520844525,19139840000.0,cell,False,False
ETTm1-H/tmedium,3072,1.3107112387320226,1.5678007461285397,0.8360190170649153,22454323200.0,cell,False,False
ETTm1-H/tmedium,4096,1.3192071113847272,1.5678007461285397,0.841437991812621,29161932800.0,cell,False,False
ETTm1-H/tmedium,6144,1.3285898492176313,1.5678007461285397,0.8474226412370287,42891724800.0,cell,False,False
ETTm1-H/tmedium,8192,1.3380312976272482,1.5678007461285397,0.8534447383899552,57040947200.0,cell,False,False
ETTm1-H/tmedium,12288,1.3371064072040346,1.5678007461285397,0.8528548098384493,86597683200.0,cell,False,False
ETTm1-H/tmedium,15360,1.3475921946926754,1.5678007461285397,0.8595430242142454,109866240000.0,cell,False,False
ETTm1-H/tlong,native,1.4465333813537702,1.4787012870437326,0.9782458391212511,111599923200.0,cell,True,False
ETTm1-H/tlong,32,1.64382843160321,1.4787012870437326,1.1116703867145505,4748083200.0,cell,False,True
ETTm1-H/tlong,48,1.6263545061608302,1.4787012870437326,1.0998533107469532,4947200000.0,cell,False,False
ETTm1-H/tlong,64,1.5557431975029357,1.4787012870437326,1.052101064044671,4947200000.0,cell,False,True
ETTm1-H/tlong,96,1.417773856199766,1.4787012870437326,0.9587966607063859,5146419200.0,cell,False,True
ETTm1-H/tlong,128,1.3780343568664883,1.4787012870437326,0.9319220649503182,5345740800.0,cell,False,True
ETTm1-H/tlong,192,1.3877742115432035,1.4787012870437326,0.9385088277820374,5744691200.0,cell,False,False
ETTm1-H/tlong,256,1.354805766038708,1.4787012870437326,0.9162132865572056,6144051200.0,cell,False,True
ETTm1-H/tlong,384,1.3518755552476178,1.4787012870437326,0.9142316755200309,6944000000.0,cell,False,True
ETTm1-H/tlong,512,1.370057478385731,1.4787012870437326,0.9265275484576024,7745587200.0,cell,False,False
ETTm1-H/tlong,768,1.3804946474707063,1.4787012870437326,0.9335858834820085,9353676800.0,cell,False,False
ETTm1-H/tlong,1024,1.3783478291327567,1.4787012870437326,0.9321340565601279,10968320000.0,cell,False,False
ETTm1-H/tlong,1536,1.4071070468699771,1.4787012870437326,0.951583027078519,14217267200.0,cell,False,False
ETTm1-H/tlong,2048,1.4345727307256337,1.4787012870437326,0.9701572205929961,17492428800.0,cell,False,False
ETTm1-H/tlong,2560,1.3853102889595166,1.4787012870437326,0.9368425530548321,20793804800.0,cell,False,False
ETTm1-H/tlong,3072,1.38554282251143,1.4787012870437326,0.9369998083125036,24121395200.0,cell,False,False
ETTm1-H/tlong,4096,1.3679341226270298,1.4787012870437326,0.9250915885532554,30855219200.0,cell,False,False
ETTm1-H/tlong,6144,1.4164251216568284,1.4787012870437326,0.9578845532004583,44637440000.0,cell,False,False
ETTm1-H/tlong,8192,1.4347802932399583,1.4787012870437326,0.9702975887093582,58839091200.0,cell,False,False
ETTm1-H/tlong,12288,1.441129558371268,1.4787012870437326,0.9745914005745006,88500684800.0,cell,False,False
ETTm1-H/tlong,15360,1.4344266717558367,1.4787012870437326,0.9700584454238144,111847884800.0,cell,False,False
ETTm1-D/tshort,native,1.7126816957985125,1.7783697877928102,0.9630627485660195,4350190933.333333,cell,True,False
ETTm1-D/tshort,32,1.6890512199493493,1.7783697877928102,0.9497750307857418,393420800.0,cell,False,True
ETTm1-D/tshort,48,1.627108444507392,1.7783697877928102,0.9149438185895222,590284800.0,cell,False,False
ETTm1-D/tshort,64,1.5361583133794108,1.7783697877928102,0.8638014005433506,590284800.0,cell,False,True
ETTm1-D/tshort,96,1.6461281267647452,1.7783697877928102,0.9256388283607797,787251200.0,cell,False,False
ETTm1-D/tshort,128,1.7651035666862072,1.7783697877928102,0.9925402347713812,984320000.0,cell,False,False
ETTm1-D/tshort,192,1.566957318252616,1.7783697877928102,0.8811200735688471,1378764800.0,cell,False,False
ETTm1-D/tshort,256,1.6179807848382497,1.7783697877928102,0.9098112192101373,1773619200.0,cell,False,False
ETTm1-D/tshort,384,1.8465623752312352,1.7783697877928102,1.0383455611462344,2564556800.0,cell,False,False
ETTm1-D/tshort,512,1.7309321943329534,1.7783697877928102,0.9733252365253388,3357132800.0,cell,False,False
ETTm1-W/tshort,native,1.4441002142077812,1.7689207877683926,0.8163735901535798,787251200.0,cell,True,False
ETTm1-W/tshort,32,1.3803001845970428,1.7689207877683926,0.7803063846280988,393420800.0,cell,False,True
ETTm1-W/tshort,48,1.4511393782250135,1.7689207877683926,0.820352945286894,590284800.0,cell,False,False
ETTm1-W/tshort,64,1.5301812076788919,1.7689207877683926,0.8650365908183565,590284800.0,cell,False,False
ETTm2-15T/tshort,native,0.7236188859475479,1.067314800011479,0.6779807475168201,106660044800.0,cell,True,False
ETTm2-15T/tshort,32,1.2665958109277495,1.067314800011479,1.1867124965512774,590284800.0,cell,False,True
ETTm2-15T/tshort,48,1.1560771033495216,1.067314800011479,1.0831641267759877,787251200.0,cell,False,False
ETTm2-15T/tshort,64,1.1247444335838686,1.067314800011479,1.0538075866387049,787251200.0,cell,False,True
ETTm2-15T/tshort,96,1.0867478985298364,1.067314800011479,1.0182074665489025,984320000.0,cell,False,True
ETTm2-15T/tshort,128,1.0838000877976894,1.067314800011479,1.015445572183608,1181491200.0,cell,False,True
ETTm2-15T/tshort,192,1.0048875240485722,1.067314800011479,0.941509968790618,1576140800.0,cell,False,True
ETTm2-15T/tshort,256,0.9162047057499062,1.067314800011479,0.8584203139880122,1971200000.0,cell,False,True
ETTm2-15T/tshort,384,0.8332804970374732,1.067314800011479,0.7807260772815211,2762547200.0,cell,False,True
ETTm2-15T/tshort,512,0.8147910834385252,1.067314800011479,0.7634027781023576,3555532800.0,cell,False,True
ETTm2-15T/tshort,768,0.8044897617483341,1.067314800011479,0.7537511535862539,5146419200.0,cell,False,True
ETTm2-15T/tshort,1024,0.7963768316050256,1.067314800011479,0.746149900288519,6743859200.0,cell,False,True
ETTm2-15T/tshort,1536,0.7542274560440843,1.067314800011479,0.7066588564460762,9958400000.0,cell,False,True
ETTm2-15T/tshort,2048,0.7397559636743226,1.067314800011479,0.6931000710065733,13199155200.0,cell,False,True
ETTm2-15T/tshort,2560,0.7481750401365896,1.067314800011479,0.7009881621884594,16466124800.0,cell,False,False
ETTm2-15T/tshort,3072,0.7424550594931881,1.067314800011479,0.6956289367346944,19759308800.0,cell,False,False
ETTm2-15T/tshort,4096,0.7289184368104029,1.067314800011479,0.6829460594030584,26424320000.0,cell,False,True
ETTm2-15T/tshort,6144,0.7193178554777091,1.067314800011479,0.6739509800388535,40068915200.0,cell,False,True
ETTm2-15T/tshort,8192,0.7212149793403011,1.067314800011479,0.675728453622628,54132940800.0,cell,False,False
ETTm2-15T/tshort,12288,0.7187712330025655,1.067314800011479,0.6734388326619617,83519283200.0,cell,False,True
ETTm2-15T/tshort,15360,0.7236188817510907,1.067314800011479,0.6779807435850306,106660044800.0,cell,False,False
ETTm2-15T/tmedium,native,0.914798209264378,1.0512391501712754,0.8702094182045376,109866240000.0,cell,True,False
ETTm2-15T/tmedium,32,1.1710355355909747,1.0512391501712754,1.1139573097141418,3158835200.0,cell,False,True
ETTm2-15T/tmedium,48,1.1845934356002987,1.0512391501712754,1.1268543750556628,3357132800.0,cell,False,False
ETTm2-15T/tmedium,64,1.1270147256600134,1.0512391501712754,1.072082147507912,3357132800.0,cell,False,True
ETTm2-15T/tmedium,96,1.1187791425478368,1.0512391501712754,1.0642479804576888,3555532800.0,cell,False,True
ETTm2-15T/tmedium,128,1.184204723692038,1.0512391501712754,1.1264846096143766,3754035200.0,cell,False,False
ETTm2-15T/tmedium,192,1.1251565822439265,1.0512391501712754,1.0703145731022363,4151347200.0,cell,False,False
ETTm2-15T/tmedium,256,1.0438100434775435,1.0512391501712754,0.9929330003619808,4549068800.0,cell,False,True
ETTm2-15T/tmedium,384,1.01424801302074,1.0512391501712754,0.9648118725938731,5345740800.0,cell,False,True
ETTm2-15T/tmedium,512,0.9562623211423448,1.0512391501712754,0.9096525000867249,6144051200.0,cell,False,True
ETTm2-15T/tmedium,768,0.9371224530896185,1.0512391501712754,0.8914455411377475,7745587200.0,cell,False,True
ETTm2-15T/tmedium,1024,0.9341711609689602,1.0512391501712754,0.8886380999192794,9353676800.0,cell,False,True
ETTm2-15T/tmedium,1536,0.9375776697360197,1.0512391501712754,0.8918785697652745,12589516800.0,cell,False,False
ETTm2-15T/tmedium,2048,0.9142612239231962,1.0512391501712754,0.8696986064248446,15851571200.0,cell,False,True
ETTm2-15T/tmedium,2560,0.8997186579176751,1.0512391501712754,0.8558648693506958,19139840000.0,cell,False,True
ETTm2-15T/tmedium,3072,0.8809520932362142,1.0512391501712754,0.8380130183438118,22454323200.0,cell,False,True
ETTm2-15T/tmedium,4096,0.8826969717386011,1.0512391501712754,0.8396728485566636,29161932800.0,cell,False,False
ETTm2-15T/tmedium,6144,0.8985174119566944,1.0512391501712754,0.8547221741221315,42891724800.0,cell,False,False
ETTm2-15T/tmedium,8192,0.914506181145276,1.0512391501712754,0.8699316240232093,57040947200.0,cell,False,False
ETTm2-15T/tmedium,12288,0.9126656651608875,1.0512391501712754,0.8681808178587997,86597683200.0,cell,False,False
ETTm2-15T/tmedium,15360,0.914798210103675,1.0512391501712754,0.8702094190029257,109866240000.0,cell,False,False
ETTm2-15T/tlong,native,0.9372046387247392,1.0126577751121104,0.9254899945057768,111847884800.0,cell,True,False
ETTm2-15T/tlong,32,1.0838556293442636,1.0126577751121104,1.0703079124872872,4748083200.0,cell,False,True
ETTm2-15T/tlong,48,1.1345311005674585,1.0126577751121104,1.1203499626928315,4947200000.0,cell,False,False
ETTm2-15T/tlong,64,1.1108980296613713,1.0126577751121104,1.0970122947393406,4947200000.0,cell,False,False
ETTm2-15T/tlong,96,1.0772790214174752,1.0126577751121104,1.0638135092560868,5146419200.0,cell,False,True
ETTm2-15T/tlong,128,1.1269565054879571,1.0126577751121104,1.1128700467077268,5345740800.0,cell,False,False
ETTm2-15T/tlong,192,1.0702667853686778,1.0126577751121104,1.0568889230620775,5744691200.0,cell,False,True
ETTm2-15T/tlong,256,1.027560540392152,1.0126577751121104,1.0147164872934409,6144051200.0,cell,False,True
ETTm2-15T/tlong,384,1.0163386479677452,1.0126577751121104,1.0036348635700025,6944000000.0,cell,False,True
ETTm2-15T/tlong,512,1.0423410899284546,1.0126577751121104,1.029312286485983,7745587200.0,cell,False,False
ETTm2-15T/tlong,768,1.0394765260397545,1.0126577751121104,1.0264835283812195,9353676800.0,cell,False,False
ETTm2-15T/tlong,1024,0.9684742400332951,1.0126577751121104,0.956368739603146,10968320000.0,cell,False,True
ETTm2-15T/tlong,1536,0.9293661827955066,1.0126577751121104,0.9177495158150712,14217267200.0,cell,False,True
ETTm2-15T/tlong,2048,0.9528716646881213,1.0126577751121104,0.9409611895614289,17492428800.0,cell,False,False
ETTm2-15T/tlong,2560,0.9354496775850757,1.0126577751121104,0.9237569696055639,20793804800.0,cell,False,False
ETTm2-15T/tlong,3072,0.9397122920810715,1.0126577751121104,0.9279663033022552,24121395200.0,cell,False,False
ETTm2-15T/tlong,4096,0.9305109426193203,1.0126577751121104,0.9188799666464856,30855219200.0,cell,False,False
ETTm2-15T/tlong,6144,0.9283931346068187,1.0126577751121104,0.9167886302991524,44637440000.0,cell,False,True
ETTm2-15T/tlong,8192,0.9325580992616073,1.0126577751121104,0.9209015347345402,58839091200.0,cell,False,False
ETTm2-15T/tlong,12288,0.9230055107620526,1.0126577751121104,0.9114683493738717,88500684800.0,cell,False,True
ETTm2-15T/tlong,15360,0.9372046306317897,1.0126577751121104,0.9254899865139856,111847884800.0,cell,False,False
ETTm2-H/tshort,native,0.7392427118963802,0.9231678277377344,0.800767411606976,106660044800.0,cell,True,False
ETTm2-H/tshort,32,0.9631060193102877,0.9231678277377344,1.0432621137485085,590284800.0,cell,False,True
ETTm2-H/tshort,48,0.9096237689629233,0.9231678277377344,0.9853287144895404,787251200.0,cell,False,False
ETTm2-H/tshort,64,0.8987628980845762,0.9231678277377344,0.9735639296345892,787251200.0,cell,False,True
ETTm2-H/tshort,96,0.852815134395552,0.9231678277377344,0.9237920871716414,984320000.0,cell,False,True
ETTm2-H/tshort,128,0.8507385583957989,0.9231678277377344,0.9215426846931757,1181491200.0,cell,False,True
ETTm2-H/tshort,192,0.8136039013891299,0.9231678277377344,0.8813174343205872,1576140800.0,cell,False,True
ETTm2-H/tshort,256,0.7831515406477568,0.9231678277377344,0.8483306253933328,1971200000.0,cell,False,True
ETTm2-H/tshort,384,0.7549620293770415,0.9231678277377344,0.8177949953337422,2762547200.0,cell,False,True
ETTm2-H/tshort,512,0.7679116229644164,0.9231678277377344,0.8318223403064419,3555532800.0,cell,False,False
ETTm2-H/tshort,768,0.7702714859710422,0.9231678277377344,0.8343786068223675,5146419200.0,cell,False,False
ETTm2-H/tshort,1024,0.749840283923692,0.9231678277377344,0.8122469841276968,6743859200.0,cell,False,True
ETTm2-H/tshort,1536,0.754251511110188,0.9231678277377344,0.8170253430067166,9958400000.0,cell,False,False
ETTm2-H/tshort,2048,0.7500397256520633,0.9231678277377344,0.8124630247244106,13199155200.0,cell,False,False
ETTm2-H/tshort,2560,0.7488711005879404,0.9231678277377344,0.8111971389027753,16466124800.0,cell,False,True
ETTm2-H/tshort,3072,0.742018997846605,0.9231678277377344,0.8037747585560439,19759308800.0,cell,False,True
ETTm2-H/tshort,4096,0.7402714498633297,0.9231678277377344,0.8018817679959659,26424320000.0,cell,False,True
ETTm2-H/tshort,6144,0.7441757589976925,0.9231678277377344,0.8061110197279402,40068915200.0,cell,False,False
ETTm2-H/tshort,8192,0.7445058373317277,0.9231678277377344,0.8064685693783045,54132940800.0,cell,False,False
ETTm2-H/tshort,12288,0.7379517783430594,0.9231678277377344,0.7993690379694496,83519283200.0,cell,False,True
ETTm2-H/tshort,15360,0.7392427118448611,0.9231678277377344,0.800767411551169,106660044800.0,cell,False,False
ETTm2-H/tmedium,native,1.008228703783829,1.2384249730532626,0.8141217479635455,109866240000.0,cell,True,False
ETTm2-H/tmedium,32,1.4386632227183622,1.2384249730532626,1.1616878325470328,3158835200.0,cell,False,True
ETTm2-H/tmedium,48,1.322417084172963,1.2384249730532626,1.0678217194802062,3357132800.0,cell,False,False
ETTm2-H/tmedium,64,1.3119527648128855,1.2384249730532626,1.0593720195889982,3357132800.0,cell,False,True
ETTm2-H/tmedium,96,1.1626148507421499,1.2384249730532626,0.9387850503981623,3555532800.0,cell,False,True
ETTm2-H/tmedium,128,1.0936236758659257,1.2384249730532626,0.8830762457653466,3754035200.0,cell,False,True
ETTm2-H/tmedium,192,1.071079087571554,1.2384249730532626,0.8648720034536065,4151347200.0,cell,False,True
ETTm2-H/tmedium,256,1.0220032502432805,1.2384249730532626,0.8252443809523582,4549068800.0,cell,False,True
ETTm2-H/tmedium,384,1.0458654963704923,1.2384249730532626,0.8445126019963677,5345740800.0,cell,False,False
ETTm2-H/tmedium,512,1.0771647260885822,1.2384249730532626,0.8697860181492441,6144051200.0,cell,False,False
ETTm2-H/tmedium,768,1.1156163075878793,1.2384249730532626,0.900834795698115,7745587200.0,cell,False,False
ETTm2-H/tmedium,1024,1.0459666756555264,1.2384249730532626,0.8445943019678924,9353676800.0,cell,False,False
ETTm2-H/tmedium,1536,1.0821582158125085,1.2384249730532626,0.8738181475334046,12589516800.0,cell,False,False
ETTm2-H/tmedium,2048,1.0286395668643395,1.2384249730532626,0.8306030556928211,15851571200.0,cell,False,False
ETTm2-H/tmedium,2560,1.0148899025003635,1.2384249730532626,0.8195005144302067,19139840000.0,cell,False,True
ETTm2-H/tmedium,3072,1.025118014446342,1.2384249730532626,0.8277594822066411,22454323200.0,cell,False,False
ETTm2-H/tmedium,4096,1.0116649841039644,1.2384249730532626,0.816896466170062,29161932800.0,cell,False,True
ETTm2-H/tmedium,6144,1.0088219892779022,1.2384249730532626,0.8146008125068022,42891724800.0,cell,False,True
ETTm2-H/tmedium,8192,1.0099498912531994,1.2384249730532626,0.8155115676997602,57040947200.0,cell,False,False
ETTm2-H/tmedium,12288,1.011532679542021,1.2384249730532626,0.8167896332453211,86597683200.0,cell,False,False
ETTm2-H/tmedium,15360,1.0082286887694278,1.2384249730532626,0.8141217358397581,109866240000.0,cell,False,True
ETTm2-H/tlong,native,1.0070059874089825,1.1284016697207502,0.892418023147901,111599923200.0,cell,True,False
ETTm2-H/tlong,32,1.128555516337622,1.1284016697207502,1.0001363402953045,4748083200.0,cell,False,True
ETTm2-H/tlong,48,1.16476154364902,1.1284016697207502,1.0322224566871367,4947200000.0,cell,False,False
ETTm2-H/tlong,64,1.102119366285155,1.1284016697207502,0.9767083795240223,4947200000.0,cell,False,True
ETTm2-H/tlong,96,1.0976472556465837,1.1284016697207502,0.9727451536988798,5146419200.0,cell,False,True
ETTm2-H/tlong,128,1.1147600788816163,1.1284016697207502,0.9879106959824778,5345740800.0,cell,False,False
ETTm2-H/tlong,192,1.1236656215168417,1.1284016697207502,0.9958028702624301,5744691200.0,cell,False,False
ETTm2-H/tlong,256,1.0912884295900274,1.1284016697207502,0.9671099032138907,6144051200.0,cell,False,True
ETTm2-H/tlong,384,1.0790907307079423,1.1284016697207502,0.9563001896080044,6944000000.0,cell,False,True
ETTm2-H/tlong,512,1.0559049265780422,1.1284016697207502,0.935752715466427,7745587200.0,cell,False,True
ETTm2-H/tlong,768,1.0869862166283135,1.1284016697207502,0.9632972422819208,9353676800.0,cell,False,False
ETTm2-H/tlong,1024,1.041288343301943,1.1284016697207502,0.9227993641303586,10968320000.0,cell,False,True
ETTm2-H/tlong,1536,1.0204267809666336,1.1284016697207502,0.9043116545716939,14217267200.0,cell,False,True
ETTm2-H/tlong,2048,1.005027262055835,1.1284016697207502,0.8906644584322113,17492428800.0,cell,False,True
ETTm2-H/tlong,2560,0.9895203376569527,1.1284016697207502,0.8769220785554429,20793804800.0,cell,False,True
ETTm2-H/tlong,3072,1.0028552819608307,1.1284016697207502,0.8887396295762404,24121395200.0,cell,False,False
ETTm2-H/tlong,4096,1.003219398041509,1.1284016697207502,0.8890623126158431,30855219200.0,cell,False,False
ETTm2-H/tlong,6144,0.9958634733961077,1.1284016697207502,0.8825434241359797,44637440000.0,cell,False,False
ETTm2-H/tlong,8192,1.0111344892530716,1.1284016697207502,0.896076739680207,58839091200.0,cell,False,False
ETTm2-H/tlong,12288,1.0003330238592674,1.1284016697207502,0.886504381109985,88500684800.0,cell,False,False
ETTm2-H/tlong,15360,1.0064559281704282,1.1284016697207502,0.8919305555613894,111847884800.0,cell,False,False
ETTm2-D/tshort,native,1.2740044990393595,1.3901143157307532,0.9164746270306862,4350190933.333333,cell,True,True
ETTm2-D/tshort,32,1.430065718557411,1.3901143157307532,1.0287396528289519,393420800.0,cell,False,True
ETTm2-D/tshort,48,1.4506436259894,1.3901143157307532,1.0435426853559362,590284800.0,cell,False,False
ETTm2-D/tshort,64,1.431403704309086,1.3901143157307532,1.0297021533488977,590284800.0,cell,False,False
ETTm2-D/tshort,96,1.4201516389884667,1.3901143157307532,1.0216078080182374,787251200.0,cell,False,True
ETTm2-D/tshort,128,1.3002075489174998,1.3901143157307532,0.9353241918338268,984320000.0,cell,False,True
ETTm2-D/tshort,192,1.3073360876448141,1.3901143157307532,0.9404522152248865,1378764800.0,cell,False,False
ETTm2-D/tshort,256,1.439365489253467,1.3901143157307532,1.0354295851538107,1773619200.0,cell,False,False
ETTm2-D/tshort,384,1.3662090329332146,1.3901143157307532,0.982803369099201,2564556800.0,cell,False,False
ETTm2-D/tshort,512,1.3003070015777543,1.3901143157307532,0.9353957346264798,3357132800.0,cell,False,False
ETTm2-W/tshort,native,0.8413078419404495,0.7785209533197451,1.0806489386739953,787251200.0,cell,True,False
ETTm2-W/tshort,32,1.0199432767936478,0.7785209533197451,1.3101038224397648,393420800.0,cell,False,True
ETTm2-W/tshort,48,0.8925345297865915,0.7785209533197451,1.1464489503855653,590284800.0,cell,False,False
ETTm2-W/tshort,64,0.7921920203521847,0.7785209533197451,1.0175603071107384,590284800.0,cell,False,True
LoopSeattle-5T/tshort,native,0.5676479122160192,0.7623397118337274,0.7446128063440409,106660044800.0,cell,True,False
LoopSeattle-5T/tshort,32,0.786744623199195,0.7623397118337274,1.0320131707513494,590284800.0,cell,False,True
LoopSeattle-5T/tshort,48,0.7916536849680245,0.7623397118337274,1.0384526382126749,787251200.0,cell,False,False
LoopSeattle-5T/tshort,64,0.7924106375820837,0.7623397118337274,1.0394455716809294,787251200.0,cell,False,False
LoopSeattle-5T/tshort,96,0.7922894168648532,0.7623397118337274,1.0392865602646948,984320000.0,cell,False,False
LoopSeattle-5T/tshort,128,0.7847577142236836,0.7623397118337274,1.0294068406013273,1181491200.0,cell,False,True
LoopSeattle-5T/tshort,192,0.7426925469973866,0.7623397118337274,0.9742278087690308,1576140800.0,cell,False,True
LoopSeattle-5T/tshort,256,0.6692340529073131,0.7623397118337274,0.877868544060943,1971200000.0,cell,False,True
LoopSeattle-5T/tshort,384,0.5995248538656426,0.7623397118337274,0.7864274214753276,2762547200.0,cell,False,True
LoopSeattle-5T/tshort,512,0.5856436562636387,0.7623397118337274,0.7682187444425989,3555532800.0,cell,False,True
LoopSeattle-5T/tshort,768,0.5665670531525359,0.7623397118337274,0.7431949882155803,5146419200.0,cell,False,True
LoopSeattle-5T/tshort,1024,0.5614576579857523,0.7623397118337274,0.7364927331874466,6743859200.0,cell,False,True
LoopSeattle-5T/tshort,1536,0.5745576971739695,0.7623397118337274,0.7536767247660914,9958400000.0,cell,False,False
LoopSeattle-5T/tshort,2048,0.5524283179754982,0.7623397118337274,0.7246484859705005,13199155200.0,cell,False,True
LoopSeattle-5T/tshort,2560,0.5474032854860662,0.7623397118337274,0.7180568937820982,16466124800.0,cell,False,True
LoopSeattle-5T/tshort,3072,0.5409210538173906,0.7623397118337274,0.70955381888248,19759308800.0,cell,False,True
LoopSeattle-5T/tshort,4096,0.5579519211696974,0.7623397118337274,0.7318940788583651,26424320000.0,cell,False,False
LoopSeattle-5T/tshort,6144,0.5648390885594475,0.7623397118337274,0.7409283286591315,40068915200.0,cell,False,False
LoopSeattle-5T/tshort,8192,0.5670075272290804,0.7623397118337274,0.7437727805956794,54132940800.0,cell,False,False
LoopSeattle-5T/tshort,12288,0.5675032810695696,0.7623397118337274,0.7444230862701624,83519283200.0,cell,False,False
LoopSeattle-5T/tshort,15360,0.5676479115420919,0.7623397118337274,0.7446128054600161,106660044800.0,cell,False,False
LoopSeattle-5T/tmedium,native,0.7872685768715113,1.1532851467900649,0.6826313328171386,109866240000.0,cell,True,False
LoopSeattle-5T/tmedium,32,1.6375060161444297,1.1532851467900649,1.419862226355811,3158835200.0,cell,False,True
LoopSeattle-5T/tmedium,48,1.5663879048881277,1.1532851467900649,1.358196547703619,3357132800.0,cell,False,False
LoopSeattle-5T/tmedium,64,1.5143135493881434,1.1532851467900649,1.3130434859088647,3357132800.0,cell,False,True
LoopSeattle-5T/tmedium,96,1.5046779028890305,1.1532851467900649,1.3046885300456665,3555532800.0,cell,False,True
LoopSeattle-5T/tmedium,128,1.4153093137610073,1.1532851467900649,1.2271980764689752,3754035200.0,cell,False,True
LoopSeattle-5T/tmedium,192,1.2483956009502353,1.1532851467900649,1.0824691572807392,4151347200.0,cell,False,True
LoopSeattle-5T/tmedium,256,1.1048715697516605,1.1532851467900649,0.9580211561961465,4549068800.0,cell,False,True
LoopSeattle-5T/tmedium,384,1.0365801039023734,1.1532851467900649,0.8988064285640752,5345740800.0,cell,False,True
LoopSeattle-5T/tmedium,512,1.0050251204764225,1.1532851467900649,0.8714454731977654,6144051200.0,cell,False,True
LoopSeattle-5T/tmedium,768,0.9756791294126869,1.1532851467900649,0.8459999091536831,7745587200.0,cell,False,True
LoopSeattle-5T/tmedium,1024,0.925981932832023,1.1532851467900649,0.8029080539269111,9353676800.0,cell,False,True
LoopSeattle-5T/tmedium,1536,0.893973845622774,1.1532851467900649,0.7751542175939479,12589516800.0,cell,False,True
LoopSeattle-5T/tmedium,2048,0.8442803855369861,1.1532851467900649,0.7320656022379801,15851571200.0,cell,False,True
LoopSeattle-5T/tmedium,2560,0.843316254997689,1.1532851467900649,0.7312296159756229,19139840000.0,cell,False,True
LoopSeattle-5T/tmedium,3072,0.8369066273197487,1.1532851467900649,0.7256719031274342,22454323200.0,cell,False,True
LoopSeattle-5T/tmedium,4096,0.8062077258594563,1.1532851467900649,0.6990532463748206,29161932800.0,cell,False,True
LoopSeattle-5T/tmedium,6144,0.7987580524240308,1.1532851467900649,0.6925937220705666,42891724800.0,cell,False,True
LoopSeattle-5T/tmedium,8192,0.7923708302771718,1.1532851467900649,0.6870554367951197,57040947200.0,cell,False,True
LoopSeattle-5T/tmedium,12288,0.78543791490297,1.1532851467900649,0.6810439873339885,86597683200.0,cell,False,True
LoopSeattle-5T/tmedium,15360,0.7872685770577604,1.1532851467900649,0.682631332978633,109866240000.0,cell,False,False
LoopSeattle-5T/tlong,native,0.8448458548431818,1.2506857542807588,0.6755060989153375,111847884800.0,cell,True,False
LoopSeattle-5T/tlong,32,1.3430188465501995,1.2506857542807588,1.0738259726341406,4748083200.0,cell,False,True
LoopSeattle-5T/tlong,48,1.3769905040997132,1.2506857542807588,1.100988397274573,4947200000.0,cell,False,False
LoopSeattle-5T/tlong,64,1.4063264096295511,1.2506857542807588,1.1244442537352621,4947200000.0,cell,False,False
LoopSeattle-5T/tlong,96,1.3129092928321962,1.2506857542807588,1.0497515369775845,5146419200.0,cell,False,True
LoopSeattle-5T/tlong,128,1.2773073566183935,1.2506857542807588,1.0212856045145762,5345740800.0,cell,False,True
LoopSeattle-5T/tlong,192,1.2382095039753145,1.2506857542807588,0.9900244723642678,5744691200.0,cell,False,True
LoopSeattle-5T/tlong,256,1.171785164345961,1.2506857542807588,0.9369141371725531,6144051200.0,cell,False,True
LoopSeattle-5T/tlong,384,1.101083303239238,1.2506857542807588,0.8803836610999429,6944000000.0,cell,False,True
LoopSeattle-5T/tlong,512,1.0792184237361453,1.2506857542807588,0.8629013483541111,7745587200.0,cell,False,True
LoopSeattle-5T/tlong,768,1.0439976580568147,1.2506857542807588,0.8347401851212372,9353676800.0,cell,False,True
LoopSeattle-5T/tlong,1024,0.991872058824602,1.2506857542807588,0.7930625702177325,10968320000.0,cell,False,True
LoopSeattle-5T/tlong,1536,0.928580677142068,1.2506857542807588,0.7424572271362233,14217267200.0,cell,False,True
LoopSeattle-5T/tlong,2048,0.9036825715786908,1.2506857542807588,0.7225496640428101,17492428800.0,cell,False,True
LoopSeattle-5T/tlong,2560,0.9025773894616477,1.2506857542807588,0.7216660031285793,20793804800.0,cell,False,True
LoopSeattle-5T/tlong,3072,0.8898483621875896,1.2506857542807588,0.7114883647965762,24121395200.0,cell,False,True
LoopSeattle-5T/tlong,4096,0.8689208524078118,1.2506857542807588,0.6947555366595733,30855219200.0,cell,False,True
LoopSeattle-5T/tlong,6144,0.8661100130093322,1.2506857542807588,0.6925080980932837,44637440000.0,cell,False,True
LoopSeattle-5T/tlong,8192,0.8546116391547457,1.2506857542807588,0.6833144426804586,58839091200.0,cell,False,True
LoopSeattle-5T/tlong,12288,0.8434248497505691,1.2506857542807588,0.6743699181539041,88500684800.0,cell,False,True
LoopSeattle-5T/tlong,15360,0.8448458555755743,1.2506857542807588,0.6755060995009303,111847884800.0,cell,False,False
LoopSeattle-H/tshort,native,0.7249829524294338,1.2928412613913995,0.5607671831646079,54864718147.36842,cell,True,True
LoopSeattle-H/tshort,32,1.3580814658172227,1.2928412613913995,1.0504626564560675,590284800.0,cell,False,True
LoopSeattle-H/tshort,48,1.3295504334289818,1.2928412613913995,1.028394183519541,787251200.0,cell,False,False
LoopSeattle-H/tshort,64,1.3014488983037926,1.2928412613913995,1.0066579224916825,787251200.0,cell,False,True
LoopSeattle-H/tshort,96,1.159463509337683,1.2928412613913995,0.8968336206177618,984320000.0,cell,False,True
LoopSeattle-H/tshort,128,1.1094366840095096,1.2928412613913995,0.8581383632631714,1181491200.0,cell,False,True
LoopSeattle-H/tshort,192,0.9936735834757566,1.2928412613913995,0.7685967435834554,1576140800.0,cell,False,True
LoopSeattle-H/tshort,256,0.9662490234945753,1.2928412613913995,0.7473841161711263,1971200000.0,cell,False,True
LoopSeattle-H/tshort,384,0.9056137958192391,1.2928412613913995,0.700483363939504,2762547200.0,cell,False,True
LoopSeattle-H/tshort,512,0.8823331349210474,1.2928412613913995,0.6824760017107209,3555532800.0,cell,False,True
LoopSeattle-H/tshort,768,0.8604351722610754,1.2928412613913995,0.66553814296973,5146419200.0,cell,False,True
LoopSeattle-H/tshort,1024,0.8368991072771386,1.2928412613913995,0.6473332281926394,6743859200.0,cell,False,True
LoopSeattle-H/tshort,1536,0.822744075083807,1.2928412613913995,0.6363844500123256,9958400000.0,cell,False,True
LoopSeattle-H/tshort,2048,0.8170842742377419,1.2928412613913995,0.632006649724629,13199155200.0,cell,False,True
LoopSeattle-H/tshort,2560,0.8044905044260611,1.2928412613913995,0.6222654926407911,16466124800.0,cell,False,True
LoopSeattle-H/tshort,3072,0.7965074887141589,1.2928412613913995,0.6160907085042525,19759308800.0,cell,False,True
LoopSeattle-H/tshort,4096,0.7696198247729488,1.2928412613913995,0.5952933648982226,26424320000.0,cell,False,True
LoopSeattle-H/tshort,6144,0.7312434909857064,1.2928412613913995,0.5656096481626193,40068915200.0,cell,False,True
LoopSeattle-H/tshort,8192,0.728726009904497,1.2928412613913995,0.5636624013068838,54132940800.0,cell,False,True
LoopSeattle-H/tmedium,native,0.799336608822738,1.4805126192799751,0.5399052992952422,56035251200.0,cell,True,True
LoopSeattle-H/tmedium,32,1.3959052127623297,1.4805126192799751,0.9428526272482615,3158835200.0,cell,False,True
LoopSeattle-H/tmedium,48,1.3554203471943338,1.4805126192799751,0.9155074597429111,3357132800.0,cell,False,False
LoopSeattle-H/tmedium,64,1.269497830918999,1.4805126192799751,0.8574718069856102,3357132800.0,cell,False,True
LoopSeattle-H/tmedium,96,1.182910397100304,1.4805126192799751,0.7989870411746943,3555532800.0,cell,False,True
LoopSeattle-H/tmedium,128,1.1557570097680312,1.4805126192799751,0.780646510348636,3754035200.0,cell,False,True
LoopSeattle-H/tmedium,192,1.0433823675577891,1.4805126192799751,0.7047439879743965,4151347200.0,cell,False,True
LoopSeattle-H/tmedium,256,1.0266738528178345,1.4805126192799751,0.6934583599274836,4549068800.0,cell,False,True
LoopSeattle-H/tmedium,384,0.9785180910917839,1.4805126192799751,0.6609319490756326,5345740800.0,cell,False,True
LoopSeattle-H/tmedium,512,0.9572641836359513,1.4805126192799751,0.646576173124078,6144051200.0,cell,False,True
LoopSeattle-H/tmedium,768,0.9390318147109878,1.4805126192799751,0.6342612703751703,7745587200.0,cell,False,True
LoopSeattle-H/tmedium,1024,0.9244792983806734,1.4805126192799751,0.6244318936168743,9353676800.0,cell,False,True
LoopSeattle-H/tmedium,1536,0.91526716671592,1.4805126192799751,0.618209635498444,12589516800.0,cell,False,True
LoopSeattle-H/tmedium,2048,0.907879716912106,1.4805126192799751,0.6132198436468846,15851571200.0,cell,False,True
LoopSeattle-H/tmedium,2560,0.8920810872825837,1.4805126192799751,0.6025487899700807,19139840000.0,cell,False,True
LoopSeattle-H/tmedium,3072,0.8743959412801988,1.4805126192799751,0.5906035044169012,22454323200.0,cell,False,True
LoopSeattle-H/tmedium,4096,0.848942004490565,1.4805126192799751,0.5734108533998414,29161932800.0,cell,False,True
LoopSeattle-H/tmedium,6144,0.8064577195001357,1.4805126192799751,0.5447151945873614,42891724800.0,cell,False,True
LoopSeattle-H/tmedium,8192,0.8014751544556309,1.4805126192799751,0.5413497622501969,57040947200.0,cell,False,False
LoopSeattle-H/tlong,native,0.8221923578137985,1.5460268753677606,0.5318098740154306,55367910400.0,cell,True,True
LoopSeattle-H/tlong,32,1.523180567229913,1.5460268753677606,0.9852225672775494,4748083200.0,cell,False,True
LoopSeattle-H/tlong,48,1.4545285057878912,1.5460268753677606,0.9408170898981919,4947200000.0,cell,False,True
LoopSeattle-H/tlong,64,1.4888983734752659,1.5460268753677606,0.9630481831831641,4947200000.0,cell,False,False
LoopSeattle-H/tlong,96,1.2829622337904119,1.5460268753677606,0.8298447163056125,5146419200.0,cell,False,True
LoopSeattle-H/tlong,128,1.113680189913222,1.5460268753677606,0.720349825515359,5345740800.0,cell,False,True
LoopSeattle-H/tlong,192,1.0507836274669122,1.5460268753677606,0.6796671158882392,5744691200.0,cell,False,True
LoopSeattle-H/tlong,256,0.9992199647859613,1.5460268753677606,0.6463147443981349,6144051200.0,cell,False,True
LoopSeattle-H/tlong,384,0.9166157405584093,1.5460268753677606,0.5928847390446363,6944000000.0,cell,False,True
LoopSeattle-H/tlong,512,0.9019612552558928,1.5460268753677606,0.5834059353213631,7745587200.0,cell,False,True
LoopSeattle-H/tlong,768,0.888524826499531,1.5460268753677606,0.5747149940638474,9353676800.0,cell,False,True
LoopSeattle-H/tlong,1024,0.8787883552560302,1.5460268753677606,0.5684172566838391,10968320000.0,cell,False,True
LoopSeattle-H/tlong,1536,0.8758166345174854,1.5460268753677606,0.5664950903968928,14217267200.0,cell,False,True
LoopSeattle-H/tlong,2048,0.8733518075762674,1.5460268753677606,0.5649007927941221,17492428800.0,cell,False,True
LoopSeattle-H/tlong,2560,0.8664748103893619,1.5460268753677606,0.5604526183823613,20793804800.0,cell,False,True
LoopSeattle-H/tlong,3072,0.8604194022372351,1.5460268753677606,0.5565358636036408,24121395200.0,cell,False,True
LoopSeattle-H/tlong,4096,0.8473819645512299,1.5460268753677606,0.5481029974654608,30855219200.0,cell,False,True
LoopSeattle-H/tlong,6144,0.8269788815109547,1.5460268753677606,0.5349058898566931,44637440000.0,cell,False,True
LoopSeattle-D/tshort,native,0.8626406139046499,1.7323957056549062,0.49794663603056066,2267776000.0,cell,True,True
LoopSeattle-D/tshort,32,0.8949677667368604,1.7323957056549062,0.5166070106359051,393420800.0,cell,False,True
LoopSeattle-D/tshort,48,0.8889148894011398,1.7323957056549062,0.5131130760134844,590284800.0,cell,False,True
LoopSeattle-D/tshort,64,0.8916109616159821,1.7323957056549062,0.5146693441374711,590284800.0,cell,False,False
LoopSeattle-D/tshort,96,0.8892193811048354,1.7323957056549062,0.5132888393813464,787251200.0,cell,False,False
LoopSeattle-D/tshort,128,0.8845326764267282,1.7323957056549062,0.5105835078783827,984320000.0,cell,False,True
LoopSeattle-D/tshort,192,0.8790923289370816,1.7323957056549062,0.5074431471213754,1378764800.0,cell,False,True
LoopSeattle-D/tshort,256,0.8748056321991294,1.7323957056549062,0.5049687143321695,1773619200.0,cell,False,True
SZTaxi-15T/tshort,native,0.5443529301185581,0.7644167735543712,0.7121153655321243,17962912914.285713,cell,True,False
SZTaxi-15T/tshort,32,0.6261845623399362,0.7644167735543712,0.8191664338137358,590284800.0,cell,False,True
SZTaxi-15T/tshort,48,0.6218350113269594,0.7644167735543712,0.8134764082106183,787251200.0,cell,False,False
SZTaxi-15T/tshort,64,0.6145066563263385,0.7644167735543712,0.8038895502894535,787251200.0,cell,False,True
SZTaxi-15T/tshort,96,0.5955949077417015,0.7644167735543712,0.7791494487651222,984320000.0,cell,False,True
SZTaxi-15T/tshort,128,0.5953698483242517,0.7644167735543712,0.7788550289862319,1181491200.0,cell,False,True
SZTaxi-15T/tshort,192,0.5899595545950057,0.7644167735543712,0.7717773536703316,1576140800.0,cell,False,True
SZTaxi-15T/tshort,256,0.5779034500017151,0.7644167735543712,0.7560057157230997,1971200000.0,cell,False,True
SZTaxi-15T/tshort,384,0.559717320088483,0.7644167735543712,0.7322148590302637,2762547200.0,cell,False,True
SZTaxi-15T/tshort,512,0.5540634786480807,0.7644167735543712,0.724818577792068,3555532800.0,cell,False,True
SZTaxi-15T/tshort,768,0.5470617665103472,0.7644167735543712,0.7156590297811355,5146419200.0,cell,False,True
SZTaxi-15T/tshort,1024,0.5447291625425541,0.7644167735543712,0.7126075478559718,6743859200.0,cell,False,True
SZTaxi-15T/tshort,1536,0.5429231726885154,0.7644167735543712,0.7102449756093671,9958400000.0,cell,False,True
SZTaxi-15T/tshort,2048,0.5435778707463736,0.7644167735543712,0.7111014430241439,13199155200.0,cell,False,False
SZTaxi-15T/tshort,2560,0.5443285405392665,0.7644167735543712,0.7120834594042953,16466124800.0,cell,False,False
SZTaxi-15T/tmedium,native,0.5392849956187535,0.7134840540400068,0.7558472996910377,18727372800.0,cell,True,False
SZTaxi-15T/tmedium,32,0.6064321436433878,0.7134840540400068,0.8499589307000597,3158835200.0,cell,False,True
SZTaxi-15T/tmedium,48,0.6044354741179161,0.7134840540400068,0.8471604525642614,3357132800.0,cell,False,False
SZTaxi-15T/tmedium,64,0.5963123977402421,0.7134840540400068,0.8357753678778158,3357132800.0,cell,False,True
SZTaxi-15T/tmedium,96,0.5894736654938995,0.7134840540400068,0.8261903852736227,3555532800.0,cell,False,True
SZTaxi-15T/tmedium,128,0.5860409413679846,0.7134840540400068,0.8213791717552861,3754035200.0,cell,False,True
SZTaxi-15T/tmedium,192,0.5834957336925155,0.7134840540400068,0.8178118773482742,4151347200.0,cell,False,True
SZTaxi-15T/tmedium,256,0.5721088188693895,0.7134840540400068,0.801852284756612,4549068800.0,cell,False,True
SZTaxi-15T/tmedium,384,0.5569299266766556,0.7134840540400068,0.7805779589930782,5345740800.0,cell,False,True
SZTaxi-15T/tmedium,512,0.544271788467139,0.7134840540400068,0.7628366540012684,6144051200.0,cell,False,True
SZTaxi-15T/tmedium,768,0.5374735928059003,0.7134840540400068,0.7533084863810605,7745587200.0,cell,False,True
SZTaxi-15T/tmedium,1024,0.536256658744385,0.7134840540400068,0.7516028644339061,9353676800.0,cell,False,True
SZTaxi-15T/tmedium,1536,0.5332656781144328,0.7134840540400068,0.7474107866810592,12589516800.0,cell,False,True
SZTaxi-15T/tmedium,2048,0.5397662204393628,0.7134840540400068,0.7565217714159269,15851571200.0,cell,False,False
SZTaxi-15T/tlong,native,0.513074498718369,0.6909431344941248,0.7425712379268625,18933555200.0,cell,True,False
SZTaxi-15T/tlong,32,0.6583120431329368,0.6909431344941248,0.9527731158584,4748083200.0,cell,False,True
SZTaxi-15T/tlong,48,0.6286168546164114,0.6909431344941248,0.9097953554117797,4947200000.0,cell,False,False
SZTaxi-15T/tlong,64,0.6086833384656454,0.6909431344941248,0.8809456351444811,4947200000.0,cell,False,True
SZTaxi-15T/tlong,96,0.5716024131662004,0.6909431344941248,0.8272785192151885,5146419200.0,cell,False,True
SZTaxi-15T/tlong,128,0.5635736832197625,0.6909431344941248,0.8156585615868142,5345740800.0,cell,False,True
SZTaxi-15T/tlong,192,0.5459098211433078,0.6909431344941248,0.7900937050962907,5744691200.0,cell,False,True
SZTaxi-15T/tlong,256,0.53848856921259,0.6909431344941248,0.7793529486429377,6144051200.0,cell,False,True
SZTaxi-15T/tlong,384,0.5180586255832618,0.6909431344941248,0.7497847503218326,6944000000.0,cell,False,True
SZTaxi-15T/tlong,512,0.512416386976845,0.6909431344941248,0.7416187547069435,7745587200.0,cell,False,True
SZTaxi-15T/tlong,768,0.5098570385611166,0.6909431344941248,0.7379146171477763,9353676800.0,cell,False,True
SZTaxi-15T/tlong,1024,0.507448909176575,0.6909431344941248,0.7344293384550447,10968320000.0,cell,False,True
SZTaxi-15T/tlong,1536,0.5156788110406931,0.6909431344941248,0.7463404516179877,14217267200.0,cell,False,False
SZTaxi-15T/tlong,2048,0.5118138733245541,0.6909431344941248,0.7407467384407539,17492428800.0,cell,False,False
SZTaxi-H/tshort,native,0.5632727563676095,0.7381672994945998,0.7630692347835848,4648576000.0,cell,True,False
SZTaxi-H/tshort,32,0.6478003136570415,0.7381672994945998,0.877579261639699,590284800.0,cell,False,True
SZTaxi-H/tshort,48,0.6138889195664283,0.7381672994945998,0.8316392774195484,787251200.0,cell,False,False
SZTaxi-H/tshort,64,0.6057444257224944,0.7381672994945998,0.8206058790970947,787251200.0,cell,False,True
SZTaxi-H/tshort,96,0.5865635308664824,0.7381672994945998,0.7946213971657702,984320000.0,cell,False,True
SZTaxi-H/tshort,128,0.5733848861207633,0.7381672994945998,0.7767682021587005,1181491200.0,cell,False,True
SZTaxi-H/tshort,192,0.562937981259506,0.7381672994945998,0.7626157127861558,1576140800.0,cell,False,True
SZTaxi-H/tshort,256,0.561053560593469,0.7381672994945998,0.7600628759599686,1971200000.0,cell,False,True
SZTaxi-H/tshort,384,0.5557830854302628,0.7381672994945998,0.7529229292746917,2762547200.0,cell,False,True
SZTaxi-H/tshort,512,0.5575635857696529,0.7381672994945998,0.7553349845643385,3555532800.0,cell,False,False
MDense-H/tshort,native,0.768790198874013,1.4875444172240992,0.5168183147825928,106660044800.0,cell,True,False
MDense-H/tshort,32,1.4441270345613744,1.4875444172240992,0.970812715129713,590284800.0,cell,False,True
MDense-H/tshort,48,1.3609111788365278,1.4875444172240992,0.9148709531484907,787251200.0,cell,False,False
MDense-H/tshort,64,1.2687911055358319,1.4875444172240992,0.852943341284234,787251200.0,cell,False,True
MDense-H/tshort,96,1.2050646117922683,1.4875444172240992,0.8101032801703055,984320000.0,cell,False,True
MDense-H/tshort,128,1.1345636404675503,1.4875444172240992,0.7627090844014964,1181491200.0,cell,False,True
MDense-H/tshort,192,0.9662706077826592,1.4875444172240992,0.6495742894089932,1576140800.0,cell,False,True
MDense-H/tshort,256,0.9275750430145595,1.4875444172240992,0.6235612411127216,1971200000.0,cell,False,True
MDense-H/tshort,384,0.8509647964771881,1.4875444172240992,0.5720600922056298,2762547200.0,cell,False,True
MDense-H/tshort,512,0.8199425912602444,1.4875444172240992,0.5512054509204747,3555532800.0,cell,False,True
MDense-H/tshort,768,0.8075109213274916,1.4875444172240992,0.5428482753035264,5146419200.0,cell,False,True
MDense-H/tshort,1024,0.7945880704615,1.4875444172240992,0.534160903876926,6743859200.0,cell,False,True
MDense-H/tshort,1536,0.7912971420271098,1.4875444172240992,0.5319485810741345,9958400000.0,cell,False,True
MDense-H/tshort,2048,0.7898157997182865,1.4875444172240992,0.5309527504342753,13199155200.0,cell,False,True
MDense-H/tshort,2560,0.791241704868484,1.4875444172240992,0.531911313508888,16466124800.0,cell,False,False
MDense-H/tshort,3072,0.7931836326595572,1.4875444172240992,0.5332167722021464,19759308800.0,cell,False,False
MDense-H/tshort,4096,0.7901711271431449,1.4875444172240992,0.5311916188813239,26424320000.0,cell,False,False
MDense-H/tshort,6144,0.7872830805908488,1.4875444172240992,0.5292501329540094,40068915200.0,cell,False,True
MDense-H/tshort,8192,0.7890533148353485,1.4875444172240992,0.5304401708607785,54132940800.0,cell,False,False
MDense-H/tshort,12288,0.7694513318152246,1.4875444172240992,0.5172627606314403,83519283200.0,cell,False,True
MDense-H/tshort,15360,0.7687901964478743,1.4875444172240992,0.5168183131516239,106660044800.0,cell,False,True
MDense-H/tmedium,native,0.6636592938137488,1.569946511898904,0.4227273278317171,109866240000.0,cell,True,False
MDense-H/tmedium,32,1.4728600110960024,1.569946511898904,0.9381593576169215,3158835200.0,cell,False,True
MDense-H/tmedium,48,1.317671386572224,1.569946511898904,0.83930973226499,3357132800.0,cell,False,False
MDense-H/tmedium,64,1.1428139635094527,1.569946511898904,0.727931782928821,3357132800.0,cell,False,True
MDense-H/tmedium,96,1.005714606527004,1.569946511898904,0.6406043765851346,3555532800.0,cell,False,True
MDense-H/tmedium,128,0.9065788127143671,1.569946511898904,0.5774584075592671,3754035200.0,cell,False,True
MDense-H/tmedium,192,0.7903631553630124,1.569946511898904,0.5034331739156139,4151347200.0,cell,False,True
MDense-H/tmedium,256,0.769329134769129,1.569946511898904,0.49003525211734705,4549068800.0,cell,False,True
MDense-H/tmedium,384,0.7152445278366357,1.569946511898904,0.4555852842218956,5345740800.0,cell,False,True
MDense-H/tmedium,512,0.6975173827037745,1.569946511898904,0.4442937242875258,6144051200.0,cell,False,True
MDense-H/tmedium,768,0.6948212586006037,1.569946511898904,0.44257638928105497,7745587200.0,cell,False,True
MDense-H/tmedium,1024,0.6871479801950592,1.569946511898904,0.43768878429108404,9353676800.0,cell,False,True
MDense-H/tmedium,1536,0.6868365488205593,1.569946511898904,0.43749041360001945,12589516800.0,cell,False,True
MDense-H/tmedium,2048,0.6868227351663576,1.569946511898904,0.43748161479439324,15851571200.0,cell,False,True
MDense-H/tmedium,2560,0.6889742733716622,1.569946511898904,0.43885206798435716,19139840000.0,cell,False,False
MDense-H/tmedium,3072,0.6863579603573448,1.569946511898904,0.43718556979828016,22454323200.0,cell,False,True
MDense-H/tmedium,4096,0.6801301489300358,1.569946511898904,0.43321867577984874,29161932800.0,cell,False,True
MDense-H/tmedium,6144,0.6815814873945922,1.569946511898904,0.43414312667900773,42891724800.0,cell,False,False
MDense-H/tmedium,8192,0.6802363856849747,1.569946511898904,0.43328634480814604,57040947200.0,cell,False,False
MDense-H/tmedium,12288,0.6624370726550665,1.569946511898904,0.42194881649428057,86597683200.0,cell,False,True
MDense-H/tmedium,15360,0.6636592876685202,1.569946511898904,0.42272732391742546,109866240000.0,cell,False,False
MDense-H/tlong,native,0.6618859279182217,1.4779178744488215,0.4478502759600679,111847884800.0,cell,True,False
MDense-H/tlong,32,1.4183883473617638,1.4779178744488215,0.9597206799401767,4748083200.0,cell,False,True
MDense-H/tlong,48,1.2475457662884553,1.4779178744488215,0.8441238771496138,4947200000.0,cell,False,False
MDense-H/tlong,64,1.1449407458336873,1.4779178744488215,0.7746984901043196,4947200000.0,cell,False,True
MDense-H/tlong,96,0.9871108916541268,1.4779178744488215,0.6679064572666208,5146419200.0,cell,False,True
MDense-H/tlong,128,0.9489449828866755,1.4779178744488215,0.6420823506452126,5345740800.0,cell,False,True
MDense-H/tlong,192,0.7932269795725274,1.4779178744488215,0.5367192543552906,5744691200.0,cell,False,True
MDense-H/tlong,256,0.7574451602129366,1.4779178744488215,0.5125082883887714,6144051200.0,cell,False,True
MDense-H/tlong,384,0.7267241690674765,1.4779178744488215,0.49172161838728884,6944000000.0,cell,False,True
MDense-H/tlong,512,0.7097789483456814,1.4779178744488215,0.4802560146384238,7745587200.0,cell,False,True
MDense-H/tlong,768,0.7011330914420805,1.4779178744488215,0.4744059893744521,9353676800.0,cell,False,True
MDense-H/tlong,1024,0.7018573685264374,1.4779178744488215,0.47489605522782513,10968320000.0,cell,False,False
MDense-H/tlong,1536,0.7003613424484659,1.4779178744488215,0.47388380271783404,14217267200.0,cell,False,True
MDense-H/tlong,2048,0.6979321074844289,1.4779178744488215,0.47224011533436355,17492428800.0,cell,False,True
MDense-H/tlong,2560,0.6926860824373352,1.4779178744488215,0.4686905100837672,20793804800.0,cell,False,True
MDense-H/tlong,3072,0.691568656425227,1.4779178744488215,0.46793442882145425,24121395200.0,cell,False,True
MDense-H/tlong,4096,0.6875269366839827,1.4779178744488215,0.4651996897597512,30855219200.0,cell,False,True
MDense-H/tlong,6144,0.6808929591387834,1.4779178744488215,0.4607109575643487,44637440000.0,cell,False,True
MDense-H/tlong,8192,0.6760751423681728,1.4779178744488215,0.45745108984510385,58839091200.0,cell,False,True
MDense-H/tlong,12288,0.6617866947845517,1.4779178744488215,0.4477831320846296,88500684800.0,cell,False,True
MDense-H/tlong,15360,0.6618859283546111,1.4779178744488215,0.447850276255341,111847884800.0,cell,False,False
MDense-D/tshort,native,0.661521284313178,1.6693368812171987,0.396277882407312,4350190933.333333,cell,True,False
MDense-D/tshort,32,0.7409015960868381,1.6693368812171987,0.44382988504190296,393420800.0,cell,False,True
MDense-D/tshort,48,0.7370285375239034,1.6693368812171987,0.44150976703186373,590284800.0,cell,False,False
MDense-D/tshort,64,0.7279705898589479,1.6693368812171987,0.436083691704066,590284800.0,cell,False,True
MDense-D/tshort,96,0.7692525439641814,1.6693368812171987,0.4608132442405994,787251200.0,cell,False,False
MDense-D/tshort,128,0.7635123644795926,1.6693368812171987,0.4573746456274762,984320000.0,cell,False,False
MDense-D/tshort,192,0.7309099106753515,1.6693368812171987,0.4378444632112889,1378764800.0,cell,False,False
MDense-D/tshort,256,0.6881016333490394,1.6693368812171987,0.41220058161496403,1773619200.0,cell,False,True
MDense-D/tshort,384,0.6649325763995207,1.6693368812171987,0.398321383706975,2564556800.0,cell,False,True
MDense-D/tshort,512,0.6529019603232564,1.6693368812171987,0.39111456032001896,3357132800.0,cell,False,True
Solar-10T/tshort,native,1.0856813116859785,1.1057028063509833,0.9818925170941012,106660044800.0,cell,True,False
Solar-10T/tshort,32,1.9794565703629108,1.1057028063509833,1.790224786437389,590284800.0,cell,False,True
Solar-10T/tshort,48,1.8017651052583776,1.1057028063509833,1.6295202426088835,787251200.0,cell,False,False
Solar-10T/tshort,64,1.6700604927200982,1.1057028063509833,1.5104063073074727,787251200.0,cell,False,True
Solar-10T/tshort,96,1.5472533505198098,1.1057028063509833,1.3993392633469224,984320000.0,cell,False,True
Solar-10T/tshort,128,1.1901953266905037,1.1057028063509833,1.0764152174112325,1181491200.0,cell,False,True
Solar-10T/tshort,192,1.1165636248092874,1.1057028063509833,1.0098225476103717,1576140800.0,cell,False,True
Solar-10T/tshort,256,1.1139620722188759,1.1057028063509833,1.0074696978432656,1971200000.0,cell,False,True
Solar-10T/tshort,384,1.1675383461394975,1.1057028063509833,1.055924195392596,2762547200.0,cell,False,False
Solar-10T/tshort,512,1.1660250177289158,1.1057028063509833,1.0545555379180112,3555532800.0,cell,False,False
Solar-10T/tshort,768,1.0312857320129871,1.1057028063509833,0.9326970376573559,5146419200.0,cell,False,True
Solar-10T/tshort,1024,1.1225621447794436,1.1057028063509833,1.0152476219935618,6743859200.0,cell,False,False
Solar-10T/tshort,1536,1.1158788886429636,1.1057028063509833,1.0092032707464704,9958400000.0,cell,False,False
Solar-10T/tshort,2048,1.09829591830275,1.1057028063509833,0.9933011944930508,13199155200.0,cell,False,False
Solar-10T/tshort,2560,1.1000353123551776,1.1057028063509833,0.9948743062211179,16466124800.0,cell,False,False
Solar-10T/tshort,3072,1.0861755158789317,1.1057028063509833,0.9823394764308366,19759308800.0,cell,False,False
Solar-10T/tshort,4096,1.1189951610686246,1.1057028063509833,1.0120216342414003,26424320000.0,cell,False,False
Solar-10T/tshort,6144,1.117958295695855,1.1057028063509833,1.0110838909646227,40068915200.0,cell,False,False
Solar-10T/tshort,8192,1.1025141287039604,1.1057028063509833,0.9971161530668932,54132940800.0,cell,False,False
Solar-10T/tshort,12288,1.0903408474787766,1.1057028063509833,0.9861066113028112,83519283200.0,cell,False,False
Solar-10T/tshort,15360,1.085681311933181,1.1057028063509833,0.9818925173176716,106660044800.0,cell,False,False
Solar-10T/tmedium,native,0.8420211790643697,0.9270005404761702,0.908328681914091,109866240000.0,cell,True,False
Solar-10T/tmedium,32,3.0180109119032266,0.9270005404761702,3.255673303440548,3158835200.0,cell,False,True
Solar-10T/tmedium,48,2.5037016387758984,0.9270005404761702,2.7008631920428305,3357132800.0,cell,False,False
Solar-10T/tmedium,64,2.224481961764672,0.9270005404761702,2.3996555175922847,3357132800.0,cell,False,True
Solar-10T/tmedium,96,2.0236107123239395,0.9270005404761702,2.1829660544582596,3555532800.0,cell,False,True
Solar-10T/tmedium,128,2.063653697920888,0.9270005404761702,2.2261623459904953,3754035200.0,cell,False,False
Solar-10T/tmedium,192,1.5782198457609231,0.9270005404761702,1.7025015378634436,4151347200.0,cell,False,True
Solar-10T/tmedium,256,1.2220078541972057,0.9270005404761702,1.3182385563329875,4549068800.0,cell,False,True
Solar-10T/tmedium,384,1.0306250051492716,0.9270005404761702,1.1117846863604555,5345740800.0,cell,False,True
Solar-10T/tmedium,512,0.994565873994205,0.9270005404761702,1.0728859699297788,6144051200.0,cell,False,True
Solar-10T/tmedium,768,0.9438193659998008,0.9270005404761702,1.0181432747762922,7745587200.0,cell,False,True
Solar-10T/tmedium,1024,0.882210434808809,0.9270005404761702,0.9516827620786996,9353676800.0,cell,False,True
Solar-10T/tmedium,1536,0.8720413188721613,0.9270005404761702,0.9407128483703169,12589516800.0,cell,False,True
Solar-10T/tmedium,2048,0.8619597369594733,0.9270005404761702,0.929837361817192,15851571200.0,cell,False,True
Solar-10T/tmedium,2560,0.835171550670783,0.9270005404761702,0.9009396588288744,19139840000.0,cell,False,True
Solar-10T/tmedium,3072,0.8367879947393969,0.9270005404761702,0.9026833946715564,22454323200.0,cell,False,False
Solar-10T/tmedium,4096,0.842926000192709,0.9270005404761702,0.9093047559171057,29161932800.0,cell,False,False
Solar-10T/tmedium,6144,0.8408818220726754,0.9270005404761702,0.9070996028122503,42891724800.0,cell,False,False
Solar-10T/tmedium,8192,0.8355295341149864,0.9270005404761702,0.9013258327614372,57040947200.0,cell,False,False
Solar-10T/tmedium,12288,0.8414834385067996,0.9270005404761702,0.9077485953509334,86597683200.0,cell,False,False
Solar-10T/tmedium,15360,0.8420211772707327,0.9270005404761702,0.9083286799792086,109866240000.0,cell,False,False
Solar-10T/tlong,native,0.8528757479397219,0.8709317964102903,0.9792681257648534,111847884800.0,cell,True,True
Solar-10T/tlong,32,2.0178572833452195,0.8709317964102903,2.3168947231714343,4748083200.0,cell,False,True
Solar-10T/tlong,48,2.0178764186736378,0.8709317964102903,2.3169166942700867,4947200000.0,cell,False,False
Solar-10T/tlong,64,2.0716012483205075,0.8709317964102903,2.37860330379371,4947200000.0,cell,False,False
Solar-10T/tlong,96,2.095153209438949,0.8709317964102903,2.40564556039235,5146419200.0,cell,False,False
Solar-10T/tlong,128,2.227671490750704,0.8709317964102903,2.5578024593113633,5345740800.0,cell,False,False
Solar-10T/tlong,192,1.9427542989494866,0.8709317964102903,2.230661811816855,5744691200.0,cell,False,True
Solar-10T/tlong,256,1.2669513932240781,0.8709317964102903,1.4547079328669104,6144051200.0,cell,False,True
Solar-10T/tlong,384,1.066887547745834,0.8709317964102903,1.2249955187572807,6944000000.0,cell,False,True
Solar-10T/tlong,512,0.9780087192010086,0.8709317964102903,1.1229452446587163,7745587200.0,cell,False,True
Solar-10T/tlong,768,0.9499764336512936,0.8709317964102903,1.0907586995523653,9353676800.0,cell,False,True
Solar-10T/tlong,1024,0.9199792682500847,0.8709317964102903,1.056316088173555,10968320000.0,cell,False,True
Solar-10T/tlong,1536,0.9024384626655659,0.8709317964102903,1.0361758135196537,14217267200.0,cell,False,True
Solar-10T/tlong,2048,0.8750537140318682,0.8709317964102903,1.0047327674090751,17492428800.0,cell,False,True
Solar-10T/tlong,2560,0.8721411067409746,0.8709317964102903,1.0013885247222212,20793804800.0,cell,False,True
Solar-10T/tlong,3072,0.8609306056777644,0.8709317964102903,0.9885166774554015,24121395200.0,cell,False,True
Solar-10T/tlong,4096,0.8682385016298932,0.8709317964102903,0.9969075709584861,30855219200.0,cell,False,False
Solar-10T/tlong,6144,0.8645282963656311,0.8709317964102903,0.9926475298398194,44637440000.0,cell,False,False
Solar-10T/tlong,8192,0.8545348104487647,0.8709317964102903,0.9811730539301597,58839091200.0,cell,False,True
Solar-10T/tlong,12288,0.8549009578637274,0.8709317964102903,0.9815934627572022,88500684800.0,cell,False,False
Solar-10T/tlong,15360,0.8528757506952128,0.8709317964102903,0.9792681289286959,111847884800.0,cell,False,False
Solar-H/tshort,native,0.8976450000605702,0.9519362458316396,0.942967561106323,54864718147.36842,cell,True,False
Solar-H/tshort,32,2.132508303932569,0.9519362458316396,2.240179752867322,590284800.0,cell,False,True
Solar-H/tshort,48,1.230030046761789,0.9519362458316396,1.2921349009956002,787251200.0,cell,False,False
Solar-H/tshort,64,1.1074697692350894,0.9519362458316396,1.1633864915686356,787251200.0,cell,False,True
Solar-H/tshort,96,1.060104457113549,0.9519362458316396,1.1136296803021828,984320000.0,cell,False,True
Solar-H/tshort,128,1.0100780544601993,0.9519362458316396,1.0610774186644876,1181491200.0,cell,False,True
Solar-H/tshort,192,0.9771149882987183,0.9519362458316396,1.026450030217183,1576140800.0,cell,False,True
Solar-H/tshort,256,0.9509267143978872,0.9519362458316396,0.9989394968012061,1971200000.0,cell,False,True
Solar-H/tshort,384,0.8951839076443201,0.9519362458316396,0.9403822068590959,2762547200.0,cell,False,True
Solar-H/tshort,512,0.9046344908748715,0.9519362458316396,0.9503099549324924,3555532800.0,cell,False,False
Solar-H/tshort,768,0.8955357497895472,0.9519362458316396,0.9407518136964947,5146419200.0,cell,False,False
Solar-H/tshort,1024,0.911870800937599,0.9519362458316396,0.9579116300387971,6743859200.0,cell,False,False
Solar-H/tshort,1536,0.882395210340719,0.9519362458316396,0.9269478016039115,9958400000.0,cell,False,True
Solar-H/tshort,2048,0.8965329254040365,0.9519362458316396,0.9417993372243105,13199155200.0,cell,False,False
Solar-H/tshort,2560,0.8808355425686929,0.9519362458316396,0.925309385398146,16466124800.0,cell,False,True
Solar-H/tshort,3072,0.8816175336764226,0.9519362458316396,0.9261308596419874,19759308800.0,cell,False,False
Solar-H/tshort,4096,0.890998725104899,0.9519362458316396,0.9359857122852762,26424320000.0,cell,False,False
Solar-H/tshort,6144,0.8988827633907583,0.9519362458316396,0.9442678197482309,40068915200.0,cell,False,False
Solar-H/tshort,8192,0.8990555138903806,0.9519362458316396,0.9444492925100664,54132940800.0,cell,False,False
Solar-H/tmedium,native,0.8790537416047363,0.9349685908749716,0.940196013196648,56035251200.0,cell,True,False
Solar-H/tmedium,32,2.1416655909259736,0.9349685908749716,2.290628382416289,3158835200.0,cell,False,True
Solar-H/tmedium,48,1.5193885853989946,0.9349685908749716,1.6250691202119476,3357132800.0,cell,False,False
Solar-H/tmedium,64,1.1435579206078654,0.9349685908749716,1.2230976866695487,3357132800.0,cell,False,True
Solar-H/tmedium,96,0.9859229251937185,0.9349685908749716,1.0544984449916786,3555532800.0,cell,False,True
Solar-H/tmedium,128,0.8873424038216682,0.9349685908749716,0.9490611903778142,3754035200.0,cell,False,True
Solar-H/tmedium,192,0.9502871272857599,0.9349685908749716,1.0163840117842384,4151347200.0,cell,False,False
Solar-H/tmedium,256,0.939580955980326,0.9349685908749716,1.0049331765263236,4549068800.0,cell,False,False
Solar-H/tmedium,384,0.9243557484767336,0.9349685908749716,0.9886489851083594,5345740800.0,cell,False,False
Solar-H/tmedium,512,0.9049342562935855,0.9349685908749716,0.9678766379164897,6144051200.0,cell,False,False
Solar-H/tmedium,768,0.8916144844375072,0.9349685908749716,0.9536304140475005,7745587200.0,cell,False,False
Solar-H/tmedium,1024,0.8925251197184951,0.9349685908749716,0.9546043882428642,9353676800.0,cell,False,False
Solar-H/tmedium,1536,0.9186438694396483,0.9349685908749716,0.9825398183482867,12589516800.0,cell,False,False
Solar-H/tmedium,2048,0.9056704295629993,0.9349685908749716,0.9686640154568676,15851571200.0,cell,False,False
Solar-H/tmedium,2560,0.8835114541640338,0.9349685908749716,0.9449637803738596,19139840000.0,cell,False,True
Solar-H/tmedium,3072,0.8867236669219989,0.9349685908749716,0.9483994174522764,22454323200.0,cell,False,False
Solar-H/tmedium,4096,0.8775331148506401,0.9349685908749716,0.9385696197873539,29161932800.0,cell,False,True
Solar-H/tmedium,6144,0.8762453505582768,0.9349685908749716,0.9371922855058266,42891724800.0,cell,False,True
Solar-H/tmedium,8192,0.8764994869122659,0.9349685908749716,0.9374640982238894,57040947200.0,cell,False,False
Solar-H/tlong,native,0.943793225897784,1.071196647792778,0.8810643945184937,55367910400.0,cell,True,False
Solar-H/tlong,32,2.1857933672319483,1.071196647792778,2.0405155036060085,4748083200.0,cell,False,True
Solar-H/tlong,48,1.5214899702431663,1.071196647792778,1.4203647606424337,4947200000.0,cell,False,False
Solar-H/tlong,64,1.3793968507675367,1.071196647792778,1.28771580233173,4947200000.0,cell,False,True
Solar-H/tlong,96,1.2002190504219308,1.071196647792778,1.1204469813222493,5146419200.0,cell,False,True
Solar-H/tlong,128,1.0918385472509502,1.071196647792778,1.0192699440394117,5345740800.0,cell,False,True
Solar-H/tlong,192,1.09780719646867,1.071196647792778,1.02484188942406,5744691200.0,cell,False,False
Solar-H/tlong,256,1.0334519365351147,1.071196647792778,0.9647639755637427,6144051200.0,cell,False,True
Solar-H/tlong,384,1.0212070877452744,1.071196647792778,0.9533329756487681,6944000000.0,cell,False,True
Solar-H/tlong,512,0.9889134440804064,1.071196647792778,0.9231857158235907,7745587200.0,cell,False,True
Solar-H/tlong,768,1.0130182351506618,1.071196647792778,0.9456883917980944,9353676800.0,cell,False,False
Solar-H/tlong,1024,1.0221453777503957,1.071196647792778,0.9542089025918319,10968320000.0,cell,False,False
Solar-H/tlong,1536,0.9716558767453207,1.071196647792778,0.9070751656546322,14217267200.0,cell,False,True
Solar-H/tlong,2048,0.9613632447113974,1.071196647792778,0.8974666292060431,17492428800.0,cell,False,True
Solar-H/tlong,2560,0.9421914471846119,1.071196647792778,0.8795690773734367,20793804800.0,cell,False,True
Solar-H/tlong,3072,0.9404096424011933,1.071196647792778,0.877905699517382,24121395200.0,cell,False,True
Solar-H/tlong,4096,0.9409341172829728,1.071196647792778,0.8783953153903034,30855219200.0,cell,False,False
Solar-H/tlong,6144,0.9381759135881943,1.071196647792778,0.8758204345778383,44637440000.0,cell,False,True
Solar-D/tshort,native,0.985211858185814,1.155861190610263,0.8523617422137422,2267776000.0,cell,True,False
Solar-D/tshort,32,0.990552811189051,1.155861190610263,0.8569824986217128,393420800.0,cell,False,True
Solar-D/tshort,48,1.0036935284932729,1.155861190610263,0.8683512662652427,590284800.0,cell,False,False
Solar-D/tshort,64,0.9905508446931593,1.155861190610263,0.8569807972964087,590284800.0,cell,False,True
Solar-D/tshort,96,0.983878212944759,1.155861190610263,0.8512079313133598,787251200.0,cell,False,True
Solar-D/tshort,128,0.9738373802334979,1.155861190610263,0.8425210467697584,984320000.0,cell,False,True
Solar-D/tshort,192,0.9807518909955116,1.155861190610263,0.848503175781602,1378764800.0,cell,False,False
Solar-D/tshort,256,1.0064854047019172,1.155861190610263,0.8707666741285089,1773619200.0,cell,False,False
Solar-W/tshort,native,1.2791045714879608,1.4703506784640206,0.8699316361891014,590284800.0,cell,True,True
HierSales-D/tshort,native,0.7450297902234116,1.134803399686105,0.6565276332706549,10968524800.0,cell,True,True
HierSales-D/tshort,32,0.7661708176392342,1.134803399686105,0.6751573161052943,393420800.0,cell,False,True
HierSales-D/tshort,48,0.7632912768327823,1.134803399686105,0.672619836214726,590284800.0,cell,False,True
HierSales-D/tshort,64,0.7776114947812565,1.134803399686105,0.6852389541627646,590284800.0,cell,False,False
HierSales-D/tshort,96,0.7613775025544754,1.134803399686105,0.6709333993580544,787251200.0,cell,False,True
HierSales-D/tshort,128,0.7594142579148662,1.134803399686105,0.6692033687288262,984320000.0,cell,False,True
HierSales-D/tshort,192,0.7550179872487557,1.134803399686105,0.6653293314574129,1378764800.0,cell,False,True
HierSales-D/tshort,256,0.7547430249140311,1.134803399686105,0.6650870319235901,1773619200.0,cell,False,True
HierSales-D/tshort,384,0.7494386256529942,1.134803399686105,0.6604127427361377,2564556800.0,cell,False,True
HierSales-D/tshort,512,0.7509851628991908,1.134803399686105,0.6617755666813465,3357132800.0,cell,False,False
HierSales-D/tshort,768,0.7470257235320786,1.134803399686105,0.6582864694789524,4947200000.0,cell,False,True
HierSales-D/tshort,1024,0.7461097078418354,1.134803399686105,0.6574792673763709,6543820800.0,cell,False,True
HierSales-D/tshort,1536,0.7456803320926177,1.134803399686105,0.6571008972116917,9756723200.0,cell,False,True
HierSales-W/tshort,native,0.7191166897566889,1.0250133777288335,0.7015681018232823,1773619200.0,cell,True,True
HierSales-W/tshort,32,0.8074298040115756,1.0250133777288335,0.7877261131953543,393420800.0,cell,False,True
HierSales-W/tshort,48,0.766942206729238,1.0250133777288335,0.7482265338122562,590284800.0,cell,False,False
HierSales-W/tshort,64,0.750825552875828,1.0250133777288335,0.7325031742897489,590284800.0,cell,False,True
HierSales-W/tshort,96,0.7410638893957442,1.0250133777288335,0.7229797244575983,787251200.0,cell,False,True
HierSales-W/tshort,128,0.7319078991828968,1.0250133777288335,0.7140471676619644,984320000.0,cell,False,True
HierSales-W/tshort,192,0.721869176337057,1.0250133777288335,0.7042534195373468,1378764800.0,cell,False,True
M4-Yearly/tshort,native,3.5744282430631182,3.965954931783283,0.9012780791878249,473909103.22973794,cell,True,True
M4-Yearly/tshort,32,3.6485845579693303,3.965954931783283,0.9199763034948943,393420800.0,cell,False,True
M4-Yearly/tshort,48,3.6267297103980747,3.965954931783283,0.9144656892929753,590284800.0,cell,False,False
M4-Yearly/tshort,64,3.6272869378168644,3.965954931783283,0.9146061920037661,590284800.0,cell,False,False
M4-Yearly/tshort,96,3.6276322311834943,3.965954931783283,0.9146932563735255,787251200.0,cell,False,False
M4-Yearly/tshort,128,3.6285117826439337,3.965954931783283,0.9149150318287609,984320000.0,cell,False,False
M4-Yearly/tshort,192,3.6288627793076116,3.965954931783283,0.9150035342625291,1378764800.0,cell,False,False
M4-Yearly/tshort,256,3.6285737145248493,3.965954931783283,0.9149306477099247,1773619200.0,cell,False,False
M4-Quarterly/tshort,native,1.2049142381742388,1.602247174616002,0.752015205433588,865299342.9333333,cell,True,True
M4-Quarterly/tshort,32,1.2849687873379396,1.602247174616002,0.8019791251283672,393420800.0,cell,False,True
M4-Quarterly/tshort,48,1.2588715048720918,1.602247174616002,0.7856911997200404,590284800.0,cell,False,False
M4-Quarterly/tshort,64,1.2245722700388977,1.602247174616002,0.7642842436794318,590284800.0,cell,False,True
M4-Quarterly/tshort,96,1.212280665326211,1.602247174616002,0.7566127652038137,787251200.0,cell,False,True
M4-Quarterly/tshort,128,1.2086887156928032,1.602247174616002,0.7543709452834455,984320000.0,cell,False,False
M4-Quarterly/tshort,192,1.2095122444784843,1.602247174616002,0.7548849288926713,1378764800.0,cell,False,False
M4-Quarterly/tshort,256,1.2099234916636943,1.602247174616002,0.7551415978958846,1773619200.0,cell,False,False
M4-Quarterly/tshort,384,1.2095880539906034,1.602247174616002,0.7549322433852915,2564556800.0,cell,False,False
M4-Quarterly/tshort,512,1.209559498274305,1.602247174616002,0.7549144210937307,3357132800.0,cell,False,False
M4-Quarterly/tshort,768,1.2095598208023697,1.602247174616002,0.7549146223910523,4947200000.0,cell,False,False
M4-Monthly/tshort,native,0.9461756580456884,1.259717038974429,0.7511017385428053,1639274253.8666666,cell,True,True
M4-Monthly/tshort,32,0.9956288968300001,1.259717038974429,0.7903591568790477,393420800.0,cell,False,True
M4-Monthly/tshort,48,0.9737665622768787,1.259717038974429,0.7730042002683789,590284800.0,cell,False,False
M4-Monthly/tshort,64,0.9541552517048794,1.259717038974429,0.7574361719213419,590284800.0,cell,False,True
M4-Monthly/tshort,96,0.9549956394871812,1.259717038974429,0.7581032961693286,787251200.0,cell,False,False
M4-Monthly/tshort,128,0.950825796784011,1.259717038974429,0.754793153832471,984320000.0,cell,False,True
M4-Monthly/tshort,192,0.9476973735100713,1.259717038974429,0.7523097205080423,1378764800.0,cell,False,True
M4-Monthly/tshort,256,0.9446829309340501,1.259717038974429,0.7499167683745415,1773619200.0,cell,False,True
M4-Monthly/tshort,384,0.94401373626114,1.259717038974429,0.7493855421926245,2564556800.0,cell,False,True
M4-Monthly/tshort,512,0.9439264653983315,1.259717038974429,0.7493162640451451,3357132800.0,cell,False,True
M4-Monthly/tshort,768,0.9441294705596426,1.259717038974429,0.7494774154426656,4947200000.0,cell,False,False
M4-Monthly/tshort,1024,0.9441916523658015,1.259717038974429,0.7495267771677475,6543820800.0,cell,False,False
M4-Monthly/tshort,1536,0.9441811850641796,1.259717038974429,0.7495184679194813,9756723200.0,cell,False,False
M4-Monthly/tshort,2048,0.9441918679455924,1.259717038974429,0.7495269483012514,12995840000.0,cell,False,False
M4-Monthly/tshort,2560,0.9441861874139754,1.259717038974429,0.7495224389301457,16261171200.0,cell,False,False
M4-Weekly/tshort,native,2.0008166227494675,2.777295047362158,0.7204191807600059,6668742952.646239,cell,True,False
M4-Weekly/tshort,32,2.787486424564128,2.777295047362158,1.0036695334950638,393420800.0,cell,False,True
M4-Weekly/tshort,48,2.6280935240623022,2.777295047362158,0.9462781156645329,590284800.0,cell,False,False
M4-Weekly/tshort,64,2.4255143435917903,2.777295047362158,0.8733369347615823,590284800.0,cell,False,True
M4-Weekly/tshort,96,2.259873903411546,2.777295047362158,0.81369601172117,787251200.0,cell,False,True
M4-Weekly/tshort,128,2.162570012200464,2.777295047362158,0.7786605223144899,984320000.0,cell,False,True
M4-Weekly/tshort,192,2.0289408043863397,2.777295047362158,0.7305456459562709,1378764800.0,cell,False,True
M4-Weekly/tshort,256,2.025620003705573,2.777295047362158,0.7293499499196109,1773619200.0,cell,False,True
M4-Weekly/tshort,384,1.974213759004524,2.777295047362158,0.7108404851978578,2564556800.0,cell,False,True
M4-Weekly/tshort,512,1.9928980361718325,2.777295047362158,0.7175679941044304,3357132800.0,cell,False,False
M4-Weekly/tshort,768,1.9938678376797232,2.777295047362158,0.7179171833304047,4947200000.0,cell,False,False
M4-Weekly/tshort,1024,2.0060439518041377,2.777295047362158,0.7223013463079678,6543820800.0,cell,False,False
M4-Weekly/tshort,1536,2.002669777885935,2.777295047362158,0.7210864325661211,9756723200.0,cell,False,False
M4-Weekly/tshort,2048,2.0098132601974537,2.777295047362158,0.7236585331855003,12995840000.0,cell,False,False
M4-Weekly/tshort,2560,2.009592469777756,2.777295047362158,0.7235790348189485,16261171200.0,cell,False,False
M4-Daily/tshort,native,3.297276374090984,3.278424296610481,1.0057503470493414,15247087538.963804,cell,True,False
M4-Daily/tshort,32,3.4658659144543806,3.278424296610481,1.05717430109266,393420800.0,cell,False,True
M4-Daily/tshort,48,3.499087928829739,3.278424296610481,1.0673078321336869,590284800.0,cell,False,False
M4-Daily/tshort,64,3.4481483276718756,3.278424296610481,1.0517700015940188,590284800.0,cell,False,True
M4-Daily/tshort,96,3.399186463918318,3.278424296610481,1.0368354295789874,787251200.0,cell,False,True
M4-Daily/tshort,128,3.3701465614582116,3.278424296610481,1.0279775454759048,984320000.0,cell,False,True
M4-Daily/tshort,192,3.424955335857035,3.278424296610481,1.044695568965265,1378764800.0,cell,False,False
M4-Daily/tshort,256,3.3475934593169607,3.278424296610481,1.0210982949272287,1773619200.0,cell,False,True
M4-Daily/tshort,384,3.3065550343566117,3.278424296610481,1.0085805665164251,2564556800.0,cell,False,True
M4-Daily/tshort,512,3.3002992353358094,3.278424296610481,1.00667239403635,3357132800.0,cell,False,True
M4-Daily/tshort,768,3.2787878012071086,3.278424296610481,1.0001108778375647,4947200000.0,cell,False,True
M4-Daily/tshort,1024,3.2796947900498274,3.278424296610481,1.0003875317300022,6543820800.0,cell,False,False
M4-Daily/tshort,1536,3.273311033211441,3.278424296610481,0.9984403289701316,9756723200.0,cell,False,True
M4-Daily/tshort,2048,3.2510264345947877,3.278424296610481,0.9916429785967548,12995840000.0,cell,False,True
M4-Daily/tshort,2560,3.272927857090879,3.278424296610481,0.9983234508342057,16261171200.0,cell,False,False
M4-Daily/tshort,3072,3.2847005362293595,3.278424296610481,1.001914407364955,19552716800.0,cell,False,False
M4-Daily/tshort,4096,3.303971553175982,3.278424296610481,1.0077925412497444,26214451200.0,cell,False,False
M4-Daily/tshort,6144,3.3052271822093187,3.278424296610481,1.0081755389705198,39852492800.0,cell,False,False
M4-Daily/tshort,8192,3.3052951322937725,3.278424296610481,1.0081962654166128,53909964800.0,cell,False,False
M4-Hourly/tshort,native,0.7335464692116598,1.1932101877276544,0.6147671858288632,5692458542.995169,cell,True,False
M4-Hourly/tshort,32,1.7586755469600903,1.1932101877276544,1.473902557192632,590284800.0,cell,False,True
M4-Hourly/tshort,48,1.4735435252573512,1.1932101877276544,1.2349404492292868,787251200.0,cell,False,False
M4-Hourly/tshort,64,1.3444738220168462,1.1932101877276544,1.1267703174553494,787251200.0,cell,False,True
M4-Hourly/tshort,96,1.4153603784779525,1.1932101877276544,1.1861785903566247,984320000.0,cell,False,False
M4-Hourly/tshort,128,1.0943164242722376,1.1932101877276544,0.917119578367203,1181491200.0,cell,False,True
M4-Hourly/tshort,192,0.7633197738476158,1.1932101877276544,0.6397194573918946,1576140800.0,cell,False,True
M4-Hourly/tshort,256,0.7554851198048321,1.1932101877276544,0.6331534272629498,1971200000.0,cell,False,True
M4-Hourly/tshort,384,0.7255727238844372,1.1932101877276544,0.608084586728358,2762547200.0,cell,False,True
M4-Hourly/tshort,512,0.7336927652293812,1.1932101877276544,0.6148897929095152,3555532800.0,cell,False,False
M4-Hourly/tshort,768,0.7341339278797502,1.1932101877276544,0.6152595204352324,5146419200.0,cell,False,False
Hospital/tshort,native,0.7589478166266788,0.9205278266364826,0.8244702600678557,787251200.0,cell,True,False
Hospital/tshort,32,0.7585861890919019,0.9205278266364826,0.824077412047065,393420800.0,cell,False,True
Hospital/tshort,48,0.7555378180021235,0.9205278266364826,0.820765865126298,590284800.0,cell,False,False
Hospital/tshort,64,0.7517275370165439,0.9205278266364826,0.8166266301403206,590284800.0,cell,False,True
CovidDeaths-D/tshort,native,36.90730529591922,46.91239825526407,0.7867281714120814,1378764800.0,cell,True,True
CovidDeaths-D/tshort,32,39.592128804563764,46.91239825526407,0.8439587460255478,393420800.0,cell,False,True
CovidDeaths-D/tshort,48,40.98647029504796,46.91239825526407,0.8736809845454626,590284800.0,cell,False,False
CovidDeaths-D/tshort,64,41.07941328234736,46.91239825526407,0.875662187612372,590284800.0,cell,False,False
CovidDeaths-D/tshort,96,38.881931872367645,46.91239825526407,0.8288199563109029,787251200.0,cell,False,True
CovidDeaths-D/tshort,128,38.155933500903934,46.91239825526407,0.8133443379570225,984320000.0,cell,False,True
USBirths-D/tshort,native,0.342972143002108,1.8648391912491091,0.18391513038310714,45722344960.0,cell,True,False
USBirths-D/tshort,32,0.5511442907148097,1.8648391912491091,0.2955452101720586,393420800.0,cell,False,True
USBirths-D/tshort,48,0.5102060690955963,1.8648391912491091,0.27359252824038377,590284800.0,cell,False,False
USBirths-D/tshort,64,0.5048305388216837,1.8648391912491091,0.2707099578294134,590284800.0,cell,False,True
USBirths-D/tshort,96,0.5012094660059321,1.8648391912491091,0.2687681963988601,787251200.0,cell,False,True
USBirths-D/tshort,128,0.4911364964017156,1.8648391912491091,0.2633666745671201,984320000.0,cell,False,True
USBirths-D/tshort,192,0.4947674521796477,1.8648391912491091,0.26531373563006355,1378764800.0,cell,False,False
USBirths-D/tshort,256,0.4695582654060491,1.8648391912491091,0.2517955798062829,1773619200.0,cell,False,True
USBirths-D/tshort,384,0.4204808265573817,1.8648391912491091,0.2254783299978454,2564556800.0,cell,False,True
USBirths-D/tshort,512,0.3831732239265699,1.8648391912491091,0.2054725285293432,3357132800.0,cell,False,True
USBirths-D/tshort,768,0.35860452328672265,1.8648391912491091,0.1922978265201096,4947200000.0,cell,False,True
USBirths-D/tshort,1024,0.3346087311103785,1.8648391912491091,0.17943034052509932,6543820800.0,cell,False,True
USBirths-D/tshort,1536,0.3351429196618308,1.8648391912491091,0.17971679340208682,9756723200.0,cell,False,False
USBirths-D/tshort,2048,0.33819708088870476,1.8648391912491091,0.18135455457806693,12995840000.0,cell,False,False
USBirths-D/tshort,2560,0.3392644113839664,1.8648391912491091,0.18192689909992713,16261171200.0,cell,False,False
USBirths-D/tshort,3072,0.34491945178424643,1.8648391912491091,0.18495935381603174,19552716800.0,cell,False,False
USBirths-D/tshort,4096,0.34568445581069157,1.8648391912491091,0.1853695790140193,26214451200.0,cell,False,False
USBirths-D/tshort,6144,0.3446861681479313,1.8648391912491091,0.18483425797001463,39852492800.0,cell,False,False
USBirths-W/tshort,native,1.0862678428313848,1.5634204337929731,0.6948021270235153,6401053257.142858,cell,True,False
USBirths-W/tshort,32,1.5558931533005567,1.5634204337929731,0.995185376671741,393420800.0,cell,False,True
USBirths-W/tshort,48,1.624915689743933,1.5634204337929731,1.0393337931510642,590284800.0,cell,False,False
USBirths-W/tshort,64,1.2096090487087099,1.5634204337929731,0.7736940253327182,590284800.0,cell,False,True
USBirths-W/tshort,96,1.2269565943844767,1.5634204337929731,0.7847899182229502,787251200.0,cell,False,False
USBirths-W/tshort,128,1.0779361565014831,1.5634204337929731,0.6894729870495108,984320000.0,cell,False,True
USBirths-W/tshort,192,1.089669440575961,1.5634204337929731,0.6969778678997707,1378764800.0,cell,False,False
USBirths-W/tshort,256,1.0383900673684818,1.5634204337929731,0.6641783904853227,1773619200.0,cell,False,True
USBirths-W/tshort,384,0.9804631933366351,1.5634204337929731,0.6271270172399879,2564556800.0,cell,False,True
USBirths-W/tshort,512,0.9948917604744966,1.5634204337929731,0.6363558637012412,3357132800.0,cell,False,False
USBirths-W/tshort,768,1.049818584209295,1.5634204337929731,0.6714883351385896,4947200000.0,cell,False,False
USBirths-W/tshort,1024,1.056995412917947,1.5634204337929731,0.6760788013711695,6543820800.0,cell,False,False
USBirths-M/tshort,native,0.6082201476606218,0.7605310792868888,0.799730825242433,1674880000.0,cell,True,False
USBirths-M/tshort,32,0.7044597247524665,0.7605310792868888,0.9262734212163986,393420800.0,cell,False,True
USBirths-M/tshort,48,0.5877595275494507,0.7605310792868888,0.7728277562312941,590284800.0,cell,False,False
USBirths-M/tshort,64,0.5524966843364182,0.7605310792868888,0.7264616784030261,590284800.0,cell,False,True
USBirths-M/tshort,96,0.5996855106135079,0.7605310792868888,0.7885088814198132,787251200.0,cell,False,False
USBirths-M/tshort,128,0.473517077828803,0.7605310792868888,0.6226137112934238,984320000.0,cell,False,True
USBirths-M/tshort,192,0.6363142575907762,0.7605310792868888,0.8366709460281566,1378764800.0,cell,False,False
SaugeenDay-D/tshort,native,2.714951157382063,3.413049305768806,0.7954620382404664,106414131200.0,cell,True,True
SaugeenDay-D/tshort,32,3.3782162137515295,3.413049305768806,0.9897941433314776,393420800.0,cell,False,True
SaugeenDay-D/tshort,48,3.6690793527674996,3.413049305768806,1.0750150449235956,590284800.0,cell,False,False
SaugeenDay-D/tshort,64,3.326956660918832,3.413049305768806,0.9747754464887284,590284800.0,cell,False,True
SaugeenDay-D/tshort,96,3.31850355613298,3.413049305768806,0.972298744856682,787251200.0,cell,False,True
SaugeenDay-D/tshort,128,3.355366237697348,3.413049305768806,0.9830992573198516,984320000.0,cell,False,False
SaugeenDay-D/tshort,192,3.6871363053787216,3.413049305768806,1.0803056079930191,1378764800.0,cell,False,False
SaugeenDay-D/tshort,256,3.644263620622613,3.413049305768806,1.0677442058815276,1773619200.0,cell,False,False
SaugeenDay-D/tshort,384,3.3476341790629416,3.413049305768806,0.9808338172568154,2564556800.0,cell,False,False
SaugeenDay-D/tshort,512,3.2611272734443015,3.413049305768806,0.9554878881861676,3357132800.0,cell,False,True
SaugeenDay-D/tshort,768,3.318846608148837,3.413049305768806,0.9723992567406672,4947200000.0,cell,False,False
SaugeenDay-D/tshort,1024,3.2004055908106435,3.413049305768806,0.9376968523136342,6543820800.0,cell,False,True
SaugeenDay-D/tshort,1536,2.8877572367153777,3.413049305768806,0.8460930323609539,9756723200.0,cell,False,True
SaugeenDay-D/tshort,2048,2.960145595843428,3.413049305768806,0.867302324299895,12995840000.0,cell,False,False
SaugeenDay-D/tshort,2560,2.9438058969856873,3.413049305768806,0.8625149047832407,16261171200.0,cell,False,False
SaugeenDay-D/tshort,3072,2.914378592693556,3.413049305768806,0.8538929067821006,19552716800.0,cell,False,False
SaugeenDay-D/tshort,4096,2.7797817917508043,3.413049305768806,0.8144569687441551,26214451200.0,cell,False,True
SaugeenDay-D/tshort,6144,2.760173738789008,3.413049305768806,0.8087119439275917,39852492800.0,cell,False,True
SaugeenDay-D/tshort,8192,2.7525923013285927,3.413049305768806,0.8064906348338141,53909964800.0,cell,False,True
SaugeenDay-D/tshort,12288,2.716136118950469,3.413049305768806,0.7958092238396909,83283200000.0,cell,False,True
SaugeenDay-D/tshort,15360,2.7149511725638416,3.413049305768806,0.7954620426886232,106414131200.0,cell,False,False
SaugeenDay-W/tshort,native,1.247852446501287,1.990658004828632,0.6268542579762262,21156595200.0,cell,True,False
SaugeenDay-W/tshort,32,1.5689105384002422,1.990658004828632,0.7881366536063052,393420800.0,cell,False,True
SaugeenDay-W/tshort,48,1.5381382010319737,1.990658004828632,0.7726782788911981,590284800.0,cell,False,False
SaugeenDay-W/tshort,64,1.3592435116729908,1.990658004828632,0.682811165140344,590284800.0,cell,False,True
SaugeenDay-W/tshort,96,1.3799102107780719,1.990658004828632,0.6931930082570175,787251200.0,cell,False,False
SaugeenDay-W/tshort,128,1.3365620101953481,1.990658004828632,0.6714171931860328,984320000.0,cell,False,True
SaugeenDay-W/tshort,192,1.287622662161074,1.990658004828632,0.646832684990469,1378764800.0,cell,False,True
SaugeenDay-W/tshort,256,1.2397970483843717,1.990658004828632,0.6228076572555721,1773619200.0,cell,False,True
SaugeenDay-W/tshort,384,1.2719600151530936,1.990658004828632,0.6389646097259141,2564556800.0,cell,False,False
SaugeenDay-W/tshort,512,1.2526590733918748,1.990658004828632,0.6292688499749164,3357132800.0,cell,False,False
SaugeenDay-W/tshort,768,1.224673895190065,1.990658004828632,0.6152105947980213,4947200000.0,cell,False,True
SaugeenDay-W/tshort,1024,1.227304303459648,1.990658004828632,0.6165319710782274,6543820800.0,cell,False,False
SaugeenDay-W/tshort,1536,1.2437482508670246,1.990658004828632,0.6247925298319106,9756723200.0,cell,False,False
SaugeenDay-W/tshort,2048,1.2464146303267662,1.990658004828632,0.6261319761121225,12995840000.0,cell,False,False
SaugeenDay-W/tshort,2560,1.268592144638227,1.990658004828632,0.6372727718980715,16261171200.0,cell,False,False
SaugeenDay-W/tshort,3072,1.255718002954624,1.990658004828632,0.6308054924093924,19552716800.0,cell,False,False
SaugeenDay-M/tshort,native,0.7143472008351863,0.9763741730697156,0.7316326266489436,4804988342.857142,cell,True,True
SaugeenDay-M/tshort,32,0.9860873029851792,0.9763741730697156,1.0099481635046998,393420800.0,cell,False,True
SaugeenDay-M/tshort,48,0.8867667561168614,0.9763741730697156,0.908224306393594,590284800.0,cell,False,False
SaugeenDay-M/tshort,64,0.8794230773492144,0.9763741730697156,0.9007029288621109,590284800.0,cell,False,True
SaugeenDay-M/tshort,96,0.8991253145938969,0.9763741730697156,0.920881911252375,787251200.0,cell,False,False
SaugeenDay-M/tshort,128,0.8644484410616284,0.9763741730697156,0.8853659436154551,984320000.0,cell,False,True
SaugeenDay-M/tshort,192,0.8000091895428428,0.9763741730697156,0.8193674224581523,1378764800.0,cell,False,True
SaugeenDay-M/tshort,256,0.823633389591406,0.9763741730697156,0.8435632693989709,1773619200.0,cell,False,False
SaugeenDay-M/tshort,384,0.7431986067715157,0.9763741730697156,0.7611821648609395,2564556800.0,cell,False,True
SaugeenDay-M/tshort,512,0.7299677688772848,0.9763741730697156,0.747631173592261,3357132800.0,cell,False,True
SaugeenDay-M/tshort,768,0.7244491372701907,0.9763741730697156,0.7419790048240688,4947200000.0,cell,False,False
Electricity-15T/tshort,native,1.0813658560457695,1.7170601412372184,0.6297775075406487,106660044800.0,cell,True,False
Electricity-15T/tshort,32,2.5555176340118275,1.7170601412372184,1.4883099156739281,590284800.0,cell,False,True
Electricity-15T/tshort,48,2.5646832467847687,1.7170601412372184,1.4936478840728316,787251200.0,cell,False,False
Electricity-15T/tshort,64,2.326700396614898,1.7170601412372184,1.355048865637523,787251200.0,cell,False,True
Electricity-15T/tshort,96,2.3417231158085214,1.7170601412372184,1.3637979588304958,984320000.0,cell,False,False
Electricity-15T/tshort,128,1.8690333510824568,1.7170601412372184,1.0885077966667696,1181491200.0,cell,False,True
Electricity-15T/tshort,192,1.4917085421954028,1.7170601412372184,0.8687573057985961,1576140800.0,cell,False,True
Electricity-15T/tshort,256,1.345191721930101,1.7170601412372184,0.7834272601312791,1971200000.0,cell,False,True
Electricity-15T/tshort,384,1.2641999487309654,1.7170601412372184,0.7362583979266172,2762547200.0,cell,False,True
Electricity-15T/tshort,512,1.2037880143380368,1.7170601412372184,0.7010750441569589,3555532800.0,cell,False,True
Electricity-15T/tshort,768,1.1053768939427997,1.7170601412372184,0.6437613147005593,5146419200.0,cell,False,True
Electricity-15T/tshort,1024,1.0941146409716163,1.7170601412372184,0.6372022823750704,6743859200.0,cell,False,True
Electricity-15T/tshort,1536,1.0803817320054718,1.7170601412372184,0.6292043627703154,9958400000.0,cell,False,True
Electricity-15T/tshort,2048,1.081819334956709,1.7170601412372184,0.6300416094786347,13199155200.0,cell,False,False
Electricity-15T/tshort,2560,1.0831514138563088,1.7170601412372184,0.6308173999519026,16466124800.0,cell,False,False
Electricity-15T/tshort,3072,1.0809068191993467,1.7170601412372184,0.6295101687122648,19759308800.0,cell,False,False
Electricity-15T/tshort,4096,1.076197701026808,1.7170601412372184,0.6267676216928311,26424320000.0,cell,False,True
Electricity-15T/tshort,6144,1.0755864003689715,1.7170601412372184,0.6264116058241056,40068915200.0,cell,False,True
Electricity-15T/tshort,8192,1.0755471347828722,1.7170601412372184,0.6263887379086749,54132940800.0,cell,False,True
Electricity-15T/tshort,12288,1.0762729778127407,1.7170601412372184,0.6268114621991272,83519283200.0,cell,False,False
Electricity-15T/tshort,15360,1.0813658564154602,1.7170601412372184,0.6297775077559531,106660044800.0,cell,False,False
Electricity-15T/tmedium,native,0.8656986824207712,1.1507882041044135,0.7522658638080935,109866240000.0,cell,True,False
Electricity-15T/tmedium,32,2.811404315240101,1.1507882041044135,2.443024967768106,3158835200.0,cell,False,True
Electricity-15T/tmedium,48,2.801169418015389,1.1507882041044135,2.4341311529130283,3357132800.0,cell,False,False
Electricity-15T/tmedium,64,2.796362946481169,1.1507882041044135,2.4299544751220346,3357132800.0,cell,False,True
Electricity-15T/tmedium,96,3.238601315833969,1.1507882041044135,2.814246187337634,3555532800.0,cell,False,False
Electricity-15T/tmedium,128,1.796589843512278,1.1507882041044135,1.5611820116895025,3754035200.0,cell,False,True
Electricity-15T/tmedium,192,1.4140384156157733,1.1507882041044135,1.228756438910695,4151347200.0,cell,False,True
Electricity-15T/tmedium,256,1.2238268114125057,1.1507882041044135,1.0634683315727358,4549068800.0,cell,False,True
Electricity-15T/tmedium,384,1.1180821948723185,1.1507882041044135,0.9715794712567913,5345740800.0,cell,False,True
Electricity-15T/tmedium,512,1.0269412446966468,1.1507882041044135,0.8923807534991645,6144051200.0,cell,False,True
Electricity-15T/tmedium,768,0.9619374100799247,1.1507882041044135,0.8358943953796785,7745587200.0,cell,False,True
Electricity-15T/tmedium,1024,0.9320139345332573,1.1507882041044135,0.8098918039037301,9353676800.0,cell,False,True
Electricity-15T/tmedium,1536,0.9060981937105999,1.1507882041044135,0.78737181218829,12589516800.0,cell,False,True
Electricity-15T/tmedium,2048,0.8883195248986684,1.1507882041044135,0.7719226889277961,15851571200.0,cell,False,True
Electricity-15T/tmedium,2560,0.8816626873517842,1.1507882041044135,0.7661380992672993,19139840000.0,cell,False,True
Electricity-15T/tmedium,3072,0.8753283454568395,1.1507882041044135,0.7606337485341647,22454323200.0,cell,False,True
Electricity-15T/tmedium,4096,0.8682929375572619,1.1507882041044135,0.7545201927343355,29161932800.0,cell,False,True
Electricity-15T/tmedium,6144,0.8648031233499859,1.1507882041044135,0.7514876501736547,42891724800.0,cell,False,True
Electricity-15T/tmedium,8192,0.8660122463943213,1.1507882041044135,0.75253834137819,57040947200.0,cell,False,False
Electricity-15T/tmedium,12288,0.8658226929768901,1.1507882041044135,0.7523736252151678,86597683200.0,cell,False,False
Electricity-15T/tmedium,15360,0.8656986832282226,1.1507882041044135,0.7522658645097442,109866240000.0,cell,False,False
Electricity-15T/tlong,native,0.9183480364594414,1.1635317075319347,0.7892763304297284,111847884800.0,cell,True,True
Electricity-15T/tlong,32,3.006841708076438,1.1635317075319347,2.5842370161570445,4748083200.0,cell,False,True
Electricity-15T/tlong,48,3.0452765420990318,1.1635317075319347,2.617269922586489,4947200000.0,cell,False,False
Electricity-15T/tlong,64,2.8920061457148822,1.1635317075319347,2.485541328176918,4947200000.0,cell,False,True
Electricity-15T/tlong,96,3.0760692676324677,1.1635317075319347,2.643734801312272,5146419200.0,cell,False,False
Electricity-15T/tlong,128,1.8568388286939006,1.1635317075319347,1.595864398601219,5345740800.0,cell,False,True
Electricity-15T/tlong,192,1.344198180213571,1.1635317075319347,1.1552742151435333,5744691200.0,cell,False,True
Electricity-15T/tlong,256,1.1806289453978613,1.1635317075319347,1.0146942603757598,6144051200.0,cell,False,True
Electricity-15T/tlong,384,1.116794422366827,1.1635317075319347,0.9598315328559063,6944000000.0,cell,False,True
Electricity-15T/tlong,512,1.060857527035856,1.1635317075319347,0.9117564396127463,7745587200.0,cell,False,True
Electricity-15T/tlong,768,1.0055451635235504,1.1635317075319347,0.8642181016764013,9353676800.0,cell,False,True
Electricity-15T/tlong,1024,0.9845434384159125,1.1635317075319347,0.8461681207676847,10968320000.0,cell,False,True
Electricity-15T/tlong,1536,0.9609597400675848,1.1635317075319347,0.8258990570235147,14217267200.0,cell,False,True
Electricity-15T/tlong,2048,0.9478844769939643,1.1635317075319347,0.8146614921260736,17492428800.0,cell,False,True
Electricity-15T/tlong,2560,0.9382568127541829,1.1635317075319347,0.8063869739694491,20793804800.0,cell,False,True
Electricity-15T/tlong,3072,0.931233789240965,1.1635317075319347,0.8003510202711052,24121395200.0,cell,False,True
Electricity-15T/tlong,4096,0.9217474763562205,1.1635317075319347,0.7921979868614125,30855219200.0,cell,False,True
Electricity-15T/tlong,6144,0.9185093568161938,1.1635317075319347,0.7894149775810765,44637440000.0,cell,False,True
Electricity-15T/tlong,8192,0.9210206275141379,1.1635317075319347,0.7915732949536824,58839091200.0,cell,False,False
Electricity-15T/tlong,12288,0.918594070463041,1.1635317075319347,0.7894877849195433,88500684800.0,cell,False,False
Electricity-15T/tlong,15360,0.9183480366135139,1.1635317075319347,0.7892763305621464,111847884800.0,cell,False,False
Electricity-H/tshort,native,0.9074614286733204,1.3577726051465433,0.6683456605573352,106660044800.0,cell,True,False
Electricity-H/tshort,32,1.516247518325046,1.3577726051465433,1.11671682914931,590284800.0,cell,False,True
Electricity-H/tshort,48,1.408929878384868,1.3577726051465433,1.0376773496861085,787251200.0,cell,False,False
Electricity-H/tshort,64,1.378883068514724,1.3577726051465433,1.0155478636762614,787251200.0,cell,False,True
Electricity-H/tshort,96,1.315784095499947,1.3577726051465433,0.9690754479156216,984320000.0,cell,False,True
Electricity-H/tshort,128,1.2324763951819218,1.3577726051465433,0.9077192974068744,1181491200.0,cell,False,True
Electricity-H/tshort,192,1.0508104750409124,1.3577726051465433,0.7739222834942228,1576140800.0,cell,False,True
Electricity-H/tshort,256,1.026158018442785,1.3577726051465433,0.7557657405615666,1971200000.0,cell,False,True
Electricity-H/tshort,384,0.9511397322098644,1.3577726051465433,0.7005147464344433,2762547200.0,cell,False,True
Electricity-H/tshort,512,0.9458660982438905,1.3577726051465433,0.6966307131685013,3555532800.0,cell,False,True
Electricity-H/tshort,768,0.9459608104847598,1.3577726051465433,0.6967004687671269,5146419200.0,cell,False,False
Electricity-H/tshort,1024,0.936833454444271,1.3577726051465433,0.6899781678414106,6743859200.0,cell,False,True
Electricity-H/tshort,1536,0.9509584729558324,1.3577726051465433,0.7003812489302627,9958400000.0,cell,False,False
Electricity-H/tshort,2048,0.9412061851415693,1.3577726051465433,0.6931986855339342,13199155200.0,cell,False,False
Electricity-H/tshort,2560,0.9349014001935392,1.3577726051465433,0.6885552092079779,16466124800.0,cell,False,True
Electricity-H/tshort,3072,0.9348428013229954,1.3577726051465433,0.6885120511192657,19759308800.0,cell,False,True
Electricity-H/tshort,4096,0.9334782561017685,1.3577726051465433,0.6875070630851466,26424320000.0,cell,False,True
Electricity-H/tshort,6144,0.9446544543706975,1.3577726051465433,0.6957383370308474,40068915200.0,cell,False,False
Electricity-H/tshort,8192,0.9411582953072358,1.3577726051465433,0.6931634146541478,54132940800.0,cell,False,False
Electricity-H/tshort,12288,0.9073486553256094,1.3577726051465433,0.668262602947185,83519283200.0,cell,False,True
Electricity-H/tshort,15360,0.9074614297823831,1.3577726051465433,0.6683456613741603,106660044800.0,cell,False,False
Electricity-H/tmedium,native,1.055514051496821,1.3924537851702354,0.7580244764588567,109866240000.0,cell,True,False
Electricity-H/tmedium,32,1.58885701556125,1.3924537851702354,1.1410482936545023,3158835200.0,cell,False,True
Electricity-H/tmedium,48,1.4252082206671355,1.3924537851702354,1.0235228169478499,3357132800.0,cell,False,False
Electricity-H/tmedium,64,1.3513250937714012,1.3924537851702354,0.9704631551604379,3357132800.0,cell,False,True
Electricity-H/tmedium,96,1.2816982520040237,1.3924537851702354,0.9204601730084196,3555532800.0,cell,False,True
Electricity-H/tmedium,128,1.21193632447757,1.3924537851702354,0.8703601781149267,3754035200.0,cell,False,True
Electricity-H/tmedium,192,1.1461235802106429,1.3924537851702354,0.8230963155955102,4151347200.0,cell,False,True
Electricity-H/tmedium,256,1.1275632860910807,1.3924537851702354,0.8097671162229845,4549068800.0,cell,False,True
Electricity-H/tmedium,384,1.1142395048919003,1.3924537851702354,0.8001985536314787,5345740800.0,cell,False,True
Electricity-H/tmedium,512,1.099066950780033,1.3924537851702354,0.7893022824062098,6144051200.0,cell,False,True
Electricity-H/tmedium,768,1.09834301586818,1.3924537851702354,0.7887823837068325,7745587200.0,cell,False,True
Electricity-H/tmedium,1024,1.0884359717093648,1.3924537851702354,0.7816675736755582,9353676800.0,cell,False,True
Electricity-H/tmedium,1536,1.0866588651676627,1.3924537851702354,0.7803913327254969,12589516800.0,cell,False,True
Electricity-H/tmedium,2048,1.0877529026603248,1.3924537851702354,0.7811770230689133,15851571200.0,cell,False,False
Electricity-H/tmedium,2560,1.086407619042852,1.3924537851702354,0.7802108986403685,19139840000.0,cell,False,True
Electricity-H/tmedium,3072,1.0851782282862699,1.3924537851702354,0.7793280034450842,22454323200.0,cell,False,True
Electricity-H/tmedium,4096,1.0901344014854066,1.3924537851702354,0.7828873123800885,29161932800.0,cell,False,False
Electricity-H/tmedium,6144,1.0813565482722611,1.3924537851702354,0.7765834383796508,42891724800.0,cell,False,True
Electricity-H/tmedium,8192,1.0731832578683618,1.3924537851702354,0.7707137352046186,57040947200.0,cell,False,True
Electricity-H/tmedium,12288,1.0588634233152079,1.3924537851702354,0.7604298502343155,86597683200.0,cell,False,True
Electricity-H/tmedium,15360,1.0555140505741079,1.3924537851702354,0.758024475796204,109866240000.0,cell,False,True
Electricity-H/tlong,native,1.144055316436116,1.5240786163496851,0.750653741981,111847884800.0,cell,True,True
Electricity-H/tlong,32,1.7296740783753441,1.5240786163496851,1.1348982000141699,4748083200.0,cell,False,True
Electricity-H/tlong,48,1.5336117579635116,1.5240786163496851,1.006255019597781,4947200000.0,cell,False,False
Electricity-H/tlong,64,1.4642428311520193,1.5240786163496851,0.9607396990182971,4947200000.0,cell,False,True
Electricity-H/tlong,96,1.399360881569624,1.5240786163496851,0.9181684373482175,5146419200.0,cell,False,True
Electricity-H/tlong,128,1.3316715761052262,1.5240786163496851,0.8737551736633559,5345740800.0,cell,False,True
Electricity-H/tlong,192,1.287876611879402,1.5240786163496851,0.8450198028261761,5744691200.0,cell,False,True
Electricity-H/tlong,256,1.2720213360819639,1.5240786163496851,0.8346166152036024,6144051200.0,cell,False,True
Electricity-H/tlong,384,1.2702872687419788,1.5240786163496851,0.8334788344346954,6944000000.0,cell,False,True
Electricity-H/tlong,512,1.2485979699772096,1.5240786163496851,0.8192477452165308,7745587200.0,cell,False,True
Electricity-H/tlong,768,1.237057840664357,1.5240786163496851,0.811675872486965,9353676800.0,cell,False,True
Electricity-H/tlong,1024,1.2262685133058193,1.5240786163496851,0.8045966265459785,10968320000.0,cell,False,True
Electricity-H/tlong,1536,1.2280303519852755,1.5240786163496851,0.8057526290386032,14217267200.0,cell,False,False
Electricity-H/tlong,2048,1.230461972930046,1.5240786163496851,0.8073480985364921,17492428800.0,cell,False,False
Electricity-H/tlong,2560,1.2223010066086843,1.5240786163496851,0.8019934099831496,20793804800.0,cell,False,True
Electricity-H/tlong,3072,1.2174163627102734,1.5240786163496851,0.7987884283988596,24121395200.0,cell,False,True
Electricity-H/tlong,4096,1.212746281929834,1.5240786163496851,0.7957242289997336,30855219200.0,cell,False,True
Electricity-H/tlong,6144,1.1927708886717534,1.5240786163496851,0.782617691683487,44637440000.0,cell,False,True
Electricity-H/tlong,8192,1.1774588028377522,1.5240786163496851,0.7725709095360705,58839091200.0,cell,False,True
Electricity-H/tlong,12288,1.1510662740224804,1.5240786163496851,0.7552538705512416,88500684800.0,cell,False,True
Electricity-H/tlong,15360,1.1440553164697433,1.5240786163496851,0.750653742003064,111847884800.0,cell,False,False
Electricity-D/tshort,native,1.3763722351100396,1.987041399842847,0.6926741613027768,8749977600.0,cell,True,True
Electricity-D/tshort,32,1.7504493053949353,1.987041399842847,0.88093247857512,393420800.0,cell,False,True
Electricity-D/tshort,48,1.7517165646907076,1.987041399842847,0.881570240473726,590284800.0,cell,False,False
Electricity-D/tshort,64,1.725281025524097,1.987041399842847,0.8682662704765727,590284800.0,cell,False,True
Electricity-D/tshort,96,1.7537114927607573,1.987041399842847,0.8825742095255069,787251200.0,cell,False,False
Electricity-D/tshort,128,1.7194038113074142,1.987041399842847,0.8653084990797877,984320000.0,cell,False,True
Electricity-D/tshort,192,1.6967261808728133,1.987041399842847,0.8538957371532399,1378764800.0,cell,False,True
Electricity-D/tshort,256,1.6497594881438333,1.987041399842847,0.8302592428493494,1773619200.0,cell,False,True
Electricity-D/tshort,384,1.5045839254744737,1.987041399842847,0.7571980762924566,2564556800.0,cell,False,True
Electricity-D/tshort,512,1.414747774416552,1.987041399842847,0.7119870650548312,3357132800.0,cell,False,True
Electricity-D/tshort,768,1.3951005715899196,1.987041399842847,0.7020993984827174,4947200000.0,cell,False,True
Electricity-D/tshort,1024,1.3795968889443473,1.987041399842847,0.6942970030989079,6543820800.0,cell,False,True
Electricity-W/tshort,native,1.396732341424045,2.0896995064573947,0.6683890851809041,1444556800.0,cell,True,True
Electricity-W/tshort,32,2.2657574142906403,2.0896995064573947,1.0842503466595115,393420800.0,cell,False,True
Electricity-W/tshort,48,1.8952998654855857,2.0896995064573947,0.906972442510948,590284800.0,cell,False,False
Electricity-W/tshort,64,1.68620951252002,2.0896995064573947,0.8069148254614851,590284800.0,cell,False,True
Electricity-W/tshort,96,1.4778059520832092,2.0896995064573947,0.7071858645305849,787251200.0,cell,False,True
Electricity-W/tshort,128,1.423123091803992,2.0896995064573947,0.6810180542256864,984320000.0,cell,False,True
Electricity-W/tshort,192,1.4099425207394496,2.0896995064573947,0.6747106540354614,1378764800.0,cell,False,True
KDDCup2018-H/tshort,native,0.9325990322200498,1.340425278558367,0.695748615859486,69872494743.7037,cell,True,False
KDDCup2018-H/tshort,32,1.1638876888587006,1.340425278558367,0.868297328822735,590284800.0,cell,False,True
KDDCup2018-H/tshort,48,1.1321595954098913,1.340425278558367,0.8446271593949151,787251200.0,cell,False,False
KDDCup2018-H/tshort,64,1.110521427776492,1.340425278558367,0.8284843963632665,787251200.0,cell,False,True
KDDCup2018-H/tshort,96,1.080873542791785,1.340425278558367,0.8063661287813589,984320000.0,cell,False,True
KDDCup2018-H/tshort,128,1.0488424791124358,1.340425278558367,0.782469933900732,1181491200.0,cell,False,True
KDDCup2018-H/tshort,192,0.9914444840737093,1.340425278558367,0.7396491993496362,1576140800.0,cell,False,True
KDDCup2018-H/tshort,256,0.9624824912914038,1.340425278558367,0.7180426292217927,1971200000.0,cell,False,True
KDDCup2018-H/tshort,384,0.9496062487732075,1.340425278558367,0.7084365417179487,2762547200.0,cell,False,True
KDDCup2018-H/tshort,512,0.9567770618645263,1.340425278558367,0.7137861969400816,3555532800.0,cell,False,False
KDDCup2018-H/tshort,768,0.9660949391987966,1.340425278558367,0.7207376305509814,5146419200.0,cell,False,False
KDDCup2018-H/tshort,1024,0.966912433567265,1.340425278558367,0.721347507417335,6743859200.0,cell,False,False
KDDCup2018-H/tshort,1536,0.9548801882287364,1.340425278558367,0.7123710687220954,9958400000.0,cell,False,False
KDDCup2018-H/tshort,2048,0.9534412114898552,1.340425278558367,0.7112975461901802,13199155200.0,cell,False,False
KDDCup2018-H/tshort,2560,0.9539833227590716,1.340425278558367,0.7117019784833397,16466124800.0,cell,False,False
KDDCup2018-H/tshort,3072,0.9453357167526786,1.340425278558367,0.7052505886560055,19759308800.0,cell,False,True
KDDCup2018-H/tshort,4096,0.937372436467564,1.340425278558367,0.6993097276378673,26424320000.0,cell,False,True
KDDCup2018-H/tshort,6144,0.932797875827876,1.340425278558367,0.6958969595314586,40068915200.0,cell,False,True
KDDCup2018-H/tshort,8192,0.9309536152964709,1.340425278558367,0.6945210823670197,54132940800.0,cell,False,True
KDDCup2018-H/tmedium,native,1.0357794422458468,1.4289997072062277,0.7248283096368523,71279425422.22223,cell,True,True
KDDCup2018-H/tmedium,32,1.281155573041134,1.4289997072062277,0.8965401228428961,3158835200.0,cell,False,True
KDDCup2018-H/tmedium,48,1.229793202303428,1.4289997072062277,0.8605972388250104,3357132800.0,cell,False,False
KDDCup2018-H/tmedium,64,1.1936271407459407,1.4289997072062277,0.8352885831443219,3357132800.0,cell,False,True
KDDCup2018-H/tmedium,96,1.1541748825034401,1.4289997072062277,0.8076802792072749,3555532800.0,cell,False,True
KDDCup2018-H/tmedium,128,1.1097251906857628,1.4289997072062277,0.7765748201973645,3754035200.0,cell,False,True
KDDCup2018-H/tmedium,192,1.079284978413927,1.4289997072062277,0.7552730577698913,4151347200.0,cell,False,True
KDDCup2018-H/tmedium,256,1.0964776138983423,1.4289997072062277,0.767304295703472,4549068800.0,cell,False,False
KDDCup2018-H/tmedium,384,1.0818597206847245,1.4289997072062277,0.7570748371949069,5345740800.0,cell,False,False
KDDCup2018-H/tmedium,512,1.0862882247219006,1.4289997072062277,0.7601738609489663,6144051200.0,cell,False,False
KDDCup2018-H/tmedium,768,1.093409796218015,1.4289997072062277,0.7651574669358685,7745587200.0,cell,False,False
KDDCup2018-H/tmedium,1024,1.0648288980992051,1.4289997072062277,0.745156834343237,9353676800.0,cell,False,True
KDDCup2018-H/tmedium,1536,1.066911196084711,1.4289997072062277,0.7466140060802255,12589516800.0,cell,False,False
KDDCup2018-H/tmedium,2048,1.0639144921623054,1.4289997072062277,0.7445169420239534,15851571200.0,cell,False,True
KDDCup2018-H/tmedium,2560,1.0601540283810533,1.4289997072062277,0.7418854062984465,19139840000.0,cell,False,True
KDDCup2018-H/tmedium,3072,1.055483288865932,1.4289997072062277,0.7386168685292871,22454323200.0,cell,False,True
KDDCup2018-H/tmedium,4096,1.048536263319158,1.4289997072062277,0.7337554080882938,29161932800.0,cell,False,True
KDDCup2018-H/tmedium,6144,1.0423051468616549,1.4289997072062277,0.7293949338166194,42891724800.0,cell,False,True
KDDCup2018-H/tmedium,8192,1.0391469502580974,1.4289997072062277,0.7271848587636777,57040947200.0,cell,False,True
KDDCup2018-H/tlong,native,1.0077554353433689,1.3355336658089667,0.7545713456297979,70566171970.37038,cell,True,True
KDDCup2018-H/tlong,32,1.1650389778427754,1.3355336658089667,0.8723396554268676,4748083200.0,cell,False,True
KDDCup2018-H/tlong,48,1.1520984360027435,1.3355336658089667,0.8626502390000691,4947200000.0,cell,False,False
KDDCup2018-H/tlong,64,1.1295934158128302,1.3355336658089667,0.8457992821383553,4947200000.0,cell,False,True
KDDCup2018-H/tlong,96,1.0379399827069167,1.3355336658089667,0.7771724586801861,5146419200.0,cell,False,True
KDDCup2018-H/tlong,128,1.0309677191527746,1.3355336658089667,0.7719518762773316,5345740800.0,cell,False,True
KDDCup2018-H/tlong,192,1.059891242187348,1.3355336658089667,0.7936087792630409,5744691200.0,cell,False,False
KDDCup2018-H/tlong,256,1.040931478307521,1.3355336658089667,0.7794123839454113,6144051200.0,cell,False,False
KDDCup2018-H/tlong,384,1.0405481135642671,1.3355336658089667,0.7791253340918072,6944000000.0,cell,False,False
KDDCup2018-H/tlong,512,1.0767687541894326,1.3355336658089667,0.8062460586025036,7745587200.0,cell,False,False
KDDCup2018-H/tlong,768,1.0605498493926093,1.3355336658089667,0.794101920860383,9353676800.0,cell,False,False
KDDCup2018-H/tlong,1024,1.0614103080527746,1.3355336658089667,0.7947462016315787,10968320000.0,cell,False,False
KDDCup2018-H/tlong,1536,1.0436371216206746,1.3355336658089667,0.7814382732078244,14217267200.0,cell,False,False
KDDCup2018-H/tlong,2048,1.0442068931953667,1.3355336658089667,0.7818648978517992,17492428800.0,cell,False,False
KDDCup2018-H/tlong,2560,1.0425520766494634,1.3355336658089667,0.7806258302129456,20793804800.0,cell,False,False
KDDCup2018-H/tlong,3072,1.0380296672194105,1.3355336658089667,0.7772396112460778,24121395200.0,cell,False,False
KDDCup2018-H/tlong,4096,1.0252851784108379,1.3355336658089667,0.767696992340359,30855219200.0,cell,False,True
KDDCup2018-H/tlong,6144,1.0178855712445758,1.3355336658089667,0.7621564302746473,44637440000.0,cell,False,True
KDDCup2018-H/tlong,8192,1.009987682593415,1.3355336658089667,0.7562427727957273,58839091200.0,cell,False,True
KDDCup2018-D/tshort,native,1.191532383386546,1.4970343738270926,0.7959285399308861,2860127004.4444447,cell,True,True
KDDCup2018-D/tshort,32,1.245301185601922,1.4970343738270926,0.8318454187650832,393420800.0,cell,False,True
KDDCup2018-D/tshort,48,1.2373708790985392,1.4970343738270926,0.8265480744675643,590284800.0,cell,False,True
KDDCup2018-D/tshort,64,1.251944737826666,1.4970343738270926,0.836283227502741,590284800.0,cell,False,False
KDDCup2018-D/tshort,96,1.22491025150466,1.4970343738270926,0.8182245330634853,787251200.0,cell,False,True
KDDCup2018-D/tshort,128,1.21942498890656,1.4970343738270926,0.8145604471253134,984320000.0,cell,False,True
KDDCup2018-D/tshort,192,1.2234708343597958,1.4970343738270926,0.817263020642642,1378764800.0,cell,False,False
KDDCup2018-D/tshort,256,1.216793843126179,1.4970343738270926,0.8128028750706019,1773619200.0,cell,False,True
KDDCup2018-D/tshort,384,1.1934990502673672,1.4970343738270926,0.7972422484971052,2564556800.0,cell,False,True
CarParts/tshort,native,0.8384505135500158,1.2014638390969912,0.697857468752607,590284800.0,cell,True,True
TempRain/tshort,native,1.3471587496601871,2.011535765322217,0.6697165284776296,4350190933.333333,cell,True,True
TempRain/tshort,32,1.4596726621642524,2.011535765322217,0.72565086205685,393420800.0,cell,False,True
TempRain/tshort,48,1.4604368676336439,2.011535765322217,0.7260307735068804,590284800.0,cell,False,False
TempRain/tshort,64,1.4537205681517635,2.011535765322217,0.7226918820997945,590284800.0,cell,False,True
TempRain/tshort,96,1.4481034633777903,2.011535765322217,0.7198994362130203,787251200.0,cell,False,True
TempRain/tshort,128,1.4251351421373568,2.011535765322217,0.7084811350143069,984320000.0,cell,False,True
TempRain/tshort,192,1.3915989264458377,2.011535765322217,0.691809188996908,1378764800.0,cell,False,True
TempRain/tshort,256,1.3833385379444918,2.011535765322217,0.6877026806047877,1773619200.0,cell,False,True
TempRain/tshort,384,1.3496834610949155,2.011535765322217,0.6709716448311408,2564556800.0,cell,False,True
TempRain/tshort,512,1.3581752399370275,2.011535765322217,0.675193184904405,3357132800.0,cell,False,False
