cell,window,mase,naive_mase,normalized_mase,flops,flops_weighting,is_native,within_cell_pareto
JenaWeather-10T/tshort,native,0.2933492027287764,0.7428874675800381,0.3948770379508,64674164736.0,cell,True,False
JenaWeather-10T/tshort,32,0.42053430076744136,0.7428874675800381,0.5660807580148515,704987136.0,cell,False,True
JenaWeather-10T/tshort,48,0.38185356999558634,0.7428874675800381,0.5140126690243912,821035008.0,cell,False,True
JenaWeather-10T/tshort,64,0.3474588941388486,0.7428874675800381,0.46771403382358673,937119744.0,cell,False,True
JenaWeather-10T/tshort,96,0.33988385114785113,0.7428874675800381,0.4575172768158622,1169399808.0,cell,False,True
JenaWeather-10T/tshort,128,0.3446529799883693,0.7428874675800381,0.4639369958832112,1401827328.0,cell,False,False
JenaWeather-10T/tshort,192,0.3216537124548777,0.7428874675800381,0.43297770724638457,1867124736.0,cell,False,True
JenaWeather-10T/tshort,256,0.3105138430849195,0.7428874675800381,0.41798234138532564,2333011968.0,cell,False,True
JenaWeather-10T/tshort,384,0.30859058539791323,0.7428874675800381,0.4153934463360239,3266555904.0,cell,False,True
JenaWeather-10T/tshort,512,0.3125582968650241,0.7428874675800381,0.4207343783617528,4202459136.0,cell,False,False
JenaWeather-10T/tshort,768,0.316385753524573,0.7428874675800381,0.4258865135458566,6081343488.0,cell,False,False
JenaWeather-10T/tshort,1024,0.31780616784211146,0.7428874675800381,0.4277985316906309,7969665024.0,cell,False,False
JenaWeather-10T/tshort,1536,0.30502772224479185,0.7428874675800381,0.4105974801788245,11774619648.0,cell,False,True
JenaWeather-10T/tshort,2048,0.296169704155581,0.7428874675800381,0.3986737118077334,15617323008.0,cell,False,True
JenaWeather-10T/tshort,2560,0.2959895267029406,0.7428874675800381,0.39843117513764076,19497775104.0,cell,False,True
JenaWeather-10T/tshort,3072,0.2974151486194527,0.7428874675800381,0.4003502032256445,23415975936.0,cell,False,False
JenaWeather-10T/tshort,4096,0.2937827113460934,0.7428874675800381,0.39546058342199925,31365623808.0,cell,False,True
JenaWeather-10T/tshort,6144,0.2928094915575231,0.7428874675800381,0.39415053333898925,47717904384.0,cell,False,True
JenaWeather-10T/tshort,8192,0.29334920404814224,0.7428874675800381,0.3948770397267969,64674164736.0,cell,False,False
JenaWeather-10T/tmedium,native,0.608801994593991,0.7160100391723763,0.8502701935544015,68413280256.0,cell,True,False
JenaWeather-10T/tmedium,32,0.7213000315488473,0.7160100391723763,1.0073881539183245,3936485376.0,cell,False,True
JenaWeather-10T/tmedium,48,0.6983206103501944,0.7160100391723763,0.9752944402251277,4053528576.0,cell,False,True
JenaWeather-10T/tmedium,64,0.6781413930001078,0.7160100391723763,0.9471115709270778,4170608640.0,cell,False,True
JenaWeather-10T/tmedium,96,0.6579250329035707,0.7160100391723763,0.9188768270121673,4404879360.0,cell,False,True
JenaWeather-10T/tmedium,128,0.6842495415432593,0.7160100391723763,0.9556423850343937,4639297536.0,cell,False,False
JenaWeather-10T/tmedium,192,0.6691754807019514,0.7160100391723763,0.9345895226209955,5108576256.0,cell,False,False
JenaWeather-10T/tmedium,256,0.6429837568531618,0.7160100391723763,0.898009415617099,5578444800.0,cell,False,True
JenaWeather-10T/tmedium,384,0.667718035934785,0.7160100391723763,0.932554013776942,6519951360.0,cell,False,False
JenaWeather-10T/tmedium,512,0.672905050260765,0.7160100391723763,0.9397983456189586,7463817216.0,cell,False,False
JenaWeather-10T/tmedium,768,0.6401212915476641,0.7160100391723763,0.8940116150990973,9358626816.0,cell,False,True
JenaWeather-10T/tmedium,1024,0.618159955235391,0.7160100391723763,0.8633397877352551,11262873600.0,cell,False,True
JenaWeather-10T/tmedium,1536,0.6070398881513049,0.7160100391723763,0.8478091855429457,15099678720.0,cell,False,True
JenaWeather-10T/tmedium,2048,0.6033634222478629,0.7160100391723763,0.8426745286215265,18974232576.0,cell,False,True
JenaWeather-10T/tmedium,2560,0.6121532595211555,0.7160100391723763,0.8549506655363841,22886535168.0,cell,False,False
JenaWeather-10T/tmedium,3072,0.5976892204546307,0.7160100391723763,0.8347497768962701,26836586496.0,cell,False,True
JenaWeather-10T/tmedium,4096,0.6088020672352357,0.7160100391723763,0.8502702950072314,34849935360.0,cell,False,False
JenaWeather-10T/tmedium,6144,0.6087290130489029,0.7160100391723763,0.850168265451309,51329617920.0,cell,False,False
JenaWeather-10T/tmedium,8192,0.6088019999789211,0.7160100391723763,0.8502702010751483,68413280256.0,cell,False,False
JenaWeather-10T/tlong,native,0.6827104766945928,0.7614923703210493,0.8965427669442813,70502178816.0,cell,True,False
JenaWeather-10T/tlong,32,0.7313866792819087,0.7614923703210493,0.9604648815766231,5743374336.0,cell,False,True
JenaWeather-10T/tlong,48,0.7418095502732583,0.7614923703210493,0.974152308263453,5860970496.0,cell,False,False
JenaWeather-10T/tlong,64,0.730153262676873,0.7614923703210493,0.9588451455778032,5978603520.0,cell,False,True
JenaWeather-10T/tlong,96,0.7204915417303468,0.7614923703210493,0.946157269345435,6213980160.0,cell,False,True
JenaWeather-10T/tlong,128,0.7350895722922307,0.7614923703210493,0.9653275606455688,6449504256.0,cell,False,False
JenaWeather-10T/tlong,192,0.6993533958125545,0.7614923703210493,0.9183984279681008,6920994816.0,cell,False,True
JenaWeather-10T/tlong,256,0.6947513250657247,0.7614923703210493,0.9123549389901487,7393075200.0,cell,False,True
JenaWeather-10T/tlong,384,0.6588772460942591,0.7614923703210493,0.8652447112719893,8339005440.0,cell,False,True
JenaWeather-10T/tlong,512,0.6689809857407717,0.7614923703210493,0.8785130512321819,9287294976.0,cell,False,False
JenaWeather-10T/tlong,768,0.6585460502601858,0.7614923703210493,0.864809781327867,11190951936.0,cell,False,True
JenaWeather-10T/tlong,1024,0.6589587407630184,0.7614923703210493,0.8653517309506303,13104046080.0,cell,False,False
JenaWeather-10T/tlong,1536,0.6436450428702754,0.7614923703210493,0.845241617586938,16958545920.0,cell,False,True
JenaWeather-10T/tlong,2048,0.6385813662886555,0.7614923703210493,0.8385919428443204,20850794496.0,cell,False,True
JenaWeather-10T/tlong,2560,0.6376983240571162,0.7614923703210493,0.8374323222546001,24780791808.0,cell,False,True
JenaWeather-10T/tlong,3072,0.6538656898170047,0.7614923703210493,0.8586634814756336,28748537856.0,cell,False,False
JenaWeather-10T/tlong,4096,0.6544376292519306,0.7614923703210493,0.8594145585149017,36797276160.0,cell,False,False
JenaWeather-10T/tlong,6144,0.6637092818273016,0.7614923703210493,0.8715901927520011,53347737600.0,cell,False,False
JenaWeather-10T/tlong,8192,0.682710478824678,0.7614923703210493,0.896542769741532,70502178816.0,cell,False,False
JenaWeather-H/tshort,native,0.5359857342059813,0.7229102185557323,0.7414278017494365,64128814241.68421,cell,True,True
JenaWeather-H/tshort,32,0.6343121377493711,0.7229102185557323,0.8774424838213422,704987136.0,cell,False,True
JenaWeather-H/tshort,48,0.6479286784162906,0.7229102185557323,0.8962782124047939,821035008.0,cell,False,False
JenaWeather-H/tshort,64,0.6330691910532724,0.7229102185557323,0.8757231185887108,937119744.0,cell,False,True
JenaWeather-H/tshort,96,0.5861255631440205,0.7229102185557323,0.810786108840753,1169399808.0,cell,False,True
JenaWeather-H/tshort,128,0.5539374909246498,0.7229102185557323,0.7662604244706002,1401827328.0,cell,False,True
JenaWeather-H/tshort,192,0.5592882324785988,0.7229102185557323,0.7736620926399048,1867124736.0,cell,False,False
JenaWeather-H/tshort,256,0.5473869886438135,0.7229102185557323,0.7571991301179997,2333011968.0,cell,False,True
JenaWeather-H/tshort,384,0.5467238825077104,0.7229102185557323,0.7562818569641799,3266555904.0,cell,False,True
JenaWeather-H/tshort,512,0.5442433964426047,0.7229102185557323,0.7528506064417272,4202459136.0,cell,False,True
JenaWeather-H/tshort,768,0.5435823174696344,0.7229102185557323,0.7519361374578871,6081343488.0,cell,False,True
JenaWeather-H/tshort,1024,0.547227303551669,0.7229102185557323,0.7569782381067295,7969665024.0,cell,False,False
JenaWeather-H/tshort,1536,0.5440646364039924,0.7229102185557323,0.7526033281020056,11774619648.0,cell,False,False
JenaWeather-H/tshort,2048,0.5406257378489014,0.7229102185557323,0.7478463078430289,15617323008.0,cell,False,True
JenaWeather-H/tshort,2560,0.5376601673628416,0.7229102185557323,0.7437440411853731,19497775104.0,cell,False,True
JenaWeather-H/tshort,3072,0.5388609153469992,0.7229102185557323,0.745405033039322,23415975936.0,cell,False,False
JenaWeather-H/tshort,4096,0.5384613198633548,0.7229102185557323,0.7448522735494331,31365623808.0,cell,False,False
JenaWeather-H/tshort,6144,0.5384610772441434,0.7229102185557323,0.7448519379348503,47717904384.0,cell,False,False
JenaWeather-H/tshort,8192,0.5370000666516964,0.7229102185557323,0.7428309254288079,64674164736.0,cell,False,False
JenaWeather-H/tmedium,native,0.8011447165158513,0.8886133410507664,0.9015672841108988,66856163328.0,cell,True,False
JenaWeather-H/tmedium,32,0.794783782272405,0.8886133410507664,0.8944090140854627,3936485376.0,cell,False,True
JenaWeather-H/tmedium,48,0.7811862463810312,0.8886133410507664,0.8791070427294002,4053528576.0,cell,False,True
JenaWeather-H/tmedium,64,0.8354358996734544,0.8886133410507664,0.9401568275866411,4170608640.0,cell,False,False
JenaWeather-H/tmedium,96,0.8630230841335986,0.8886133410507664,0.9712020338487065,4404879360.0,cell,False,False
JenaWeather-H/tmedium,128,0.9168911512406507,0.8886133410507664,1.031822401131685,4639297536.0,cell,False,False
JenaWeather-H/tmedium,192,0.9184099760973541,0.8886133410507664,1.033531608935056,5108576256.0,cell,False,False
JenaWeather-H/tmedium,256,0.8997905711708154,0.8886133410507664,1.0125782830435925,5578444800.0,cell,False,False
JenaWeather-H/tmedium,384,0.8160635988288953,0.8886133410507664,0.9183562311408892,6519951360.0,cell,False,False
JenaWeather-H/tmedium,512,0.8633920319330243,0.8886133410507664,0.9716172288298998,7463817216.0,cell,False,False
JenaWeather-H/tmedium,768,0.9027642648917112,0.8886133410507664,1.0159247258478155,9358626816.0,cell,False,False
JenaWeather-H/tmedium,1024,0.977952976654697,0.8886133410507664,1.1005382560409103,11262873600.0,cell,False,False
JenaWeather-H/tmedium,1536,0.9350178500436797,0.8886133410507664,1.0522212607544705,15099678720.0,cell,False,False
JenaWeather-H/tmedium,2048,0.884629300425066,0.8886133410507664,0.9955165644699985,18974232576.0,cell,False,False
JenaWeather-H/tmedium,2560,0.8211876377521982,0.8886133410507664,0.9241225624422442,22886535168.0,cell,False,False
JenaWeather-H/tmedium,3072,0.8311729606127922,0.8886133410507664,0.9353595340240423,26836586496.0,cell,False,False
JenaWeather-H/tmedium,4096,0.8211413320717634,0.8886133410507664,0.9240704523980939,34849935360.0,cell,False,False
JenaWeather-H/tmedium,6144,0.8013161898492519,0.8886133410507664,0.9017602514291677,51329617920.0,cell,False,False
JenaWeather-H/tmedium,8192,0.8085936538739751,0.8886133410507664,0.909949937188463,68413280256.0,cell,False,False
JenaWeather-H/tlong,native,0.9905235193174328,1.267717847392006,0.7813438308494061,66369116160.0,cell,True,False
JenaWeather-H/tlong,32,1.3046623020985486,1.267717847392006,1.0291424900126995,5743374336.0,cell,False,True
JenaWeather-H/tlong,48,1.2339182748026938,1.267717847392006,0.9733382529410263,5860970496.0,cell,False,True
JenaWeather-H/tlong,64,1.249114848604982,1.267717847392006,0.9853255999942772,5978603520.0,cell,False,False
JenaWeather-H/tlong,96,1.3319164456159744,1.267717847392006,1.0506410778676343,6213980160.0,cell,False,False
JenaWeather-H/tlong,128,1.2554796824865335,1.267717847392006,0.9903463022701389,6449504256.0,cell,False,False
JenaWeather-H/tlong,192,1.1674387567054088,1.267717847392006,0.9208979420042914,6920994816.0,cell,False,True
JenaWeather-H/tlong,256,1.2021870084525872,1.267717847392006,0.9483080252642722,7393075200.0,cell,False,False
JenaWeather-H/tlong,384,1.0813040219340735,1.267717847392006,0.8529532215378763,8339005440.0,cell,False,True
JenaWeather-H/tlong,512,1.1050450961664862,1.267717847392006,0.8716806333837012,9287294976.0,cell,False,False
JenaWeather-H/tlong,768,1.0608645064256075,1.267717847392006,0.8368301421393217,11190951936.0,cell,False,True
JenaWeather-H/tlong,1024,1.0440975382419933,1.267717847392006,0.823604038067262,13104046080.0,cell,False,True
JenaWeather-H/tlong,1536,1.0165332498560178,1.267717847392006,0.8018608020288315,16958545920.0,cell,False,True
JenaWeather-H/tlong,2048,1.0184026885783277,1.267717847392006,0.8033354509234225,20850794496.0,cell,False,False
JenaWeather-H/tlong,2560,1.0026573007992243,1.267717847392006,0.7909151889451792,24780791808.0,cell,False,True
JenaWeather-H/tlong,3072,0.9938748753970053,1.267717847392006,0.7839874443999031,28748537856.0,cell,False,True
JenaWeather-H/tlong,4096,0.9872675538041514,1.267717847392006,0.7787754631956891,36797276160.0,cell,False,True
JenaWeather-H/tlong,6144,0.9925030781128226,1.267717847392006,0.7829053445564681,53347737600.0,cell,False,False
JenaWeather-D/tshort,native,1.0049470745648574,1.5734140297468562,0.6387047881647157,2737993728.0,cell,True,True
JenaWeather-D/tshort,32,1.2602168088594718,1.5734140297468562,0.8009441793665879,585818112.0,cell,False,True
JenaWeather-D/tshort,48,1.3155579557126087,1.5734140297468562,0.8361168331035325,701829120.0,cell,False,False
JenaWeather-D/tshort,64,1.2875236930950875,1.5734140297468562,0.8182993597065071,817876992.0,cell,False,False
JenaWeather-D/tshort,96,1.2737973387454902,1.5734140297468562,0.8095754293931325,1050083328.0,cell,False,False
JenaWeather-D/tshort,128,1.3056969423540332,1.5734140297468562,0.8298495613161048,1282437120.0,cell,False,False
JenaWeather-D/tshort,192,1.146774867804527,1.5734140297468562,0.7288449487062408,1747587072.0,cell,False,True
JenaWeather-D/tshort,256,1.1042002010902423,1.5734140297468562,0.7017861670318875,2213326848.0,cell,False,True
BizITObsApp/tshort,native,1.0089587353898624,2.242330238675541,0.44995992025947784,64444126003.2,cell,True,True
BizITObsApp/tshort,32,4.887883148681384,2.242330238675541,2.1798230538818717,824193024.0,cell,False,True
BizITObsApp/tshort,48,2.9721541984672366,2.242330238675541,1.325475680256078,940277760.0,cell,False,True
BizITObsApp/tshort,64,3.4061246093839688,2.242330238675541,1.5190111387856218,1056399360.0,cell,False,False
BizITObsApp/tshort,96,5.038972651190719,2.242330238675541,2.2472036296344324,1288753152.0,cell,False,False
BizITObsApp/tshort,128,3.461677059534769,2.242330238675541,1.5437855672764105,1521254400.0,cell,False,False
BizITObsApp/tshort,192,3.2210156202099123,2.242330238675541,1.4364590748740218,1986699264.0,cell,False,False
BizITObsApp/tshort,256,2.6890553443756695,2.242330238675541,1.1992236014102864,2452733952.0,cell,False,True
BizITObsApp/tshort,384,1.9420432752751975,2.242330238675541,0.8660826321560415,3386572800.0,cell,False,True
BizITObsApp/tshort,512,1.9101278025537638,2.242330238675541,0.8518494598199788,4322770944.0,cell,False,True
BizITObsApp/tshort,768,1.1695474542793394,2.242330238675541,0.5215768106352374,6202245120.0,cell,False,True
BizITObsApp/tshort,1024,1.1582434046723284,2.242330238675541,0.5165356042098681,8091156480.0,cell,False,True
BizITObsApp/tshort,1536,1.0928843682654736,2.242330238675541,0.4873877849995007,11897290752.0,cell,False,True
BizITObsApp/tshort,2048,1.0677599901041626,2.242330238675541,0.4761832007112599,15741173760.0,cell,False,True
BizITObsApp/tshort,2560,1.0552315855735583,2.242330238675541,0.47059597528187613,19622805504.0,cell,False,True
BizITObsApp/tshort,3072,1.0349405815114967,2.242330238675541,0.46154690493885353,23542185984.0,cell,False,True
BizITObsApp/tshort,4096,1.0423785247802941,2.242330238675541,0.4648639646388515,31494193152.0,cell,False,False
BizITObsApp/tshort,6144,1.014091369716296,2.242330238675541,0.4522488936844919,47851192320.0,cell,False,True
BizITObsApp/tshort,8192,1.0146925556845288,2.242330238675541,0.45251700136901735,64812171264.0,cell,False,False
BizITObsApp/tmedium,native,1.650338478236719,2.6914183385868085,0.6131854177315547,67222935552.0,cell,True,True
BizITObsApp/tmedium,32,6.47008010393573,2.6914183385868085,2.403966715680846,4899127296.0,cell,False,True
BizITObsApp/tmedium,48,6.197522349457692,2.6914183385868085,2.3026975259118747,5016465408.0,cell,False,True
BizITObsApp/tmedium,64,7.136989729924891,2.6914183385868085,2.6517578585246366,5133840384.0,cell,False,False
BizITObsApp/tmedium,96,7.876803681130444,2.6914183385868085,2.9266366986509955,5368700928.0,cell,False,False
BizITObsApp/tmedium,128,8.51564268084047,2.6914183385868085,3.163998163626917,5603708928.0,cell,False,False
BizITObsApp/tmedium,192,8.507428504811504,2.6914183385868085,3.1609461757916555,6074167296.0,cell,False,False
BizITObsApp/tmedium,256,6.316650058131349,2.6914183385868085,2.346959581708153,6545215488.0,cell,False,False
BizITObsApp/tmedium,384,6.346308640782746,2.6914183385868085,2.3579792668407773,7489081344.0,cell,False,False
BizITObsApp/tmedium,512,4.360903333050538,2.6914183385868085,1.6202993308503393,8435306496.0,cell,False,True
BizITObsApp/tmedium,768,2.0075973911704725,2.6914183385868085,0.7459254335855525,10334834688.0,cell,False,True
BizITObsApp/tmedium,1024,1.8241567508093828,2.6914183385868085,0.6777678239969185,12243800064.0,cell,False,True
BizITObsApp/tmedium,1536,2.047390685067945,2.6914183385868085,0.7607106839225057,16090042368.0,cell,False,False
BizITObsApp/tmedium,2048,2.09426679093186,2.6914183385868085,0.7781275622991792,19974033408.0,cell,False,False
BizITObsApp/tmedium,2560,2.050209823990981,2.6914183385868085,0.7617581386725228,23895773184.0,cell,False,False
BizITObsApp/tmedium,3072,2.015627340445249,2.6914183385868085,0.7489089717296052,27855261696.0,cell,False,False
BizITObsApp/tmedium,4096,1.850263172183807,2.6914183385868085,0.6874676989662375,35887484928.0,cell,False,False
BizITObsApp/tmedium,6144,1.6819514234454767,2.6914183385868085,0.6249312488257118,52404916224.0,cell,False,True
BizITObsApp/tmedium,8192,1.6462853681441434,2.6914183385868085,0.61167947938133,69526327296.0,cell,False,True
BizITObsApp/tlong,native,2.948638892745138,3.2063450561622804,0.9196261915348579,69994856448.0,cell,True,False
BizITObsApp/tlong,32,7.314852411024694,3.2063450561622804,2.281367813787311,7194857472.0,cell,False,True
BizITObsApp/tlong,48,7.281711075033989,3.2063450561622804,2.2710316411639027,7312896000.0,cell,False,True
BizITObsApp/tlong,64,7.256279026055523,3.2063450561622804,2.2630998532455724,7430971392.0,cell,False,True
BizITObsApp/tlong,96,7.257597514827468,3.2063450561622804,2.263511065622547,7667232768.0,cell,False,False
BizITObsApp/tlong,128,7.56872166429765,3.2063450561622804,2.3605449606090616,7903641600.0,cell,False,False
BizITObsApp/tlong,192,9.478655132197552,3.2063450561622804,2.956218050824102,8376901632.0,cell,False,False
BizITObsApp/tlong,256,7.427835317567628,3.2063450561622804,2.316605102526959,8850751488.0,cell,False,False
BizITObsApp/tlong,384,7.035490921364975,3.2063450561622804,2.194240107702523,9800220672.0,cell,False,True
BizITObsApp/tlong,512,3.3165888013075455,3.2063450561622804,1.0343829947227257,10752049152.0,cell,False,True
BizITObsApp/tlong,768,2.9893875673594827,3.2063450561622804,0.9323349530376256,12662784000.0,cell,False,True
BizITObsApp/tlong,1024,2.8443704092658035,3.2063450561622804,0.8871067709319691,14582956032.0,cell,False,True
BizITObsApp/tlong,1536,3.023070597967992,3.2063450561622804,0.9428400702407083,18451611648.0,cell,False,False
BizITObsApp/tlong,2048,3.0654004874018876,3.2063450561622804,0.9560419835383871,22358016000.0,cell,False,False
BizITObsApp/tlong,2560,3.0682643566556425,3.2063450561622804,0.9569351716399767,26302169088.0,cell,False,False
BizITObsApp/tlong,3072,3.083107353878597,3.2063450561622804,0.9615644292410661,30284070912.0,cell,False,False
BizITObsApp/tlong,4096,3.086735103539768,3.2063450561622804,0.9626958575800711,38361120768.0,cell,False,False
BizITObsApp/tlong,6144,2.9699620028684985,3.2063450561622804,0.9262764770624182,54968205312.0,cell,False,False
BizITObsService/tshort,native,0.7352771619619343,1.225305042620374,0.6000768269014127,64444126003.2,cell,True,True
BizITObsService/tshort,32,2.913265136286147,1.225305042620374,2.377583568950299,824193024.0,cell,False,True
BizITObsService/tshort,48,2.484418334675927,1.225305042620374,2.027591700237256,940277760.0,cell,False,True
BizITObsService/tshort,64,2.852455607408186,1.225305042620374,2.327955495317372,1056399360.0,cell,False,False
BizITObsService/tshort,96,3.1346456380770973,1.225305042620374,2.5582573555508317,1288753152.0,cell,False,False
BizITObsService/tshort,128,2.36093533017808,1.225305042620374,1.9268143425975834,1521254400.0,cell,False,True
BizITObsService/tshort,192,2.5858280758304044,1.225305042620374,2.1103545532633134,1986699264.0,cell,False,False
BizITObsService/tshort,256,2.115980156330792,1.225305042620374,1.7269007167436985,2452733952.0,cell,False,True
BizITObsService/tshort,384,1.3199946037694459,1.225305042620374,1.0772783575154263,3386572800.0,cell,False,True
BizITObsService/tshort,512,1.3172501729938293,1.225305042620374,1.075038563602763,4322770944.0,cell,False,True
BizITObsService/tshort,768,0.8783539249857085,1.225305042620374,0.7168451074903816,6202245120.0,cell,False,True
BizITObsService/tshort,1024,0.8363152845778014,1.225305042620374,0.6825363933778488,8091156480.0,cell,False,True
BizITObsService/tshort,1536,0.7774941582057983,1.225305042620374,0.6345311013681046,11897290752.0,cell,False,True
BizITObsService/tshort,2048,0.7684801465452673,1.225305042620374,0.6271745563878816,15741173760.0,cell,False,True
BizITObsService/tshort,2560,0.7618738125074309,1.225305042620374,0.6217829732244691,19622805504.0,cell,False,True
BizITObsService/tshort,3072,0.7609165543588352,1.225305042620374,0.6210017325412931,23542185984.0,cell,False,True
BizITObsService/tshort,4096,0.758983754771785,1.225305042620374,0.6194243297560105,31494193152.0,cell,False,True
BizITObsService/tshort,6144,0.7380908139816542,1.225305042620374,0.6023731138845323,47851192320.0,cell,False,True
BizITObsService/tshort,8192,0.7342699165131725,1.225305042620374,0.5992547904176586,64812171264.0,cell,False,True
BizITObsService/tmedium,native,0.949902317299464,1.3205790727650968,0.7193074136109922,67222935552.0,cell,True,True
BizITObsService/tmedium,32,3.7938579566013737,1.3205790727650968,2.872874510011428,4899127296.0,cell,False,True
BizITObsService/tmedium,48,3.728090449710971,1.3205790727650968,2.8230724888778544,5016465408.0,cell,False,True
BizITObsService/tmedium,64,4.108325549393538,1.3205790727650968,3.111003069881543,5133840384.0,cell,False,False
BizITObsService/tmedium,96,4.637358508695516,1.3205790727650968,3.51160987201287,5368700928.0,cell,False,False
BizITObsService/tmedium,128,4.41849766433336,1.3205790727650968,3.345878906805392,5603708928.0,cell,False,False
BizITObsService/tmedium,192,4.551326918414544,1.3205790727650968,3.446463004206738,6074167296.0,cell,False,False
BizITObsService/tmedium,256,3.7249223342118514,1.3205790727650968,2.8206734538147846,6545215488.0,cell,False,True
BizITObsService/tmedium,384,3.752929737683402,1.3205790727650968,2.8418818797615226,7489081344.0,cell,False,False
BizITObsService/tmedium,512,2.6236755005049783,1.3205790727650968,1.9867613796206771,8435306496.0,cell,False,True
BizITObsService/tmedium,768,1.0229245028968998,1.3205790727650968,0.7746029934845534,10334834688.0,cell,False,True
BizITObsService/tmedium,1024,0.9804128777647603,1.3205790727650968,0.7424113390740935,12243800064.0,cell,False,True
BizITObsService/tmedium,1536,1.0176906697980876,1.3205790727650968,0.7706397070697132,16090042368.0,cell,False,False
BizITObsService/tmedium,2048,1.017371263100217,1.3205790727650968,0.770397838404324,19974033408.0,cell,False,False
BizITObsService/tmedium,2560,1.0763141389519568,1.3205790727650968,0.8150319516258232,23895773184.0,cell,False,False
BizITObsService/tmedium,3072,1.0141849650871884,1.3205790727650968,0.7679850347496688,27855261696.0,cell,False,False
BizITObsService/tmedium,4096,0.9886310557091269,1.3205790727650968,0.7486345014078407,35887484928.0,cell,False,False
BizITObsService/tmedium,6144,0.973186841498658,1.3205790727650968,0.7369394696380801,52404916224.0,cell,False,True
BizITObsService/tmedium,8192,0.9468291396615325,1.3205790727650968,0.7169802696320279,69526327296.0,cell,False,True
BizITObsService/tlong,native,1.3411111806448863,1.367193469742303,0.9809227518455506,69994856448.0,cell,True,True
BizITObsService/tlong,32,3.850635882567492,1.367193469742303,2.816452804805514,7194857472.0,cell,False,True
BizITObsService/tlong,48,4.088501951866489,1.367193469742303,2.9904340843853756,7312896000.0,cell,False,False
BizITObsService/tlong,64,4.255793190971861,1.367193469742303,3.1127951421345066,7430971392.0,cell,False,False
BizITObsService/tlong,96,4.00585631725438,1.367193469742303,2.92998496987367,7667232768.0,cell,False,False
BizITObsService/tlong,128,4.5914044961930065,1.367193469742303,3.358269767817442,7903641600.0,cell,False,False
BizITObsService/tlong,192,5.197478216478952,1.367193469742303,3.8015674675937454,8376901632.0,cell,False,False
BizITObsService/tlong,256,3.9962095153049195,1.367193469742303,2.9229290541141553,8850751488.0,cell,False,False
BizITObsService/tlong,384,3.8094852397515435,1.367193469742303,2.786354180341118,9800220672.0,cell,False,True
BizITObsService/tlong,512,1.769533014489613,1.367193469742303,1.294281353481849,10752049152.0,cell,False,True
BizITObsService/tlong,768,1.6000409558258941,1.367193469742303,1.1703105604559974,12662784000.0,cell,False,True
BizITObsService/tlong,1024,1.403439682367453,1.367193469742303,1.0265113997596713,14582956032.0,cell,False,True
BizITObsService/tlong,1536,1.3751342702110485,1.367193469742303,1.0058081029821202,18451611648.0,cell,False,True
BizITObsService/tlong,2048,1.3726613689826774,1.367193469742303,1.0039993602671355,22358016000.0,cell,False,True
BizITObsService/tlong,2560,1.3576039587660633,1.367193469742303,0.9929859883122122,26302169088.0,cell,False,True
BizITObsService/tlong,3072,1.3593758412675194,1.367193469742303,0.994281988140086,30284070912.0,cell,False,False
BizITObsService/tlong,4096,1.3499938100823714,1.367193469742303,0.9874197324368632,38361120768.0,cell,False,True
BizITObsService/tlong,6144,1.3449999541069289,1.367193469742303,0.9837670994438283,54968205312.0,cell,False,True
BizITObsL2C-5T/tshort,native,0.2692964939157851,0.9860210805885202,0.2731143372259869,64674164736.0,cell,True,False
BizITObsL2C-5T/tshort,32,0.300817154922286,0.9860210805885202,0.30508186979404045,704987136.0,cell,False,True
BizITObsL2C-5T/tshort,48,0.29977819252465415,0.9860210805885202,0.30402817792265396,821035008.0,cell,False,True
BizITObsL2C-5T/tshort,64,0.31043825989856266,0.9860210805885202,0.31483937413718716,937119744.0,cell,False,False
BizITObsL2C-5T/tshort,96,0.30548650381623604,0.9860210805885202,0.3098174165139575,1169399808.0,cell,False,False
BizITObsL2C-5T/tshort,128,0.3019302114530255,0.9860210805885202,0.3062107062384653,1401827328.0,cell,False,False
BizITObsL2C-5T/tshort,192,0.29734626895886357,0.9860210805885202,0.30156177673340245,1867124736.0,cell,False,True
BizITObsL2C-5T/tshort,256,0.29378687997638625,0.9860210805885202,0.29795192593756264,2333011968.0,cell,False,True
BizITObsL2C-5T/tshort,384,0.29270750946226287,0.9860210805885202,0.29685725307977834,3266555904.0,cell,False,True
BizITObsL2C-5T/tshort,512,0.2965017424907733,0.9860210805885202,0.3007052773291644,4202459136.0,cell,False,False
BizITObsL2C-5T/tshort,768,0.286708697443415,0.9860210805885202,0.29077339530336305,6081343488.0,cell,False,True
BizITObsL2C-5T/tshort,1024,0.28402737458099386,0.9860210805885202,0.28805405905872544,7969665024.0,cell,False,True
BizITObsL2C-5T/tshort,1536,0.2902086225208608,0.9860210805885202,0.29432293916844643,11774619648.0,cell,False,False
BizITObsL2C-5T/tshort,2048,0.28092266747116906,0.9860210805885202,0.28490533620589176,15617323008.0,cell,False,True
BizITObsL2C-5T/tshort,2560,0.27541251322108723,0.9860210805885202,0.27931706394827127,19497775104.0,cell,False,True
BizITObsL2C-5T/tshort,3072,0.27841173062026836,0.9860210805885202,0.2823588015522898,23415975936.0,cell,False,False
BizITObsL2C-5T/tshort,4096,0.2678421415409567,0.9860210805885202,0.2716393663521792,31365623808.0,cell,False,True
BizITObsL2C-5T/tshort,6144,0.27031609115015254,0.9860210805885202,0.27414838939225383,47717904384.0,cell,False,False
BizITObsL2C-5T/tshort,8192,0.26929649290028645,0.9860210805885202,0.27311433619609143,64674164736.0,cell,False,False
BizITObsL2C-5T/tmedium,native,0.6698438468804166,1.2435997989335994,0.5386329649255454,68413280256.0,cell,True,True
BizITObsL2C-5T/tmedium,32,0.868269570608446,1.2435997989335994,0.6981905041742502,3936485376.0,cell,False,True
BizITObsL2C-5T/tmedium,48,0.9739419256268292,1.2435997989335994,0.7831634634084014,4053528576.0,cell,False,False
BizITObsL2C-5T/tmedium,64,1.0761827727903919,1.2435997989335994,0.8653770881221037,4170608640.0,cell,False,False
BizITObsL2C-5T/tmedium,96,1.1614995905357062,1.2435997989335994,0.9339818095272329,4404879360.0,cell,False,False
BizITObsL2C-5T/tmedium,128,1.0933644510949196,1.2435997989335994,0.8791931713341316,4639297536.0,cell,False,False
BizITObsL2C-5T/tmedium,192,1.0097152489431136,1.2435997989335994,0.8119294083265015,5108576256.0,cell,False,False
BizITObsL2C-5T/tmedium,256,0.9832787404306679,1.2435997989335994,0.7906713568736826,5578444800.0,cell,False,False
BizITObsL2C-5T/tmedium,384,0.9658267775312347,1.2435997989335994,0.7766379331674401,6519951360.0,cell,False,False
BizITObsL2C-5T/tmedium,512,1.0026400092163787,1.2435997989335994,0.8062400863011989,7463817216.0,cell,False,False
BizITObsL2C-5T/tmedium,768,1.0203980529025247,1.2435997989335994,0.8205196348355214,9358626816.0,cell,False,False
BizITObsL2C-5T/tmedium,1024,1.0446120568461987,1.2435997989335994,0.8399905321164937,11262873600.0,cell,False,False
BizITObsL2C-5T/tmedium,1536,1.0613824690734877,1.2435997989335994,0.8534759091981479,15099678720.0,cell,False,False
BizITObsL2C-5T/tmedium,2048,0.9668136150729633,1.2435997989335994,0.7774314662176824,18974232576.0,cell,False,False
BizITObsL2C-5T/tmedium,2560,0.7843100154080088,1.2435997989335994,0.6306771809392083,22886535168.0,cell,False,True
BizITObsL2C-5T/tmedium,3072,0.805203646309519,1.2435997989335994,0.6474781091151591,26836586496.0,cell,False,False
BizITObsL2C-5T/tmedium,4096,0.7304487848570926,1.2435997989335994,0.5873664385306757,34849935360.0,cell,False,True
BizITObsL2C-5T/tmedium,6144,0.6745499135268992,1.2435997989335994,0.5424171941048344,51329617920.0,cell,False,True
BizITObsL2C-5T/tmedium,8192,0.6698438492494857,1.2435997989335994,0.5386329668305545,68413280256.0,cell,False,False
BizITObsL2C-5T/tlong,native,0.6833104101818316,1.4542830442631411,0.46986067318693975,70502178816.0,cell,True,False
BizITObsL2C-5T/tlong,32,1.243269320947099,1.4542830442631411,0.8549018884951939,5743374336.0,cell,False,True
BizITObsL2C-5T/tlong,48,1.2512393596632525,1.4542830442631411,0.8603822788137042,5860970496.0,cell,False,False
BizITObsL2C-5T/tlong,64,1.2481183818263295,1.4542830442631411,0.8582362193865284,5978603520.0,cell,False,False
BizITObsL2C-5T/tlong,96,1.2345679478743554,1.4542830442631411,0.8489186150828628,6213980160.0,cell,False,True
BizITObsL2C-5T/tlong,128,1.3402431105112038,1.4542830442631411,0.921583398636323,6449504256.0,cell,False,False
BizITObsL2C-5T/tlong,192,1.2027439320608897,1.4542830442631411,0.8270356563706608,6920994816.0,cell,False,True
BizITObsL2C-5T/tlong,256,1.2886228845493446,1.4542830442631411,0.8860880896828901,7393075200.0,cell,False,False
BizITObsL2C-5T/tlong,384,1.2541475171452159,1.4542830442631411,0.8623819978460037,8339005440.0,cell,False,False
BizITObsL2C-5T/tlong,512,1.2269783627089792,1.4542830442631411,0.8436998337766269,9287294976.0,cell,False,False
BizITObsL2C-5T/tlong,768,1.2567273537177595,1.4542830442631411,0.8641559555241328,11190951936.0,cell,False,False
BizITObsL2C-5T/tlong,1024,1.2128512462894552,1.4542830442631411,0.833985688737769,13104046080.0,cell,False,False
BizITObsL2C-5T/tlong,1536,1.1299842974771512,1.4542830442631411,0.7770043815986961,16958545920.0,cell,False,True
BizITObsL2C-5T/tlong,2048,1.1411628703619787,1.4542830442631411,0.7846910371840203,20850794496.0,cell,False,False
BizITObsL2C-5T/tlong,2560,0.9759427480266984,1.4542830442631411,0.6710817071522628,24780791808.0,cell,False,True
BizITObsL2C-5T/tlong,3072,0.9022589561381268,1.4542830442631411,0.6204149595894416,28748537856.0,cell,False,True
BizITObsL2C-5T/tlong,4096,0.7607800618873167,1.4542830442631411,0.5231306690182792,36797276160.0,cell,False,True
BizITObsL2C-5T/tlong,6144,0.6816255535972645,1.4542830442631411,0.46870212527481664,53347737600.0,cell,False,True
BizITObsL2C-5T/tlong,8192,0.6833104081066891,1.4542830442631411,0.46986067176002183,70502178816.0,cell,False,False
BizITObsL2C-H/tshort,native,0.4530647893604949,1.214064126760004,0.3731802788453996,19071995904.0,cell,True,False
BizITObsL2C-H/tshort,32,1.0834756338813012,1.214064126760004,0.8924369067495579,704987136.0,cell,False,True
BizITObsL2C-H/tshort,48,1.0656276974062893,1.214064126760004,0.8777359234311206,821035008.0,cell,False,True
BizITObsL2C-H/tshort,64,1.122919258573843,1.214064126760004,0.9249258204923647,937119744.0,cell,False,False
BizITObsL2C-H/tshort,96,1.0967258515182277,1.214064126760004,0.9033508423027709,1169399808.0,cell,False,False
BizITObsL2C-H/tshort,128,1.0121081465905581,1.214064126760004,0.8336529548003286,1401827328.0,cell,False,True
BizITObsL2C-H/tshort,192,1.0377872091771507,1.214064126760004,0.8548042778816908,1867124736.0,cell,False,False
BizITObsL2C-H/tshort,256,1.0055398982133479,1.214064126760004,0.8282428218160529,2333011968.0,cell,False,True
BizITObsL2C-H/tshort,384,0.7549987899513704,1.214064126760004,0.6218771919126298,3266555904.0,cell,False,True
BizITObsL2C-H/tshort,512,0.6032092817207906,1.214064126760004,0.4968512522732935,4202459136.0,cell,False,True
BizITObsL2C-H/tshort,768,0.5511256945099966,1.214064126760004,0.4539510577425561,6081343488.0,cell,False,True
BizITObsL2C-H/tshort,1024,0.5128292978221037,1.214064126760004,0.42240709244140257,7969665024.0,cell,False,True
BizITObsL2C-H/tshort,1536,0.4517900711746109,1.214064126760004,0.37213031932696305,11774619648.0,cell,False,True
BizITObsL2C-H/tshort,2048,0.45495343345787354,1.214064126760004,0.37473591668672096,15617323008.0,cell,False,False
BizITObsL2C-H/tshort,2560,0.45175891281557656,1.214064126760004,0.3721046548185178,19497775104.0,cell,False,True
BizITObsL2C-H/tmedium,native,0.4941009579218001,1.5102861226255864,0.3271571859925592,20070752256.0,cell,True,False
BizITObsL2C-H/tmedium,32,1.3850130090095971,1.5102861226255864,0.9170533902554797,3936485376.0,cell,False,True
BizITObsL2C-H/tmedium,48,1.3106129980235426,1.5102861226255864,0.8677911942573384,4053528576.0,cell,False,True
BizITObsL2C-H/tmedium,64,1.4801311561727386,1.5102861226255864,0.9800336068768054,4170608640.0,cell,False,False
BizITObsL2C-H/tmedium,96,1.4035604039557938,1.5102861226255864,0.929334106252494,4404879360.0,cell,False,False
BizITObsL2C-H/tmedium,128,1.4860302959342047,1.5102861226255864,0.9839395818262479,4639297536.0,cell,False,False
BizITObsL2C-H/tmedium,192,1.3396245781331744,1.5102861226255864,0.8870005213345123,5108576256.0,cell,False,False
BizITObsL2C-H/tmedium,256,1.2819869789073404,1.5102861226255864,0.8488371572127307,5578444800.0,cell,False,True
BizITObsL2C-H/tmedium,384,0.8064049377827679,1.5102861226255864,0.5339418310888386,6519951360.0,cell,False,True
BizITObsL2C-H/tmedium,512,0.6569547139033333,1.5102861226255864,0.4349869233792849,7463817216.0,cell,False,True
BizITObsL2C-H/tmedium,768,0.5193371676217693,1.5102861226255864,0.34386674143500534,9358626816.0,cell,False,True
BizITObsL2C-H/tmedium,1024,0.49967300498043454,1.5102861226255864,0.3308465842960725,11262873600.0,cell,False,True
BizITObsL2C-H/tmedium,1536,0.49038055577957723,1.5102861226255864,0.324693810287461,15099678720.0,cell,False,True
BizITObsL2C-H/tmedium,2048,0.494925642874301,1.5102861226255864,0.32770323150019276,18974232576.0,cell,False,False
BizITObsL2C-H/tlong,native,0.5598230376483725,1.4260541525613812,0.3925678675265287,20118122496.0,cell,True,True
BizITObsL2C-H/tlong,32,1.3408679195160644,1.4260541525613812,0.9402643771330064,5743374336.0,cell,False,True
BizITObsL2C-H/tlong,48,1.8264107521924755,1.4260541525613812,1.2807443173963633,5860970496.0,cell,False,False
BizITObsL2C-H/tlong,64,1.437410447563452,1.4260541525613812,1.007963438822904,5978603520.0,cell,False,False
BizITObsL2C-H/tlong,96,1.4521934669817058,1.4260541525613812,1.018329818943674,6213980160.0,cell,False,False
BizITObsL2C-H/tlong,128,1.4213800182191003,1.4260541525613812,0.9967223304010682,6449504256.0,cell,False,False
BizITObsL2C-H/tlong,192,1.328594270576422,1.4260541525613812,0.9316576570322322,6920994816.0,cell,False,True
BizITObsL2C-H/tlong,256,1.1983174512198749,1.4260541525613812,0.8403029078997728,7393075200.0,cell,False,True
BizITObsL2C-H/tlong,384,0.7606248995362581,1.4260541525613812,0.5333772901751841,8339005440.0,cell,False,True
BizITObsL2C-H/tlong,512,0.6314358737589549,1.4260541525613812,0.44278534067224085,9287294976.0,cell,False,True
BizITObsL2C-H/tlong,768,0.5912873013341219,1.4260541525613812,0.41463173068995446,11190951936.0,cell,False,True
BizITObsL2C-H/tlong,1024,0.5688880350801854,1.4260541525613812,0.3989245668254515,13104046080.0,cell,False,True
BizITObsL2C-H/tlong,1536,0.5657627048085584,1.4260541525613812,0.3967329738442078,16958545920.0,cell,False,True
BitbrainsFS-5T/tshort,native,0.6486845148685472,1.1360241737534569,0.5710129501252378,63732713472.0,cell,True,False
BitbrainsFS-5T/tshort,32,0.962674799806146,1.1360241737534569,0.8474069672526778,704987136.0,cell,False,True
BitbrainsFS-5T/tshort,48,0.9301083825102057,1.1360241737534569,0.8187399564193256,821035008.0,cell,False,True
BitbrainsFS-5T/tshort,64,0.8218893755488476,1.1360241737534569,0.7234787731966136,937119744.0,cell,False,True
BitbrainsFS-5T/tshort,96,0.778514260700956,1.1360241737534569,0.6852972662797502,1169399808.0,cell,False,True
BitbrainsFS-5T/tshort,128,0.7914134878797472,1.1360241737534569,0.6966519781572025,1401827328.0,cell,False,False
BitbrainsFS-5T/tshort,192,0.7790584052366468,1.1360241737534569,0.6857762565585336,1867124736.0,cell,False,False
BitbrainsFS-5T/tshort,256,0.7467705877624314,1.1360241737534569,0.6573544868284622,2333011968.0,cell,False,True
BitbrainsFS-5T/tshort,384,0.7210853433515233,1.1360241737534569,0.6347447175961374,3266555904.0,cell,False,True
BitbrainsFS-5T/tshort,512,0.712090465655973,1.1360241737534569,0.626826859945423,4202459136.0,cell,False,True
BitbrainsFS-5T/tshort,768,0.6765609301782745,1.1360241737534569,0.595551525935313,6081343488.0,cell,False,True
BitbrainsFS-5T/tshort,1024,0.6626551654364649,1.1360241737534569,0.5833107963248995,7969665024.0,cell,False,True
BitbrainsFS-5T/tshort,1536,0.6569757176265166,1.1360241737534569,0.5783113887936466,11774619648.0,cell,False,True
BitbrainsFS-5T/tshort,2048,0.6466954390116211,1.1360241737534569,0.5692620403269417,15617323008.0,cell,False,True
BitbrainsFS-5T/tshort,2560,0.6451810803786386,1.1360241737534569,0.567929006516597,19497775104.0,cell,False,True
BitbrainsFS-5T/tshort,3072,0.6459235953406731,1.1360241737534569,0.5685826149337323,23415975936.0,cell,False,False
BitbrainsFS-5T/tshort,4096,0.6458943093638836,1.1360241737534569,0.5685568355731639,31365623808.0,cell,False,False
BitbrainsFS-5T/tshort,6144,0.6469441986273947,1.1360241737534569,0.5694810142022526,47717904384.0,cell,False,False
BitbrainsFS-5T/tshort,8192,0.6483022776503721,1.1360241737534569,0.5706764808607572,64674164736.0,cell,False,False
BitbrainsFS-5T/tmedium,native,0.9558774141157556,1.2202713595882653,0.7833318438599431,66113722368.0,cell,True,False
BitbrainsFS-5T/tmedium,32,1.113591225049904,1.2202713595882653,0.9125767119746575,3936485376.0,cell,False,True
BitbrainsFS-5T/tmedium,48,1.114956525123598,1.2202713595882653,0.9136955615346067,4053528576.0,cell,False,False
BitbrainsFS-5T/tmedium,64,1.1253518983024744,1.2202713595882653,0.922214464397642,4170608640.0,cell,False,False
BitbrainsFS-5T/tmedium,96,1.1098512041113744,1.2202713595882653,0.9095118027566033,4404879360.0,cell,False,True
BitbrainsFS-5T/tmedium,128,1.1033957601305469,1.2202713595882653,0.904221631902306,4639297536.0,cell,False,True
BitbrainsFS-5T/tmedium,192,1.0999851313067968,1.2202713595882653,0.9014266561807576,5108576256.0,cell,False,True
BitbrainsFS-5T/tmedium,256,1.0775056727267718,1.2202713595882653,0.8830049679198696,5578444800.0,cell,False,True
BitbrainsFS-5T/tmedium,384,1.0348981450649322,1.2202713595882653,0.8480885312379368,6519951360.0,cell,False,True
BitbrainsFS-5T/tmedium,512,1.0194134417653917,1.2202713595882653,0.8353989739703097,7463817216.0,cell,False,True
BitbrainsFS-5T/tmedium,768,0.9827085995299492,1.2202713595882653,0.805319728114841,9358626816.0,cell,False,True
BitbrainsFS-5T/tmedium,1024,0.9801826253932081,1.2202713595882653,0.8032497179348157,11262873600.0,cell,False,True
BitbrainsFS-5T/tmedium,1536,0.9813554570075598,1.2202713595882653,0.8042108415448522,15099678720.0,cell,False,False
BitbrainsFS-5T/tmedium,2048,0.9584462782657757,1.2202713595882653,0.7854370019707481,18974232576.0,cell,False,True
BitbrainsFS-5T/tmedium,2560,0.9560732408242729,1.2202713595882653,0.7834923218609866,22886535168.0,cell,False,True
BitbrainsFS-5T/tmedium,3072,0.9555587082097663,1.2202713595882653,0.7830706676031335,26836586496.0,cell,False,True
BitbrainsFS-5T/tmedium,4096,0.9543053208476623,1.2202713595882653,0.782043529375021,34849935360.0,cell,False,True
BitbrainsFS-5T/tmedium,6144,0.9511767663859088,1.2202713595882653,0.7794797107315931,51329617920.0,cell,False,True
BitbrainsFS-5T/tlong,native,0.8733398203358905,1.1366422318753115,0.7683506699333119,65153323008.0,cell,True,True
BitbrainsFS-5T/tlong,32,1.133097255564291,1.1366422318753115,0.9968811854675048,5743374336.0,cell,False,True
BitbrainsFS-5T/tlong,48,1.0577547154821265,1.1366422318753115,0.9305960009395121,5860970496.0,cell,False,True
BitbrainsFS-5T/tlong,64,1.0347998565873462,1.1366422318753115,0.9104006762796956,5978603520.0,cell,False,True
BitbrainsFS-5T/tlong,96,1.0622691580950414,1.1366422318753115,0.9345677367120485,6213980160.0,cell,False,False
BitbrainsFS-5T/tlong,128,1.0416654961033391,1.1366422318753115,0.9164409581937906,6449504256.0,cell,False,False
BitbrainsFS-5T/tlong,192,1.0218591998087245,1.1366422318753115,0.8990156895039788,6920994816.0,cell,False,True
BitbrainsFS-5T/tlong,256,1.0379726639292817,1.1366422318753115,0.9131920623930734,7393075200.0,cell,False,False
BitbrainsFS-5T/tlong,384,0.9953798401824314,1.1366422318753115,0.8757195644052257,8339005440.0,cell,False,True
BitbrainsFS-5T/tlong,512,0.9789327210883392,1.1366422318753115,0.8612496471059568,9287294976.0,cell,False,True
BitbrainsFS-5T/tlong,768,0.9453961534976709,1.1366422318753115,0.8317447011782155,11190951936.0,cell,False,True
BitbrainsFS-5T/tlong,1024,0.9568215324610578,1.1366422318753115,0.841796570309047,13104046080.0,cell,False,False
BitbrainsFS-5T/tlong,1536,0.9207405858739651,1.1366422318753115,0.8100531196653349,16958545920.0,cell,False,True
BitbrainsFS-5T/tlong,2048,0.8843686458250775,1.1366422318753115,0.7780536575400551,20850794496.0,cell,False,True
BitbrainsFS-5T/tlong,2560,0.8817666700173468,1.1366422318753115,0.7757644800532765,24780791808.0,cell,False,True
BitbrainsFS-5T/tlong,3072,0.8861821863646966,1.1366422318753115,0.7796491820496687,28748537856.0,cell,False,False
BitbrainsFS-5T/tlong,4096,0.8776281880189235,1.1366422318753115,0.7721235085299896,36797276160.0,cell,False,True
BitbrainsFS-5T/tlong,6144,0.8754143604981831,1.1366422318753115,0.7701758178154823,53347737600.0,cell,False,True
BitbrainsFS-H/tshort,native,0.9809948648059198,1.298512456963805,0.7554758982441278,5316950016.0,cell,True,False
BitbrainsFS-H/tshort,32,1.1840418782287716,1.298512456963805,0.9118448358957684,704987136.0,cell,False,True
BitbrainsFS-H/tshort,48,1.0626976380514097,1.298512456963805,0.8183961827645614,821035008.0,cell,False,True
BitbrainsFS-H/tshort,64,1.0165440685198743,1.298512456963805,0.7828527659232227,937119744.0,cell,False,True
BitbrainsFS-H/tshort,96,0.9806823262268202,1.298512456963805,0.7552352085399794,1169399808.0,cell,False,True
BitbrainsFS-H/tshort,128,0.9775289242981918,1.298512456963805,0.7528067359352563,1401827328.0,cell,False,True
BitbrainsFS-H/tshort,192,0.9648754233674856,1.298512456963805,0.7430621232726309,1867124736.0,cell,False,True
BitbrainsFS-H/tshort,256,0.9932268671988782,1.298512456963805,0.7648959098330496,2333011968.0,cell,False,False
BitbrainsFS-H/tshort,384,0.9572683338393073,1.298512456963805,0.7372038124898717,3266555904.0,cell,False,True
BitbrainsFS-H/tshort,512,0.9763541691974035,1.298512456963805,0.751902042957928,4202459136.0,cell,False,False
BitbrainsRnD-5T/tshort,native,1.6220638243975165,1.970812637671696,0.8230431413885245,63732713472.0,cell,True,False
BitbrainsRnD-5T/tshort,32,1.956732690983528,1.970812637671696,0.9928557659825027,704987136.0,cell,False,True
BitbrainsRnD-5T/tshort,48,1.9193312988263675,1.970812637671696,0.9738781161327704,821035008.0,cell,False,True
BitbrainsRnD-5T/tshort,64,1.8130848517277816,1.970812637671696,0.9199681476924906,937119744.0,cell,False,True
BitbrainsRnD-5T/tshort,96,1.7946040731901436,1.970812637671696,0.9105909100066845,1169399808.0,cell,False,True
BitbrainsRnD-5T/tshort,128,1.8615250107135926,1.970812637671696,0.9445469219807647,1401827328.0,cell,False,False
BitbrainsRnD-5T/tshort,192,1.7793571357377918,1.970812637671696,0.9028545391508711,1867124736.0,cell,False,True
BitbrainsRnD-5T/tshort,256,1.75717947674506,1.970812637671696,0.8916014861874335,2333011968.0,cell,False,True
BitbrainsRnD-5T/tshort,384,1.715633520289204,1.970812637671696,0.8705208640817532,3266555904.0,cell,False,True
BitbrainsRnD-5T/tshort,512,1.7089919794090045,1.970812637671696,0.8671509136596544,4202459136.0,cell,False,True
BitbrainsRnD-5T/tshort,768,1.6506476899297045,1.970812637671696,0.8375467349751562,6081343488.0,cell,False,True
BitbrainsRnD-5T/tshort,1024,1.6420198671190387,1.970812637671696,0.8331689353580102,7969665024.0,cell,False,True
BitbrainsRnD-5T/tshort,1536,1.636676859191609,1.970812637671696,0.8304578669259841,11774619648.0,cell,False,True
BitbrainsRnD-5T/tshort,2048,1.617432249826077,1.970812637671696,0.8206930577312006,15617323008.0,cell,False,True
BitbrainsRnD-5T/tshort,2560,1.6079913801235548,1.970812637671696,0.8159027141327978,19497775104.0,cell,False,True
BitbrainsRnD-5T/tshort,3072,1.6088557081843573,1.970812637671696,0.816341278430733,23415975936.0,cell,False,False
BitbrainsRnD-5T/tshort,4096,1.6286474121242374,1.970812637671696,0.8263836860962642,31365623808.0,cell,False,False
BitbrainsRnD-5T/tshort,6144,1.6251071629259155,1.970812637671696,0.8245873462866595,47717904384.0,cell,False,False
BitbrainsRnD-5T/tshort,8192,1.6266923423637067,1.970812637671696,0.8253916741093509,64674164736.0,cell,False,False
BitbrainsRnD-5T/tmedium,native,4.362711373592553,4.542392314855541,0.9604435441044237,66113722368.0,cell,True,False
BitbrainsRnD-5T/tmedium,32,4.63658797093556,4.542392314855541,1.0207370146721937,3936485376.0,cell,False,True
BitbrainsRnD-5T/tmedium,48,4.635703128359667,4.542392314855541,1.0205422180728336,4053528576.0,cell,False,True
BitbrainsRnD-5T/tmedium,64,4.636011733412913,4.542392314855541,1.0206101569543427,4170608640.0,cell,False,False
BitbrainsRnD-5T/tmedium,96,4.62835997291313,4.542392314855541,1.0189256347974256,4404879360.0,cell,False,True
BitbrainsRnD-5T/tmedium,128,4.721930597260107,4.542392314855541,1.0395250497887203,4639297536.0,cell,False,False
BitbrainsRnD-5T/tmedium,192,4.6528722873808475,4.542392314855541,1.0243219794476999,5108576256.0,cell,False,False
BitbrainsRnD-5T/tmedium,256,4.6087517564741045,4.542392314855541,1.014608919049449,5578444800.0,cell,False,True
BitbrainsRnD-5T/tmedium,384,4.527163660860215,4.542392314855541,0.996647437530765,6519951360.0,cell,False,True
BitbrainsRnD-5T/tmedium,512,4.395003471603744,4.542392314855541,0.9675525949685645,7463817216.0,cell,False,True
BitbrainsRnD-5T/tmedium,768,4.375382703938164,4.542392314855541,0.9632331160892499,9358626816.0,cell,False,True
BitbrainsRnD-5T/tmedium,1024,4.363922361005668,4.542392314855541,0.9607101409391255,11262873600.0,cell,False,True
BitbrainsRnD-5T/tmedium,1536,4.365363725182175,4.542392314855541,0.9610274548293841,15099678720.0,cell,False,False
BitbrainsRnD-5T/tmedium,2048,4.363065707341145,4.542392314855541,0.9605215500810175,18974232576.0,cell,False,True
BitbrainsRnD-5T/tmedium,2560,4.36257279235334,4.542392314855541,0.9604130356785531,22886535168.0,cell,False,True
BitbrainsRnD-5T/tmedium,3072,4.367791448703579,4.542392314855541,0.961561914064326,26836586496.0,cell,False,False
BitbrainsRnD-5T/tmedium,4096,4.414429578118203,4.542392314855541,0.971829219524072,34849935360.0,cell,False,False
BitbrainsRnD-5T/tmedium,6144,4.368261829714511,4.542392314855541,0.9616654676498219,51329617920.0,cell,False,False
BitbrainsRnD-5T/tlong,native,3.3174983417588013,3.501257904408163,0.9475161305832387,65153323008.0,cell,True,False
BitbrainsRnD-5T/tlong,32,3.6372343264223663,3.501257904408163,1.0388364484212962,5743374336.0,cell,False,True
BitbrainsRnD-5T/tlong,48,3.619675087292768,3.501257904408163,1.0338213253972282,5860970496.0,cell,False,True
BitbrainsRnD-5T/tlong,64,3.6066873290015824,3.501257904408163,1.0301118704967953,5978603520.0,cell,False,True
BitbrainsRnD-5T/tlong,96,3.6123742230979836,3.501257904408163,1.031736113626455,6213980160.0,cell,False,False
BitbrainsRnD-5T/tlong,128,3.6174096973915866,3.501257904408163,1.0331743036801677,6449504256.0,cell,False,False
BitbrainsRnD-5T/tlong,192,3.571792572983432,3.501257904408163,1.0201455221240527,6920994816.0,cell,False,True
BitbrainsRnD-5T/tlong,256,3.589020722090353,3.501257904408163,1.0250660819849045,7393075200.0,cell,False,False
BitbrainsRnD-5T/tlong,384,3.463797755515813,3.501257904408163,0.9893009455701087,8339005440.0,cell,False,True
BitbrainsRnD-5T/tlong,512,3.3771985415565147,3.501257904408163,0.9645672023487745,9287294976.0,cell,False,True
BitbrainsRnD-5T/tlong,768,3.3178385084443356,3.501257904408163,0.9476132861469879,11190951936.0,cell,False,True
BitbrainsRnD-5T/tlong,1024,3.3080383902325456,3.501257904408163,0.9448142583463076,13104046080.0,cell,False,True
BitbrainsRnD-5T/tlong,1536,3.3039138306976636,3.501257904408163,0.9436362361475746,16958545920.0,cell,False,True
BitbrainsRnD-5T/tlong,2048,3.3020213201119706,3.501257904408163,0.94309571310204,20850794496.0,cell,False,True
BitbrainsRnD-5T/tlong,2560,3.3119016258774256,3.501257904408163,0.9459176434011521,24780791808.0,cell,False,False
BitbrainsRnD-5T/tlong,3072,3.2965860786374077,3.501257904408163,0.9415433448895414,28748537856.0,cell,False,True
BitbrainsRnD-5T/tlong,4096,3.4407595945555083,3.501257904408163,0.9827209787155394,36797276160.0,cell,False,False
BitbrainsRnD-5T/tlong,6144,3.3746882741060023,3.501257904408163,0.9638502407540996,53347737600.0,cell,False,False
BitbrainsRnD-H/tshort,native,5.631981908010748,6.0373618687533925,0.932854784994634,5199482880.0,cell,True,False
BitbrainsRnD-H/tshort,32,5.883860116012435,6.0373618687533925,0.974574697346632,704987136.0,cell,False,True
BitbrainsRnD-H/tshort,48,5.967813310308312,6.0373618687533925,0.9884803064720981,821035008.0,cell,False,False
BitbrainsRnD-H/tshort,64,5.973898303565751,6.0373618687533925,0.9894881959095247,937119744.0,cell,False,False
BitbrainsRnD-H/tshort,96,5.86432852352185,6.0373618687533925,0.9713395769554442,1169399808.0,cell,False,True
BitbrainsRnD-H/tshort,128,5.865898662081802,6.0373618687533925,0.9715996472633179,1401827328.0,cell,False,False
BitbrainsRnD-H/tshort,192,5.8593336112162495,6.0373618687533925,0.9705122433593826,1867124736.0,cell,False,True
BitbrainsRnD-H/tshort,256,5.566132462367585,6.0373618687533925,0.9219477949757038,2333011968.0,cell,False,True
BitbrainsRnD-H/tshort,384,5.604727870833946,6.0373618687533925,0.928340555473648,3266555904.0,cell,False,False
BitbrainsRnD-H/tshort,512,5.5255933772863015,6.0373618687533925,0.915233093097207,4202459136.0,cell,False,True
Restaurant/tshort,native,0.7056544539175605,1.0060757450046092,0.7013929690893479,2779287095.1970263,cell,True,True
Restaurant/tshort,32,0.7644679113019371,1.0060757450046092,0.7598512488723549,585818112.0,cell,False,True
Restaurant/tshort,48,0.7288539729832191,1.0060757450046092,0.7244523850238334,701829120.0,cell,False,True
Restaurant/tshort,64,0.7181618681947582,1.0060757450046092,0.7138248504256189,817876992.0,cell,False,True
Restaurant/tshort,96,0.7206733617318207,1.0060757450046092,0.7163211769194566,1050083328.0,cell,False,False
Restaurant/tshort,128,0.7106843938054445,1.0060757450046092,0.7063925329023697,1282437120.0,cell,False,True
Restaurant/tshort,192,0.7115210455271178,1.0060757450046092,0.7072241320397383,1747587072.0,cell,False,False
Restaurant/tshort,256,0.7155228331577097,1.0060757450046092,0.711201752661706,2213326848.0,cell,False,False
Restaurant/tshort,384,0.7085643487319914,1.0060757450046092,0.7042852908940223,3146575872.0,cell,False,False
ETTm1-15T/tshort,native,0.6780364892827172,0.9341549587802876,0.7258287106541932,64674164736.0,cell,True,False
ETTm1-15T/tshort,32,1.959471863396707,0.9341549587802876,2.097587605759927,704987136.0,cell,False,True
ETTm1-15T/tshort,48,2.1027456555160935,0.9341549587802876,2.250960224266879,821035008.0,cell,False,False
ETTm1-15T/tshort,64,1.9849257005172132,0.9341549587802876,2.1248355873514835,937119744.0,cell,False,False
ETTm1-15T/tshort,96,1.6480018380476598,0.9341549587802876,1.7641632392546858,1169399808.0,cell,False,True
ETTm1-15T/tshort,128,1.2987176339194386,0.9341549587802876,1.3902593158796215,1401827328.0,cell,False,True
ETTm1-15T/tshort,192,0.8802002306122145,0.9341549587802876,0.9422422076113357,1867124736.0,cell,False,True
ETTm1-15T/tshort,256,0.7989993337571014,0.9341549587802876,0.8553177674080359,2333011968.0,cell,False,True
ETTm1-15T/tshort,384,0.7177285963122518,0.9341549587802876,0.7683185638166279,3266555904.0,cell,False,True
ETTm1-15T/tshort,512,0.7224889899457182,0.9341549587802876,0.7734144995484062,4202459136.0,cell,False,False
ETTm1-15T/tshort,768,0.7413662170164135,0.9341549587802876,0.7936223107827897,6081343488.0,cell,False,False
ETTm1-15T/tshort,1024,0.7084006616291594,0.9341549587802876,0.7583331383843508,7969665024.0,cell,False,True
ETTm1-15T/tshort,1536,0.6818002859820036,0.9341549587802876,0.7298578031124731,11774619648.0,cell,False,True
ETTm1-15T/tshort,2048,0.6786962689501084,0.9341549587802876,0.726534995688801,15617323008.0,cell,False,True
ETTm1-15T/tshort,2560,0.6693860089198499,0.9341549587802876,0.7165684907286232,19497775104.0,cell,False,True
ETTm1-15T/tshort,3072,0.6698242073004885,0.9341549587802876,0.717037576051695,23415975936.0,cell,False,False
ETTm1-15T/tshort,4096,0.6710907541495872,0.9341549587802876,0.7183933969861066,31365623808.0,cell,False,False
ETTm1-15T/tshort,6144,0.6750567444030884,0.9341549587802876,0.7226389348556261,47717904384.0,cell,False,False
ETTm1-15T/tshort,8192,0.6780364895988275,0.9341549587802876,0.7258287109925848,64674164736.0,cell,False,False
ETTm1-15T/tmedium,native,0.9705061279353489,1.188305978388322,0.8167139992442256,68413280256.0,cell,True,False
ETTm1-15T/tmedium,32,2.265353849883757,1.188305978388322,1.9063725093399053,3936485376.0,cell,False,True
ETTm1-15T/tmedium,48,2.1550931518186154,1.188305978388322,1.8135843722182812,4053528576.0,cell,False,True
ETTm1-15T/tmedium,64,2.1425255130514422,1.188305978388322,1.803008275660879,4170608640.0,cell,False,True
ETTm1-15T/tmedium,96,1.8388354258258106,1.188305978388322,1.5474427119518408,4404879360.0,cell,False,True
ETTm1-15T/tmedium,128,1.5519035685404055,1.188305978388322,1.305979770164267,4639297536.0,cell,False,True
ETTm1-15T/tmedium,192,1.2837771286283146,1.188305978388322,1.0803422283286652,5108576256.0,cell,False,True
ETTm1-15T/tmedium,256,1.187330459143917,1.188305978388322,0.999179067292308,5578444800.0,cell,False,True
ETTm1-15T/tmedium,384,1.1288908424900488,1.188305978388322,0.9500001371878504,6519951360.0,cell,False,True
ETTm1-15T/tmedium,512,1.118672864860873,1.188305978388322,0.941401360597469,7463817216.0,cell,False,True
ETTm1-15T/tmedium,768,1.1078663483936666,1.188305978388322,0.9323073085067246,9358626816.0,cell,False,True
ETTm1-15T/tmedium,1024,1.0664541874266533,1.188305978388322,0.8974575629696535,11262873600.0,cell,False,True
ETTm1-15T/tmedium,1536,1.0289879744708326,1.188305978388322,0.8659284672340287,15099678720.0,cell,False,True
ETTm1-15T/tmedium,2048,1.0184862762921834,1.188305978388322,0.8570909301268835,18974232576.0,cell,False,True
ETTm1-15T/tmedium,2560,1.0052620526527054,1.188305978388322,0.8459622950110242,22886535168.0,cell,False,True
ETTm1-15T/tmedium,3072,0.9960346043478541,1.188305978388322,0.8381970826224049,26836586496.0,cell,False,True
ETTm1-15T/tmedium,4096,0.9824478675881543,1.188305978388322,0.826763380354806,34849935360.0,cell,False,True
ETTm1-15T/tmedium,6144,0.9709453401750318,1.188305978388322,0.8170836113202993,51329617920.0,cell,False,True
ETTm1-15T/tmedium,8192,0.9705061273255958,1.188305978388322,0.8167139987310976,68413280256.0,cell,False,True
ETTm1-15T/tlong,native,0.9801796723748069,1.190885705867336,0.8230677952935294,70502178816.0,cell,True,False
ETTm1-15T/tlong,32,2.171970811896847,1.190885705867336,1.8238280980247177,5743374336.0,cell,False,True
ETTm1-15T/tlong,48,1.9609293622186443,1.190885705867336,1.6466142406088218,5860970496.0,cell,False,True
ETTm1-15T/tlong,64,1.9806999694652543,1.190885705867336,1.6632158398632277,5978603520.0,cell,False,False
ETTm1-15T/tlong,96,1.7829002723563439,1.190885705867336,1.4971212296631242,6213980160.0,cell,False,True
ETTm1-15T/tlong,128,1.6733630223846236,1.190885705867336,1.4051415800359226,6449504256.0,cell,False,True
ETTm1-15T/tlong,192,1.408666387958063,1.190885705867336,1.1828728659834864,6920994816.0,cell,False,True
ETTm1-15T/tlong,256,1.2221466468734208,1.190885705867336,1.0262501605754994,7393075200.0,cell,False,True
ETTm1-15T/tlong,384,1.2100643074617798,1.190885705867336,1.016104485510199,8339005440.0,cell,False,True
ETTm1-15T/tlong,512,1.1425382301028537,1.190885705867336,0.95940208575325,9287294976.0,cell,False,True
ETTm1-15T/tlong,768,1.1155846594985663,1.190885705867336,0.9367688721110922,11190951936.0,cell,False,True
ETTm1-15T/tlong,1024,1.07588870877128,1.190885705867336,0.9034357398619522,13104046080.0,cell,False,True
ETTm1-15T/tlong,1536,1.010609696418306,1.190885705867336,0.8486202256347237,16958545920.0,cell,False,True
ETTm1-15T/tlong,2048,1.0175269161870304,1.190885705867336,0.8544286921690386,20850794496.0,cell,False,False
ETTm1-15T/tlong,2560,1.0106489624194235,1.190885705867336,0.8486531977334936,24780791808.0,cell,False,False
ETTm1-15T/tlong,3072,1.0010657331981736,1.190885705867336,0.8406060533484073,28748537856.0,cell,False,True
ETTm1-15T/tlong,4096,0.9936440941378708,1.190885705867336,0.8343740203130476,36797276160.0,cell,False,True
ETTm1-15T/tlong,6144,0.9813189881844898,1.190885705867336,0.8240244914769412,53347737600.0,cell,False,True
ETTm1-15T/tlong,8192,0.9801796560557338,1.190885705867336,0.8230677815902219,70502178816.0,cell,False,True
ETTm1-H/tshort,native,0.7930854143031237,0.9773176243434534,0.8114919802412303,64674164736.0,cell,True,False
ETTm1-H/tshort,32,0.9994759657368885,0.9773176243434534,1.0226726100517431,704987136.0,cell,False,True
ETTm1-H/tshort,48,0.9741241736095803,0.9773176243434534,0.9967324330858983,821035008.0,cell,False,True
ETTm1-H/tshort,64,0.9406972785551768,0.9773176243434534,0.9625297396914565,937119744.0,cell,False,True
ETTm1-H/tshort,96,0.9095721936985992,0.9773176243434534,0.9306822787623783,1169399808.0,cell,False,True
ETTm1-H/tshort,128,0.8753886223825335,0.9773176243434534,0.8957053475533154,1401827328.0,cell,False,True
ETTm1-H/tshort,192,0.9025268960902966,0.9773176243434534,0.9234734682049758,1867124736.0,cell,False,False
ETTm1-H/tshort,256,0.8876078869785282,0.9773176243434534,0.9082082066971925,2333011968.0,cell,False,False
ETTm1-H/tshort,384,0.863769314229584,0.9773176243434534,0.8838163691254936,3266555904.0,cell,False,True
ETTm1-H/tshort,512,0.8725047778193831,0.9773176243434534,0.8927545723996516,4202459136.0,cell,False,False
ETTm1-H/tshort,768,0.849520331487418,0.9773176243434534,0.8692366844996912,6081343488.0,cell,False,True
ETTm1-H/tshort,1024,0.8510979742431591,0.9773176243434534,0.8708509424609153,7969665024.0,cell,False,False
ETTm1-H/tshort,1536,0.8091745295640065,0.9773176243434534,0.827954504665356,11774619648.0,cell,False,True
ETTm1-H/tshort,2048,0.80460960196584,0.9773176243434534,0.8232836305457646,15617323008.0,cell,False,True
ETTm1-H/tshort,2560,0.8043266499656511,0.9773176243434534,0.8229941115673475,19497775104.0,cell,False,True
ETTm1-H/tshort,3072,0.7986822348356389,0.9773176243434534,0.817218696298638,23415975936.0,cell,False,True
ETTm1-H/tshort,4096,0.7930452567707075,0.9773176243434534,0.8114508907004137,31365623808.0,cell,False,True
ETTm1-H/tshort,6144,0.7916484772768236,0.9773176243434534,0.8100216936214986,47717904384.0,cell,False,True
ETTm1-H/tshort,8192,0.7930854148376446,0.9773176243434534,0.8114919807881567,64674164736.0,cell,False,False
ETTm1-H/tmedium,native,1.3032978138561653,1.5678007461285397,0.8312904666453778,68413280256.0,cell,True,False
ETTm1-H/tmedium,32,1.4886664669998644,1.5678007461285397,0.9495252956575725,3936485376.0,cell,False,True
ETTm1-H/tmedium,48,2.161636144667247,1.5678007461285397,1.3787696874141049,4053528576.0,cell,False,False
ETTm1-H/tmedium,64,1.786707373056803,1.5678007461285397,1.139626561263491,4170608640.0,cell,False,False
ETTm1-H/tmedium,96,1.57935589217769,1.5678007461285397,1.007370289928541,4404879360.0,cell,False,False
ETTm1-H/tmedium,128,1.341869558388684,1.5678007461285397,0.8558929198766102,4639297536.0,cell,False,True
ETTm1-H/tmedium,192,1.3300738297016967,1.5678007461285397,0.8483691776433481,5108576256.0,cell,False,True
ETTm1-H/tmedium,256,1.284417893817174,1.5678007461285397,0.8192481710375893,5578444800.0,cell,False,True
ETTm1-H/tmedium,384,1.2734019207940377,1.5678007461285397,0.8122217851589382,6519951360.0,cell,False,True
ETTm1-H/tmedium,512,1.2699736509227533,1.5678007461285397,0.8100351106853164,7463817216.0,cell,False,True
ETTm1-H/tmedium,768,1.2532714474898399,1.5678007461285397,0.7993818414646217,9358626816.0,cell,False,True
ETTm1-H/tmedium,1024,1.2871656816654817,1.5678007461285397,0.821000809474006,11262873600.0,cell,False,False
ETTm1-H/tmedium,1536,1.2785652894789445,1.5678007461285397,0.8155151683886993,15099678720.0,cell,False,False
ETTm1-H/tmedium,2048,1.315056724387399,1.5678007461285397,0.8387907249277333,18974232576.0,cell,False,False
ETTm1-H/tmedium,2560,1.2930773063793166,1.5678007461285397,0.8247714574523495,22886535168.0,cell,False,False
ETTm1-H/tmedium,3072,1.2920289558816396,1.5678007461285397,0.8241027816016294,26836586496.0,cell,False,False
ETTm1-H/tmedium,4096,1.2901007042508787,1.5678007461285397,0.822872872995244,34849935360.0,cell,False,False
ETTm1-H/tmedium,6144,1.2875804751386335,1.5678007461285397,0.8212653797481152,51329617920.0,cell,False,False
ETTm1-H/tmedium,8192,1.3032978346524757,1.5678007461285397,0.8312904799100165,68413280256.0,cell,False,False
ETTm1-H/tlong,native,1.4069322634597563,1.4787012870437326,0.9514648264576416,70502178816.0,cell,True,False
ETTm1-H/tlong,32,1.5089512037902315,1.4787012870437326,1.0204570842073015,5743374336.0,cell,False,True
ETTm1-H/tlong,48,1.6050804610355107,1.4787012870437326,1.085466331232077,5860970496.0,cell,False,False
ETTm1-H/tlong,64,1.5692636609578294,1.4787012870437326,1.0612445358015155,5978603520.0,cell,False,False
ETTm1-H/tlong,96,1.9712753826418072,1.4787012870437326,1.33311264412493,6213980160.0,cell,False,False
ETTm1-H/tlong,128,1.5097736977082616,1.4787012870437326,1.0210133114353677,6449504256.0,cell,False,False
ETTm1-H/tlong,192,1.441966292487254,1.4787012870437326,0.9751572580085324,6920994816.0,cell,False,True
ETTm1-H/tlong,256,1.4345435625223364,1.4787012870437326,0.9701374950381779,7393075200.0,cell,False,True
ETTm1-H/tlong,384,1.3805250605734394,1.4787012870437326,0.9336064509238574,8339005440.0,cell,False,True
ETTm1-H/tlong,512,1.4573660660349044,1.4787012870437326,0.9855716491249681,9287294976.0,cell,False,False
ETTm1-H/tlong,768,1.4003273857612317,1.4787012870437326,0.9469981517097422,11190951936.0,cell,False,False
ETTm1-H/tlong,1024,1.3727967956405462,1.4787012870437326,0.9283800640933274,13104046080.0,cell,False,True
ETTm1-H/tlong,1536,1.3921709751249327,1.4787012870437326,0.9414822231663881,16958545920.0,cell,False,False
ETTm1-H/tlong,2048,1.3769748285307697,1.4787012870437326,0.9312055386680986,20850794496.0,cell,False,False
ETTm1-H/tlong,2560,1.3765964575987109,1.4787012870437326,0.9309496580954811,24780791808.0,cell,False,False
ETTm1-H/tlong,3072,1.3659737490502455,1.4787012870437326,0.9237658484636504,28748537856.0,cell,False,True
ETTm1-H/tlong,4096,1.3584718523541475,1.4787012870437326,0.918692547478638,36797276160.0,cell,False,True
ETTm1-H/tlong,6144,1.3908089267295678,1.4787012870437326,0.9405611119133588,53347737600.0,cell,False,False
ETTm1-H/tlong,8192,1.406932265184283,1.4787012870437326,0.9514648276238857,70502178816.0,cell,False,False
ETTm1-D/tshort,native,1.680868047198617,1.7783697877928102,0.9451735284396584,5255061504.0,cell,True,False
ETTm1-D/tshort,32,1.587992325433174,1.7783697877928102,0.8929483262331399,585818112.0,cell,False,True
ETTm1-D/tshort,48,1.4920326048322299,1.7783697877928102,0.8389889521706494,701829120.0,cell,False,True
ETTm1-D/tshort,64,1.8570087799065815,1.7783697877928102,1.0442197076522384,817876992.0,cell,False,False
ETTm1-D/tshort,96,1.8248516315785628,1.7783697877928102,1.02613733325027,1050083328.0,cell,False,False
ETTm1-D/tshort,128,1.866486294118865,1.7783697877928102,1.0495490347007181,1282437120.0,cell,False,False
ETTm1-D/tshort,192,1.6183674133094512,1.7783697877928102,0.9100286253277262,1747587072.0,cell,False,False
ETTm1-D/tshort,256,1.6330941158243504,1.7783697877928102,0.9183096378685301,2213326848.0,cell,False,False
ETTm1-D/tshort,384,1.7278716631571187,1.7783697877928102,0.9716042608335321,3146575872.0,cell,False,False
ETTm1-D/tshort,512,1.6838758233564062,1.7783697877928102,0.9468648393123663,4082184192.0,cell,False,False
ETTm1-W/tshort,native,1.6958293899555816,1.7689207877683926,0.9586802312923122,930803712.0,cell,True,False
ETTm1-W/tshort,32,1.6208047889794464,1.7689207877683926,0.9162675910571416,466685952.0,cell,False,True
ETTm1-W/tshort,48,1.667246324190673,1.7689207877683926,0.9425217543483174,582660096.0,cell,False,False
ETTm1-W/tshort,64,1.617935282245476,1.7689207877683926,0.9146454117296035,698671104.0,cell,False,True
ETTm2-15T/tshort,native,0.7375526828023783,1.067314800011479,0.6910357495224895,64674164736.0,cell,True,True
ETTm2-15T/tshort,32,1.2297119613761192,1.067314800011479,1.1521548856653103,704987136.0,cell,False,True
ETTm2-15T/tshort,48,1.2753978998536486,1.067314800011479,1.1949594438678557,821035008.0,cell,False,False
ETTm2-15T/tshort,64,1.236057489113439,1.067314800011479,1.1581002053940836,937119744.0,cell,False,False
ETTm2-15T/tshort,96,1.1261828006765597,1.067314800011479,1.055155236922085,1169399808.0,cell,False,True
ETTm2-15T/tshort,128,1.0794295921723132,1.067314800011479,1.0113507206690133,1401827328.0,cell,False,True
ETTm2-15T/tshort,192,0.9469368591469886,1.067314800011479,0.8872142119052451,1867124736.0,cell,False,True
ETTm2-15T/tshort,256,0.8961110637747078,1.067314800011479,0.8395939639973794,2333011968.0,cell,False,True
ETTm2-15T/tshort,384,0.844193575426781,1.067314800011479,0.7909508754284131,3266555904.0,cell,False,True
ETTm2-15T/tshort,512,0.8178347502531044,1.067314800011479,0.7662544829738224,4202459136.0,cell,False,True
ETTm2-15T/tshort,768,0.7984439435243724,1.067314800011479,0.7480866409008712,6081343488.0,cell,False,True
ETTm2-15T/tshort,1024,0.7856796730159245,1.067314800011479,0.7361274040306333,7969665024.0,cell,False,True
ETTm2-15T/tshort,1536,0.7528690241245343,1.067314800011479,0.7053860998802202,11774619648.0,cell,False,True
ETTm2-15T/tshort,2048,0.7571534510792958,1.067314800011479,0.7094003110152249,15617323008.0,cell,False,False
ETTm2-15T/tshort,2560,0.7527264669742584,1.067314800011479,0.7052525337099821,19497775104.0,cell,False,True
ETTm2-15T/tshort,3072,0.7411360192350496,1.067314800011479,0.6943930874256392,23415975936.0,cell,False,True
ETTm2-15T/tshort,4096,0.7419954797744457,1.067314800011479,0.6951983423882678,31365623808.0,cell,False,False
ETTm2-15T/tshort,6144,0.7387098379919789,1.067314800011479,0.6921199237413685,47717904384.0,cell,False,True
ETTm2-15T/tshort,8192,0.7375526843251288,1.067314800011479,0.6910357509492011,64674164736.0,cell,False,False
ETTm2-15T/tmedium,native,0.8483286555756385,1.0512391501712754,0.8069797014669999,68413280256.0,cell,True,False
ETTm2-15T/tmedium,32,1.1829752426908737,1.0512391501712754,1.1253150555685971,3936485376.0,cell,False,True
ETTm2-15T/tmedium,48,1.2088326234771478,1.0512391501712754,1.149912104472323,4053528576.0,cell,False,False
ETTm2-15T/tmedium,64,1.2821083941907907,1.0512391501712754,1.2196162918608011,4170608640.0,cell,False,False
ETTm2-15T/tmedium,96,1.1144555414357347,1.0512391501712754,1.0601351188777164,4404879360.0,cell,False,True
ETTm2-15T/tmedium,128,1.1290813853378125,1.0512391501712754,1.0740480747447947,4639297536.0,cell,False,False
ETTm2-15T/tmedium,192,1.1239466931340127,1.0512391501712754,1.0691636560062392,5108576256.0,cell,False,False
ETTm2-15T/tmedium,256,1.0431977111691422,1.0512391501712754,0.9923505141519672,5578444800.0,cell,False,True
ETTm2-15T/tmedium,384,1.0030823415296255,1.0512391501712754,0.954190434561152,6519951360.0,cell,False,True
ETTm2-15T/tmedium,512,1.001974334956814,1.0512391501712754,0.9531364340774077,7463817216.0,cell,False,True
ETTm2-15T/tmedium,768,0.9943183633655717,1.0512391501712754,0.9458536273155068,9358626816.0,cell,False,True
ETTm2-15T/tmedium,1024,0.9305925460649878,1.0512391501712754,0.8852339126766435,11262873600.0,cell,False,True
ETTm2-15T/tmedium,1536,0.8568501937850391,1.0512391501712754,0.8150858856858926,15099678720.0,cell,False,True
ETTm2-15T/tmedium,2048,0.8475162455609366,1.0512391501712754,0.8062068896719202,18974232576.0,cell,False,True
ETTm2-15T/tmedium,2560,0.8354950052893791,1.0512391501712754,0.7947715847086311,22886535168.0,cell,False,True
ETTm2-15T/tmedium,3072,0.8360054164432825,1.0512391501712754,0.7952571175712725,26836586496.0,cell,False,False
ETTm2-15T/tmedium,4096,0.8360972255403296,1.0512391501712754,0.795344451739746,34849935360.0,cell,False,False
ETTm2-15T/tmedium,6144,0.8422980493271399,1.0512391501712754,0.8012430370291163,51329617920.0,cell,False,False
ETTm2-15T/tmedium,8192,0.8483286598354415,1.0512391501712754,0.806979705519173,68413280256.0,cell,False,False
ETTm2-15T/tlong,native,0.8671275425392727,1.0126577751121104,0.8562888310843946,70502178816.0,cell,True,False
ETTm2-15T/tlong,32,1.1156643323620807,1.0126577751121104,1.1017190207605592,5743374336.0,cell,False,True
ETTm2-15T/tlong,48,1.2857948195249902,1.0126577751121104,1.2697229519445905,5860970496.0,cell,False,False
ETTm2-15T/tlong,64,1.3015863956913742,1.0126577751121104,1.2853171403806947,5978603520.0,cell,False,False
ETTm2-15T/tlong,96,1.138821920913806,1.0126577751121104,1.1245871496791975,6213980160.0,cell,False,False
ETTm2-15T/tlong,128,1.1585667306663316,1.0126577751121104,1.1440851580269236,6449504256.0,cell,False,False
ETTm2-15T/tlong,192,1.0990941588107244,1.0126577751121104,1.085355967063053,6920994816.0,cell,False,True
ETTm2-15T/tlong,256,1.0663859992225837,1.0126577751121104,1.053056645029487,7393075200.0,cell,False,True
ETTm2-15T/tlong,384,1.0830454522314206,1.0126577751121104,1.0695078622306708,8339005440.0,cell,False,False
ETTm2-15T/tlong,512,1.026930437999284,1.0126577751121104,1.014094260902301,9287294976.0,cell,False,True
ETTm2-15T/tlong,768,0.9840437183024511,1.0126577751121104,0.9717436062676835,11190951936.0,cell,False,True
ETTm2-15T/tlong,1024,1.0068792748189999,1.0126577751121104,0.9942937284094118,13104046080.0,cell,False,False
ETTm2-15T/tlong,1536,0.8833373024328856,1.0126577751121104,0.8722959761357603,16958545920.0,cell,False,True
ETTm2-15T/tlong,2048,0.8549011771709487,1.0126577751121104,0.8442152898853745,20850794496.0,cell,False,True
ETTm2-15T/tlong,2560,0.8702842998002767,1.0126577751121104,0.859406130273308,24780791808.0,cell,False,False
ETTm2-15T/tlong,3072,0.8743576704338215,1.0126577751121104,0.86342858557228,28748537856.0,cell,False,False
ETTm2-15T/tlong,4096,0.8657479402180682,1.0126577751121104,0.8549264731831265,36797276160.0,cell,False,False
ETTm2-15T/tlong,6144,0.864926101288628,1.0126577751121104,0.8541149068774718,53347737600.0,cell,False,False
ETTm2-15T/tlong,8192,0.8671275364135965,1.0126577751121104,0.8562888250352866,70502178816.0,cell,False,False
ETTm2-H/tshort,native,0.7349729646663802,0.9231678277377344,0.7961423075882805,64674164736.0,cell,True,True
ETTm2-H/tshort,32,0.8755321083019515,0.9231678277377344,0.9483997188761263,704987136.0,cell,False,True
ETTm2-H/tshort,48,0.8778513340549698,0.9231678277377344,0.9509119660356723,821035008.0,cell,False,False
ETTm2-H/tshort,64,0.8576617734538046,0.9231678277377344,0.9290420957969739,937119744.0,cell,False,True
ETTm2-H/tshort,96,0.8407536483902499,0.9231678277377344,0.9107267640062324,1169399808.0,cell,False,True
ETTm2-H/tshort,128,0.8264088715536202,0.9231678277377344,0.8951881193463744,1401827328.0,cell,False,True
ETTm2-H/tshort,192,0.8376867898613436,0.9231678277377344,0.9074046610941089,1867124736.0,cell,False,False
ETTm2-H/tshort,256,0.8202282537403668,0.9231678277377344,0.8884931093735948,2333011968.0,cell,False,True
ETTm2-H/tshort,384,0.75066024504165,0.9231678277377344,0.8131351878684699,3266555904.0,cell,False,True
ETTm2-H/tshort,512,0.7489184851396761,0.9231678277377344,0.8112484671123511,4202459136.0,cell,False,True
ETTm2-H/tshort,768,0.7489008953795497,0.9231678277377344,0.81122941341529,6081343488.0,cell,False,True
ETTm2-H/tshort,1024,0.7447370996936594,0.9231678277377344,0.8067190789335371,7969665024.0,cell,False,True
ETTm2-H/tshort,1536,0.7381760644737014,0.9231678277377344,0.7996119906849831,11774619648.0,cell,False,True
ETTm2-H/tshort,2048,0.738973216433117,0.9231678277377344,0.8004754869371966,15617323008.0,cell,False,False
ETTm2-H/tshort,2560,0.7411202680292885,0.9231678277377344,0.8028012304603792,19497775104.0,cell,False,False
ETTm2-H/tshort,3072,0.7448685716552851,0.9231678277377344,0.8068614928670338,23415975936.0,cell,False,False
ETTm2-H/tshort,4096,0.7398849086230522,0.9231678277377344,0.8014630562204215,31365623808.0,cell,False,False
ETTm2-H/tshort,6144,0.7365225685089531,0.9231678277377344,0.7978208797785293,47717904384.0,cell,False,True
ETTm2-H/tshort,8192,0.7349729682247095,0.9231678277377344,0.7961423114427577,64674164736.0,cell,False,False
ETTm2-H/tmedium,native,1.0460274130781944,1.2384249730532626,0.8446433460553339,68413280256.0,cell,True,False
ETTm2-H/tmedium,32,1.1971681231582076,1.2384249730532626,0.9666860320223205,3936485376.0,cell,False,True
ETTm2-H/tmedium,48,1.2101568129110207,1.2384249730532626,0.9771741035934147,4053528576.0,cell,False,False
ETTm2-H/tmedium,64,1.352919930294893,1.2384249730532626,1.092452073991491,4170608640.0,cell,False,False
ETTm2-H/tmedium,96,1.367671321730175,1.2384249730532626,1.104363487081711,4404879360.0,cell,False,False
ETTm2-H/tmedium,128,1.5223695962405748,1.2384249730532626,1.2292788254158535,4639297536.0,cell,False,False
ETTm2-H/tmedium,192,1.3024325318386125,1.2384249730532626,1.0516846479827866,5108576256.0,cell,False,False
ETTm2-H/tmedium,256,1.120785209693631,1.2384249730532626,0.9050085665911616,5578444800.0,cell,False,True
ETTm2-H/tmedium,384,1.1240787342874257,1.2384249730532626,0.907668012795379,6519951360.0,cell,False,False
ETTm2-H/tmedium,512,1.0790516438833981,1.2384249730532626,0.8713096613540189,7463817216.0,cell,False,True
ETTm2-H/tmedium,768,1.0979240081445112,1.2384249730532626,0.8865486662770093,9358626816.0,cell,False,False
ETTm2-H/tmedium,1024,1.1269973548444474,1.2384249730532626,0.9100247325164179,11262873600.0,cell,False,False
ETTm2-H/tmedium,1536,1.0817269031091425,1.2384249730532626,0.8734698723348655,15099678720.0,cell,False,False
ETTm2-H/tmedium,2048,1.0763050119957696,1.2384249730532626,0.8690918185719431,18974232576.0,cell,False,True
ETTm2-H/tmedium,2560,1.1087511329388204,1.2384249730532626,0.8952913233050048,22886535168.0,cell,False,False
ETTm2-H/tmedium,3072,1.1157570646392083,1.2384249730532626,0.900948453815798,26836586496.0,cell,False,False
ETTm2-H/tmedium,4096,1.0903135899898995,1.2384249730532626,0.8804034267023836,34849935360.0,cell,False,False
ETTm2-H/tmedium,6144,1.0519654907548481,1.2384249730532626,0.849438208728374,51329617920.0,cell,False,True
ETTm2-H/tmedium,8192,1.0460274119057844,1.2384249730532626,0.8446433451086395,68413280256.0,cell,False,True
ETTm2-H/tlong,native,1.0057243389192307,1.1284016697207502,0.8912822143981063,70502178816.0,cell,True,True
ETTm2-H/tlong,32,1.12960870284076,1.1284016697207502,1.0010696839187667,5743374336.0,cell,False,True
ETTm2-H/tlong,48,1.4799895750577672,1.1284016697207502,1.3115804547010514,5860970496.0,cell,False,False
ETTm2-H/tlong,64,1.3492972860304389,1.1284016697207502,1.1957597389627708,5978603520.0,cell,False,False
ETTm2-H/tlong,96,1.5162751036935103,1.1284016697207502,1.3437370259020873,6213980160.0,cell,False,False
ETTm2-H/tlong,128,1.4562867193169315,1.1284016697207502,1.2905747646379542,6449504256.0,cell,False,False
ETTm2-H/tlong,192,1.3243811824363834,1.1284016697207502,1.1736788574268353,6920994816.0,cell,False,False
ETTm2-H/tlong,256,1.1745909343531897,1.1284016697207502,1.040933353673493,7393075200.0,cell,False,False
ETTm2-H/tlong,384,1.2865497795652348,1.1284016697207502,1.1401523181755147,8339005440.0,cell,False,False
ETTm2-H/tlong,512,1.149275130007518,1.1284016697207502,1.0184982536333302,9287294976.0,cell,False,False
ETTm2-H/tlong,768,1.1145480159384382,1.1284016697207502,0.9877227638401667,11190951936.0,cell,False,True
ETTm2-H/tlong,1024,1.0685143247023055,1.1284016697207502,0.94692728074989,13104046080.0,cell,False,True
ETTm2-H/tlong,1536,1.0646436605865846,1.1284016697207502,0.9434970623980519,16958545920.0,cell,False,True
ETTm2-H/tlong,2048,1.0308002847808382,1.1284016697207502,0.9135047496304523,20850794496.0,cell,False,True
ETTm2-H/tlong,2560,1.0209648702254321,1.1284016697207502,0.9047885142513961,24780791808.0,cell,False,True
ETTm2-H/tlong,3072,1.033576991554261,1.1284016697207502,0.915965492863941,28748537856.0,cell,False,False
ETTm2-H/tlong,4096,1.0195158272381215,1.1284016697207502,0.9035043589490832,36797276160.0,cell,False,True
ETTm2-H/tlong,6144,1.0195169294537727,1.1284016697207502,0.9035053357427913,53347737600.0,cell,False,False
ETTm2-H/tlong,8192,1.0057243571635504,1.1284016697207502,0.8912822305663911,70502178816.0,cell,False,False
ETTm2-D/tshort,native,1.262396505192918,1.3901143157307532,0.9081242390697224,5255061504.0,cell,True,True
ETTm2-D/tshort,32,1.5746030999481855,1.3901143157307532,1.1327148293703102,585818112.0,cell,False,True
ETTm2-D/tshort,48,1.6196815299914242,1.3901143157307532,1.165142687664498,701829120.0,cell,False,False
ETTm2-D/tshort,64,1.5426667979989401,1.3901143157307532,1.1097409619783631,817876992.0,cell,False,True
ETTm2-D/tshort,96,1.4025526392855854,1.3901143157307532,1.008947698339682,1050083328.0,cell,False,True
ETTm2-D/tshort,128,1.4079993525386139,1.3901143157307532,1.0128658748460257,1282437120.0,cell,False,False
ETTm2-D/tshort,192,1.3548995778482786,1.3901143157307532,0.9746677395635891,1747587072.0,cell,False,True
ETTm2-D/tshort,256,1.442341973476194,1.3901143157307532,1.037570764615848,2213326848.0,cell,False,False
ETTm2-D/tshort,384,1.3414119885348086,1.3901143157307532,0.9649652358480009,3146575872.0,cell,False,True
ETTm2-D/tshort,512,1.3713229002230918,1.3901143157307532,0.9864821077698325,4082184192.0,cell,False,False
ETTm2-W/tshort,native,0.7911375440308601,0.7785209533197451,1.0162058460434695,930803712.0,cell,True,False
ETTm2-W/tshort,32,0.8896025229031821,0.7785209533197451,1.1426828258247468,466685952.0,cell,False,True
ETTm2-W/tshort,48,0.7448585103133443,0.7785209533197451,0.9567610314624693,582660096.0,cell,False,True
ETTm2-W/tshort,64,0.7476018259656803,0.7785209533197451,0.9602847846005679,698671104.0,cell,False,False
LoopSeattle-5T/tshort,native,0.5662054638059152,0.7623397118337274,0.7427206729713292,64674164736.0,cell,True,False
LoopSeattle-5T/tshort,32,0.8366222374441845,0.7623397118337274,1.0974401890094094,704987136.0,cell,False,True
LoopSeattle-5T/tshort,48,0.8594929652882294,0.7623397118337274,1.1274408927495199,821035008.0,cell,False,False
LoopSeattle-5T/tshort,64,0.8700722173824119,0.7623397118337274,1.1413182389377898,937119744.0,cell,False,False
LoopSeattle-5T/tshort,96,0.9130928871430122,0.7623397118337274,1.1977506523261972,1169399808.0,cell,False,False
LoopSeattle-5T/tshort,128,0.901477626576031,0.7623397118337274,1.1825143208237467,1401827328.0,cell,False,False
LoopSeattle-5T/tshort,192,0.8386870652163547,0.7623397118337274,1.1001487292312004,1867124736.0,cell,False,False
LoopSeattle-5T/tshort,256,0.7667595552233708,0.7623397118337274,1.0057977346857767,2333011968.0,cell,False,True
LoopSeattle-5T/tshort,384,0.6300894247169141,0.7623397118337274,0.8265205326917848,3266555904.0,cell,False,True
LoopSeattle-5T/tshort,512,0.6095196119358031,0.7623397118337274,0.7995380569505794,4202459136.0,cell,False,True
LoopSeattle-5T/tshort,768,0.6002130129644705,0.7623397118337274,0.7873301149702955,6081343488.0,cell,False,True
LoopSeattle-5T/tshort,1024,0.6050014641550829,0.7623397118337274,0.793611371365944,7969665024.0,cell,False,False
LoopSeattle-5T/tshort,1536,0.6007117102865481,0.7623397118337274,0.7879842817601614,11774619648.0,cell,False,False
LoopSeattle-5T/tshort,2048,0.5797388103907656,0.7623397118337274,0.7604730560293984,15617323008.0,cell,False,True
LoopSeattle-5T/tshort,2560,0.5640742052798886,0.7623397118337274,0.7399249921312218,19497775104.0,cell,False,True
LoopSeattle-5T/tshort,3072,0.5689600821147727,0.7623397118337274,0.7463340467285896,23415975936.0,cell,False,False
LoopSeattle-5T/tshort,4096,0.5667650804124239,0.7623397118337274,0.7434547507031092,31365623808.0,cell,False,False
LoopSeattle-5T/tshort,6144,0.5645689518463207,0.7623397118337274,0.7405739765127937,47717904384.0,cell,False,False
LoopSeattle-5T/tshort,8192,0.5662054642828972,0.7623397118337274,0.7427206735970109,64674164736.0,cell,False,False
LoopSeattle-5T/tmedium,native,0.892239931765917,1.1532851467900649,0.7736507612616756,68413280256.0,cell,True,False
LoopSeattle-5T/tmedium,32,1.7718491220580537,1.1532851467900649,1.536349554999157,3936485376.0,cell,False,True
LoopSeattle-5T/tmedium,48,1.825110793746033,1.1532851467900649,1.582532124709885,4053528576.0,cell,False,False
LoopSeattle-5T/tmedium,64,1.9285140104891583,1.1532851467900649,1.6721918389886365,4170608640.0,cell,False,False
LoopSeattle-5T/tmedium,96,2.0185145277141383,1.1532851467900649,1.7502302299932186,4404879360.0,cell,False,False
LoopSeattle-5T/tmedium,128,1.9078824710466877,1.1532851467900649,1.6543024735529555,4639297536.0,cell,False,False
LoopSeattle-5T/tmedium,192,1.8408975964127976,1.1532851467900649,1.5962206758116693,5108576256.0,cell,False,False
LoopSeattle-5T/tmedium,256,1.5250689205935517,1.1532851467900649,1.3223693419084357,5578444800.0,cell,False,True
LoopSeattle-5T/tmedium,384,1.1536068872361702,1.1532851467900649,1.0002789773604566,6519951360.0,cell,False,True
LoopSeattle-5T/tmedium,512,1.0827677933793478,1.1532851467900649,0.9388552314169762,7463817216.0,cell,False,True
LoopSeattle-5T/tmedium,768,1.0833534347424523,1.1532851467900649,0.9393630341618,9358626816.0,cell,False,False
LoopSeattle-5T/tmedium,1024,1.0802883902982918,1.1532851467900649,0.9367053701376934,11262873600.0,cell,False,True
LoopSeattle-5T/tmedium,1536,1.0277232728038286,1.1532851467900649,0.891126774383844,15099678720.0,cell,False,True
LoopSeattle-5T/tmedium,2048,0.9506293233810874,1.1532851467900649,0.8242795166719793,18974232576.0,cell,False,True
LoopSeattle-5T/tmedium,2560,0.9271097942089053,1.1532851467900649,0.8038860092747463,22886535168.0,cell,False,True
LoopSeattle-5T/tmedium,3072,0.9320162170589409,1.1532851467900649,0.8081403108789,26836586496.0,cell,False,False
LoopSeattle-5T/tmedium,4096,0.9180305412469895,1.1532851467900649,0.7960134957101815,34849935360.0,cell,False,True
LoopSeattle-5T/tmedium,6144,0.8953583316695399,1.1532851467900649,0.7763546891777702,51329617920.0,cell,False,True
LoopSeattle-5T/tmedium,8192,0.892239931646951,1.1532851467900649,0.7736507611585216,68413280256.0,cell,False,True
LoopSeattle-5T/tlong,native,0.981249053326756,1.2506857542807588,0.7845688255168863,70502178816.0,cell,True,True
LoopSeattle-5T/tlong,32,1.4361122206233023,1.2506857542807588,1.1482598372196045,5743374336.0,cell,False,True
LoopSeattle-5T/tlong,48,1.6678147578599185,1.2506857542807588,1.3335202325215907,5860970496.0,cell,False,False
LoopSeattle-5T/tlong,64,1.8935869223814719,1.2506857542807588,1.514038930962663,5978603520.0,cell,False,False
LoopSeattle-5T/tlong,96,2.1199634048020393,1.2506857542807588,1.6950408186436747,6213980160.0,cell,False,False
LoopSeattle-5T/tlong,128,2.003710437990847,1.2506857542807588,1.602089438640113,6449504256.0,cell,False,False
LoopSeattle-5T/tlong,192,1.7259329182345864,1.2506857542807588,1.3799892677494607,6920994816.0,cell,False,False
LoopSeattle-5T/tlong,256,1.4932773981415401,1.2506857542807588,1.193966904180731,7393075200.0,cell,False,False
LoopSeattle-5T/tlong,384,1.1994278797635531,1.2506857542807588,0.9590161842479106,8339005440.0,cell,False,True
LoopSeattle-5T/tlong,512,1.1704269071788755,1.2506857542807588,0.9358281272276597,9287294976.0,cell,False,True
LoopSeattle-5T/tlong,768,1.1296657859271146,1.2506857542807588,0.9032371097700397,11190951936.0,cell,False,True
LoopSeattle-5T/tlong,1024,1.1112349063125593,1.2506857542807588,0.8885004906381183,13104046080.0,cell,False,True
LoopSeattle-5T/tlong,1536,1.0642062545218656,1.2506857542807588,0.850898197952104,16958545920.0,cell,False,True
LoopSeattle-5T/tlong,2048,1.031221511961585,1.2506857542807588,0.8245248724005955,20850794496.0,cell,False,True
LoopSeattle-5T/tlong,2560,1.020285499164089,1.2506857542807588,0.8157808591582082,24780791808.0,cell,False,True
LoopSeattle-5T/tlong,3072,1.0233765139529154,1.2506857542807588,0.8182523151400538,28748537856.0,cell,False,False
LoopSeattle-5T/tlong,4096,1.0045062115867893,1.2506857542807588,0.8031643505561941,36797276160.0,cell,False,True
LoopSeattle-5T/tlong,6144,0.983022811677865,1.2506857542807588,0.785987054152687,53347737600.0,cell,False,True
LoopSeattle-5T/tlong,8192,0.9812490538332531,1.2506857542807588,0.7845688259218618,70502178816.0,cell,False,False
LoopSeattle-H/tshort,native,0.8138838539912596,1.2928412613913995,0.6295311561415747,64079296188.63158,cell,True,True
LoopSeattle-H/tshort,32,1.2712710029664962,1.2928412613913995,0.9833156172617133,704987136.0,cell,False,True
LoopSeattle-H/tshort,48,1.2995792910350232,1.2928412613913995,1.0052117996577337,821035008.0,cell,False,False
LoopSeattle-H/tshort,64,1.3115140668177598,1.2928412613913995,1.0144432313416916,937119744.0,cell,False,False
LoopSeattle-H/tshort,96,1.1751935180093966,1.2928412613913995,0.9090006276134888,1169399808.0,cell,False,True
LoopSeattle-H/tshort,128,1.1238185861823258,1.2928412613913995,0.8692626231412464,1401827328.0,cell,False,True
LoopSeattle-H/tshort,192,0.9769391859720551,1.2928412613913995,0.7556528517048102,1867124736.0,cell,False,True
LoopSeattle-H/tshort,256,0.9686140601801464,1.2928412613913995,0.749213448786196,2333011968.0,cell,False,True
LoopSeattle-H/tshort,384,0.8639246935964116,1.2928412613913995,0.6682372534015711,3266555904.0,cell,False,True
LoopSeattle-H/tshort,512,0.8463148430341522,1.2928412613913995,0.6546162071926135,4202459136.0,cell,False,True
LoopSeattle-H/tshort,768,0.8284237465708536,1.2928412613913995,0.6407776200453843,6081343488.0,cell,False,True
LoopSeattle-H/tshort,1024,0.8359585182660788,1.2928412613913995,0.6466056918437086,7969665024.0,cell,False,False
LoopSeattle-H/tshort,1536,0.8222572477542673,1.2928412613913995,0.6360078938610965,11774619648.0,cell,False,True
LoopSeattle-H/tshort,2048,0.8233770563089162,1.2928412613913995,0.6368740547642872,15617323008.0,cell,False,False
LoopSeattle-H/tshort,2560,0.8207055791748412,1.2928412613913995,0.6348076934762819,19497775104.0,cell,False,True
LoopSeattle-H/tshort,3072,0.8197043305690506,1.2928412613913995,0.6340332375274417,23415975936.0,cell,False,True
LoopSeattle-H/tshort,4096,0.8171318784479832,1.2928412613913995,0.6320434711130415,31365623808.0,cell,False,True
LoopSeattle-H/tshort,6144,0.814160938201142,1.2928412613913995,0.6297454780526686,47717904384.0,cell,False,True
LoopSeattle-H/tshort,8192,0.8148087091898504,1.2928412613913995,0.63024652254131,64674164736.0,cell,False,False
LoopSeattle-H/tmedium,native,0.8990101570604079,1.4805126192799751,0.6072289728253906,66788683776.0,cell,True,False
LoopSeattle-H/tmedium,32,1.8339547746993907,1.4805126192799751,1.2387295797527933,3936485376.0,cell,False,True
LoopSeattle-H/tmedium,48,3.216163170176709,1.4805126192799751,2.1723308050834724,4053528576.0,cell,False,False
LoopSeattle-H/tmedium,64,2.3077859489281374,1.4805126192799751,1.558774926248514,4170608640.0,cell,False,False
LoopSeattle-H/tmedium,96,1.969202794329109,1.4805126192799751,1.330081735667205,4404879360.0,cell,False,False
LoopSeattle-H/tmedium,128,1.648641071226882,1.4805126192799751,1.1135609718940953,4639297536.0,cell,False,True
LoopSeattle-H/tmedium,192,1.2945567687599453,1.4805126192799751,0.8743976592307152,5108576256.0,cell,False,True
LoopSeattle-H/tmedium,256,1.132302752536709,1.4805126192799751,0.7648045263453326,5578444800.0,cell,False,True
LoopSeattle-H/tmedium,384,1.0373207439028365,1.4805126192799751,0.7006497144261571,6519951360.0,cell,False,True
LoopSeattle-H/tmedium,512,0.9857099425782064,1.4805126192799751,0.6657896256619491,7463817216.0,cell,False,True
LoopSeattle-H/tmedium,768,0.9215165204300985,1.4805126192799751,0.6224307097620445,9358626816.0,cell,False,True
LoopSeattle-H/tmedium,1024,0.9158219630619152,1.4805126192799751,0.618584368100362,11262873600.0,cell,False,True
LoopSeattle-H/tmedium,1536,0.908276315001658,1.4805126192799751,0.6134877225453063,15099678720.0,cell,False,True
LoopSeattle-H/tmedium,2048,0.900669633914089,1.4805126192799751,0.608349852736896,18974232576.0,cell,False,True
LoopSeattle-H/tmedium,2560,0.8989802235545591,1.4805126192799751,0.6072087544865132,22886535168.0,cell,False,True
LoopSeattle-H/tmedium,3072,0.8996734222506594,1.4805126192799751,0.6076769698107686,26836586496.0,cell,False,False
LoopSeattle-H/tmedium,4096,0.8989154776469508,1.4805126192799751,0.6071650223988801,34849935360.0,cell,False,True
LoopSeattle-H/tmedium,6144,0.8982150792000257,1.4805126192799751,0.6066919440624957,51329617920.0,cell,False,True
LoopSeattle-H/tmedium,8192,0.8991137956246357,1.4805126192799751,0.6072989746361676,68413280256.0,cell,False,False
LoopSeattle-H/tlong,native,0.8665519513246677,1.5460268753677606,0.5605025146270739,66233880576.0,cell,True,False
LoopSeattle-H/tlong,32,1.7658409618442197,1.5460268753677606,1.142179990515476,5743374336.0,cell,False,True
LoopSeattle-H/tlong,48,2.2700923459355313,1.5460268753677606,1.4683395108481112,5860970496.0,cell,False,False
LoopSeattle-H/tlong,64,3.4054879734687575,1.5460268753677606,2.202735300224764,5978603520.0,cell,False,False
LoopSeattle-H/tlong,96,2.059981071425742,1.5460268753677606,1.3324354862432288,6213980160.0,cell,False,False
LoopSeattle-H/tlong,128,1.5082301008877754,1.5460268753677606,0.9755523173094942,6449504256.0,cell,False,True
LoopSeattle-H/tlong,192,1.152565003212301,1.5460268753677606,0.745501272698209,6920994816.0,cell,False,True
LoopSeattle-H/tlong,256,1.0380832048316206,1.5460268753677606,0.6714522375846066,7393075200.0,cell,False,True
LoopSeattle-H/tlong,384,0.871114278849982,1.5460268753677606,0.5634535160604929,8339005440.0,cell,False,True
LoopSeattle-H/tlong,512,0.8717398248088368,1.5460268753677606,0.5638581312510962,9287294976.0,cell,False,False
LoopSeattle-H/tlong,768,0.8596558733295061,1.5460268753677606,0.5560419983805364,11190951936.0,cell,False,True
LoopSeattle-H/tlong,1024,0.8644842475722571,1.5460268753677606,0.5591650839618284,13104046080.0,cell,False,False
LoopSeattle-H/tlong,1536,0.8660203094354029,1.5460268753677606,0.5601586383997358,16958545920.0,cell,False,False
LoopSeattle-H/tlong,2048,0.8664722491332363,1.5460268753677606,0.5604509617125022,20850794496.0,cell,False,False
LoopSeattle-H/tlong,2560,0.8651667646819181,1.5460268753677606,0.5596065491915313,24780791808.0,cell,False,False
LoopSeattle-H/tlong,3072,0.865347417531828,1.5460268753677606,0.5597233989389633,28748537856.0,cell,False,False
LoopSeattle-H/tlong,4096,0.8645597031591152,1.5460268753677606,0.5592138900906611,36797276160.0,cell,False,False
LoopSeattle-H/tlong,6144,0.8658845282514892,1.5460268753677606,0.5600708125112749,53347737600.0,cell,False,False
LoopSeattle-D/tshort,native,0.8948976871673014,1.7323957056549062,0.5165665582327214,2737993728.0,cell,True,False
LoopSeattle-D/tshort,32,0.9272836593002195,1.7323957056549062,0.5352608854162876,585818112.0,cell,False,True
LoopSeattle-D/tshort,48,0.8885279006714387,1.7323957056549062,0.512889692447918,701829120.0,cell,False,True
LoopSeattle-D/tshort,64,0.8752567398402716,1.7323957056549062,0.5052291095984874,817876992.0,cell,False,True
LoopSeattle-D/tshort,96,0.874149004488947,1.7323957056549062,0.5045896856217893,1050083328.0,cell,False,True
LoopSeattle-D/tshort,128,0.8773938750918644,1.7323957056549062,0.506462739562252,1282437120.0,cell,False,False
LoopSeattle-D/tshort,192,0.8937163596487996,1.7323957056549062,0.5158846542574079,1747587072.0,cell,False,False
LoopSeattle-D/tshort,256,0.8957004820304246,1.7323957056549062,0.5170299597872868,2213326848.0,cell,False,False
SZTaxi-15T/tshort,native,0.5435340540681458,0.7644167735543712,0.7110441226202181,21208006656.0,cell,True,False
SZTaxi-15T/tshort,32,0.6614014072638733,0.7644167735543712,0.86523664857392,704987136.0,cell,False,True
SZTaxi-15T/tshort,48,0.655205365880922,0.7644167735543712,0.8571310684803004,821035008.0,cell,False,True
SZTaxi-15T/tshort,64,0.6468873169639441,0.7644167735543712,0.8462495059547938,937119744.0,cell,False,True
SZTaxi-15T/tshort,96,0.6269362516719582,0.7644167735543712,0.8201497839416074,1169399808.0,cell,False,True
SZTaxi-15T/tshort,128,0.6028102295870963,0.7644167735543712,0.7885884381947301,1401827328.0,cell,False,True
SZTaxi-15T/tshort,192,0.5789674032809407,0.7644167735543712,0.7573975654522448,1867124736.0,cell,False,True
SZTaxi-15T/tshort,256,0.5709502744726421,0.7644167735543712,0.7469096626671965,2333011968.0,cell,False,True
SZTaxi-15T/tshort,384,0.5592590787663195,0.7644167735543712,0.7316153937411484,3266555904.0,cell,False,True
SZTaxi-15T/tshort,512,0.5537259159466706,0.7644167735543712,0.7243769826922635,4202459136.0,cell,False,True
SZTaxi-15T/tshort,768,0.5445479214369416,0.7644167735543712,0.712370450618074,6081343488.0,cell,False,True
SZTaxi-15T/tshort,1024,0.5428570847019739,0.7644167735543712,0.7101585201719305,7969665024.0,cell,False,True
SZTaxi-15T/tshort,1536,0.541603381196394,0.7644167735543712,0.7085184416847061,11774619648.0,cell,False,True
SZTaxi-15T/tshort,2048,0.542786232667079,0.7644167735543712,0.710065832468905,15617323008.0,cell,False,False
SZTaxi-15T/tshort,2560,0.5430099296036124,0.7644167735543712,0.7103584698681253,19497775104.0,cell,False,False
SZTaxi-15T/tmedium,native,0.5366151191386818,0.7134840540400068,0.7521052728511188,22395432960.0,cell,True,False
SZTaxi-15T/tmedium,32,0.6348591341362408,0.7134840540400068,0.8898014336009852,3936485376.0,cell,False,True
SZTaxi-15T/tmedium,48,0.6407835638799517,0.7134840540400068,0.8981049544858103,4053528576.0,cell,False,False
SZTaxi-15T/tmedium,64,0.6511329405163321,0.7134840540400068,0.9126103615482084,4170608640.0,cell,False,False
SZTaxi-15T/tmedium,96,0.6196833837545005,0.7134840540400068,0.8685315113149723,4404879360.0,cell,False,True
SZTaxi-15T/tmedium,128,0.5797551783550698,0.7134840540400068,0.81256921590929,4639297536.0,cell,False,True
SZTaxi-15T/tmedium,192,0.5719941733518584,0.7134840540400068,0.8016916006924316,5108576256.0,cell,False,True
SZTaxi-15T/tmedium,256,0.564081096713627,0.7134840540400068,0.790600845974895,5578444800.0,cell,False,True
SZTaxi-15T/tmedium,384,0.5508888819328118,0.7134840540400068,0.7721109936703955,6519951360.0,cell,False,True
SZTaxi-15T/tmedium,512,0.5404045878176009,0.7134840540400068,0.7574164899098069,7463817216.0,cell,False,True
SZTaxi-15T/tmedium,768,0.5362485359768023,0.7134840540400068,0.7515914797820185,9358626816.0,cell,False,True
SZTaxi-15T/tmedium,1024,0.5368728054786825,0.7134840540400068,0.7524664390727628,11262873600.0,cell,False,False
SZTaxi-15T/tmedium,1536,0.533886524654177,0.7134840540400068,0.7482809484404267,15099678720.0,cell,False,True
SZTaxi-15T/tmedium,2048,0.536476491344172,0.7134840540400068,0.7519109758745784,18974232576.0,cell,False,False
SZTaxi-15T/tlong,native,0.510520346405096,0.6909431344941248,0.7388746206717495,22442803200.0,cell,True,False
SZTaxi-15T/tlong,32,0.6234089060472091,0.6909431344941248,0.902257906511567,5743374336.0,cell,False,True
SZTaxi-15T/tlong,48,0.6293940144616434,0.6909431344941248,0.9109201366078489,5860970496.0,cell,False,False
SZTaxi-15T/tlong,64,0.6002794716297192,0.6909431344941248,0.8687827429810339,5978603520.0,cell,False,True
SZTaxi-15T/tlong,96,0.5782556727145329,0.6909431344941248,0.8369077625149337,6213980160.0,cell,False,True
SZTaxi-15T/tlong,128,0.546233051381992,0.6909431344941248,0.7905615152857947,6449504256.0,cell,False,True
SZTaxi-15T/tlong,192,0.5287387843194915,0.6909431344941248,0.7652421131684136,6920994816.0,cell,False,True
SZTaxi-15T/tlong,256,0.5207730949868156,0.6909431344941248,0.753713394037992,7393075200.0,cell,False,True
SZTaxi-15T/tlong,384,0.511046404510875,0.6909431344941248,0.73963598304662,8339005440.0,cell,False,True
SZTaxi-15T/tlong,512,0.5070760614471556,0.6909431344941248,0.7338897170147181,9287294976.0,cell,False,True
SZTaxi-15T/tlong,768,0.5030354055856848,0.6909431344941248,0.7280416874740105,11190951936.0,cell,False,True
SZTaxi-15T/tlong,1024,0.5020925663653485,0.6909431344941248,0.7266771189975806,13104046080.0,cell,False,True
SZTaxi-15T/tlong,1536,0.5099124855380626,0.6909431344941248,0.7379948653971298,16958545920.0,cell,False,False
SZTaxi-15T/tlong,2048,0.5112338933590458,0.6909431344941248,0.739907335114266,20850794496.0,cell,False,False
SZTaxi-H/tshort,native,0.5657311424749322,0.7381672994945998,0.7663996262937558,5434454016.0,cell,True,False
SZTaxi-H/tshort,32,0.643536280954462,0.7381672994945998,0.8718027490449269,704987136.0,cell,False,True
SZTaxi-H/tshort,48,0.6230131746201609,0.7381672994945998,0.8439999645699812,821035008.0,cell,False,True
SZTaxi-H/tshort,64,0.6139244510334536,0.7381672994945998,0.8316874121270186,937119744.0,cell,False,True
SZTaxi-H/tshort,96,0.595352458902013,0.7381672994945998,0.8065278146426053,1169399808.0,cell,False,True
SZTaxi-H/tshort,128,0.5785766751617443,0.7381672994945998,0.7838015522468657,1401827328.0,cell,False,True
SZTaxi-H/tshort,192,0.564193206524294,0.7381672994945998,0.7643161745454988,1867124736.0,cell,False,True
SZTaxi-H/tshort,256,0.5616029072795082,0.7381672994945998,0.7608070794574893,2333011968.0,cell,False,True
SZTaxi-H/tshort,384,0.5602406563089356,0.7381672994945998,0.7589616292844656,3266555904.0,cell,False,True
SZTaxi-H/tshort,512,0.562894842107638,0.7381672994945998,0.7625572718989782,4202459136.0,cell,False,False
MDense-H/tshort,native,0.7814872007937491,1.4875444172240992,0.5253538595184131,64674164736.0,cell,True,False
MDense-H/tshort,32,1.407595589407601,1.4875444172240992,0.9462544937208057,704987136.0,cell,False,True
MDense-H/tshort,48,1.3408851814834286,1.4875444172240992,0.9014084997782111,821035008.0,cell,False,True
MDense-H/tshort,64,1.2284746486583416,1.4875444172240992,0.8258406501573871,937119744.0,cell,False,True
MDense-H/tshort,96,1.0791054580297865,1.4875444172240992,0.7254273859220292,1169399808.0,cell,False,True
MDense-H/tshort,128,1.0249163411504594,1.4875444172240992,0.6889988152844886,1401827328.0,cell,False,True
MDense-H/tshort,192,0.8483644591107251,1.4875444172240992,0.5703120184430222,1867124736.0,cell,False,True
MDense-H/tshort,256,0.8211868539518486,1.4875444172240992,0.5520419050640936,2333011968.0,cell,False,True
MDense-H/tshort,384,0.7828232807911217,1.4875444172240992,0.5262520377387757,3266555904.0,cell,False,True
MDense-H/tshort,512,0.7807814576252046,1.4875444172240992,0.5248794244962566,4202459136.0,cell,False,True
MDense-H/tshort,768,0.7793817740883333,1.4875444172240992,0.5239384888706279,6081343488.0,cell,False,True
MDense-H/tshort,1024,0.7733146520798914,1.4875444172240992,0.5198598731747256,7969665024.0,cell,False,True
MDense-H/tshort,1536,0.7750458554780016,1.4875444172240992,0.5210236726405196,11774619648.0,cell,False,False
MDense-H/tshort,2048,0.7805999025918227,1.4875444172240992,0.524757374336759,15617323008.0,cell,False,False
MDense-H/tshort,2560,0.780572934264232,1.4875444172240992,0.5247392449099813,19497775104.0,cell,False,False
MDense-H/tshort,3072,0.7799565173950744,1.4875444172240992,0.5243248593884331,23415975936.0,cell,False,False
MDense-H/tshort,4096,0.7803097990531185,1.4875444172240992,0.5245623525711263,31365623808.0,cell,False,False
MDense-H/tshort,6144,0.7804972565658538,1.4875444172240992,0.5246883706654868,47717904384.0,cell,False,False
MDense-H/tshort,8192,0.7814871982112381,1.4875444172240992,0.5253538577823231,64674164736.0,cell,False,False
MDense-H/tmedium,native,0.7122574556760071,1.569946511898904,0.4536826256676142,68413280256.0,cell,True,False
MDense-H/tmedium,32,1.3564159636810462,1.569946511898904,0.8639886476389662,3936485376.0,cell,False,True
MDense-H/tmedium,48,1.1396975881403053,1.569946511898904,0.7259467628370359,4053528576.0,cell,False,True
MDense-H/tmedium,64,1.0822035566651347,1.569946511898904,0.6893251129659013,4170608640.0,cell,False,True
MDense-H/tmedium,96,1.006729687457407,1.569946511898904,0.641250946976361,4404879360.0,cell,False,True
MDense-H/tmedium,128,0.916561252429639,1.569946511898904,0.5838168660415232,4639297536.0,cell,False,True
MDense-H/tmedium,192,0.7882450132896736,1.569946511898904,0.5020839928720019,5108576256.0,cell,False,True
MDense-H/tmedium,256,0.7577852348314063,1.569946511898904,0.48268219909915216,5578444800.0,cell,False,True
MDense-H/tmedium,384,0.7210277650874869,1.569946511898904,0.45926900032752016,6519951360.0,cell,False,True
MDense-H/tmedium,512,0.7102244881609538,1.569946511898904,0.4523876977833551,7463817216.0,cell,False,True
MDense-H/tmedium,768,0.6915211334624062,1.569946511898904,0.4404743271323223,9358626816.0,cell,False,True
MDense-H/tmedium,1024,0.6894150410195453,1.569946511898904,0.4391328212740664,11262873600.0,cell,False,True
MDense-H/tmedium,1536,0.7055401758816554,1.569946511898904,0.4494039577362928,15099678720.0,cell,False,False
MDense-H/tmedium,2048,0.706057890003867,1.569946511898904,0.44973372318899313,18974232576.0,cell,False,False
MDense-H/tmedium,2560,0.7103640682327088,1.569946511898904,0.4524766053166354,22886535168.0,cell,False,False
MDense-H/tmedium,3072,0.7073940891285176,1.569946511898904,0.45058483443037833,26836586496.0,cell,False,False
MDense-H/tmedium,4096,0.7096995304842949,1.569946511898904,0.4520533184445176,34849935360.0,cell,False,False
MDense-H/tmedium,6144,0.7120831532514948,1.569946511898904,0.45357160123258333,51329617920.0,cell,False,False
MDense-H/tmedium,8192,0.7122574563757301,1.569946511898904,0.45368262611331284,68413280256.0,cell,False,False
MDense-H/tlong,native,0.6909041528624971,1.4779178744488215,0.46748480738157705,70502178816.0,cell,True,False
MDense-H/tlong,32,1.324361992280286,1.4779178744488215,0.8960998545160684,5743374336.0,cell,False,True
MDense-H/tlong,48,1.2408882764685698,1.4779178744488215,0.8396192359006077,5860970496.0,cell,False,True
MDense-H/tlong,64,1.1743738031094366,1.4779178744488215,0.7946137085238316,5978603520.0,cell,False,True
MDense-H/tlong,96,0.9776673950124125,1.4779178744488215,0.6615167269541458,6213980160.0,cell,False,True
MDense-H/tlong,128,0.9292283267133068,1.4779178744488215,0.6287415172239226,6449504256.0,cell,False,True
MDense-H/tlong,192,0.793184048616503,1.4779178744488215,0.5366902060862584,6920994816.0,cell,False,True
MDense-H/tlong,256,0.7588642930592512,1.4779178744488215,0.5134685128172389,7393075200.0,cell,False,True
MDense-H/tlong,384,0.7298374994592599,1.4779178744488215,0.4938281836069189,8339005440.0,cell,False,True
MDense-H/tlong,512,0.7076797394335381,1.4779178744488215,0.4788356319849383,9287294976.0,cell,False,True
MDense-H/tlong,768,0.6995952116692634,1.4779178744488215,0.4733654175000571,11190951936.0,cell,False,True
MDense-H/tlong,1024,0.694497284254266,1.4779178744488215,0.46991601919238823,13104046080.0,cell,False,True
MDense-H/tlong,1536,0.6979369159032505,1.4779178744488215,0.47224336884317125,16958545920.0,cell,False,False
MDense-H/tlong,2048,0.7021690259546993,1.4779178744488215,0.47510693124038983,20850794496.0,cell,False,False
MDense-H/tlong,2560,0.7042190522209585,1.4779178744488215,0.47649403555904063,24780791808.0,cell,False,False
MDense-H/tlong,3072,0.7009024264229065,1.4779178744488215,0.47424991505993036,28748537856.0,cell,False,False
MDense-H/tlong,4096,0.6946112249726564,1.4779178744488215,0.46999311462533494,36797276160.0,cell,False,False
MDense-H/tlong,6144,0.6953461960530448,1.4779178744488215,0.4704904163314007,53347737600.0,cell,False,False
MDense-H/tlong,8192,0.6909041498622169,1.4779178744488215,0.4674848053515047,70502178816.0,cell,False,True
MDense-D/tshort,native,0.677393037380165,1.6693368812171987,0.4057857014973773,5255061504.0,cell,True,False
MDense-D/tshort,32,0.7445401027784969,1.6693368812171987,0.4460094970378985,585818112.0,cell,False,True
MDense-D/tshort,48,0.743164620233987,1.6693368812171987,0.44518552761627583,701829120.0,cell,False,True
MDense-D/tshort,64,0.7071359086037639,1.6693368812171987,0.4236028788198551,817876992.0,cell,False,True
MDense-D/tshort,96,0.7185347399156952,1.6693368812171987,0.43043123769707575,1050083328.0,cell,False,False
MDense-D/tshort,128,0.7159048856222697,1.6693368812171987,0.4288558490963591,1282437120.0,cell,False,False
MDense-D/tshort,192,0.7110750547941359,1.6693368812171987,0.4259625859794428,1747587072.0,cell,False,False
MDense-D/tshort,256,0.6951085860949707,1.6693368812171987,0.41639802841241463,2213326848.0,cell,False,True
MDense-D/tshort,384,0.6752113216794605,1.6693368812171987,0.40447876595593424,3146575872.0,cell,False,True
MDense-D/tshort,512,0.6960350773796251,1.6693368812171987,0.4169530339928214,4082184192.0,cell,False,False
Solar-10T/tshort,native,0.7937831813678766,1.1057028063509833,0.7178992192192248,64674164736.0,cell,True,False
Solar-10T/tshort,32,2.366125729764302,1.1057028063509833,2.139929207173616,704987136.0,cell,False,True
Solar-10T/tshort,48,2.7101092343400923,1.1057028063509833,2.4510286297309283,821035008.0,cell,False,False
Solar-10T/tshort,64,1.7627116581196214,1.1057028063509833,1.594200220886555,937119744.0,cell,False,True
Solar-10T/tshort,96,1.6616760464847322,1.1057028063509833,1.502823396070197,1169399808.0,cell,False,True
Solar-10T/tshort,128,0.918167386103913,1.1057028063509833,0.8303925619344581,1401827328.0,cell,False,True
Solar-10T/tshort,192,0.8974181091076933,1.1057028063509833,0.8116268711203992,1867124736.0,cell,False,True
Solar-10T/tshort,256,0.9473904143039856,1.1057028063509833,0.8568219315916753,2333011968.0,cell,False,False
Solar-10T/tshort,384,0.9048651704883892,1.1057028063509833,0.8183620094757703,3266555904.0,cell,False,False
Solar-10T/tshort,512,0.8532358211466997,1.1057028063509833,0.7716683147097458,4202459136.0,cell,False,True
Solar-10T/tshort,768,0.7477701724060483,1.1057028063509833,0.6762849547916255,6081343488.0,cell,False,True
Solar-10T/tshort,1024,0.752378443377404,1.1057028063509833,0.680452684985387,7969665024.0,cell,False,False
Solar-10T/tshort,1536,0.746727080521744,1.1057028063509833,0.6753415802444028,11774619648.0,cell,False,True
Solar-10T/tshort,2048,0.7628414679684861,1.1057028063509833,0.6899154669653043,15617323008.0,cell,False,False
Solar-10T/tshort,2560,0.7717762675390216,1.1057028063509833,0.6979961189444939,19497775104.0,cell,False,False
Solar-10T/tshort,3072,0.7779458565891241,1.1057028063509833,0.7035759085721093,23415975936.0,cell,False,False
Solar-10T/tshort,4096,0.7866630585794387,1.1057028063509833,0.7114597648309923,31365623808.0,cell,False,False
Solar-10T/tshort,6144,0.7879361132825059,1.1057028063509833,0.7126111182468966,47717904384.0,cell,False,False
Solar-10T/tshort,8192,0.793783181499244,1.1057028063509833,0.7178992193380337,64674164736.0,cell,False,False
Solar-10T/tmedium,native,0.790032550150425,0.9270005404761702,0.8522460512748038,68413280256.0,cell,True,False
Solar-10T/tmedium,32,2.6780596329729485,0.9270005404761702,2.8889515335096956,3936485376.0,cell,False,True
Solar-10T/tmedium,48,2.9518102738674923,0.9270005404761702,3.18425949606377,4053528576.0,cell,False,False
Solar-10T/tmedium,64,1.4141570844025817,0.9270005404761702,1.5255191584636778,4170608640.0,cell,False,True
Solar-10T/tmedium,96,1.2207953182088511,0.9270005404761702,1.3169305355332026,4404879360.0,cell,False,True
Solar-10T/tmedium,128,0.8724416486081896,0.9270005404761702,0.9411447032814507,4639297536.0,cell,False,True
Solar-10T/tmedium,192,0.8471439920793266,0.9270005404761702,0.9138549063241928,5108576256.0,cell,False,True
Solar-10T/tmedium,256,0.8319557029571386,0.9270005404761702,0.8974705694667555,5578444800.0,cell,False,True
Solar-10T/tmedium,384,0.825747564070579,0.9270005404761702,0.8907735519187715,6519951360.0,cell,False,True
Solar-10T/tmedium,512,0.8215440963651641,0.9270005404761702,0.8862390694434369,7463817216.0,cell,False,True
Solar-10T/tmedium,768,0.8149665635825819,0.9270005404761702,0.8791435689605531,9358626816.0,cell,False,True
Solar-10T/tmedium,1024,0.7966751648789385,0.9270005404761702,0.8594117587781689,11262873600.0,cell,False,True
Solar-10T/tmedium,1536,0.7936742979223327,0.9270005404761702,0.8561745794826051,15099678720.0,cell,False,True
Solar-10T/tmedium,2048,0.7933106670876335,0.9270005404761702,0.8557823134387122,18974232576.0,cell,False,True
Solar-10T/tmedium,2560,0.8008072649092396,0.9270005404761702,0.8638692535150959,22886535168.0,cell,False,False
Solar-10T/tmedium,3072,0.7949146639674712,0.9270005404761702,0.8575126219011149,26836586496.0,cell,False,False
Solar-10T/tmedium,4096,0.7935434583071651,0.9270005404761702,0.8560334365064636,34849935360.0,cell,False,False
Solar-10T/tmedium,6144,0.7908087802020646,0.9270005404761702,0.8530834079081029,51329617920.0,cell,False,True
Solar-10T/tmedium,8192,0.790032548277494,0.9270005404761702,0.8522460492543832,68413280256.0,cell,False,True
Solar-10T/tlong,native,0.7952954663808638,0.8709317964102903,0.9131547035701579,70502178816.0,cell,True,False
Solar-10T/tlong,32,2.017857288021734,0.8709317964102903,2.316894728540987,5743374336.0,cell,False,True
Solar-10T/tlong,48,2.0153377323652006,0.8709317964102903,2.314001785985763,5860970496.0,cell,False,True
Solar-10T/tlong,64,1.5165604593186652,0.8709317964102903,1.7413079480729206,5978603520.0,cell,False,True
Solar-10T/tlong,96,0.9864473168121255,0.8709317964102903,1.1326344047581616,6213980160.0,cell,False,True
Solar-10T/tlong,128,0.807176510242683,0.8709317964102903,0.9267964650844226,6449504256.0,cell,False,True
Solar-10T/tlong,192,0.780476922681494,0.8709317964102903,0.8961401178581112,6920994816.0,cell,False,True
Solar-10T/tlong,256,0.8026427319359021,0.8709317964102903,0.921590801075521,7393075200.0,cell,False,False
Solar-10T/tlong,384,0.8064504861474359,0.8709317964102903,0.9259628474598972,8339005440.0,cell,False,False
Solar-10T/tlong,512,0.7969681056549336,0.8709317964102903,0.9150752205164492,9287294976.0,cell,False,False
Solar-10T/tlong,768,0.7821991388325511,0.8709317964102903,0.8981175587532025,11190951936.0,cell,False,False
Solar-10T/tlong,1024,0.7933044724942466,0.8709317964102903,0.9108686532791669,13104046080.0,cell,False,False
Solar-10T/tlong,1536,0.7938662215062052,0.8709317964102903,0.9115136509865349,16958545920.0,cell,False,False
Solar-10T/tlong,2048,0.7896068388594588,0.8709317964102903,0.9066230468493313,20850794496.0,cell,False,False
Solar-10T/tlong,2560,0.7961765161409263,0.8709317964102903,0.9141663209708476,24780791808.0,cell,False,False
Solar-10T/tlong,3072,0.79680503059904,0.8709317964102903,0.9148879784653887,28748537856.0,cell,False,False
Solar-10T/tlong,4096,0.803184842118765,0.8709317964102903,0.9222132495670072,36797276160.0,cell,False,False
Solar-10T/tlong,6144,0.7978981232136542,0.8709317964102903,0.9161430625249208,53347737600.0,cell,False,False
Solar-10T/tlong,8192,0.7952954672935216,0.8709317964102903,0.9131547046180676,70502178816.0,cell,False,False
Solar-H/tshort,native,0.984246138116106,0.9519362458316396,1.0339412354828863,64079296188.63158,cell,True,False
Solar-H/tshort,32,0.9355763932067553,0.9519362458316396,0.9828141299414523,704987136.0,cell,False,True
Solar-H/tshort,48,0.8999741578686985,0.9519362458316396,0.94541431929872,821035008.0,cell,False,True
Solar-H/tshort,64,0.8779686099300387,0.9519362458316396,0.9222976998454548,937119744.0,cell,False,True
Solar-H/tshort,96,0.8594749645623995,0.9519362458316396,0.9028703007432359,1169399808.0,cell,False,True
Solar-H/tshort,128,0.8530301957574665,0.9519362458316396,0.8961001322228613,1401827328.0,cell,False,True
Solar-H/tshort,192,0.8486240463806596,0.9519362458316396,0.8914715140815723,1867124736.0,cell,False,True
Solar-H/tshort,256,0.8403763255981227,0.9519362458316396,0.8828073616042902,2333011968.0,cell,False,True
Solar-H/tshort,384,0.8600012931866458,0.9519362458316396,0.9034232039723661,3266555904.0,cell,False,False
Solar-H/tshort,512,0.9025485001666673,0.9519362458316396,0.9481186414728586,4202459136.0,cell,False,False
Solar-H/tshort,768,0.9041568139728483,0.9519362458316396,0.9498081598762428,6081343488.0,cell,False,False
Solar-H/tshort,1024,0.9965475120605825,0.9519362458316396,1.0468637121701034,7969665024.0,cell,False,False
Solar-H/tshort,1536,1.0182997642123468,0.9519362458316396,1.069714246800982,11774619648.0,cell,False,False
Solar-H/tshort,2048,1.0227229693430928,0.9519362458316396,1.0743607818500616,15617323008.0,cell,False,False
Solar-H/tshort,2560,1.02943364590141,0.9519362458316396,1.0814102839440327,19497775104.0,cell,False,False
Solar-H/tshort,3072,1.0248878879452583,0.9519362458316396,1.0766350083139087,23415975936.0,cell,False,False
Solar-H/tshort,4096,1.0092634864345007,0.9519362458316396,1.060221722677214,31365623808.0,cell,False,False
Solar-H/tshort,6144,0.9905534095846369,0.9519362458316396,1.0405669643551183,47717904384.0,cell,False,False
Solar-H/tshort,8192,0.9860568525291661,0.9519362458316396,1.0358433738046373,64674164736.0,cell,False,False
Solar-H/tmedium,native,1.067838583588491,0.9349685908749716,1.1421117179874198,66788683776.0,cell,True,False
Solar-H/tmedium,32,0.8557523691711205,0.9349685908749716,0.9152739220579397,3936485376.0,cell,False,True
Solar-H/tmedium,48,0.9594690847876429,0.9349685908749716,1.02620461708745,4053528576.0,cell,False,False
Solar-H/tmedium,64,0.8528800099231594,0.9349685908749716,0.9122017768800219,4170608640.0,cell,False,True
Solar-H/tmedium,96,0.8129071571966733,0.9349685908749716,0.8694486265425563,4404879360.0,cell,False,True
Solar-H/tmedium,128,0.8268014019859002,0.9349685908749716,0.884309280606052,4639297536.0,cell,False,False
Solar-H/tmedium,192,0.8482927484475367,0.9349685908749716,0.9072954500575029,5108576256.0,cell,False,False
Solar-H/tmedium,256,0.898296158280612,0.9349685908749716,0.9607768293477748,5578444800.0,cell,False,False
Solar-H/tmedium,384,0.9304992140776137,0.9349685908749716,0.9952197572827817,6519951360.0,cell,False,False
Solar-H/tmedium,512,0.9472455088221341,0.9349685908749716,1.0131308346258705,7463817216.0,cell,False,False
Solar-H/tmedium,768,1.0201910979464452,0.9349685908749716,1.091150128360697,9358626816.0,cell,False,False
Solar-H/tmedium,1024,1.1209577150980452,0.9349685908749716,1.1989255318716314,11262873600.0,cell,False,False
Solar-H/tmedium,1536,1.1103052822208095,0.9349685908749716,1.1875321727992514,15099678720.0,cell,False,False
Solar-H/tmedium,2048,1.1334839167552826,0.9349685908749716,1.2123229890477223,18974232576.0,cell,False,False
Solar-H/tmedium,2560,1.127230709744017,0.9349685908749716,1.2056348424379912,22886535168.0,cell,False,False
Solar-H/tmedium,3072,1.1179866078098128,0.9349685908749716,1.195747770268483,26836586496.0,cell,False,False
Solar-H/tmedium,4096,1.0988182946670373,0.9349685908749716,1.17524621189545,34849935360.0,cell,False,False
Solar-H/tmedium,6144,1.0748662839471288,0.9349685908749716,1.149628227554935,51329617920.0,cell,False,False
Solar-H/tmedium,8192,1.0708315649886626,0.9349685908749716,1.1453128751486148,68413280256.0,cell,False,False
Solar-H/tlong,native,0.9992665047402758,1.071196647792778,0.9328506645341772,66233880576.0,cell,True,False
Solar-H/tlong,32,1.035310106657684,1.071196647792778,0.9664986431678638,5743374336.0,cell,False,True
Solar-H/tlong,48,1.0615996641686725,1.071196647792778,0.991040875973725,5860970496.0,cell,False,False
Solar-H/tlong,64,0.9840096806502301,1.071196647792778,0.9186078790274426,5978603520.0,cell,False,True
Solar-H/tlong,96,0.9809180753746576,1.071196647792778,0.9157217560341128,6213980160.0,cell,False,True
Solar-H/tlong,128,0.9579608599440265,1.071196647792778,0.8942903825529365,6449504256.0,cell,False,True
Solar-H/tlong,192,0.947000866322863,1.071196647792778,0.8840588404324987,6920994816.0,cell,False,True
Solar-H/tlong,256,0.9549254239686451,1.071196647792778,0.8914566955901962,7393075200.0,cell,False,False
Solar-H/tlong,384,0.9471885775930983,1.071196647792778,0.8842340755498062,8339005440.0,cell,False,False
Solar-H/tlong,512,0.9660115275962068,1.071196647792778,0.9018059658669515,9287294976.0,cell,False,False
Solar-H/tlong,768,0.9764166263762628,1.071196647792778,0.9115194940053153,11190951936.0,cell,False,False
Solar-H/tlong,1024,1.0101570791905505,1.071196647792778,0.9430174014005732,13104046080.0,cell,False,False
Solar-H/tlong,1536,1.0401010519845575,1.071196647792778,0.9709711602698781,16958545920.0,cell,False,False
Solar-H/tlong,2048,1.0508696998272313,1.071196647792778,0.981024074330861,20850794496.0,cell,False,False
Solar-H/tlong,2560,1.0417632900712208,1.071196647792778,0.9725229183808546,24780791808.0,cell,False,False
Solar-H/tlong,3072,1.0326585278975062,1.071196647792778,0.9640233005072596,28748537856.0,cell,False,False
Solar-H/tlong,4096,1.025492824492645,1.071196647792778,0.9573338626532237,36797276160.0,cell,False,False
Solar-H/tlong,6144,1.007173769313393,1.071196647792778,0.9402323759962232,53347737600.0,cell,False,False
Solar-D/tshort,native,0.9557654848475192,1.155861190610263,0.826886041863644,2737993728.0,cell,True,False
Solar-D/tshort,32,0.990583606176538,1.155861190610263,0.8570091410834004,585818112.0,cell,False,True
Solar-D/tshort,48,0.976570411032266,1.155861190610263,0.8448855441860313,701829120.0,cell,False,True
Solar-D/tshort,64,0.9441587066937157,1.155861190610263,0.8168443705556252,817876992.0,cell,False,True
Solar-D/tshort,96,0.953099422408401,1.155861190610263,0.8245794825113824,1050083328.0,cell,False,False
Solar-D/tshort,128,0.9541398978208998,1.155861190610263,0.8254796558375147,1282437120.0,cell,False,False
Solar-D/tshort,192,0.95641495178757,1.155861190610263,0.8274479319464036,1747587072.0,cell,False,False
Solar-D/tshort,256,0.9562869122528288,1.155861190610263,0.8273371578017388,2213326848.0,cell,False,False
Solar-W/tshort,native,1.045931350164508,1.4703506784640206,0.7113482283404149,582660096.0,cell,True,True
HierSales-D/tshort,native,0.7458349778447493,1.134803399686105,0.6572371725807772,12968546304.0,cell,True,True
HierSales-D/tshort,32,0.7935292843880359,1.134803399686105,0.6992658680856366,585818112.0,cell,False,True
HierSales-D/tshort,48,0.7779459777695685,1.134803399686105,0.6855337038862891,701829120.0,cell,False,True
HierSales-D/tshort,64,0.7768968069053426,1.134803399686105,0.6846091641250264,817876992.0,cell,False,True
HierSales-D/tshort,96,0.777539269570922,1.134803399686105,0.6851753085917746,1050083328.0,cell,False,False
HierSales-D/tshort,128,0.7660110607722622,1.134803399686105,0.675016536771168,1282437120.0,cell,False,True
HierSales-D/tshort,192,0.7658677734903141,1.134803399686105,0.6748902705985537,1747587072.0,cell,False,True
HierSales-D/tshort,256,0.7634742206646301,1.134803399686105,0.6727810481320489,2213326848.0,cell,False,True
HierSales-D/tshort,384,0.7530407131218173,1.134803399686105,0.6635869379049392,3146575872.0,cell,False,True
HierSales-D/tshort,512,0.7637537869694524,1.134803399686105,0.6730274047299403,4082184192.0,cell,False,False
HierSales-D/tshort,768,0.7527517597992734,1.134803399686105,0.6633323093740202,5960478720.0,cell,False,True
HierSales-D/tshort,1024,0.7479389064857858,1.134803399686105,0.6590911753460301,7848210432.0,cell,False,True
HierSales-D/tshort,1536,0.7459959421377336,1.134803399686105,0.6573790159106692,11651985408.0,cell,False,True
HierSales-W/tshort,native,0.7163037095143306,1.0250133777288335,0.6988237666726612,2035451904.0,cell,True,True
HierSales-W/tshort,32,0.8077506176806862,1.0250133777288335,0.7880390980559241,466685952.0,cell,False,True
HierSales-W/tshort,48,0.7807796965930481,1.0250133777288335,0.7617263477312418,582660096.0,cell,False,True
HierSales-W/tshort,64,0.7625540390066491,1.0250133777288335,0.7439454504450206,698671104.0,cell,False,True
HierSales-W/tshort,96,0.7430150929091424,1.0250133777288335,0.7248833127968272,930803712.0,cell,False,True
HierSales-W/tshort,128,0.733179795496281,1.0250133777288335,0.7152880259190559,1163083776.0,cell,False,True
HierSales-W/tshort,192,0.7260372899680481,1.0250133777288335,0.7083198187878877,1628086272.0,cell,False,True
M4-Yearly/tshort,native,3.370100401411304,3.965954931783283,0.8497576143397942,511877974.7150692,cell,True,False
M4-Yearly/tshort,32,3.3132766934191564,3.965954931783283,0.8354297389681503,466685952.0,cell,False,True
M4-Yearly/tshort,48,3.317163871559883,3.965954931783283,0.8364098757088819,582660096.0,cell,False,False
M4-Yearly/tshort,64,3.3184925952031508,3.965954931783283,0.8367449081704511,698671104.0,cell,False,False
M4-Yearly/tshort,96,3.3191109660509293,3.965954931783283,0.836900827957341,930803712.0,cell,False,False
M4-Yearly/tshort,128,3.319534724256767,3.965954931783283,0.8370076769289321,1163083776.0,cell,False,False
M4-Yearly/tshort,192,3.319085380955392,3.965954931783283,0.8368943767757271,1628086272.0,cell,False,False
M4-Yearly/tshort,256,3.3186956960976404,3.965954931783283,0.8367961192653786,2093678592.0,cell,False,False
M4-Quarterly/tshort,native,1.200816486985236,1.602247174616002,0.7494577029121778,963734244.864,cell,True,True
M4-Quarterly/tshort,32,1.2457902576057678,1.602247174616002,0.77752688682652,466685952.0,cell,False,True
M4-Quarterly/tshort,48,1.2316766876003267,1.602247174616002,0.7687182771256956,582660096.0,cell,False,True
M4-Quarterly/tshort,64,1.2139567402012605,1.602247174616002,0.7576588428013299,698671104.0,cell,False,True
M4-Quarterly/tshort,96,1.2040031137959686,1.602247174616002,0.7514465513627899,930803712.0,cell,False,True
M4-Quarterly/tshort,128,1.2014042498077482,1.602247174616002,0.7498245394601362,1163083776.0,cell,False,False
M4-Quarterly/tshort,192,1.2000899837283672,1.602247174616002,0.7490042752086508,1628086272.0,cell,False,True
M4-Quarterly/tshort,256,1.2001770950596606,1.602247174616002,0.7490586434314029,2093678592.0,cell,False,False
M4-Quarterly/tshort,384,1.2001102078122412,1.602247174616002,0.7490168975332174,3026632704.0,cell,False,False
M4-Quarterly/tshort,512,1.2000986273599037,1.602247174616002,0.7490096699016005,3961946112.0,cell,False,False
M4-Quarterly/tshort,768,1.200109842693344,1.602247174616002,0.7490166696539595,5839650816.0,cell,False,False
M4-Monthly/tshort,native,0.9240015578876823,1.259717038974429,0.7334992933333171,1987713487.104,cell,True,True
M4-Monthly/tshort,32,0.9669129013684764,1.259717038974429,0.7675635650333565,585818112.0,cell,False,True
M4-Monthly/tshort,48,0.9507152849049562,1.259717038974429,0.7547054262907805,701829120.0,cell,False,True
M4-Monthly/tshort,64,0.936902399912475,1.259717038974429,0.7437403567036242,817876992.0,cell,False,True
M4-Monthly/tshort,96,0.9444192144253567,1.259717038974429,0.7497074225448557,1050083328.0,cell,False,False
M4-Monthly/tshort,128,0.945982108292853,1.259717038974429,0.7509480931233602,1282437120.0,cell,False,False
M4-Monthly/tshort,192,0.9405055799568007,1.259717038974429,0.7466006657514871,1747587072.0,cell,False,False
M4-Monthly/tshort,256,0.9279122092084301,1.259717038974429,0.7366036820172485,2213326848.0,cell,False,False
M4-Monthly/tshort,384,0.9262270116785117,1.259717038974429,0.7352659232366812,3146575872.0,cell,False,False
M4-Monthly/tshort,512,0.9263232732878705,1.259717038974429,0.7353423385000938,4082184192.0,cell,False,False
M4-Monthly/tshort,768,0.9265251563460525,1.259717038974429,0.7355025991395359,5960478720.0,cell,False,False
M4-Monthly/tshort,1024,0.9265774609721309,1.259717038974429,0.7355441200719834,7848210432.0,cell,False,False
M4-Monthly/tshort,1536,0.9266113277659366,1.259717038974429,0.735571004517266,11651985408.0,cell,False,False
M4-Monthly/tshort,2048,0.9266128856905564,1.259717038974429,0.7355722412431113,15493509120.0,cell,False,False
M4-Monthly/tshort,2560,0.926615545604489,1.259717038974429,0.735574352760103,19372781568.0,cell,False,False
M4-Weekly/tshort,native,2.123968755092586,2.777295047362158,0.7647616543693859,7803073356.300836,cell,True,False
M4-Weekly/tshort,32,2.4315440356612097,2.777295047362158,0.8755080012009029,466685952.0,cell,False,True
M4-Weekly/tshort,48,2.457828158823431,2.777295047362158,0.8849719302088006,582660096.0,cell,False,False
M4-Weekly/tshort,64,2.205489586521941,2.777295047362158,0.7941142546654123,698671104.0,cell,False,True
M4-Weekly/tshort,96,2.172866000846469,2.777295047362158,0.7823677224752306,930803712.0,cell,False,True
M4-Weekly/tshort,128,2.1827466204400436,2.777295047362158,0.7859253637863182,1163083776.0,cell,False,False
M4-Weekly/tshort,192,2.0557522640430235,2.777295047362158,0.7401994490990623,1628086272.0,cell,False,True
M4-Weekly/tshort,256,2.025483248429446,2.777295047362158,0.7293007094630533,2093678592.0,cell,False,True
M4-Weekly/tshort,384,2.001383796423095,2.777295047362158,0.7206233987721203,3026632704.0,cell,False,True
M4-Weekly/tshort,512,2.024899815638596,2.777295047362158,0.7290906371513612,3961946112.0,cell,False,False
M4-Weekly/tshort,768,2.040541992680762,2.777295047362158,0.7347227996603548,5839650816.0,cell,False,False
M4-Weekly/tshort,1024,2.0991730184296435,2.777295047362158,0.7558336376336441,7726792704.0,cell,False,False
M4-Weekly/tshort,1536,2.1081683438350147,2.777295047362158,0.7590725176416989,11529388032.0,cell,False,False
M4-Weekly/tshort,2048,2.1067959652571036,2.777295047362158,0.7585783754801686,15369732096.0,cell,False,False
M4-Weekly/tshort,2560,2.107188850603487,2.777295047362158,0.7587198387887777,19247824896.0,cell,False,False
M4-Daily/tshort,native,3.4054856818210117,3.278424296610481,1.0387568458853536,17991930527.523067,cell,True,False
M4-Daily/tshort,32,3.4402996634406136,3.278424296610481,1.0493759660692772,466685952.0,cell,False,True
M4-Daily/tshort,48,3.4074532509415003,3.278424296610481,1.039357002833471,582660096.0,cell,False,True
M4-Daily/tshort,64,3.43985990951913,3.278424296610481,1.0492418303132867,698671104.0,cell,False,False
M4-Daily/tshort,96,3.351070631541665,3.278424296610481,1.0221589179308768,930803712.0,cell,False,True
M4-Daily/tshort,128,3.3062827217514537,3.278424296610481,1.008497504477921,1163083776.0,cell,False,True
M4-Daily/tshort,192,3.2627704642557998,3.278424296610481,0.9952251963326207,1628086272.0,cell,False,True
M4-Daily/tshort,256,3.2527385966174287,3.278424296610481,0.9921652301016656,2093678592.0,cell,False,True
M4-Daily/tshort,384,3.2576911625022476,3.278424296610481,0.9936758844394641,3026632704.0,cell,False,False
M4-Daily/tshort,512,3.2674616857327705,3.278424296610481,0.9966561342017126,3961946112.0,cell,False,False
M4-Daily/tshort,768,3.2886689573506582,3.278424296610481,1.0031248733578413,5839650816.0,cell,False,False
M4-Daily/tshort,1024,3.3034526532367234,3.278424296610481,1.0076342640127818,7726792704.0,cell,False,False
M4-Daily/tshort,1536,3.3327131397334258,3.278424296610481,1.0165594316693765,11529388032.0,cell,False,False
M4-Daily/tshort,2048,3.323772837663849,3.278424296610481,1.0138324197695379,15369732096.0,cell,False,False
M4-Daily/tshort,2560,3.316007206511064,3.278424296610481,1.0114637113748333,19247824896.0,cell,False,False
M4-Daily/tshort,3072,3.3344699276829624,3.278424296610481,1.0170952951789756,23163666432.0,cell,False,False
M4-Daily/tshort,4096,3.404876598934336,3.278424296610481,1.0385710606325707,31108595712.0,cell,False,False
M4-Daily/tshort,6144,3.3990234761793294,3.278424296610481,1.0367857143120658,47451439104.0,cell,False,False
M4-Daily/tshort,8192,3.3988720505486314,3.278424296610481,1.0367395257723901,64398262272.0,cell,False,False
M4-Hourly/tshort,native,0.8278665288009935,1.1932101877276544,0.6938144991684825,6726826429.217391,cell,True,False
M4-Hourly/tshort,32,1.4279536152004788,1.1932101877276544,1.196732671148131,704987136.0,cell,False,True
M4-Hourly/tshort,48,1.356689707425853,1.1932101877276544,1.1370081494271587,821035008.0,cell,False,True
M4-Hourly/tshort,64,1.1424124070499564,1.1932101877276544,0.9574276341250177,937119744.0,cell,False,True
M4-Hourly/tshort,96,0.9753010411214742,1.1932101877276544,0.8173757240363781,1169399808.0,cell,False,True
M4-Hourly/tshort,128,0.8787271312566398,1.1932101877276544,0.7364395144246002,1401827328.0,cell,False,True
M4-Hourly/tshort,192,0.8483467788661665,1.1932101877276544,0.7109784911254867,1867124736.0,cell,False,True
M4-Hourly/tshort,256,0.853232930426246,1.1932101877276544,0.7150734541171996,2333011968.0,cell,False,False
M4-Hourly/tshort,384,0.8261292667827705,1.1932101877276544,0.6923585427610608,3266555904.0,cell,False,True
M4-Hourly/tshort,512,0.8076027536611594,1.1932101877276544,0.6768319295020062,4202459136.0,cell,False,True
M4-Hourly/tshort,768,0.8213821611707818,1.1932101877276544,0.6883801107456342,6081343488.0,cell,False,False
Hospital/tshort,native,0.7723707636712766,0.9205278266364826,0.8390520539649983,814718976.0,cell,True,False
Hospital/tshort,32,0.7754783460891237,0.9205278266364826,0.8424279241211476,466685952.0,cell,False,True
Hospital/tshort,48,0.7723665742928026,0.9205278266364826,0.8390475029037998,582660096.0,cell,False,True
Hospital/tshort,64,0.7710047114947527,0.9205278266364826,0.8375680660430739,698671104.0,cell,False,True
CovidDeaths-D/tshort,native,35.44939683346908,46.91239825526407,0.7556509185605594,1747587072.0,cell,True,False
CovidDeaths-D/tshort,32,35.21672963896916,46.91239825526407,0.7506913086673728,585818112.0,cell,False,True
CovidDeaths-D/tshort,48,34.72529744699007,46.91239825526407,0.7402157795907081,701829120.0,cell,False,True
CovidDeaths-D/tshort,64,35.16388651803168,46.91239825526407,0.7495648874460584,817876992.0,cell,False,False
CovidDeaths-D/tshort,96,35.13740842297241,46.91239825526407,0.7490004717256087,1050083328.0,cell,False,False
CovidDeaths-D/tshort,128,35.20387526432338,46.91239825526407,0.7504173006199513,1282437120.0,cell,False,False
USBirths-D/tshort,native,0.3255878610239181,1.8648391912491091,0.17459299576701431,54578747596.8,cell,True,True
USBirths-D/tshort,32,0.4776908415093889,1.8648391912491091,0.2561565864504496,585818112.0,cell,False,True
USBirths-D/tshort,48,0.46827212376485133,1.8648391912491091,0.2511059001560304,701829120.0,cell,False,True
USBirths-D/tshort,64,0.455225323001357,1.8648391912491091,0.2441096932848335,817876992.0,cell,False,True
USBirths-D/tshort,96,0.46160465162524694,1.8648391912491091,0.24753053978667955,1050083328.0,cell,False,False
USBirths-D/tshort,128,0.46637105357017866,1.8648391912491091,0.2500864716693311,1282437120.0,cell,False,False
USBirths-D/tshort,192,0.4689874295924367,1.8648391912491091,0.25148947522831655,1747587072.0,cell,False,False
USBirths-D/tshort,256,0.5004414579606381,1.8648391912491091,0.26835636032800864,2213326848.0,cell,False,False
USBirths-D/tshort,384,0.4014279410383687,1.8648391912491091,0.21526142464299225,3146575872.0,cell,False,True
USBirths-D/tshort,512,0.355943970544386,1.8648391912491091,0.19087113366915412,4082184192.0,cell,False,True
USBirths-D/tshort,768,0.3404744479360656,1.8648391912491091,0.18257576821302676,5960478720.0,cell,False,True
USBirths-D/tshort,1024,0.34655989280347665,1.8648391912491091,0.1858390227048711,7848210432.0,cell,False,False
USBirths-D/tshort,1536,0.3348176493931591,1.8648391912491091,0.17954237071180978,11651985408.0,cell,False,True
USBirths-D/tshort,2048,0.33120600819326956,1.8648391912491091,0.17760566688402807,15493509120.0,cell,False,True
USBirths-D/tshort,2560,0.3286323543008802,1.8648391912491091,0.17622557260862545,19372781568.0,cell,False,True
USBirths-D/tshort,3072,0.32674417017490187,1.8648391912491091,0.17521305413795044,23289802752.0,cell,False,True
USBirths-D/tshort,4096,0.32953832576197417,1.8648391912491091,0.17671139008036524,31237091328.0,cell,False,False
USBirths-D/tshort,6144,0.32800812393915874,1.8648391912491091,0.17589083577734757,47584653312.0,cell,False,False
USBirths-W/tshort,native,0.981370848527148,1.5634204337929731,0.6277075745685823,7490457600.0,cell,True,False
USBirths-W/tshort,32,1.5344177452588958,1.5634204337929731,0.9814492071952042,466685952.0,cell,False,True
USBirths-W/tshort,48,1.4793359574070937,1.5634204337929731,0.9462176171115505,582660096.0,cell,False,True
USBirths-W/tshort,64,1.238462266280374,1.5634204337929731,0.7921492130403933,698671104.0,cell,False,True
USBirths-W/tshort,96,1.1794157899150761,1.5634204337929731,0.7543817161540652,930803712.0,cell,False,True
USBirths-W/tshort,128,1.0940914501146861,1.5634204337929731,0.6998062878456435,1163083776.0,cell,False,True
USBirths-W/tshort,192,1.1469794275424656,1.5634204337929731,0.7336346658587601,1628086272.0,cell,False,False
USBirths-W/tshort,256,1.0595246012338653,1.5634204337929731,0.677696528926247,2093678592.0,cell,False,True
USBirths-W/tshort,384,1.0386720861888148,1.5634204337929731,0.6643587762691062,3026632704.0,cell,False,True
USBirths-W/tshort,512,0.9579663370263186,1.5634204337929731,0.6127375057406802,3961946112.0,cell,False,True
USBirths-W/tshort,768,0.9679608881815597,1.5634204337929731,0.6191302526558484,5839650816.0,cell,False,False
USBirths-W/tshort,1024,0.9720225603349906,1.5634204337929731,0.6217281924458363,7726792704.0,cell,False,False
USBirths-M/tshort,native,0.6243663698881728,0.7605310792868888,0.8209610190731579,1919016960.0,cell,True,False
USBirths-M/tshort,32,0.732528885206725,0.7605310792868888,0.9631807366683555,466685952.0,cell,False,True
USBirths-M/tshort,48,0.7140812488251359,0.7605310792868888,0.9389244808965512,582660096.0,cell,False,True
USBirths-M/tshort,64,0.7309541603673817,0.7605310792868888,0.9611101771840279,698671104.0,cell,False,False
USBirths-M/tshort,96,0.5166315943355745,0.7605310792868888,0.6793037239451063,930803712.0,cell,False,True
USBirths-M/tshort,128,0.432396451989997,0.7605310792868888,0.5685454069746013,1163083776.0,cell,False,True
USBirths-M/tshort,192,0.46183616105417125,0.7605310792868888,0.6072548165779253,1628086272.0,cell,False,False
SaugeenDay-D/tshort,native,2.9860760503617065,3.413049305768806,0.8748997693395697,64536195072.0,cell,True,False
SaugeenDay-D/tshort,32,4.306969589251746,3.413049305768806,1.2619125021053805,585818112.0,cell,False,True
SaugeenDay-D/tshort,48,3.7012520008684744,3.413049305768806,1.0844414098010664,701829120.0,cell,False,True
SaugeenDay-D/tshort,64,3.4731905529445855,3.413049305768806,1.0176209722707865,817876992.0,cell,False,True
SaugeenDay-D/tshort,96,3.304950068413975,3.413049305768806,0.968327666063271,1050083328.0,cell,False,True
SaugeenDay-D/tshort,128,3.4233450082827557,3.413049305768806,1.003016570108304,1282437120.0,cell,False,False
SaugeenDay-D/tshort,192,3.4458342904236057,3.413049305768806,1.0096057752811791,1747587072.0,cell,False,False
SaugeenDay-D/tshort,256,3.350742324054756,3.413049305768806,0.9817444823874248,2213326848.0,cell,False,False
SaugeenDay-D/tshort,384,3.231530492910611,3.413049305768806,0.9468162348104997,3146575872.0,cell,False,True
SaugeenDay-D/tshort,512,3.069789436106628,3.413049305768806,0.8994272162778331,4082184192.0,cell,False,True
SaugeenDay-D/tshort,768,3.0689037766865166,3.413049305768806,0.899167724151946,5960478720.0,cell,False,True
SaugeenDay-D/tshort,1024,3.0282353066930296,3.413049305768806,0.887252141823631,7848210432.0,cell,False,True
SaugeenDay-D/tshort,1536,2.952648631799019,3.413049305768806,0.865105765336701,11651985408.0,cell,False,True
SaugeenDay-D/tshort,2048,2.9407112240751228,3.413049305768806,0.8616081868798885,15493509120.0,cell,False,True
SaugeenDay-D/tshort,2560,2.939743321267259,3.413049305768806,0.8613245980063765,19372781568.0,cell,False,True
SaugeenDay-D/tshort,3072,2.949000372682223,3.413049305768806,0.8640368504778886,23289802752.0,cell,False,False
SaugeenDay-D/tshort,4096,2.959890003850729,3.413049305768806,0.8672274376018719,31237091328.0,cell,False,False
SaugeenDay-D/tshort,6144,2.9752368037447026,3.413049305768806,0.8717239445430502,47584653312.0,cell,False,False
SaugeenDay-D/tshort,8192,2.986076100166758,3.413049305768806,0.8748997839321077,64536195072.0,cell,False,False
SaugeenDay-W/tshort,native,1.187865198144778,1.990658004828632,0.5967198761733243,25012368384.0,cell,True,True
SaugeenDay-W/tshort,32,1.7856530198372957,1.990658004828632,0.8970164716922411,466685952.0,cell,False,True
SaugeenDay-W/tshort,48,1.653708484248781,1.990658004828632,0.8307346014420706,582660096.0,cell,False,True
SaugeenDay-W/tshort,64,1.523311682781174,1.990658004828632,0.7652302299471626,698671104.0,cell,False,True
SaugeenDay-W/tshort,96,1.6335479609627601,1.990658004828632,0.8206070339557828,930803712.0,cell,False,False
SaugeenDay-W/tshort,128,1.502463743267803,1.990658004828632,0.7547573413531393,1163083776.0,cell,False,True
SaugeenDay-W/tshort,192,1.447107435472895,1.990658004828632,0.7269492961436492,1628086272.0,cell,False,True
SaugeenDay-W/tshort,256,1.3182424383625466,1.990658004828632,0.6622144211436404,2093678592.0,cell,False,True
SaugeenDay-W/tshort,384,1.2167686724707392,1.990658004828632,0.6112394341565899,3026632704.0,cell,False,True
SaugeenDay-W/tshort,512,1.2214414000344265,1.990658004828632,0.6135867623025361,3961946112.0,cell,False,False
SaugeenDay-W/tshort,768,1.2439108298851598,1.990658004828632,0.6248742008259943,5839650816.0,cell,False,False
SaugeenDay-W/tshort,1024,1.2383250994455643,1.990658004828632,0.6220682289181898,7726792704.0,cell,False,False
SaugeenDay-W/tshort,1536,1.1886634745483518,1.990658004828632,0.5971208874980407,11529388032.0,cell,False,True
SaugeenDay-W/tshort,2048,1.1925012954919945,1.990658004828632,0.5990488032597303,15369732096.0,cell,False,False
SaugeenDay-W/tshort,2560,1.1910722834148633,1.990658004828632,0.5983309441027758,19247824896.0,cell,False,False
SaugeenDay-W/tshort,3072,1.1885975119094199,1.990658004828632,0.5970877513999405,23163666432.0,cell,False,True
SaugeenDay-M/tshort,native,0.7225160724216104,0.9763741730697156,0.7399991646133197,5621257947.428572,cell,True,True
SaugeenDay-M/tshort,32,0.9391431286251705,0.9763741730697156,0.9618680568664665,466685952.0,cell,False,True
SaugeenDay-M/tshort,48,0.7989423579504918,0.9763741730697156,0.8182747761942749,582660096.0,cell,False,True
SaugeenDay-M/tshort,64,0.8408901531028957,0.9763741730697156,0.86123760367313,698671104.0,cell,False,False
SaugeenDay-M/tshort,96,0.7919526809514507,0.9763741730697156,0.8111159663938624,930803712.0,cell,False,True
SaugeenDay-M/tshort,128,0.7783803381998443,0.9763741730697156,0.797215206699518,1163083776.0,cell,False,True
SaugeenDay-M/tshort,192,0.7828886415724151,0.9763741730697156,0.8018325998024067,1628086272.0,cell,False,False
SaugeenDay-M/tshort,256,0.7415750530376899,0.9763741730697156,0.7595193251642263,2093678592.0,cell,False,True
SaugeenDay-M/tshort,384,0.7539726909013762,0.9763741730697156,0.772216955033632,3026632704.0,cell,False,False
SaugeenDay-M/tshort,512,0.7537137881214648,0.9763741730697156,0.771951787450289,3961946112.0,cell,False,False
SaugeenDay-M/tshort,768,0.7528885026808056,0.9763741730697156,0.7711065321542948,5839650816.0,cell,False,False
Electricity-15T/tshort,native,0.889565704628417,1.7170601412372184,0.5180748671898266,64674164736.0,cell,True,False
Electricity-15T/tshort,32,2.4188076838134878,1.7170601412372184,1.4086913007430415,704987136.0,cell,False,True
Electricity-15T/tshort,48,2.237132711310933,1.7170601412372184,1.3028854712677562,821035008.0,cell,False,True
Electricity-15T/tshort,64,1.9811388981406908,1.7170601412372184,1.153797033989265,937119744.0,cell,False,True
Electricity-15T/tshort,96,1.4440953850271672,1.7170601412372184,0.8410278419174252,1169399808.0,cell,False,True
Electricity-15T/tshort,128,1.346403264222324,1.7170601412372184,0.7841328511954045,1401827328.0,cell,False,True
Electricity-15T/tshort,192,1.2147850655362633,1.7170601412372184,0.7074796254142598,1867124736.0,cell,False,True
Electricity-15T/tshort,256,1.0953279761087675,1.7170601412372184,0.6379089175755573,2333011968.0,cell,False,True
Electricity-15T/tshort,384,1.0007180392602735,1.7170601412372184,0.5828089623810215,3266555904.0,cell,False,True
Electricity-15T/tshort,512,0.9872070887462326,1.7170601412372184,0.574940309332966,4202459136.0,cell,False,True
Electricity-15T/tshort,768,0.8949470263545182,1.7170601412372184,0.5212088993631108,6081343488.0,cell,False,True
Electricity-15T/tshort,1024,0.8818407219017211,1.7170601412372184,0.5135759084514743,7969665024.0,cell,False,True
Electricity-15T/tshort,1536,0.8720372763351534,1.7170601412372184,0.5078664721125095,11774619648.0,cell,False,True
Electricity-15T/tshort,2048,0.871203507009574,1.7170601412372184,0.507380892542199,15617323008.0,cell,False,True
Electricity-15T/tshort,2560,0.8714467877896238,1.7170601412372184,0.5075225770261649,19497775104.0,cell,False,False
Electricity-15T/tshort,3072,0.8712849271359511,1.7170601412372184,0.5074283108733463,23415975936.0,cell,False,False
Electricity-15T/tshort,4096,0.8735119873158251,1.7170601412372184,0.5087253301951443,31365623808.0,cell,False,False
Electricity-15T/tshort,6144,0.8834361490727328,1.7170601412372184,0.514505070530714,47717904384.0,cell,False,False
Electricity-15T/tshort,8192,0.8895657048395107,1.7170601412372184,0.5180748673127658,64674164736.0,cell,False,False
Electricity-15T/tmedium,native,0.7950534202182639,1.1507882041044135,0.6908772764463676,68413280256.0,cell,True,False
Electricity-15T/tmedium,32,2.394384053906976,1.1507882041044135,2.080647025549219,3936485376.0,cell,False,True
Electricity-15T/tmedium,48,2.0946898467698842,1.1507882041044135,1.8202218612416612,4053528576.0,cell,False,True
Electricity-15T/tmedium,64,1.9053397938449996,1.1507882041044135,1.6556824157993577,4170608640.0,cell,False,True
Electricity-15T/tmedium,96,1.382729540780497,1.1507882041044135,1.2015499775274363,4404879360.0,cell,False,True
Electricity-15T/tmedium,128,1.2876909791193283,1.1507882041044135,1.118964353759133,4639297536.0,cell,False,True
Electricity-15T/tmedium,192,1.143929041863922,1.1507882041044135,0.9940395963253469,5108576256.0,cell,False,True
Electricity-15T/tmedium,256,1.025437958341106,1.1507882041044135,0.8910744433109133,5578444800.0,cell,False,True
Electricity-15T/tmedium,384,0.9256622266274283,1.1507882041044135,0.8043723626345417,6519951360.0,cell,False,True
Electricity-15T/tmedium,512,0.8773448258599839,1.1507882041044135,0.7623860087641118,7463817216.0,cell,False,True
Electricity-15T/tmedium,768,0.8300309801887131,1.1507882041044135,0.7212717137943505,9358626816.0,cell,False,True
Electricity-15T/tmedium,1024,0.8162718621705929,1.1507882041044135,0.709315458100169,11262873600.0,cell,False,True
Electricity-15T/tmedium,1536,0.8009675313195351,1.1507882041044135,0.6960164593821833,15099678720.0,cell,False,True
Electricity-15T/tmedium,2048,0.795207244932808,1.1507882041044135,0.6910109454516594,18974232576.0,cell,False,True
Electricity-15T/tmedium,2560,0.7948484231019709,1.1507882041044135,0.6906991401780589,22886535168.0,cell,False,True
Electricity-15T/tmedium,3072,0.7939997635547815,1.1507882041044135,0.6899616808052893,26836586496.0,cell,False,True
Electricity-15T/tmedium,4096,0.7933241372302385,1.1507882041044135,0.6893745820479913,34849935360.0,cell,False,True
Electricity-15T/tmedium,6144,0.7945134544933681,1.1507882041044135,0.690408062630159,51329617920.0,cell,False,False
Electricity-15T/tmedium,8192,0.7950534196289238,1.1507882041044135,0.6908772759342491,68413280256.0,cell,False,False
Electricity-15T/tlong,native,0.8453489705986517,1.1635317075319347,0.7265371155134163,70502178816.0,cell,True,False
Electricity-15T/tlong,32,2.8969739722169905,1.1635317075319347,2.4898109380809283,5743374336.0,cell,False,True
Electricity-15T/tlong,48,2.242593105544013,1.1635317075319347,1.9274017983583502,5860970496.0,cell,False,True
Electricity-15T/tlong,64,1.8076271847154806,1.1635317075319347,1.553569338088595,5978603520.0,cell,False,True
Electricity-15T/tlong,96,1.4549292752122132,1.1635317075319347,1.250442309215953,6213980160.0,cell,False,True
Electricity-15T/tlong,128,1.277316639848838,1.1635317075319347,1.0977927215737526,6449504256.0,cell,False,True
Electricity-15T/tlong,192,1.1460520198711448,1.1635317075319347,0.9849770422691209,6920994816.0,cell,False,True
Electricity-15T/tlong,256,1.05666407183138,1.1635317075319347,0.9081523649001018,7393075200.0,cell,False,True
Electricity-15T/tlong,384,0.960645985952781,1.1635317075319347,0.8256294003284949,8339005440.0,cell,False,True
Electricity-15T/tlong,512,0.9175253533444115,1.1635317075319347,0.7885692735358729,9287294976.0,cell,False,True
Electricity-15T/tlong,768,0.876073679696068,1.1635317075319347,0.7529435373569507,11190951936.0,cell,False,True
Electricity-15T/tlong,1024,0.864669741472157,1.1635317075319347,0.7431423964425353,13104046080.0,cell,False,True
Electricity-15T/tlong,1536,0.8526250234800599,1.1635317075319347,0.732790535883749,16958545920.0,cell,False,True
Electricity-15T/tlong,2048,0.8445898882106216,1.1635317075319347,0.7258847204105443,20850794496.0,cell,False,True
Electricity-15T/tlong,2560,0.8453086406483896,1.1635317075319347,0.7265024538449796,24780791808.0,cell,False,False
Electricity-15T/tlong,3072,0.8446037538099704,1.1635317075319347,0.7258966372317698,28748537856.0,cell,False,False
Electricity-15T/tlong,4096,0.8437795971331573,1.1635317075319347,0.7251883138818532,36797276160.0,cell,False,True
Electricity-15T/tlong,6144,0.8454177708289318,1.1635317075319347,0.7265962460294432,53347737600.0,cell,False,False
Electricity-15T/tlong,8192,0.8453489696197759,1.1635317075319347,0.7265371146721192,70502178816.0,cell,False,False
Electricity-H/tshort,native,0.8848297733997859,1.3577726051465433,0.6516774385091434,64674164736.0,cell,True,False
Electricity-H/tshort,32,1.3845641759978373,1.3577726051465433,1.0197320013305191,704987136.0,cell,False,True
Electricity-H/tshort,48,1.3439904839726344,1.3577726051465433,0.9898494629206182,821035008.0,cell,False,True
Electricity-H/tshort,64,1.3154268816078996,1.3577726051465433,0.9688123597588173,937119744.0,cell,False,True
Electricity-H/tshort,96,1.2193362283906783,1.3577726051465433,0.8980415599555246,1169399808.0,cell,False,True
Electricity-H/tshort,128,1.085952430972028,1.3577726051465433,0.7998043463653637,1401827328.0,cell,False,True
Electricity-H/tshort,192,0.9439384058775179,1.3577726051465433,0.6952109670644293,1867124736.0,cell,False,True
Electricity-H/tshort,256,0.9273356041298543,1.3577726051465433,0.6829829977529762,2333011968.0,cell,False,True
Electricity-H/tshort,384,0.8920896964381346,1.3577726051465433,0.657024374373684,3266555904.0,cell,False,True
Electricity-H/tshort,512,0.8845225842677227,1.3577726051465433,0.6514511936056162,4202459136.0,cell,False,True
Electricity-H/tshort,768,0.8836876989855968,1.3577726051465433,0.650836300302451,6081343488.0,cell,False,True
Electricity-H/tshort,1024,0.880497062986444,1.3577726051465433,0.648486395769793,7969665024.0,cell,False,True
Electricity-H/tshort,1536,0.8810911852091848,1.3577726051465433,0.6489239669952609,11774619648.0,cell,False,False
Electricity-H/tshort,2048,0.8815145632523143,1.3577726051465433,0.6492357850725476,15617323008.0,cell,False,False
Electricity-H/tshort,2560,0.8817941100452401,1.3577726051465433,0.6494416713836031,19497775104.0,cell,False,False
Electricity-H/tshort,3072,0.8823617232754949,1.3577726051465433,0.6498597187268057,23415975936.0,cell,False,False
Electricity-H/tshort,4096,0.883516005869102,1.3577726051465433,0.6507098482619221,31365623808.0,cell,False,False
Electricity-H/tshort,6144,0.8841945272789635,1.3577726051465433,0.651209579518312,47717904384.0,cell,False,False
Electricity-H/tshort,8192,0.8848297726743255,1.3577726051465433,0.6516774379748416,64674164736.0,cell,False,False
Electricity-H/tmedium,native,1.0598381207775258,1.3924537851702354,0.7611298357366701,68413280256.0,cell,True,False
Electricity-H/tmedium,32,1.4733467038602859,1.3924537851702354,1.0580937906532826,3936485376.0,cell,False,True
Electricity-H/tmedium,48,1.4916611979245926,1.3924537851702354,1.07124646707196,4053528576.0,cell,False,False
Electricity-H/tmedium,64,1.565823631440697,1.3924537851702354,1.124506714777084,4170608640.0,cell,False,False
Electricity-H/tmedium,96,1.4464721915064436,1.3924537851702354,1.0387936798416646,4404879360.0,cell,False,True
Electricity-H/tmedium,128,1.3783711670283043,1.3924537851702354,0.9898864735821667,4639297536.0,cell,False,True
Electricity-H/tmedium,192,1.1773278252272588,1.3924537851702354,0.8455058528806568,5108576256.0,cell,False,True
Electricity-H/tmedium,256,1.1642203575125707,1.3924537851702354,0.836092637264969,5578444800.0,cell,False,True
Electricity-H/tmedium,384,1.1060059523454833,1.3924537851702354,0.7942855727957016,6519951360.0,cell,False,True
Electricity-H/tmedium,512,1.086838233929919,1.3924537851702354,0.7805201476019161,7463817216.0,cell,False,True
Electricity-H/tmedium,768,1.0772711872042398,1.3924537851702354,0.773649509001505,9358626816.0,cell,False,True
Electricity-H/tmedium,1024,1.07486055868186,1.3924537851702354,0.7719183000033658,11262873600.0,cell,False,True
Electricity-H/tmedium,1536,1.0566243770797121,1.3924537851702354,0.758821864203223,15099678720.0,cell,False,True
Electricity-H/tmedium,2048,1.0566977864664708,1.3924537851702354,0.7588745836453621,18974232576.0,cell,False,False
Electricity-H/tmedium,2560,1.056683290313578,1.3924537851702354,0.7588641731361968,22886535168.0,cell,False,False
Electricity-H/tmedium,3072,1.0583494308506585,1.3924537851702354,0.7600607231077828,26836586496.0,cell,False,False
Electricity-H/tmedium,4096,1.059863473463853,1.3924537851702354,0.7611480429379411,34849935360.0,cell,False,False
Electricity-H/tmedium,6144,1.0622907292814947,1.3924537851702354,0.7628911929393933,51329617920.0,cell,False,False
Electricity-H/tmedium,8192,1.059838122469151,1.3924537851702354,0.7611298369515221,68413280256.0,cell,False,False
Electricity-H/tlong,native,1.1894586452374665,1.5240786163496851,0.7804444157128418,70502178816.0,cell,True,False
Electricity-H/tlong,32,1.5618904600743808,1.5240786163496851,1.024809641260671,5743374336.0,cell,False,True
Electricity-H/tlong,48,1.5879518326826056,1.5240786163496851,1.0419093973550413,5860970496.0,cell,False,False
Electricity-H/tlong,64,1.6535920046458423,1.5240786163496851,1.0849781546088182,5978603520.0,cell,False,False
Electricity-H/tlong,96,1.52251628281676,1.5240786163496851,0.998974899643519,6213980160.0,cell,False,True
Electricity-H/tlong,128,1.4750349813132964,1.5240786163496851,0.9678207970965087,6449504256.0,cell,False,True
Electricity-H/tlong,192,1.2902168967696739,1.5240786163496851,0.8465553436212283,6920994816.0,cell,False,True
Electricity-H/tlong,256,1.26738317566884,1.5240786163496851,0.8315733598469773,7393075200.0,cell,False,True
Electricity-H/tlong,384,1.2528297981004028,1.5240786163496851,0.8220243920888088,8339005440.0,cell,False,True
Electricity-H/tlong,512,1.237650313883797,1.5240786163496851,0.8120646143885206,9287294976.0,cell,False,True
Electricity-H/tlong,768,1.2025844742892475,1.5240786163496851,0.7890567201641823,11190951936.0,cell,False,True
Electricity-H/tlong,1024,1.1894339367433848,1.5240786163496851,0.7804282036265252,13104046080.0,cell,False,True
Electricity-H/tlong,1536,1.176112461984902,1.5240786163496851,0.7716875293492435,16958545920.0,cell,False,True
Electricity-H/tlong,2048,1.1778810861912776,1.5240786163496851,0.7728479840576834,20850794496.0,cell,False,False
Electricity-H/tlong,2560,1.1792387278795142,1.5240786163496851,0.7737387791083273,24780791808.0,cell,False,False
Electricity-H/tlong,3072,1.1832088632501918,1.5240786163496851,0.7763437204335895,28748537856.0,cell,False,False
Electricity-H/tlong,4096,1.1901205918114255,1.5240786163496851,0.7808787414535602,36797276160.0,cell,False,False
Electricity-H/tlong,6144,1.1911401778772213,1.5240786163496851,0.7815477266718147,53347737600.0,cell,False,False
Electricity-H/tlong,8192,1.1894586466800117,1.5240786163496851,0.780444416659345,70502178816.0,cell,False,False
Electricity-D/tshort,native,1.3897875288661032,1.987041399842847,0.6994255524701298,10459398144.0,cell,True,False
Electricity-D/tshort,32,1.7365253645622318,1.987041399842847,0.8739251052844556,585818112.0,cell,False,True
Electricity-D/tshort,48,1.7365616817601075,1.987041399842847,0.8739433823056986,701829120.0,cell,False,False
Electricity-D/tshort,64,1.713637236747789,1.987041399842847,0.8624064082828464,817876992.0,cell,False,True
Electricity-D/tshort,96,1.7074951992419052,1.987041399842847,0.8593153617116127,1050083328.0,cell,False,True
Electricity-D/tshort,128,1.6733327122521013,1.987041399842847,0.8421227219445169,1282437120.0,cell,False,True
Electricity-D/tshort,192,1.628856845615099,1.987041399842847,0.819739762716531,1747587072.0,cell,False,True
Electricity-D/tshort,256,1.547841805410768,1.987041399842847,0.7789680705863428,2213326848.0,cell,False,True
Electricity-D/tshort,384,1.4984719636783363,1.987041399842847,0.7541221656462965,3146575872.0,cell,False,True
Electricity-D/tshort,512,1.439111490449845,1.987041399842847,0.7242483677308701,4082184192.0,cell,False,True
Electricity-D/tshort,768,1.3793528813517753,1.987041399842847,0.6941742036481308,5960478720.0,cell,False,True
Electricity-D/tshort,1024,1.3830374317415777,1.987041399842847,0.6960284933423937,7848210432.0,cell,False,False
Electricity-W/tshort,native,1.4368229705778617,2.0896995064573947,0.6875739627338405,1666867200.0,cell,True,False
Electricity-W/tshort,32,2.1948210748858394,2.0896995064573947,1.050304633801945,466685952.0,cell,False,True
Electricity-W/tshort,48,1.9147793000623912,2.0896995064573947,0.9162940863724753,582660096.0,cell,False,True
Electricity-W/tshort,64,1.798674655108546,2.0896995064573947,0.8607336363675491,698671104.0,cell,False,True
Electricity-W/tshort,96,1.5627275763425388,2.0896995064573947,0.7478240634663231,930803712.0,cell,False,True
Electricity-W/tshort,128,1.4318156501201496,2.0896995064573947,0.6851777711080882,1163083776.0,cell,False,True
Electricity-W/tshort,192,1.4282202466754261,2.0896995064573947,0.683457235005355,1628086272.0,cell,False,True
KDDCup2018-H/tshort,native,0.9788377707029924,1.340425278558367,0.7302441891842987,64674164736.0,cell,True,False
KDDCup2018-H/tshort,32,1.2075945122385658,1.340425278558367,0.900904012745372,704987136.0,cell,False,True
KDDCup2018-H/tshort,48,1.2012231249448797,1.340425278558367,0.8961507546595959,821035008.0,cell,False,True
KDDCup2018-H/tshort,64,1.1930095581042015,1.340425278558367,0.8900231718901096,937119744.0,cell,False,True
KDDCup2018-H/tshort,96,1.132142880855681,1.340425278558367,0.8446146898044965,1169399808.0,cell,False,True
KDDCup2018-H/tshort,128,1.0863328001917227,1.340425278558367,0.8104389088812755,1401827328.0,cell,False,True
KDDCup2018-H/tshort,192,1.0667629884883327,1.340425278558367,0.7958392053271636,1867124736.0,cell,False,True
KDDCup2018-H/tshort,256,1.0547014352790447,1.340425278558367,0.7868409020257963,2333011968.0,cell,False,True
KDDCup2018-H/tshort,384,1.0404180080930212,1.340425278558367,0.7761850098887982,3266555904.0,cell,False,True
KDDCup2018-H/tshort,512,1.0332213018731067,1.340425278558367,0.7708160375670776,4202459136.0,cell,False,True
KDDCup2018-H/tshort,768,1.0048921707257583,1.340425278558367,0.7496816023989968,6081343488.0,cell,False,True
KDDCup2018-H/tshort,1024,0.9954198154682663,1.340425278558367,0.7426149233315299,7969665024.0,cell,False,True
KDDCup2018-H/tshort,1536,0.98794907259421,1.340425278558367,0.7370415109276016,11774619648.0,cell,False,True
KDDCup2018-H/tshort,2048,0.9851049143989091,1.340425278558367,0.7349196782221189,15617323008.0,cell,False,True
KDDCup2018-H/tshort,2560,0.9821536975161905,1.340425278558367,0.7327179763220378,19497775104.0,cell,False,True
KDDCup2018-H/tshort,3072,0.9790417776040362,1.340425278558367,0.7303963848376537,23415975936.0,cell,False,True
KDDCup2018-H/tshort,4096,0.9785418980776183,1.340425278558367,0.7300234587712671,31365623808.0,cell,False,True
KDDCup2018-H/tshort,6144,0.9804243937170881,1.340425278558367,0.7314278605455268,47717904384.0,cell,False,False
KDDCup2018-H/tshort,8192,0.9788377707169408,1.340425278558367,0.7302441891947046,64674164736.0,cell,False,False
KDDCup2018-H/tmedium,native,1.1023215059953206,1.4289997072062277,0.7713937941599857,68413280256.0,cell,True,False
KDDCup2018-H/tmedium,32,1.422899315832596,1.4289997072062277,0.9957310058617449,3936485376.0,cell,False,True
KDDCup2018-H/tmedium,48,1.396341639660985,1.4289997072062277,0.9771462041730637,4053528576.0,cell,False,True
KDDCup2018-H/tmedium,64,1.3946743282210494,1.4289997072062277,0.9759794359564382,4170608640.0,cell,False,True
KDDCup2018-H/tmedium,96,1.4587613490225295,1.4289997072062277,1.0208269054683625,4404879360.0,cell,False,False
KDDCup2018-H/tmedium,128,1.2296396973796957,1.4289997072062277,0.860489817582754,4639297536.0,cell,False,True
KDDCup2018-H/tmedium,192,1.1484622758008531,1.4289997072062277,0.803682652983995,5108576256.0,cell,False,True
KDDCup2018-H/tmedium,256,1.1687353887584722,1.4289997072062277,0.8178695788842487,5578444800.0,cell,False,False
KDDCup2018-H/tmedium,384,1.1262928832482821,1.4289997072062277,0.7881687291946659,6519951360.0,cell,False,True
KDDCup2018-H/tmedium,512,1.1272472943399072,1.4289997072062277,0.7888366167294304,7463817216.0,cell,False,False
KDDCup2018-H/tmedium,768,1.1232608250565719,1.4289997072062277,0.7860469245669812,9358626816.0,cell,False,True
KDDCup2018-H/tmedium,1024,1.107677285935998,1.4289997072062277,0.7751417165099127,11262873600.0,cell,False,True
KDDCup2018-H/tmedium,1536,1.1063355485256767,1.4289997072062277,0.7742027818106576,15099678720.0,cell,False,True
KDDCup2018-H/tmedium,2048,1.1039739372456265,1.4289997072062277,0.7725501493656396,18974232576.0,cell,False,True
KDDCup2018-H/tmedium,2560,1.099773007643873,1.4289997072062277,0.7696103799727078,22886535168.0,cell,False,True
KDDCup2018-H/tmedium,3072,1.0990288122621346,1.4289997072062277,0.7690895993329459,26836586496.0,cell,False,True
KDDCup2018-H/tmedium,4096,1.0986495463535362,1.4289997072062277,0.7688241927645009,34849935360.0,cell,False,True
KDDCup2018-H/tmedium,6144,1.1045533129237135,1.4289997072062277,0.7729555907909704,51329617920.0,cell,False,False
KDDCup2018-H/tmedium,8192,1.1023215063011467,1.4289997072062277,0.7713937943739998,68413280256.0,cell,False,False
KDDCup2018-H/tlong,native,1.0811087644514552,1.3355336658089667,0.809495703574496,70500160580.26666,cell,True,True
KDDCup2018-H/tlong,32,1.1438934633452387,1.3355336658089667,0.8565066479640956,5743374336.0,cell,False,True
KDDCup2018-H/tlong,48,1.1699089052144513,1.3355336658089667,0.8759860834401413,5860970496.0,cell,False,False
KDDCup2018-H/tlong,64,1.22657848627285,1.3355336658089667,0.9184182455856552,5978603520.0,cell,False,False
KDDCup2018-H/tlong,96,1.0954129929509908,1.3355336658089667,0.8202061999593783,6213980160.0,cell,False,True
KDDCup2018-H/tlong,128,1.1109306432460166,1.3355336658089667,0.8318252633287965,6449504256.0,cell,False,False
KDDCup2018-H/tlong,192,1.117215179459375,1.3355336658089667,0.836530900014901,6920994816.0,cell,False,False
KDDCup2018-H/tlong,256,1.110011133795731,1.3355336658089667,0.8311367674309947,7393075200.0,cell,False,False
KDDCup2018-H/tlong,384,1.1082909309038338,1.3355336658089667,0.8298487408271463,8339005440.0,cell,False,False
KDDCup2018-H/tlong,512,1.1185677981301143,1.3355336658089667,0.8375436926575485,9287294976.0,cell,False,False
KDDCup2018-H/tlong,768,1.0969845469570199,1.3355336658089667,0.8213829235765079,11190951936.0,cell,False,False
KDDCup2018-H/tlong,1024,1.0850660606301865,1.3355336658089667,0.8124587858838694,13104046080.0,cell,False,True
KDDCup2018-H/tlong,1536,1.096314366677118,1.3355336658089667,0.8208811164734305,16958545920.0,cell,False,False
KDDCup2018-H/tlong,2048,1.0863840772678475,1.3355336658089667,0.8134456697576373,20850794496.0,cell,False,False
KDDCup2018-H/tlong,2560,1.085640055846647,1.3355336658089667,0.8128885730402365,24780791808.0,cell,False,False
KDDCup2018-H/tlong,3072,1.0876500254360504,1.3355336658089667,0.8143935666176061,28748537856.0,cell,False,False
KDDCup2018-H/tlong,4096,1.0843123448847036,1.3355336658089667,0.8118944304020281,36797276160.0,cell,False,True
KDDCup2018-H/tlong,6144,1.0845344836190876,1.3355336658089667,0.8120607599675576,53347737600.0,cell,False,False
KDDCup2018-H/tlong,8192,1.0811595657296722,1.3355336658089667,0.8095337417606664,70502178816.0,cell,False,False
KDDCup2018-D/tshort,native,1.2221372581346768,1.4970343738270926,0.8163722086155876,3378544776.5333333,cell,True,False
KDDCup2018-D/tshort,32,1.2349348045396111,1.4970343738270926,0.8249208075179749,585818112.0,cell,False,True
KDDCup2018-D/tshort,48,1.2458448410610063,1.4970343738270926,0.8322085737257102,701829120.0,cell,False,False
KDDCup2018-D/tshort,64,1.2456080357834833,1.4970343738270926,0.8320503907997446,817876992.0,cell,False,False
KDDCup2018-D/tshort,96,1.2451727668110923,1.4970343738270926,0.8317596366393853,1050083328.0,cell,False,False
KDDCup2018-D/tshort,128,1.233902452343384,1.4970343738270926,0.8242312093268606,1282437120.0,cell,False,True
KDDCup2018-D/tshort,192,1.222315488835323,1.4970343738270926,0.816491264466116,1747587072.0,cell,False,True
KDDCup2018-D/tshort,256,1.231177691157152,1.4970343738270926,0.8224111033667908,2213326848.0,cell,False,False
KDDCup2018-D/tshort,384,1.2188385462510622,1.4970343738270926,0.8141687108594329,3146575872.0,cell,False,True
CarParts/tshort,native,0.8336072474799308,1.2014638390969912,0.6938263311415698,582660096.0,cell,True,True
TempRain/tshort,native,1.3285755593465247,2.011535765322217,0.6604782188069658,5255061504.0,cell,True,True
TempRain/tshort,32,1.5295336783717313,2.011535765322217,0.7603810505088004,585818112.0,cell,False,True
TempRain/tshort,48,1.4874642124532518,2.011535765322217,0.7394669476408653,701829120.0,cell,False,True
TempRain/tshort,64,1.4841484831667269,2.011535765322217,0.7378185905280134,817876992.0,cell,False,True
TempRain/tshort,96,1.45323640224402,2.011535765322217,0.7224511874444519,1050083328.0,cell,False,True
TempRain/tshort,128,1.4383560302905742,2.011535765322217,0.7150536694833123,1282437120.0,cell,False,True
TempRain/tshort,192,1.4031893613802608,2.011535765322217,0.6975711720221348,1747587072.0,cell,False,True
TempRain/tshort,256,1.385170759039763,2.011535765322217,0.6886135374370935,2213326848.0,cell,False,True
TempRain/tshort,384,1.3384142293793193,2.011535765322217,0.6653693423964182,3146575872.0,cell,False,True
TempRain/tshort,512,1.3293487910681838,2.011535765322217,0.6608626175012318,4082184192.0,cell,False,True
