cell,window,mase,naive_mase,normalized_mase,flops,flops_weighting,is_native,within_cell_pareto
JenaWeather-10T/tshort,native,0.3133426852724012,0.7428874675800381,0.42179024273099874,5435817984.0,cell,True,True
JenaWeather-10T/tshort,32,0.3861733937694019,0.7428874675800381,0.5198275790374616,41402880.0,cell,False,True
JenaWeather-10T/tshort,48,0.37976938916494224,0.7428874675800381,0.5112071555090896,49711104.0,cell,False,True
JenaWeather-10T/tshort,64,0.36420899473380414,0.7428874675800381,0.4902613257432083,58028544.0,cell,False,True
JenaWeather-10T/tshort,96,0.3540269972650324,0.7428874675800381,0.47655535019089523,74691072.0,cell,False,True
JenaWeather-10T/tshort,128,0.3438026067894939,0.7428874675800381,0.4627923094589732,91390464.0,cell,False,True
JenaWeather-10T/tshort,192,0.32036658004721685,0.7428874675800381,0.4312450997333601,124899840.0,cell,False,True
JenaWeather-10T/tshort,256,0.31656236275330746,0.7428874675800381,0.42612424703368856,158556672.0,cell,False,True
JenaWeather-10T/tshort,384,0.3195766202201767,0.7428874675800381,0.4301817356822563,226312704.0,cell,False,False
JenaWeather-10T/tshort,512,0.31366102329482387,0.7428874675800381,0.4222187571915531,294658560.0,cell,False,True
JenaWeather-10T/tshort,768,0.318014830343417,0.7428874675800381,0.4280794120532856,433119744.0,cell,False,False
JenaWeather-10T/tshort,1024,0.3217992156983536,0.7428874675800381,0.4331735690017994,573940224.0,cell,False,False
JenaWeather-10T/tshort,1536,0.31738852912604437,0.7428874675800381,0.4272363486759846,862659072.0,cell,False,False
JenaWeather-10T/tshort,2048,0.32149955104207156,0.7428874675800381,0.4327701907387924,1160815104.0,cell,False,False
JenaWeather-10T/tshort,2560,0.32122361890358775,0.7428874675800381,0.43239875879179424,1468408320.0,cell,False,False
JenaWeather-10T/tshort,3072,0.31961406590373986,0.7428874675800381,0.4302321412755626,1785438720.0,cell,False,False
JenaWeather-10T/tshort,4096,0.3156202338082348,0.7428874675800381,0.42485604830078805,2447811072.0,cell,False,False
JenaWeather-10T/tshort,6144,0.315212297100864,0.7428874675800381,0.4243069251493374,3885801984.0,cell,False,False
JenaWeather-10T/tmedium,native,0.6609086844028393,0.7160100391723763,0.9230438796176271,5435817984.0,cell,True,False
JenaWeather-10T/tmedium,32,0.7559068825143784,0.7160100391723763,1.0557210669673267,268959744.0,cell,False,True
JenaWeather-10T/tmedium,48,0.7693200738122896,0.7160100391723763,1.0744543117042513,277516800.0,cell,False,False
JenaWeather-10T/tmedium,64,0.7222484689137018,0.7160100391723763,1.008712768536788,286083072.0,cell,False,True
JenaWeather-10T/tmedium,96,0.6818795237075508,0.7160100391723763,0.9523323506688868,303243264.0,cell,False,True
JenaWeather-10T/tmedium,128,0.6749408649667472,0.7160100391723763,0.9426416223813004,320440320.0,cell,False,True
JenaWeather-10T/tmedium,192,0.6750324170853018,0.7160100391723763,0.9427694866758576,354945024.0,cell,False,False
JenaWeather-10T/tmedium,256,0.6706897242353612,0.7160100391723763,0.9367043582386079,389597184.0,cell,False,True
JenaWeather-10T/tmedium,384,0.7076395334008523,0.7160100391723763,0.9883095133956511,459343872.0,cell,False,False
JenaWeather-10T/tmedium,512,0.718345800694842,0.7160100391723763,1.0032621910234185,529680384.0,cell,False,False
JenaWeather-10T/tmedium,768,0.6748239616485497,0.7160100391723763,0.9424783518797686,672122880.0,cell,False,False
JenaWeather-10T/tmedium,1024,0.6594227128828273,0.7160100391723763,0.9209685294986124,816924672.0,cell,False,True
JenaWeather-10T/tmedium,1536,0.6516254106204968,0.7160100391723763,0.910078595229893,1113606144.0,cell,False,True
JenaWeather-10T/tmedium,2048,0.6506481567908199,0.7160100391723763,0.9087137347164754,1419724800.0,cell,False,True
JenaWeather-10T/tmedium,2560,0.6451375760579006,0.7160100391723763,0.9010175008210835,1735280640.0,cell,False,True
JenaWeather-10T/tmedium,3072,0.6406464045794631,0.7160100391723763,0.8947450029052321,2060273664.0,cell,False,True
JenaWeather-10T/tmedium,4096,0.6528226247423554,0.7160100391723763,0.911750658547947,2738571264.0,cell,False,False
JenaWeather-10T/tmedium,6144,0.6567694410666568,0.7160100391723763,0.9172628945619329,4208412672.0,cell,False,False
JenaWeather-10T/tlong,native,0.7585494633461753,0.7614923703210493,0.9961353427958402,5435817984.0,cell,True,False
JenaWeather-10T/tlong,32,0.7256138714599888,0.7614923703210493,0.9528839680351178,398283264.0,cell,False,True
JenaWeather-10T/tlong,48,0.7759118721294043,0.7614923703210493,1.0189358454140198,406978560.0,cell,False,False
JenaWeather-10T/tlong,64,0.7813618616198422,0.7614923703210493,1.02609283043823,415683072.0,cell,False,False
JenaWeather-10T/tlong,96,0.7256932071349488,0.7614923703210493,0.952988152499798,433119744.0,cell,False,False
JenaWeather-10T/tlong,128,0.724822146128999,0.7614923703210493,0.951844265784843,450593280.0,cell,False,True
JenaWeather-10T/tlong,192,0.7390513437925257,0.7614923703210493,0.970530201741795,485650944.0,cell,False,False
JenaWeather-10T/tlong,256,0.7271551050356302,0.7614923703210493,0.9549079326022106,520856064.0,cell,False,False
JenaWeather-10T/tlong,384,0.7126580361496763,0.7614923703210493,0.9358702252646547,591708672.0,cell,False,True
JenaWeather-10T/tlong,512,0.6962621970961707,0.7614923703210493,0.9143390324483786,663151104.0,cell,False,True
JenaWeather-10T/tlong,768,0.6872619826521552,0.7614923703210493,0.9025198536951878,807805440.0,cell,False,True
JenaWeather-10T/tlong,1024,0.6825229300712977,0.7614923703210493,0.8962964786942544,954819072.0,cell,False,True
JenaWeather-10T/tlong,1536,0.6800528147595393,0.7614923703210493,0.8930526966052533,1255924224.0,cell,False,True
JenaWeather-10T/tlong,2048,0.7072297975091653,0.7614923703210493,0.9287418036913401,1566466560.0,cell,False,False
JenaWeather-10T/tlong,2560,0.7141870659547592,0.7614923703210493,0.9378781637085268,1886446080.0,cell,False,False
JenaWeather-10T/tlong,3072,0.7266696505699618,0.7614923703210493,0.9542704285580614,2215862784.0,cell,False,False
JenaWeather-10T/tlong,4096,0.7340220387931283,0.7614923703210493,0.9639256641319475,2903007744.0,cell,False,False
JenaWeather-10T/tlong,6144,0.7379752936946317,0.7614923703210493,0.9691171211387151,4390543872.0,cell,False,False
JenaWeather-H/tshort,native,0.5325538850808341,0.7229102185557323,0.7366805329502715,5397059125.894737,cell,True,True
JenaWeather-H/tshort,32,0.6535942656013898,0.7229102185557323,0.904115405792955,41402880.0,cell,False,True
JenaWeather-H/tshort,48,0.6160207933812668,0.7229102185557323,0.8521401103057932,49711104.0,cell,False,True
JenaWeather-H/tshort,64,0.6099448212977481,0.7229102185557323,0.8437352324557365,58028544.0,cell,False,True
JenaWeather-H/tshort,96,0.5862282668830255,0.7229102185557323,0.8109281786806429,74691072.0,cell,False,True
JenaWeather-H/tshort,128,0.5744882460489656,0.7229102185557323,0.79468823555532,91390464.0,cell,False,True
JenaWeather-H/tshort,192,0.5509218508305611,0.7229102185557323,0.7620888966422711,124899840.0,cell,False,True
JenaWeather-H/tshort,256,0.5434897286338759,0.7229102185557323,0.7518080595397973,158556672.0,cell,False,True
JenaWeather-H/tshort,384,0.5392642112595991,0.7229102185557323,0.745962911323856,226312704.0,cell,False,True
JenaWeather-H/tshort,512,0.5351125351790365,0.7229102185557323,0.7402199075953195,294658560.0,cell,False,True
JenaWeather-H/tshort,768,0.5432054469343028,0.7229102185557323,0.7514148133353917,433119744.0,cell,False,False
JenaWeather-H/tshort,1024,0.5359455068687493,0.7229102185557323,0.7413721553687388,573940224.0,cell,False,False
JenaWeather-H/tshort,1536,0.5371089580490577,0.7229102185557323,0.7429815546419055,862659072.0,cell,False,False
JenaWeather-H/tshort,2048,0.5343264904046775,0.7229102185557323,0.7391325737132098,1160815104.0,cell,False,True
JenaWeather-H/tshort,2560,0.5332085514331859,0.7229102185557323,0.7375861313711372,1468408320.0,cell,False,True
JenaWeather-H/tshort,3072,0.5353859975448256,0.7229102185557323,0.7405981874408244,1785438720.0,cell,False,False
JenaWeather-H/tshort,4096,0.535815240800971,0.7229102185557323,0.7411919586244756,2447811072.0,cell,False,False
JenaWeather-H/tshort,6144,0.5360386994069274,0.7229102185557323,0.7415010683869615,3885801984.0,cell,False,False
JenaWeather-H/tmedium,native,0.8151879187247499,0.8886133410507664,0.9173707855441463,5435817984.0,cell,True,False
JenaWeather-H/tmedium,32,0.7870230450736073,0.8886133410507664,0.8856754774162734,268959744.0,cell,False,True
JenaWeather-H/tmedium,48,0.8277867515516465,0.8886133410507664,0.9315488675567332,277516800.0,cell,False,False
JenaWeather-H/tmedium,64,0.887676151787749,0.8886133410507664,0.9989453351421561,286083072.0,cell,False,False
JenaWeather-H/tmedium,96,0.9084818973537157,0.8886133410507664,1.02235905695435,303243264.0,cell,False,False
JenaWeather-H/tmedium,128,0.8430106348961647,0.8886133410507664,0.9486810471462453,320440320.0,cell,False,False
JenaWeather-H/tmedium,192,0.9112935999405244,0.8886133410507664,1.0255232032223813,354945024.0,cell,False,False
JenaWeather-H/tmedium,256,0.8191597774834474,0.8886133410507664,0.921840512224145,389597184.0,cell,False,False
JenaWeather-H/tmedium,384,0.7994156675785135,0.8886133410507664,0.8996215008804858,459343872.0,cell,False,False
JenaWeather-H/tmedium,512,0.8336140982049727,0.8886133410507664,0.9381066654021216,529680384.0,cell,False,False
JenaWeather-H/tmedium,768,0.8341126318306077,0.8886133410507664,0.9386676896436049,672122880.0,cell,False,False
JenaWeather-H/tmedium,1024,0.884568520787369,0.8886133410507664,0.9954481661747117,816924672.0,cell,False,False
JenaWeather-H/tmedium,1536,0.8687739011282193,0.8886133410507664,0.9776737091308044,1113606144.0,cell,False,False
JenaWeather-H/tmedium,2048,0.8380037617526056,0.8886133410507664,0.9430465682201935,1419724800.0,cell,False,False
JenaWeather-H/tmedium,2560,0.8214273251712074,0.8886133410507664,0.9243922944031957,1735280640.0,cell,False,False
JenaWeather-H/tmedium,3072,0.8193861759804509,0.8886133410507664,0.9220952895120212,2060273664.0,cell,False,False
JenaWeather-H/tmedium,4096,0.8183045041163522,0.8886133410507664,0.9208780313254408,2738571264.0,cell,False,False
JenaWeather-H/tmedium,6144,0.825519581869483,0.8886133410507664,0.9289975107658452,4208412672.0,cell,False,False
JenaWeather-H/tlong,native,1.0341198146381143,1.267717847392006,0.8157334195188165,5384060928.0,cell,True,True
JenaWeather-H/tlong,32,1.2628154702178052,1.267717847392006,0.9961329114484849,398283264.0,cell,False,True
JenaWeather-H/tlong,48,1.3237443750362528,1.267717847392006,1.044194792839358,406978560.0,cell,False,False
JenaWeather-H/tlong,64,1.3521860472350413,1.267717847392006,1.0666301259517692,415683072.0,cell,False,False
JenaWeather-H/tlong,96,1.2647932342400383,1.267717847392006,0.9976930094042736,433119744.0,cell,False,False
JenaWeather-H/tlong,128,1.2544104810438437,1.267717847392006,0.9895028957937771,450593280.0,cell,False,True
JenaWeather-H/tlong,192,1.2052179256879159,1.267717847392006,0.9506988705470486,485650944.0,cell,False,True
JenaWeather-H/tlong,256,1.212017672828554,1.267717847392006,0.9560626406908759,520856064.0,cell,False,False
JenaWeather-H/tlong,384,1.1133956558970008,1.267717847392006,0.8782677140560241,591708672.0,cell,False,True
JenaWeather-H/tlong,512,1.1143675943679443,1.267717847392006,0.8790343976464957,663151104.0,cell,False,False
JenaWeather-H/tlong,768,1.1172766605380715,1.267717847392006,0.8813291244866296,807805440.0,cell,False,False
JenaWeather-H/tlong,1024,1.100244580934651,1.267717847392006,0.8678938954737547,954819072.0,cell,False,True
JenaWeather-H/tlong,1536,1.0948897450032031,1.267717847392006,0.863669898830918,1255924224.0,cell,False,True
JenaWeather-H/tlong,2048,1.0567787829063855,1.267717847392006,0.8336072455558058,1566466560.0,cell,False,True
JenaWeather-H/tlong,2560,1.0589688307006258,1.267717847392006,0.835334796996961,1886446080.0,cell,False,False
JenaWeather-H/tlong,3072,1.0460896568160676,1.267717847392006,0.8251754591671326,2215862784.0,cell,False,True
JenaWeather-H/tlong,4096,1.0380081168480142,1.267717847392006,0.818800586410802,2903007744.0,cell,False,True
JenaWeather-H/tlong,6144,1.0483006346061174,1.267717847392006,0.8269195205878962,4390543872.0,cell,False,False
JenaWeather-D/tshort,native,1.0336792841008402,1.5734140297468562,0.6569658491396235,188128512.0,cell,True,True
JenaWeather-D/tshort,32,1.2855630633547528,1.5734140297468562,0.8170532606484924,33103872.0,cell,False,True
JenaWeather-D/tshort,48,1.3239190812790782,1.5734140297468562,0.8414308352723162,41402880.0,cell,False,False
JenaWeather-D/tshort,64,1.3575921184207862,1.5734140297468562,0.862832091715368,49711104.0,cell,False,False
JenaWeather-D/tshort,96,1.2579202837121175,1.5734140297468562,0.7994845984146347,66355200.0,cell,False,True
JenaWeather-D/tshort,128,1.1810527265875768,1.5734140297468562,0.7506306059680898,83036160.0,cell,False,True
JenaWeather-D/tshort,192,1.2116214741747877,1.5734140297468562,0.7700588982098522,116508672.0,cell,False,False
JenaWeather-D/tshort,256,1.135351672190743,1.5734140297468562,0.721584815392429,150128640.0,cell,False,True
BizITObsApp/tshort,native,1.3793922842351467,2.242330238675541,0.6151601849020691,5415124992.0,cell,True,True
BizITObsApp/tshort,32,3.289151455095154,2.242330238675541,1.4668452480210632,49711104.0,cell,False,True
BizITObsApp/tshort,48,2.9845483798979764,2.242330238675541,1.3310030469289105,58028544.0,cell,False,True
BizITObsApp/tshort,64,3.079760321470164,2.242330238675541,1.3734642062755489,66355200.0,cell,False,False
BizITObsApp/tshort,96,3.731317736392602,2.242330238675541,1.6640357749430115,83036160.0,cell,False,False
BizITObsApp/tshort,128,5.318616333967919,2.242330238675541,2.371914824245256,99753984.0,cell,False,False
BizITObsApp/tshort,192,6.232835540792362,2.242330238675541,2.779624264655085,133300224.0,cell,False,False
BizITObsApp/tshort,256,5.376223347997547,2.242330238675541,2.3976055155787743,166993920.0,cell,False,False
BizITObsApp/tshort,384,1.646637006900558,2.242330238675541,0.7343418817172817,234823680.0,cell,False,True
BizITObsApp/tshort,512,1.730634675773205,2.242330238675541,0.7718018719648649,303243264.0,cell,False,False
BizITObsApp/tshort,768,1.5752745373549701,2.242330238675541,0.7025167436021488,441851904.0,cell,False,True
BizITObsApp/tshort,1024,1.6257791728332842,2.242330238675541,0.7250400252344499,582819840.0,cell,False,False
BizITObsApp/tshort,1536,1.391788251360342,2.242330238675541,0.6206883479314885,871833600.0,cell,False,True
BizITObsApp/tshort,2048,1.4620411604252725,2.242330238675541,0.652018661305145,1170284544.0,cell,False,False
BizITObsApp/tshort,2560,1.4500971153735944,2.242330238675541,0.646692039541023,1478172672.0,cell,False,False
BizITObsApp/tshort,3072,1.4033822594941379,2.242330238675541,0.625858865607174,1795497984.0,cell,False,False
BizITObsApp/tshort,4096,1.4414337562245283,2.242330238675541,0.6428284876878475,2458460160.0,cell,False,False
BizITObsApp/tshort,6144,1.4297193236202024,2.242330238675541,0.6376042649563889,3897630720.0,cell,False,False
BizITObsApp/tmedium,native,2.2358587402243537,2.6914183385868085,0.8307362360465832,5435817984.0,cell,True,True
BizITObsApp/tmedium,32,6.767995301686036,2.6914183385868085,2.5146574966267523,337674240.0,cell,False,True
BizITObsApp/tmedium,48,6.927574615623321,2.6914183385868085,2.573949399208153,346305024.0,cell,False,False
BizITObsApp/tmedium,64,6.721717170035447,2.6914183385868085,2.4974627963502845,354945024.0,cell,False,True
BizITObsApp/tmedium,96,7.393778047048508,2.6914183385868085,2.747167893242038,372252672.0,cell,False,False
BizITObsApp/tmedium,128,7.329078431773222,2.6914183385868085,2.723128666657419,389597184.0,cell,False,False
BizITObsApp/tmedium,192,10.359843302576676,2.6914183385868085,3.8492133140537166,424396800.0,cell,False,False
BizITObsApp/tmedium,256,7.499427574884609,2.6914183385868085,2.7864221133390794,459343872.0,cell,False,False
BizITObsApp/tmedium,384,3.1805671451495883,2.6914183385868085,1.181743878144049,529680384.0,cell,False,True
BizITObsApp/tmedium,512,2.4611514882666894,2.6914183385868085,0.914444050923341,600606720.0,cell,False,True
BizITObsApp/tmedium,768,2.5764262352186105,2.6914183385868085,0.9572745337580715,744228864.0,cell,False,False
BizITObsApp/tmedium,1024,2.3545442136145223,2.6914183385868085,0.874833978745508,890210304.0,cell,False,True
BizITObsApp/tmedium,1536,2.2538114950096406,2.6914183385868085,0.8374066055420639,1189251072.0,cell,False,True
BizITObsApp/tmedium,2048,2.3105874489291427,2.6914183385868085,0.8585017853977952,1497729024.0,cell,False,False
BizITObsApp/tmedium,2560,2.344328114553925,2.6914183385868085,0.8710381737923614,1815644160.0,cell,False,False
BizITObsApp/tmedium,3072,2.400564950336917,2.6914183385868085,0.8919330436001224,2142996480.0,cell,False,False
BizITObsApp/tmedium,4096,2.4870569642855256,2.6914183385868085,0.9240692643832591,2826012672.0,cell,False,False
BizITObsApp/tmedium,6144,2.3363133851302527,2.6914183385868085,0.868060290603871,4305291264.0,cell,False,False
BizITObsApp/tlong,native,3.33757578551184,3.2063450561622804,1.0409284487636,5435817984.0,cell,True,False
BizITObsApp/tlong,32,7.563895283947191,3.2063450561622804,2.359039701422692,503235072.0,cell,False,True
BizITObsApp/tlong,48,7.56449300822411,3.2063450561622804,2.35922612062164,512040960.0,cell,False,False
BizITObsApp/tlong,64,7.638152381322545,3.2063450561622804,2.382199123155122,520856064.0,cell,False,False
BizITObsApp/tlong,96,7.318097437995695,3.2063450561622804,2.282379877964485,538513920.0,cell,False,True
BizITObsApp/tlong,128,8.743783260147412,3.2063450561622804,2.7270250415945467,556208640.0,cell,False,False
BizITObsApp/tlong,192,7.401869306408909,3.2063450561622804,2.3085067816338865,591708672.0,cell,False,False
BizITObsApp/tlong,256,4.3445262812547245,3.2063450561622804,1.354977772247242,627356160.0,cell,False,True
BizITObsApp/tlong,384,3.630230734799174,3.2063450561622804,1.1322021401976767,699093504.0,cell,False,True
BizITObsApp/tlong,512,3.552519814899505,3.2063450561622804,1.1079655347985429,771420672.0,cell,False,True
BizITObsApp/tlong,768,3.5382945409485664,3.2063450561622804,1.1035289337148264,917844480.0,cell,False,True
BizITObsApp/tlong,1024,3.3774190805549162,3.2063450561622804,1.0533548390444905,1066627584.0,cell,False,True
BizITObsApp/tlong,1536,3.2946106836958258,3.2063450561622804,1.02752842441705,1371271680.0,cell,False,True
BizITObsApp/tlong,2048,3.320069438980011,3.2063450561622804,1.0354685415405194,1685352960.0,cell,False,False
BizITObsApp/tlong,2560,3.3644086618584192,3.2063450561622804,1.0492971289513449,2008871424.0,cell,False,False
BizITObsApp/tlong,3072,3.35108405046672,3.2063450561622804,1.0451414279402853,2341827072.0,cell,False,False
BizITObsApp/tlong,4096,3.4397000911757023,3.2063450561622804,1.072779139776281,3036049920.0,cell,False,False
BizITObsApp/tlong,6144,3.353277406870814,3.2063450561622804,1.0458254954269954,4537741824.0,cell,False,False
BizITObsService/tshort,native,0.8763581848896282,1.225305042620374,0.7152163374889031,5415124992.0,cell,True,False
BizITObsService/tshort,32,2.2700464927064425,1.225305042620374,1.8526378442480238,49711104.0,cell,False,True
BizITObsService/tshort,48,2.0886335580251614,1.225305042620374,1.7045825205766865,58028544.0,cell,False,True
BizITObsService/tshort,64,1.9417344108304475,1.225305042620374,1.5846947031883218,66355200.0,cell,False,True
BizITObsService/tshort,96,2.2476426596495105,1.225305042620374,1.8343535539875182,83036160.0,cell,False,False
BizITObsService/tshort,128,2.7600798951372707,1.225305042620374,2.2525655237937374,99753984.0,cell,False,False
BizITObsService/tshort,192,2.8739268249459755,1.225305042620374,2.345478656318874,133300224.0,cell,False,False
BizITObsService/tshort,256,2.6024873595133426,1.225305042620374,2.123950582907745,166993920.0,cell,False,False
BizITObsService/tshort,384,1.1799097600980128,1.225305042620374,0.9629518520341015,234823680.0,cell,False,True
BizITObsService/tshort,512,1.1345712639788543,1.225305042620374,0.9259500487752167,303243264.0,cell,False,True
BizITObsService/tshort,768,0.9703217711539214,1.225305042620374,0.7919022099826191,441851904.0,cell,False,True
BizITObsService/tshort,1024,0.9701224053582874,1.225305042620374,0.7917395029107477,582819840.0,cell,False,True
BizITObsService/tshort,1536,0.8717374967254808,1.225305042620374,0.7114452861968381,871833600.0,cell,False,True
BizITObsService/tshort,2048,0.8587967500521299,1.225305042620374,0.7008840412633507,1170284544.0,cell,False,True
BizITObsService/tshort,2560,0.8589994406377096,1.225305042620374,0.7010494617737782,1478172672.0,cell,False,False
BizITObsService/tshort,3072,0.8577576946050144,1.225305042620374,0.7000360438986345,1795497984.0,cell,False,True
BizITObsService/tshort,4096,0.8726289008711035,1.225305042620374,0.7121727818935149,2458460160.0,cell,False,False
BizITObsService/tshort,6144,0.8651559851440661,1.225305042620374,0.7060739612185781,3897630720.0,cell,False,False
BizITObsService/tmedium,native,1.05107403522597,1.3205790727650968,0.7959190455935189,5435817984.0,cell,True,False
BizITObsService/tmedium,32,3.8171448835195227,1.3205790727650968,2.8905083854819744,337674240.0,cell,False,True
BizITObsService/tmedium,48,3.8010959226488974,1.3205790727650968,2.8783554131976103,346305024.0,cell,False,True
BizITObsService/tmedium,64,4.051716983674367,1.3205790727650968,3.06813659797794,354945024.0,cell,False,False
BizITObsService/tmedium,96,4.137186024803236,1.3205790727650968,3.132857479060744,372252672.0,cell,False,False
BizITObsService/tmedium,128,4.869949055981156,1.3205790727650968,3.6877375663573138,389597184.0,cell,False,False
BizITObsService/tmedium,192,4.736204299555511,1.3205790727650968,3.586460210700296,424396800.0,cell,False,False
BizITObsService/tmedium,256,4.421228435655087,1.3205790727650968,3.347946765806072,459343872.0,cell,False,False
BizITObsService/tmedium,384,1.9641396280708021,1.3205790727650968,1.4873320867929438,529680384.0,cell,False,True
BizITObsService/tmedium,512,1.457077226475107,1.3205790727650968,1.1033623480222228,600606720.0,cell,False,True
BizITObsService/tmedium,768,1.3642818853664445,1.3205790727650968,1.033093673451784,744228864.0,cell,False,True
BizITObsService/tmedium,1024,1.1652882326935414,1.3205790727650968,0.8824070112315203,890210304.0,cell,False,True
BizITObsService/tmedium,1536,1.079409162030813,1.3205790727650968,0.8173756379242708,1189251072.0,cell,False,True
BizITObsService/tmedium,2048,1.0854547863055533,1.3205790727650968,0.8219536479801788,1497729024.0,cell,False,False
BizITObsService/tmedium,2560,1.0997589629720665,1.3205790727650968,0.8327853936601723,1815644160.0,cell,False,False
BizITObsService/tmedium,3072,1.1085418043714907,1.3205790727650968,0.8394361437595468,2142996480.0,cell,False,False
BizITObsService/tmedium,4096,1.134673199662762,1.3205790727650968,0.8592239745908774,2826012672.0,cell,False,False
BizITObsService/tmedium,6144,1.03499765218955,1.3205790727650968,0.7837453080506709,4305291264.0,cell,False,True
BizITObsService/tlong,native,1.397445633558491,1.367193469742303,1.022127200345603,5435817984.0,cell,True,False
BizITObsService/tlong,32,3.8920324308741012,1.367193469742303,2.8467312907862965,503235072.0,cell,False,True
BizITObsService/tlong,48,3.8884112175279073,1.367193469742303,2.8440826434468116,512040960.0,cell,False,True
BizITObsService/tlong,64,3.945406981802317,1.367193469742303,2.8857707918587203,520856064.0,cell,False,False
BizITObsService/tlong,96,3.8907003929732924,1.367193469742303,2.845757004461582,538513920.0,cell,False,False
BizITObsService/tlong,128,4.2495827728975115,1.367193469742303,3.108252684748779,556208640.0,cell,False,False
BizITObsService/tlong,192,4.149509011680407,1.367193469742303,3.03505619615235,591708672.0,cell,False,False
BizITObsService/tlong,256,1.9577264530657672,1.367193469742303,1.4319308103737298,627356160.0,cell,False,True
BizITObsService/tlong,384,1.8880107250574891,1.367193469742303,1.3809389576834017,699093504.0,cell,False,True
BizITObsService/tlong,512,1.7995296990494658,1.367193469742303,1.3162216898158914,771420672.0,cell,False,True
BizITObsService/tlong,768,1.7726572370979032,1.367193469742303,1.2965664891831472,917844480.0,cell,False,True
BizITObsService/tlong,1024,1.5106414623297562,1.367193469742303,1.1049215021590844,1066627584.0,cell,False,True
BizITObsService/tlong,1536,1.481092307500444,1.367193469742303,1.0833085004272363,1371271680.0,cell,False,True
BizITObsService/tlong,2048,1.4058907922592707,1.367193469742303,1.0283042037380867,1685352960.0,cell,False,True
BizITObsService/tlong,2560,1.3899430280269358,1.367193469742303,1.016639604260925,2008871424.0,cell,False,True
BizITObsService/tlong,3072,1.3663193572288717,1.367193469742303,0.9993606519247081,2341827072.0,cell,False,True
BizITObsService/tlong,4096,1.3740031510671318,1.367193469742303,1.0049807737350533,3036049920.0,cell,False,False
BizITObsService/tlong,6144,1.3891642958217698,1.367193469742303,1.0160700197636316,4537741824.0,cell,False,False
BizITObsL2C-5T/tshort,native,0.2892717701040427,0.9860210805885202,0.29337280490127743,5435817984.0,cell,True,False
BizITObsL2C-5T/tshort,32,0.28696085022202233,0.9860210805885202,0.2910291228771152,41402880.0,cell,False,True
BizITObsL2C-5T/tshort,48,0.2800249217215075,0.9860210805885202,0.2839948630250083,49711104.0,cell,False,True
BizITObsL2C-5T/tshort,64,0.2839664310628018,0.9860210805885202,0.2879922515381847,58028544.0,cell,False,False
BizITObsL2C-5T/tshort,96,0.29712098866485503,0.9860210805885202,0.30133330261814917,74691072.0,cell,False,False
BizITObsL2C-5T/tshort,128,0.29521924445381414,0.9860210805885202,0.29940459718935064,91390464.0,cell,False,False
BizITObsL2C-5T/tshort,192,0.2795962235935121,0.9860210805885202,0.28356008720080433,124899840.0,cell,False,True
BizITObsL2C-5T/tshort,256,0.2803241550618764,0.9860210805885202,0.2842983386263518,158556672.0,cell,False,False
BizITObsL2C-5T/tshort,384,0.27777957038197076,0.9860210805885202,0.28171767911511003,226312704.0,cell,False,True
BizITObsL2C-5T/tshort,512,0.2791901971790638,0.9860210805885202,0.2831483045092964,294658560.0,cell,False,False
BizITObsL2C-5T/tshort,768,0.28654460523044206,0.9860210805885202,0.2906069767386859,433119744.0,cell,False,False
BizITObsL2C-5T/tshort,1024,0.2906491626374668,0.9860210805885202,0.29476972486631714,573940224.0,cell,False,False
BizITObsL2C-5T/tshort,1536,0.29421915691726025,0.9860210805885202,0.2983903313118331,862659072.0,cell,False,False
BizITObsL2C-5T/tshort,2048,0.292266797367413,0.9860210805885202,0.296410292965511,1160815104.0,cell,False,False
BizITObsL2C-5T/tshort,2560,0.29478107733613185,0.9860210805885202,0.2989602181326465,1468408320.0,cell,False,False
BizITObsL2C-5T/tshort,3072,0.2925922621316593,0.9860210805885202,0.2967403718762499,1785438720.0,cell,False,False
BizITObsL2C-5T/tshort,4096,0.293315837682527,0.9860210805885202,0.2974742056300231,2447811072.0,cell,False,False
BizITObsL2C-5T/tshort,6144,0.2929512488349952,0.9860210805885202,0.29710444796995944,3885801984.0,cell,False,False
BizITObsL2C-5T/tmedium,native,0.5277548348196676,1.2435997989335994,0.4243767450527277,5435817984.0,cell,True,True
BizITObsL2C-5T/tmedium,32,0.9115607321794306,1.2435997989335994,0.7330016722108704,268959744.0,cell,False,True
BizITObsL2C-5T/tmedium,48,0.9646218870523025,1.2435997989335994,0.7756690599978195,277516800.0,cell,False,False
BizITObsL2C-5T/tmedium,64,1.0048039969879725,1.2435997989335994,0.8079801861093924,286083072.0,cell,False,False
BizITObsL2C-5T/tmedium,96,1.0400173198237863,1.2435997989335994,0.8362958250038418,303243264.0,cell,False,False
BizITObsL2C-5T/tmedium,128,1.052679198053043,1.2435997989335994,0.8464774591920383,320440320.0,cell,False,False
BizITObsL2C-5T/tmedium,192,0.8556026322058841,1.2435997989335994,0.6880048010136162,354945024.0,cell,False,True
BizITObsL2C-5T/tmedium,256,0.8605046223722927,1.2435997989335994,0.6919465756670152,389597184.0,cell,False,False
BizITObsL2C-5T/tmedium,384,0.8390424722827277,1.2435997989335994,0.6746884914280429,459343872.0,cell,False,True
BizITObsL2C-5T/tmedium,512,0.7951351012050659,1.2435997989335994,0.6393818187224725,529680384.0,cell,False,True
BizITObsL2C-5T/tmedium,768,0.7441251037796867,1.2435997989335994,0.5983638019383585,672122880.0,cell,False,True
BizITObsL2C-5T/tmedium,1024,0.6865539310768248,1.2435997989335994,0.5520698311993556,816924672.0,cell,False,True
BizITObsL2C-5T/tmedium,1536,0.6089952154371355,1.2435997989335994,0.4897035332100855,1113606144.0,cell,False,True
BizITObsL2C-5T/tmedium,2048,0.5463493911943434,1.2435997989335994,0.4393289478358264,1419724800.0,cell,False,True
BizITObsL2C-5T/tmedium,2560,0.5572612816719325,1.2435997989335994,0.44810338675656763,1735280640.0,cell,False,False
BizITObsL2C-5T/tmedium,3072,0.5364098697664944,1.2435997989335994,0.43133640760192454,2060273664.0,cell,False,True
BizITObsL2C-5T/tmedium,4096,0.5297038793315944,1.2435997989335994,0.4259440052867661,2738571264.0,cell,False,True
BizITObsL2C-5T/tmedium,6144,0.5287021294104358,1.2435997989335994,0.42513848093559015,4208412672.0,cell,False,True
BizITObsL2C-5T/tlong,native,0.589618047390239,1.4542830442631411,0.40543555102025397,5435817984.0,cell,True,False
BizITObsL2C-5T/tlong,32,1.2308539830049219,1.4542830442631411,0.8463648035094663,398283264.0,cell,False,True
BizITObsL2C-5T/tlong,48,1.2560457069479698,1.4542830442631411,0.8636872388100938,406978560.0,cell,False,False
BizITObsL2C-5T/tlong,64,1.2634524143987933,1.4542830442631411,0.8687802690011845,415683072.0,cell,False,False
BizITObsL2C-5T/tlong,96,1.2736862443843637,1.4542830442631411,0.8758172966457967,433119744.0,cell,False,False
BizITObsL2C-5T/tlong,128,1.26416511189217,1.4542830442631411,0.8692703369396014,450593280.0,cell,False,False
BizITObsL2C-5T/tlong,192,1.2753305393276124,1.4542830442631411,0.8769479533977509,485650944.0,cell,False,False
BizITObsL2C-5T/tlong,256,1.2957196994978935,1.4542830442631411,0.890968030335808,520856064.0,cell,False,False
BizITObsL2C-5T/tlong,384,1.2248645976081904,1.4542830442631411,0.8422463580525393,591708672.0,cell,False,True
BizITObsL2C-5T/tlong,512,1.1065306328250388,1.4542830442631411,0.7608770776707349,663151104.0,cell,False,True
BizITObsL2C-5T/tlong,768,0.9768163466955466,1.4542830442631411,0.6716824146089675,807805440.0,cell,False,True
BizITObsL2C-5T/tlong,1024,0.9549714095792456,1.4542830442631411,0.6566613104281308,954819072.0,cell,False,True
BizITObsL2C-5T/tlong,1536,0.7257287952621918,1.4542830442631411,0.49902857502536957,1255924224.0,cell,False,True
BizITObsL2C-5T/tlong,2048,0.5741172264770331,1.4542830442631411,0.3947768137308703,1566466560.0,cell,False,True
BizITObsL2C-5T/tlong,2560,0.5899616082981097,1.4542830442631411,0.40567179176391527,1886446080.0,cell,False,False
BizITObsL2C-5T/tlong,3072,0.5923138642287965,1.4542830442631411,0.4072892595188794,2215862784.0,cell,False,False
BizITObsL2C-5T/tlong,4096,0.5799955552723759,1.4542830442631411,0.3988188939975224,2903007744.0,cell,False,False
BizITObsL2C-5T/tlong,6144,0.5854617214370824,1.4542830442631411,0.40257756132591455,4390543872.0,cell,False,False
BizITObsL2C-H/tshort,native,0.5037805546239034,1.214064126760004,0.4149538261774953,1434426624.0,cell,True,False
BizITObsL2C-H/tshort,32,0.9960518709454638,1.214064126760004,0.820427726172625,41402880.0,cell,False,True
BizITObsL2C-H/tshort,48,0.9513535550473468,1.214064126760004,0.7836106298488879,49711104.0,cell,False,True
BizITObsL2C-H/tshort,64,0.8287245994684118,1.214064126760004,0.6826036460529024,58028544.0,cell,False,True
BizITObsL2C-H/tshort,96,0.6563124229718161,1.214064126760004,0.5405912327904207,74691072.0,cell,False,True
BizITObsL2C-H/tshort,128,0.593828391304775,1.214064126760004,0.4891244030820152,91390464.0,cell,False,True
BizITObsL2C-H/tshort,192,0.5074094644830222,1.214064126760004,0.41794288563418425,124899840.0,cell,False,True
BizITObsL2C-H/tshort,256,0.49570595915571675,1.214064126760004,0.40830294564309105,158556672.0,cell,False,True
BizITObsL2C-H/tshort,384,0.4908768725992521,1.214064126760004,0.4043253249803736,226312704.0,cell,False,True
BizITObsL2C-H/tshort,512,0.48339212135522636,1.214064126760004,0.39816028717137375,294658560.0,cell,False,True
BizITObsL2C-H/tshort,768,0.49109212981411815,1.214064126760004,0.40450262798284387,433119744.0,cell,False,False
BizITObsL2C-H/tshort,1024,0.49121433106733686,1.214064126760004,0.40460328267687956,573940224.0,cell,False,False
BizITObsL2C-H/tshort,1536,0.49311508018819394,1.214064126760004,0.40616889118055033,862659072.0,cell,False,False
BizITObsL2C-H/tshort,2048,0.49986137119337676,1.214064126760004,0.4117256742667838,1160815104.0,cell,False,False
BizITObsL2C-H/tshort,2560,0.5025549311489953,1.214064126760004,0.41394430497684925,1468408320.0,cell,False,False
BizITObsL2C-H/tmedium,native,0.5081453438315329,1.5102861226255864,0.3364563417613463,1507521024.0,cell,True,False
BizITObsL2C-H/tmedium,32,1.2211059005779288,1.5102861226255864,0.8085262006215573,268959744.0,cell,False,True
BizITObsL2C-H/tmedium,48,0.8762638861918726,1.5102861226255864,0.5801972706128786,277516800.0,cell,False,True
BizITObsL2C-H/tmedium,64,0.7697632831272327,1.5102861226255864,0.5096804318038908,286083072.0,cell,False,True
BizITObsL2C-H/tmedium,96,0.787877854909767,1.5102861226255864,0.5216745642475119,303243264.0,cell,False,False
BizITObsL2C-H/tmedium,128,0.7951729123244627,1.5102861226255864,0.5265048128377681,320440320.0,cell,False,False
BizITObsL2C-H/tmedium,192,0.5256829225235407,1.5102861226255864,0.3480684319668229,354945024.0,cell,False,True
BizITObsL2C-H/tmedium,256,0.5123055284291128,1.5102861226255864,0.3392109089491502,389597184.0,cell,False,True
BizITObsL2C-H/tmedium,384,0.5067451821510585,1.5102861226255864,0.335529258038932,459343872.0,cell,False,True
BizITObsL2C-H/tmedium,512,0.5000527711750282,1.5102861226255864,0.33109803744054916,529680384.0,cell,False,True
BizITObsL2C-H/tmedium,768,0.50172876076499,1.5102861226255864,0.3322077540464649,672122880.0,cell,False,False
BizITObsL2C-H/tmedium,1024,0.5042835818286708,1.5102861226255864,0.33389936798994696,816924672.0,cell,False,False
BizITObsL2C-H/tmedium,1536,0.5025514488807941,1.5102861226255864,0.33275247739621927,1113606144.0,cell,False,False
BizITObsL2C-H/tmedium,2048,0.5063225141808947,1.5102861226255864,0.33524939850514446,1419724800.0,cell,False,False
BizITObsL2C-H/tlong,native,0.6142529661513725,1.4260541525613812,0.43073607341494935,1507521024.0,cell,True,False
BizITObsL2C-H/tlong,32,1.2437928103158913,1.4260541525613812,0.8721918505562186,398283264.0,cell,False,True
BizITObsL2C-H/tlong,48,1.1838577368443746,1.4260541525613812,0.8301632407984016,406978560.0,cell,False,True
BizITObsL2C-H/tlong,64,1.0664634169958616,1.4260541525613812,0.7478421594862669,415683072.0,cell,False,True
BizITObsL2C-H/tlong,96,0.8170192592990141,1.4260541525613812,0.5729230252803091,433119744.0,cell,False,True
BizITObsL2C-H/tlong,128,0.8372732779654354,1.4260541525613812,0.5871258650743257,450593280.0,cell,False,False
BizITObsL2C-H/tlong,192,0.7957799310433907,1.4260541525613812,0.5580292512833858,485650944.0,cell,False,True
BizITObsL2C-H/tlong,256,0.5931842278976429,1.4260541525613812,0.4159619232076186,520856064.0,cell,False,True
BizITObsL2C-H/tlong,384,0.5948085205471189,1.4260541525613812,0.4171009351073831,591708672.0,cell,False,False
BizITObsL2C-H/tlong,512,0.5882346396516358,1.4260541525613812,0.4124910955135111,663151104.0,cell,False,True
BizITObsL2C-H/tlong,768,0.5938327570966878,1.4260541525613812,0.4164166949972313,807805440.0,cell,False,False
BizITObsL2C-H/tlong,1024,0.5989352758645354,1.4260541525613812,0.41999476302408906,954819072.0,cell,False,False
BizITObsL2C-H/tlong,1536,0.6109149152040932,1.4260541525613812,0.42839531311402834,1255924224.0,cell,False,False
BitbrainsFS-5T/tshort,native,0.7168493992304028,1.1360241737534569,0.6310159728924707,5364145152.0,cell,True,False
BitbrainsFS-5T/tshort,32,0.8200796836269706,1.1360241737534569,0.721885768431673,41402880.0,cell,False,True
BitbrainsFS-5T/tshort,48,0.7705845757199031,1.1360241737534569,0.6783170583191634,49711104.0,cell,False,True
BitbrainsFS-5T/tshort,64,0.748437675600316,1.1360241737534569,0.658821962500548,58028544.0,cell,False,True
BitbrainsFS-5T/tshort,96,0.7411539588450581,1.1360241737534569,0.6524103764414307,74691072.0,cell,False,True
BitbrainsFS-5T/tshort,128,0.7342585413549825,1.1360241737534569,0.6463405958422266,91390464.0,cell,False,True
BitbrainsFS-5T/tshort,192,0.7290063183164863,1.1360241737534569,0.6417172584521932,124899840.0,cell,False,True
BitbrainsFS-5T/tshort,256,0.7260321677312385,1.1360241737534569,0.6390992238593014,158556672.0,cell,False,True
BitbrainsFS-5T/tshort,384,0.7024615042350946,1.1360241737534569,0.6183508418787792,226312704.0,cell,False,True
BitbrainsFS-5T/tshort,512,0.7006515335312806,1.1360241737534569,0.616757591712426,294658560.0,cell,False,True
BitbrainsFS-5T/tshort,768,0.6831594043392426,1.1360241737534569,0.6013599183211604,433119744.0,cell,False,True
BitbrainsFS-5T/tshort,1024,0.6805306105407387,1.1360241737534569,0.5990458885150708,573940224.0,cell,False,True
BitbrainsFS-5T/tshort,1536,0.6823242586100776,1.1360241737534569,0.6006247704709121,862659072.0,cell,False,False
BitbrainsFS-5T/tshort,2048,0.6806046238829963,1.1360241737534569,0.5991110397186873,1160815104.0,cell,False,False
BitbrainsFS-5T/tshort,2560,0.6811063431955752,1.1360241737534569,0.5995526846450635,1468408320.0,cell,False,False
BitbrainsFS-5T/tshort,3072,0.682625080709222,1.1360241737534569,0.6008895730218565,1785438720.0,cell,False,False
BitbrainsFS-5T/tshort,4096,0.6871849452676557,1.1360241737534569,0.6049034528879581,2447811072.0,cell,False,False
BitbrainsFS-5T/tshort,6144,0.7074828081825485,1.1360241737534569,0.6227709097465811,3885801984.0,cell,False,False
BitbrainsFS-5T/tmedium,native,1.0059937266579535,1.2202713595882653,0.8244016535776012,5422851072.0,cell,True,False
BitbrainsFS-5T/tmedium,32,1.1085268532309411,1.2202713595882653,0.9084265106451174,268959744.0,cell,False,True
BitbrainsFS-5T/tmedium,48,1.094836281829217,1.2202713595882653,0.8972072262669742,277516800.0,cell,False,True
BitbrainsFS-5T/tmedium,64,1.0757437125147886,1.2202713595882653,0.8815610594005565,286083072.0,cell,False,True
BitbrainsFS-5T/tmedium,96,1.0756825710690343,1.2202713595882653,0.8815109546060172,303243264.0,cell,False,True
BitbrainsFS-5T/tmedium,128,1.0599909747942384,1.2202713595882653,0.8686518506440178,320440320.0,cell,False,True
BitbrainsFS-5T/tmedium,192,1.034757760246894,1.2202713595882653,0.8479734873037045,354945024.0,cell,False,True
BitbrainsFS-5T/tmedium,256,1.0336920971769405,1.2202713595882653,0.8471001872286187,389597184.0,cell,False,True
BitbrainsFS-5T/tmedium,384,1.0038888902303973,1.2202713595882653,0.8226767614779731,459343872.0,cell,False,True
BitbrainsFS-5T/tmedium,512,1.0040816337430438,1.2202713595882653,0.8228347128312783,529680384.0,cell,False,False
BitbrainsFS-5T/tmedium,768,0.9921780035501881,1.2202713595882653,0.8130798086459731,672122880.0,cell,False,True
BitbrainsFS-5T/tmedium,1024,0.9950372315635104,1.2202713595882653,0.8154229169971247,816924672.0,cell,False,False
BitbrainsFS-5T/tmedium,1536,0.9936819063844928,1.2202713595882653,0.8143122417621712,1113606144.0,cell,False,False
BitbrainsFS-5T/tmedium,2048,0.9887690424880936,1.2202713595882653,0.8102861996381826,1419724800.0,cell,False,True
BitbrainsFS-5T/tmedium,2560,0.9893514818860409,1.2202713595882653,0.8107635028161773,1735280640.0,cell,False,False
BitbrainsFS-5T/tmedium,3072,0.9890410645366062,1.2202713595882653,0.8105091189473799,2060273664.0,cell,False,False
BitbrainsFS-5T/tmedium,4096,0.9914644107010383,1.2202713595882653,0.8124950265452192,2738571264.0,cell,False,False
BitbrainsFS-5T/tmedium,6144,0.99838477388437,1.2202713595882653,0.8181661939695425,4208412672.0,cell,False,False
BitbrainsFS-5T/tlong,native,0.9331765432125778,1.1366422318753115,0.8209940797932153,5326186752.0,cell,True,False
BitbrainsFS-5T/tlong,32,1.1299270461366324,1.1366422318753115,0.9940920849583427,398283264.0,cell,False,True
BitbrainsFS-5T/tlong,48,1.2533280496456374,1.1366422318753115,1.1026583515006383,406978560.0,cell,False,False
BitbrainsFS-5T/tlong,64,1.1961647802429256,1.1366422318753115,1.052367004056685,415683072.0,cell,False,False
BitbrainsFS-5T/tlong,96,1.077552896419477,1.1366422318753115,0.9480141298653448,433119744.0,cell,False,True
BitbrainsFS-5T/tlong,128,1.0135336011861702,1.1366422318753115,0.8916909584768568,450593280.0,cell,False,True
BitbrainsFS-5T/tlong,192,0.9726198530045524,1.1366422318753115,0.8556956848241125,485650944.0,cell,False,True
BitbrainsFS-5T/tlong,256,0.9740384634509369,1.1366422318753115,0.8569437560347378,520856064.0,cell,False,False
BitbrainsFS-5T/tlong,384,0.9356958467724799,1.1366422318753115,0.8232105235336045,591708672.0,cell,False,True
BitbrainsFS-5T/tlong,512,0.9383515219961576,1.1366422318753115,0.8255469449239097,663151104.0,cell,False,False
BitbrainsFS-5T/tlong,768,0.9109197345890242,1.1366422318753115,0.8014128888085791,807805440.0,cell,False,True
BitbrainsFS-5T/tlong,1024,0.9110350900534495,1.1366422318753115,0.801514376736082,954819072.0,cell,False,False
BitbrainsFS-5T/tlong,1536,0.9197115161822864,1.1366422318753115,0.8091477602982271,1255924224.0,cell,False,False
BitbrainsFS-5T/tlong,2048,0.9115837026412177,1.1366422318753115,0.8019970374822545,1566466560.0,cell,False,False
BitbrainsFS-5T/tlong,2560,0.9221733228342112,1.1366422318753115,0.8113136191611897,1886446080.0,cell,False,False
BitbrainsFS-5T/tlong,3072,0.9180577151292129,1.1366422318753115,0.8076927720823265,2215862784.0,cell,False,False
BitbrainsFS-5T/tlong,4096,0.9169465271775206,1.1366422318753115,0.8067151663586161,2903007744.0,cell,False,False
BitbrainsFS-5T/tlong,6144,0.9249157734115473,1.1366422318753115,0.8137263841460094,4390543872.0,cell,False,False
BitbrainsFS-H/tshort,native,1.0677410266533562,1.298512456963805,0.8222801567494848,376595712.0,cell,True,False
BitbrainsFS-H/tshort,32,1.171444719208507,1.298512456963805,0.9021436128133811,41402880.0,cell,False,True
BitbrainsFS-H/tshort,48,1.134754317437048,1.298512456963805,0.8738878948380226,49711104.0,cell,False,True
BitbrainsFS-H/tshort,64,1.0696913428638557,1.298512456963805,0.8237821186290495,58028544.0,cell,False,True
BitbrainsFS-H/tshort,96,1.057151585736293,1.298512456963805,0.8141251014319382,74691072.0,cell,False,True
BitbrainsFS-H/tshort,128,1.0489971515666636,1.298512456963805,0.8078452739833082,91390464.0,cell,False,True
BitbrainsFS-H/tshort,192,1.048169602788762,1.298512456963805,0.8072079687549574,124899840.0,cell,False,True
BitbrainsFS-H/tshort,256,1.054983165162426,1.298512456963805,0.8124551747691342,158556672.0,cell,False,False
BitbrainsFS-H/tshort,384,1.0534467178380624,1.298512456963805,0.8112719382771593,226312704.0,cell,False,False
BitbrainsFS-H/tshort,512,1.062609740492108,1.298512456963805,0.8183284918010821,294658560.0,cell,False,False
BitbrainsRnD-5T/tshort,native,1.6781550406935848,1.970812637671696,0.8515040996876015,5364145152.0,cell,True,False
BitbrainsRnD-5T/tshort,32,1.8365249715907699,1.970812637671696,0.9318617794943853,41402880.0,cell,False,True
BitbrainsRnD-5T/tshort,48,1.8346143120713787,1.970812637671696,0.9308923014816767,49711104.0,cell,False,True
BitbrainsRnD-5T/tshort,64,1.8224925837004535,1.970812637671696,0.9247416770442133,58028544.0,cell,False,True
BitbrainsRnD-5T/tshort,96,1.8164324968810304,1.970812637671696,0.9216667592648233,74691072.0,cell,False,True
BitbrainsRnD-5T/tshort,128,1.82058327525086,1.970812637671696,0.9237728845709474,91390464.0,cell,False,False
BitbrainsRnD-5T/tshort,192,1.7986279783156138,1.970812637671696,0.9126326592062552,124899840.0,cell,False,True
BitbrainsRnD-5T/tshort,256,1.775415413387992,1.970812637671696,0.9008544898948158,158556672.0,cell,False,True
BitbrainsRnD-5T/tshort,384,1.7091644456236579,1.970812637671696,0.8672384238629871,226312704.0,cell,False,True
BitbrainsRnD-5T/tshort,512,1.699161667741207,1.970812637671696,0.862162965297698,294658560.0,cell,False,True
BitbrainsRnD-5T/tshort,768,1.6566911273460543,1.970812637671696,0.8406132047657546,433119744.0,cell,False,True
BitbrainsRnD-5T/tshort,1024,1.6455786958586538,1.970812637671696,0.8349747025180074,573940224.0,cell,False,True
BitbrainsRnD-5T/tshort,1536,1.6402527434727,1.970812637671696,0.8322722881513906,862659072.0,cell,False,True
BitbrainsRnD-5T/tshort,2048,1.6422318899676818,1.970812637671696,0.8332765167914709,1160815104.0,cell,False,False
BitbrainsRnD-5T/tshort,2560,1.6446294622877002,1.970812637671696,0.8344930567477251,1468408320.0,cell,False,False
BitbrainsRnD-5T/tshort,3072,1.645884403423626,1.970812637671696,0.8351298200360955,1785438720.0,cell,False,False
BitbrainsRnD-5T/tshort,4096,1.6539563716688674,1.970812637671696,0.8392255763200502,2447811072.0,cell,False,False
BitbrainsRnD-5T/tshort,6144,1.671030073843803,1.970812637671696,0.8478888565571338,3885801984.0,cell,False,False
BitbrainsRnD-5T/tmedium,native,4.406999058152496,4.542392314855541,0.9701934030972508,5422851072.0,cell,True,False
BitbrainsRnD-5T/tmedium,32,4.636577218069461,4.542392314855541,1.0207346474468741,268959744.0,cell,False,True
BitbrainsRnD-5T/tmedium,48,4.6374808819762325,4.542392314855541,1.0209335875304544,277516800.0,cell,False,False
BitbrainsRnD-5T/tmedium,64,4.6234895527708035,4.542392314855541,1.0178534200249592,286083072.0,cell,False,True
BitbrainsRnD-5T/tmedium,96,4.618298105625729,4.542392314855541,1.0167105316997707,303243264.0,cell,False,True
BitbrainsRnD-5T/tmedium,128,4.627735610372393,4.542392314855541,1.018788182438083,320440320.0,cell,False,False
BitbrainsRnD-5T/tmedium,192,4.669157942290349,4.542392314855541,1.0279072388838433,354945024.0,cell,False,False
BitbrainsRnD-5T/tmedium,256,4.580911122267096,4.542392314855541,1.008479850427182,389597184.0,cell,False,True
BitbrainsRnD-5T/tmedium,384,4.7335775343374085,4.542392314855541,1.0420891033248296,459343872.0,cell,False,False
BitbrainsRnD-5T/tmedium,512,4.412280392845637,4.542392314855541,0.9713560800144049,529680384.0,cell,False,True
BitbrainsRnD-5T/tmedium,768,4.393708238016836,4.542392314855541,0.96726745148092,672122880.0,cell,False,True
BitbrainsRnD-5T/tmedium,1024,4.3977766638908875,4.542392314855541,0.9681631085690905,816924672.0,cell,False,False
BitbrainsRnD-5T/tmedium,1536,4.387326085982098,4.542392314855541,0.9658624314843279,1113606144.0,cell,False,True
BitbrainsRnD-5T/tmedium,2048,4.383198551753914,4.542392314855541,0.9649537617917773,1419724800.0,cell,False,True
BitbrainsRnD-5T/tmedium,2560,4.38474567026695,4.542392314855541,0.9652943573206964,1735280640.0,cell,False,False
BitbrainsRnD-5T/tmedium,3072,4.387280239975196,4.542392314855541,0.9658523385633021,2060273664.0,cell,False,False
BitbrainsRnD-5T/tmedium,4096,4.399676251345085,4.542392314855541,0.9685812995403953,2738571264.0,cell,False,False
BitbrainsRnD-5T/tmedium,6144,4.407970996976012,4.542392314855541,0.9704073737884957,4208412672.0,cell,False,False
BitbrainsRnD-5T/tlong,native,3.3415591796177395,3.501257904408163,0.9543881858604706,5326186752.0,cell,True,False
BitbrainsRnD-5T/tlong,32,3.626532046777686,3.501257904408163,1.0357797528173518,398283264.0,cell,False,True
BitbrainsRnD-5T/tlong,48,3.6131496669651435,3.501257904408163,1.0319575894183934,406978560.0,cell,False,True
BitbrainsRnD-5T/tlong,64,3.599348273263828,3.501257904408163,1.0280157507769327,415683072.0,cell,False,True
BitbrainsRnD-5T/tlong,96,3.5587935089140244,3.501257904408163,1.0164328381617997,433119744.0,cell,False,True
BitbrainsRnD-5T/tlong,128,3.5728482965022916,3.501257904408163,1.020447049046,450593280.0,cell,False,False
BitbrainsRnD-5T/tlong,192,3.529571204329048,3.501257904408163,1.0080866079260367,485650944.0,cell,False,True
BitbrainsRnD-5T/tlong,256,3.513113598710164,3.501257904408163,1.0033861242518223,520856064.0,cell,False,True
BitbrainsRnD-5T/tlong,384,3.6071270747671673,3.501257904408163,1.0302374670045622,591708672.0,cell,False,False
BitbrainsRnD-5T/tlong,512,3.520051474851318,3.501257904408163,1.0053676624105563,663151104.0,cell,False,False
BitbrainsRnD-5T/tlong,768,3.34643976633975,3.501257904408163,0.9557821382213822,807805440.0,cell,False,True
BitbrainsRnD-5T/tlong,1024,3.332028634930709,3.501257904408163,0.9516661513953627,954819072.0,cell,False,True
BitbrainsRnD-5T/tlong,1536,3.332288214647295,3.501257904408163,0.9517402903830274,1255924224.0,cell,False,False
BitbrainsRnD-5T/tlong,2048,3.3233775233730003,3.501257904408163,0.9491952932655412,1566466560.0,cell,False,True
BitbrainsRnD-5T/tlong,2560,3.3264207241605646,3.501257904408163,0.9500644668227741,1886446080.0,cell,False,False
BitbrainsRnD-5T/tlong,3072,3.3285349576952687,3.501257904408163,0.9506683165226326,2215862784.0,cell,False,False
BitbrainsRnD-5T/tlong,4096,3.335047112660395,3.501257904408163,0.9525282637595749,2903007744.0,cell,False,False
BitbrainsRnD-5T/tlong,6144,3.339255759308002,3.501257904408163,0.9537303022161845,4390543872.0,cell,False,False
BitbrainsRnD-H/tshort,native,5.809333481320548,6.0373618687533925,0.9622304588676365,367932672.0,cell,True,True
BitbrainsRnD-H/tshort,32,5.9790757553262015,6.0373618687533925,0.9903457644755645,41402880.0,cell,False,True
BitbrainsRnD-H/tshort,48,5.926503244367251,6.0373618687533925,0.9816379029788003,49711104.0,cell,False,True
BitbrainsRnD-H/tshort,64,5.910699358805467,6.0373618687533925,0.9790202222922114,58028544.0,cell,False,True
BitbrainsRnD-H/tshort,96,5.856127145583465,6.0373618687533925,0.9699811395921263,74691072.0,cell,False,True
BitbrainsRnD-H/tshort,128,5.869388795230489,6.0373618687533925,0.9721777363731906,91390464.0,cell,False,False
BitbrainsRnD-H/tshort,192,5.882609785632838,6.0373618687533925,0.974367598549711,124899840.0,cell,False,False
BitbrainsRnD-H/tshort,256,5.831778083894211,6.0373618687533925,0.9659480764399448,158556672.0,cell,False,True
BitbrainsRnD-H/tshort,384,5.82424161625938,6.0373618687533925,0.9646997716673197,226312704.0,cell,False,True
BitbrainsRnD-H/tshort,512,5.813765539766874,6.0373618687533925,0.9629645640186403,294658560.0,cell,False,True
Restaurant/tshort,native,0.6955304724708452,1.0060757450046092,0.6913301269057617,191229915.83643124,cell,True,False
Restaurant/tshort,32,0.7523414404327081,1.0060757450046092,0.747798010406524,33103872.0,cell,False,True
Restaurant/tshort,48,0.72182443724899,1.0060757450046092,0.717465301030275,41402880.0,cell,False,True
Restaurant/tshort,64,0.70935066532257,1.0060757450046092,0.7050668588768335,49711104.0,cell,False,True
Restaurant/tshort,96,0.7080303271375633,1.0060757450046092,0.7037544942844434,66355200.0,cell,False,True
Restaurant/tshort,128,0.6994797072050473,1.0060757450046092,0.6952555120010797,83036160.0,cell,False,True
Restaurant/tshort,192,0.6937444142007898,1.0060757450046092,0.6895548547367192,116508672.0,cell,False,True
Restaurant/tshort,256,0.693899734468114,1.0060757450046092,0.6897092370166772,150128640.0,cell,False,False
Restaurant/tshort,384,0.6944095577911157,1.0060757450046092,0.6902159814894796,217810944.0,cell,False,False
ETTm1-15T/tshort,native,0.6897665332620986,0.9341549587802876,0.7383855609595185,5435817984.0,cell,True,False
ETTm1-15T/tshort,32,2.036794407686149,0.9341549587802876,2.1803603230298765,41402880.0,cell,False,True
ETTm1-15T/tshort,48,1.9010135023091694,0.9341549587802876,2.0350087364427147,49711104.0,cell,False,True
ETTm1-15T/tshort,64,1.7245158197744141,0.9341549587802876,1.8460704014525482,58028544.0,cell,False,True
ETTm1-15T/tshort,96,1.6026621066641737,0.9341549587802876,1.7156276821104135,74691072.0,cell,False,True
ETTm1-15T/tshort,128,1.4343735079804614,0.9341549587802876,1.5354770581674178,91390464.0,cell,False,True
ETTm1-15T/tshort,192,0.9629121767441301,0.9341549587802876,1.030784205225855,124899840.0,cell,False,True
ETTm1-15T/tshort,256,0.8108358891204327,0.9341549587802876,0.8679886366809305,158556672.0,cell,False,True
ETTm1-15T/tshort,384,0.7403705010371235,0.9341549587802876,0.7925564105593513,226312704.0,cell,False,True
ETTm1-15T/tshort,512,0.7413641741240193,0.9341549587802876,0.7936201238946562,294658560.0,cell,False,False
ETTm1-15T/tshort,768,0.725649580469616,0.9341549587802876,0.7767978681150352,433119744.0,cell,False,True
ETTm1-15T/tshort,1024,0.7178158848304766,0.9341549587802876,0.7684120049715502,573940224.0,cell,False,True
ETTm1-15T/tshort,1536,0.7009475428283081,0.9341549587802876,0.7503546774975374,862659072.0,cell,False,True
ETTm1-15T/tshort,2048,0.690883311774831,0.9341549587802876,0.7395810569553761,1160815104.0,cell,False,True
ETTm1-15T/tshort,2560,0.6871324512727046,0.9341549587802876,0.7355658125177469,1468408320.0,cell,False,True
ETTm1-15T/tshort,3072,0.6871417975090697,0.9341549587802876,0.7355758175348773,1785438720.0,cell,False,False
ETTm1-15T/tshort,4096,0.6862259275250183,0.9341549587802876,0.7345953913481479,2447811072.0,cell,False,True
ETTm1-15T/tshort,6144,0.6876376477122232,0.9341549587802876,0.7361066183388477,3885801984.0,cell,False,False
ETTm1-15T/tmedium,native,1.0417031210343872,1.188305978388322,0.8766286966318476,5435817984.0,cell,True,False
ETTm1-15T/tmedium,32,3.261005659798417,1.188305978388322,2.744247457394147,268959744.0,cell,False,True
ETTm1-15T/tmedium,48,2.4986962349180746,1.188305978388322,2.102738082919528,277516800.0,cell,False,True
ETTm1-15T/tmedium,64,2.071996101396926,1.188305978388322,1.7436553708221991,286083072.0,cell,False,True
ETTm1-15T/tmedium,96,1.8292506706490401,1.188305978388322,1.539376813646953,303243264.0,cell,False,True
ETTm1-15T/tmedium,128,2.109948701698159,1.188305978388322,1.7755937780939588,320440320.0,cell,False,False
ETTm1-15T/tmedium,192,1.5920897608657838,1.188305978388322,1.3397978212859842,354945024.0,cell,False,True
ETTm1-15T/tmedium,256,1.4388113431085543,1.188305978388322,1.2108088062133526,389597184.0,cell,False,True
ETTm1-15T/tmedium,384,1.2824070805088057,1.188305978388322,1.0791892861198185,459343872.0,cell,False,True
ETTm1-15T/tmedium,512,1.2233547154442788,1.188305978388322,1.0294947073341267,529680384.0,cell,False,True
ETTm1-15T/tmedium,768,1.1622784661227505,1.188305978388322,0.9780969609352027,672122880.0,cell,False,True
ETTm1-15T/tmedium,1024,1.1251218685844926,1.188305978388322,0.9468284171308092,816924672.0,cell,False,True
ETTm1-15T/tmedium,1536,1.0849831425680043,1.188305978388322,0.9130503105265425,1113606144.0,cell,False,True
ETTm1-15T/tmedium,2048,1.075350288998371,1.188305978388322,0.9049439357839882,1419724800.0,cell,False,True
ETTm1-15T/tmedium,2560,1.0728421986848198,1.188305978388322,0.902833292263577,1735280640.0,cell,False,True
ETTm1-15T/tmedium,3072,1.0527638487775755,1.188305978388322,0.8859366761794971,2060273664.0,cell,False,True
ETTm1-15T/tmedium,4096,1.038200135908682,1.188305978388322,0.8736808152028102,2738571264.0,cell,False,True
ETTm1-15T/tmedium,6144,1.0391387333398416,1.188305978388322,0.8744706769456859,4208412672.0,cell,False,False
ETTm1-15T/tlong,native,1.0760662048473628,1.190885705867336,0.9035847852952866,5435817984.0,cell,True,False
ETTm1-15T/tlong,32,2.6002505708594748,1.190885705867336,2.1834593849337387,398283264.0,cell,False,True
ETTm1-15T/tlong,48,2.377135796995949,1.190885705867336,1.9961074226385584,406978560.0,cell,False,True
ETTm1-15T/tlong,64,2.0495578026875982,1.190885705867336,1.7210365298615127,415683072.0,cell,False,True
ETTm1-15T/tlong,96,1.8680985322818808,1.190885705867336,1.568663158083103,433119744.0,cell,False,True
ETTm1-15T/tlong,128,2.123732863196493,1.190885705867336,1.7833221548744287,450593280.0,cell,False,False
ETTm1-15T/tlong,192,1.4503908083271282,1.190885705867336,1.2179093267987389,485650944.0,cell,False,True
ETTm1-15T/tlong,256,1.3468538138235502,1.190885705867336,1.1309681585628073,520856064.0,cell,False,True
ETTm1-15T/tlong,384,1.2816566808700107,1.190885705867336,1.0762213993798548,591708672.0,cell,False,True
ETTm1-15T/tlong,512,1.2291813473636848,1.190885705867336,1.0321572769810496,663151104.0,cell,False,True
ETTm1-15T/tlong,768,1.198799506337281,1.190885705867336,1.0066453064563246,807805440.0,cell,False,True
ETTm1-15T/tlong,1024,1.1447537892271615,1.190885705867336,0.9612625154430112,954819072.0,cell,False,True
ETTm1-15T/tlong,1536,1.0962671019222148,1.190885705867336,0.9205477037141785,1255924224.0,cell,False,True
ETTm1-15T/tlong,2048,1.1111167881896935,1.190885705867336,0.9330171507772478,1566466560.0,cell,False,False
ETTm1-15T/tlong,2560,1.0883470189845816,1.190885705867336,0.913897121799716,1886446080.0,cell,False,True
ETTm1-15T/tlong,3072,1.0772563113061748,1.190885705867336,0.9045841309528494,2215862784.0,cell,False,True
ETTm1-15T/tlong,4096,1.0655792548812506,1.190885705867336,0.894778776528497,2903007744.0,cell,False,True
ETTm1-15T/tlong,6144,1.0775531417788713,1.190885705867336,0.9048333828090385,4390543872.0,cell,False,False
ETTm1-H/tshort,native,0.8316983432720965,0.9773176243434534,0.851001069207995,5435817984.0,cell,True,False
ETTm1-H/tshort,32,1.2985565920181077,0.9773176243434534,1.328694540723603,41402880.0,cell,False,True
ETTm1-H/tshort,48,1.0265739993028327,0.9773176243434534,1.0503995566359186,49711104.0,cell,False,True
ETTm1-H/tshort,64,1.000336588992007,0.9773176243434534,1.0235532073454805,58028544.0,cell,False,True
ETTm1-H/tshort,96,0.9122498750752538,0.9773176243434534,0.9334221059280384,74691072.0,cell,False,True
ETTm1-H/tshort,128,0.9085286891837702,0.9773176243434534,0.929614555753157,91390464.0,cell,False,True
ETTm1-H/tshort,192,0.8991403821631666,0.9773176243434534,0.9200083573313179,124899840.0,cell,False,True
ETTm1-H/tshort,256,0.8947214072994816,0.9773176243434534,0.9154868233349842,158556672.0,cell,False,True
ETTm1-H/tshort,384,0.875119534997132,0.9773176243434534,0.895430014970848,226312704.0,cell,False,True
ETTm1-H/tshort,512,0.8537709007651699,0.9773176243434534,0.8735859044174301,294658560.0,cell,False,True
ETTm1-H/tshort,768,0.8545768110049294,0.9773176243434534,0.8744105188720205,433119744.0,cell,False,False
ETTm1-H/tshort,1024,0.8458812050398343,0.9773176243434534,0.8655130982704666,573940224.0,cell,False,True
ETTm1-H/tshort,1536,0.8467926918638143,0.9773176243434534,0.8664457396157942,862659072.0,cell,False,False
ETTm1-H/tshort,2048,0.8395368084625895,0.9773176243434534,0.8590214558205447,1160815104.0,cell,False,True
ETTm1-H/tshort,2560,0.8381113338823908,0.9773176243434534,0.8575628976766083,1468408320.0,cell,False,True
ETTm1-H/tshort,3072,0.8380237184108339,0.9773176243434534,0.8574732487545235,1785438720.0,cell,False,True
ETTm1-H/tshort,4096,0.8343704253863492,0.9773176243434534,0.8537351671590555,2447811072.0,cell,False,True
ETTm1-H/tshort,6144,0.8282893821964878,0.9773176243434534,0.8475129902143325,3885801984.0,cell,False,True
ETTm1-H/tmedium,native,1.2916530823615409,1.5678007461285397,0.8238630358807354,5435817984.0,cell,True,False
ETTm1-H/tmedium,32,1.909131381936939,1.5678007461285397,1.2177130203894,268959744.0,cell,False,True
ETTm1-H/tmedium,48,1.562413433514036,1.5678007461285397,0.9965637772352087,277516800.0,cell,False,True
ETTm1-H/tmedium,64,1.553875563118539,1.5678007461285397,0.9911180148087141,286083072.0,cell,False,True
ETTm1-H/tmedium,96,1.4553869893984661,1.5678007461285397,0.9282984416178757,303243264.0,cell,False,True
ETTm1-H/tmedium,128,1.3813018829735235,1.5678007461285397,0.8810442821796401,320440320.0,cell,False,True
ETTm1-H/tmedium,192,1.3137473785171647,1.5678007461285397,0.8379555767920615,354945024.0,cell,False,True
ETTm1-H/tmedium,256,1.2786177154927822,1.5678007461285397,0.8155486075957971,389597184.0,cell,False,True
ETTm1-H/tmedium,384,1.2331094612859677,1.5678007461285397,0.7865217977035383,459343872.0,cell,False,True
ETTm1-H/tmedium,512,1.255354578175718,1.5678007461285397,0.800710537532041,529680384.0,cell,False,False
ETTm1-H/tmedium,768,1.2966440719152408,1.5678007461285397,0.8270464694682143,672122880.0,cell,False,False
ETTm1-H/tmedium,1024,1.3020264707466196,1.5678007461285397,0.8304795580444697,816924672.0,cell,False,False
ETTm1-H/tmedium,1536,1.30647241317666,1.5678007461285397,0.8333153408702013,1113606144.0,cell,False,False
ETTm1-H/tmedium,2048,1.3118349926866486,1.5678007461285397,0.836735787966703,1419724800.0,cell,False,False
ETTm1-H/tmedium,2560,1.3075761571140532,1.5678007461285397,0.8340193486595321,1735280640.0,cell,False,False
ETTm1-H/tmedium,3072,1.3081153082789605,1.5678007461285397,0.8343632387656178,2060273664.0,cell,False,False
ETTm1-H/tmedium,4096,1.3034333369557698,1.5678007461285397,0.8313769081781677,2738571264.0,cell,False,False
ETTm1-H/tmedium,6144,1.2907376280803546,1.5678007461285397,0.8232791260417799,4208412672.0,cell,False,False
ETTm1-H/tlong,native,1.4374366823453903,1.4787012870437326,0.9720940225994935,5435817984.0,cell,True,False
ETTm1-H/tlong,32,1.7302428883535457,1.4787012870437326,1.1701098142767585,398283264.0,cell,False,True
ETTm1-H/tlong,48,1.669853932140058,1.4787012870437326,1.1292706287410381,406978560.0,cell,False,True
ETTm1-H/tlong,64,1.623693928470417,1.4787012870437326,1.0980540442461901,415683072.0,cell,False,True
ETTm1-H/tlong,96,1.431890216561249,1.4787012870437326,0.9683431191325533,433119744.0,cell,False,True
ETTm1-H/tlong,128,1.4150723066742386,1.4787012870437326,0.9569696862192477,450593280.0,cell,False,True
ETTm1-H/tlong,192,1.4028438246750174,1.4787012870437326,0.9486999416086451,485650944.0,cell,False,True
ETTm1-H/tlong,256,1.3737326183208023,1.4787012870437326,0.9290129320623051,520856064.0,cell,False,True
ETTm1-H/tlong,384,1.3849426450795546,1.4787012870437326,0.9365939268561648,591708672.0,cell,False,False
ETTm1-H/tlong,512,1.4285052084620147,1.4787012870437326,0.9660539427255984,663151104.0,cell,False,False
ETTm1-H/tlong,768,1.4591509698627099,1.4787012870437326,0.9867787244439962,807805440.0,cell,False,False
ETTm1-H/tlong,1024,1.4582653459185737,1.4787012870437326,0.9861798043295038,954819072.0,cell,False,False
ETTm1-H/tlong,1536,1.4559460839122513,1.4787012870437326,0.9846113590818777,1255924224.0,cell,False,False
ETTm1-H/tlong,2048,1.46321264098971,1.4787012870437326,0.9895255071529774,1566466560.0,cell,False,False
ETTm1-H/tlong,2560,1.469619634642277,1.4787012870437326,0.9938583590336815,1886446080.0,cell,False,False
ETTm1-H/tlong,3072,1.4750264447380919,1.4787012870437326,0.9975148176728867,2215862784.0,cell,False,False
ETTm1-H/tlong,4096,1.4644041004781136,1.4787012870437326,0.9903312543981061,2903007744.0,cell,False,False
ETTm1-H/tlong,6144,1.4516108269144727,1.4787012870437326,0.9816795587001753,4390543872.0,cell,False,False
ETTm1-D/tshort,native,1.7616977616146836,1.7783697877928102,0.9906251071669303,372264960.0,cell,True,False
ETTm1-D/tshort,32,1.6055964890987289,1.7783697877928102,0.9028473718570559,33103872.0,cell,False,True
ETTm1-D/tshort,48,1.6276132778742531,1.7783697877928102,0.9152276928266614,41402880.0,cell,False,False
ETTm1-D/tshort,64,1.991162697704574,1.7783697877928102,1.1196561656481285,49711104.0,cell,False,False
ETTm1-D/tshort,96,1.9234321846958242,1.7783697877928102,1.081570434843619,66355200.0,cell,False,False
ETTm1-D/tshort,128,1.8666636859174726,1.7783697877928102,1.0496487843702331,83036160.0,cell,False,False
ETTm1-D/tshort,192,1.6256118970223017,1.7783697877928102,0.9141022908626326,116508672.0,cell,False,False
ETTm1-D/tshort,256,1.6814686455716972,1.7783697877928102,0.9455112525604812,150128640.0,cell,False,False
ETTm1-D/tshort,384,1.8363277026850262,1.7783697877928102,1.0325904743153276,217810944.0,cell,False,False
ETTm1-D/tshort,512,1.8504552803958307,1.7783697877928102,1.0405345913419324,286083072.0,cell,False,False
ETTm1-W/tshort,native,1.6322670344592782,1.7689207877683926,0.9227473868507635,58028544.0,cell,True,False
ETTm1-W/tshort,32,1.439180724679306,1.7689207877683926,0.8135925218533528,24814080.0,cell,False,True
ETTm1-W/tshort,48,1.5554267652978502,1.7689207877683926,0.8793083195433082,33103872.0,cell,False,False
ETTm1-W/tshort,64,1.4122510685069793,1.7689207877683926,0.7983687445318708,41402880.0,cell,False,True
ETTm2-15T/tshort,native,0.7643175372737693,1.067314800011479,0.716112563290183,5435817984.0,cell,True,False
ETTm2-15T/tshort,32,1.2219522074408307,1.067314800011479,1.1448845339984872,41402880.0,cell,False,True
ETTm2-15T/tshort,48,1.2067857914257059,1.067314800011479,1.1306746532632423,49711104.0,cell,False,True
ETTm2-15T/tshort,64,1.190906030847013,1.067314800011479,1.1157964181085138,58028544.0,cell,False,True
ETTm2-15T/tshort,96,1.1341818681708804,1.067314800011479,1.0626498088086873,74691072.0,cell,False,True
ETTm2-15T/tshort,128,1.0817472685987848,1.067314800011479,1.0135222228597884,91390464.0,cell,False,True
ETTm2-15T/tshort,192,1.0339846615780628,1.067314800011479,0.9687719701506456,124899840.0,cell,False,True
ETTm2-15T/tshort,256,0.9439071784845788,1.067314800011479,0.8843756110890875,158556672.0,cell,False,True
ETTm2-15T/tshort,384,0.8601745167981195,1.067314800011479,0.8059239099737663,226312704.0,cell,False,True
ETTm2-15T/tshort,512,0.8559426530730769,1.067314800011479,0.8019589469422436,294658560.0,cell,False,True
ETTm2-15T/tshort,768,0.8189197470964247,1.067314800011479,0.7672710498229924,433119744.0,cell,False,True
ETTm2-15T/tshort,1024,0.8231208226249161,1.067314800011479,0.7712071664480465,573940224.0,cell,False,False
ETTm2-15T/tshort,1536,0.7664952411438707,1.067314800011479,0.7181529208960908,862659072.0,cell,False,True
ETTm2-15T/tshort,2048,0.7646609247766273,1.067314800011479,0.7164342935827399,1160815104.0,cell,False,True
ETTm2-15T/tshort,2560,0.7681591781845956,1.067314800011479,0.7197119145882115,1468408320.0,cell,False,False
ETTm2-15T/tshort,3072,0.7691329374167137,1.067314800011479,0.7206242595047325,1785438720.0,cell,False,False
ETTm2-15T/tshort,4096,0.7649291281459766,1.067314800011479,0.7166855815526495,2447811072.0,cell,False,False
ETTm2-15T/tshort,6144,0.763771721395043,1.067314800011479,0.7156011716382352,3885801984.0,cell,False,True
ETTm2-15T/tmedium,native,0.9387004118073564,1.0512391501712754,0.8929465875147596,5435817984.0,cell,True,False
ETTm2-15T/tmedium,32,1.2386376769088532,1.0512391501712754,1.1782644098700523,268959744.0,cell,False,True
ETTm2-15T/tmedium,48,1.4082880349958935,1.0512391501712754,1.3396457264424038,277516800.0,cell,False,False
ETTm2-15T/tmedium,64,1.4522284463423834,1.0512391501712754,1.3814444088253142,286083072.0,cell,False,False
ETTm2-15T/tmedium,96,1.4575726349467821,1.0512391501712754,1.386528112760359,303243264.0,cell,False,False
ETTm2-15T/tmedium,128,1.6195602953217672,1.0512391501712754,1.5406202242923475,320440320.0,cell,False,False
ETTm2-15T/tmedium,192,1.4020208969375691,1.0512391501712754,1.3336840591497585,354945024.0,cell,False,False
ETTm2-15T/tmedium,256,1.3648708012735595,1.0512391501712754,1.2983447211333263,389597184.0,cell,False,False
ETTm2-15T/tmedium,384,1.1747102578792585,1.0512391501712754,1.1174529199068226,459343872.0,cell,False,True
ETTm2-15T/tmedium,512,1.055357472209125,1.0512391501712754,1.0039175881503068,529680384.0,cell,False,True
ETTm2-15T/tmedium,768,1.022797268065041,1.0512391501712754,0.9729444226828876,672122880.0,cell,False,True
ETTm2-15T/tmedium,1024,0.9745362379381086,1.0512391501712754,0.9270357156878434,816924672.0,cell,False,True
ETTm2-15T/tmedium,1536,0.9552982090751527,1.0512391501712754,0.9087353804503082,1113606144.0,cell,False,True
ETTm2-15T/tmedium,2048,0.9390634680849889,1.0512391501712754,0.8932919478236612,1419724800.0,cell,False,True
ETTm2-15T/tmedium,2560,0.9192972157275515,1.0512391501712754,0.8744891355861062,1735280640.0,cell,False,True
ETTm2-15T/tmedium,3072,0.9185822863668113,1.0512391501712754,0.8738090530752677,2060273664.0,cell,False,True
ETTm2-15T/tmedium,4096,0.9188523328643796,1.0512391501712754,0.874065937055972,2738571264.0,cell,False,False
ETTm2-15T/tmedium,6144,0.9260298235632348,1.0512391501712754,0.8808935848825259,4208412672.0,cell,False,False
ETTm2-15T/tlong,native,0.9727654161325028,1.0126577751121104,0.9606062778956186,5435817984.0,cell,True,False
ETTm2-15T/tlong,32,1.2208514429399568,1.0126577751121104,1.2055913388951145,398283264.0,cell,False,True
ETTm2-15T/tlong,48,1.3791836207784618,1.0126577751121104,1.3619444344124783,406978560.0,cell,False,False
ETTm2-15T/tlong,64,1.5136522301525603,1.0126577751121104,1.494732245535749,415683072.0,cell,False,False
ETTm2-15T/tlong,96,1.5094621637069774,1.0126577751121104,1.4905945530708695,433119744.0,cell,False,False
ETTm2-15T/tlong,128,1.445164989853672,1.0126577751121104,1.427101065504266,450593280.0,cell,False,False
ETTm2-15T/tlong,192,1.3978075964157861,1.0126577751121104,1.3803356185766076,485650944.0,cell,False,False
ETTm2-15T/tlong,256,1.2696189387972265,1.0126577751121104,1.2537492625844582,520856064.0,cell,False,False
ETTm2-15T/tlong,384,1.2824066684478719,1.0126577751121104,1.2663771512601065,591708672.0,cell,False,False
ETTm2-15T/tlong,512,1.1928806648651116,1.0126577751121104,1.177970183197427,663151104.0,cell,False,True
ETTm2-15T/tlong,768,1.0996591259666446,1.0126577751121104,1.085913872378951,807805440.0,cell,False,True
ETTm2-15T/tlong,1024,1.0618597114460486,1.0126577751121104,1.0485869338518545,954819072.0,cell,False,True
ETTm2-15T/tlong,1536,0.9731069951967388,1.0126577751121104,0.960943587372355,1255924224.0,cell,False,True
ETTm2-15T/tlong,2048,0.9670006869312571,1.0126577751121104,0.9549136052643267,1566466560.0,cell,False,True
ETTm2-15T/tlong,2560,0.9491646353827525,1.0126577751121104,0.9373004964857663,1886446080.0,cell,False,True
ETTm2-15T/tlong,3072,0.9586156909265309,1.0126577751121104,0.94663341800778,2215862784.0,cell,False,False
ETTm2-15T/tlong,4096,0.9607219473810547,1.0126577751121104,0.9487133471865102,2903007744.0,cell,False,False
ETTm2-15T/tlong,6144,0.9686974217246679,1.0126577751121104,0.9565891316219087,4390543872.0,cell,False,False
ETTm2-H/tshort,native,0.7343492697624959,0.9231678277377344,0.795466704642484,5435817984.0,cell,True,False
ETTm2-H/tshort,32,0.9523110625615303,0.9231678277377344,1.0315687288358095,41402880.0,cell,False,True
ETTm2-H/tshort,48,0.8930856281297709,0.9231678277377344,0.9674141594798842,49711104.0,cell,False,True
ETTm2-H/tshort,64,0.8774651866243286,0.9231678277377344,0.9504936808452237,58028544.0,cell,False,True
ETTm2-H/tshort,96,0.8441228973418952,0.9231678277377344,0.9143764242851242,74691072.0,cell,False,True
ETTm2-H/tshort,128,0.8434487942039709,0.9231678277377344,0.9136462177964773,91390464.0,cell,False,True
ETTm2-H/tshort,192,0.8473572854610715,0.9231678277377344,0.9178799997152844,124899840.0,cell,False,False
ETTm2-H/tshort,256,0.8131321114493452,0.9231678277377344,0.8808063788812519,158556672.0,cell,False,True
ETTm2-H/tshort,384,0.758173628651409,0.9231678277377344,0.8212738852797207,226312704.0,cell,False,True
ETTm2-H/tshort,512,0.756917055212986,0.9231678277377344,0.8199127314345934,294658560.0,cell,False,True
ETTm2-H/tshort,768,0.7421326893099754,0.9231678277377344,0.8038979121798536,433119744.0,cell,False,True
ETTm2-H/tshort,1024,0.7382374636095739,0.9231678277377344,0.7996784998656843,573940224.0,cell,False,True
ETTm2-H/tshort,1536,0.7335073833446343,0.9231678277377344,0.7945547508323899,862659072.0,cell,False,True
ETTm2-H/tshort,2048,0.7374046951291775,0.9231678277377344,0.7987764228485106,1160815104.0,cell,False,False
ETTm2-H/tshort,2560,0.7415418670206391,0.9231678277377344,0.8032579177264244,1468408320.0,cell,False,False
ETTm2-H/tshort,3072,0.7368355037040966,0.9231678277377344,0.7981598595238594,1785438720.0,cell,False,False
ETTm2-H/tshort,4096,0.7350635328888729,0.9231678277377344,0.7962404135011726,2447811072.0,cell,False,False
ETTm2-H/tshort,6144,0.7339313910910329,0.9231678277377344,0.7950140473261138,3885801984.0,cell,False,False
ETTm2-H/tmedium,native,1.0908685171212626,1.2384249730532626,0.8808515177401435,5435817984.0,cell,True,False
ETTm2-H/tmedium,32,1.8189668298580135,1.2384249730532626,1.4687743459932496,268959744.0,cell,False,True
ETTm2-H/tmedium,48,1.8162878326805707,1.2384249730532626,1.4666111167014193,277516800.0,cell,False,True
ETTm2-H/tmedium,64,1.7647446560264555,1.2384249730532626,1.424991173809733,286083072.0,cell,False,True
ETTm2-H/tmedium,96,1.7058121866125018,1.2384249730532626,1.377404545070602,303243264.0,cell,False,True
ETTm2-H/tmedium,128,1.5961983278288088,1.2384249730532626,1.288893847072122,320440320.0,cell,False,True
ETTm2-H/tmedium,192,1.2565517321425994,1.2384249730532626,1.014636945704225,354945024.0,cell,False,True
ETTm2-H/tmedium,256,1.2604113740944494,1.2384249730532626,1.0177535187997546,389597184.0,cell,False,False
ETTm2-H/tmedium,384,1.0991892577870621,1.2384249730532626,0.88757032658755,459343872.0,cell,False,True
ETTm2-H/tmedium,512,1.058392956799788,1.2384249730532626,0.8546282413785501,529680384.0,cell,False,True
ETTm2-H/tmedium,768,1.0434609339098369,1.2384249730532626,0.842570972496821,672122880.0,cell,False,True
ETTm2-H/tmedium,1024,1.062785526728538,1.2384249730532626,0.8581751416949417,816924672.0,cell,False,False
ETTm2-H/tmedium,1536,1.0644669861165985,1.2384249730532626,0.859532881909042,1113606144.0,cell,False,False
ETTm2-H/tmedium,2048,1.0661420602692668,1.2384249730532626,0.8608854661907838,1419724800.0,cell,False,False
ETTm2-H/tmedium,2560,1.0888477877592007,1.2384249730532626,0.8792198247381201,1735280640.0,cell,False,False
ETTm2-H/tmedium,3072,1.0924467057080516,1.2384249730532626,0.8821258691309249,2060273664.0,cell,False,False
ETTm2-H/tmedium,4096,1.0864213704345467,1.2384249730532626,0.8772605479329441,2738571264.0,cell,False,False
ETTm2-H/tmedium,6144,1.0695296700931554,1.2384249730532626,0.8636208840785033,4208412672.0,cell,False,False
ETTm2-H/tlong,native,1.0383844255044756,1.1284016697207502,0.9202258853103688,5435817984.0,cell,True,False
ETTm2-H/tlong,32,1.4498896610549483,1.1284016697207502,1.2849056324187804,398283264.0,cell,False,True
ETTm2-H/tlong,48,1.137253339016483,1.1284016697207502,1.0078444312280426,406978560.0,cell,False,True
ETTm2-H/tlong,64,1.2524776427602438,1.1284016697207502,1.1099572752938225,415683072.0,cell,False,False
ETTm2-H/tlong,96,1.279657307023987,1.1284016697207502,1.1340441452383427,433119744.0,cell,False,False
ETTm2-H/tlong,128,1.265886592787373,1.1284016697207502,1.1218404108712874,450593280.0,cell,False,False
ETTm2-H/tlong,192,1.167514816763096,1.1284016697207502,1.0346624327948977,485650944.0,cell,False,False
ETTm2-H/tlong,256,1.1439380297026351,1.1284016697207502,1.0137684659627717,520856064.0,cell,False,False
ETTm2-H/tlong,384,1.1570635545305572,1.1284016697207502,1.0254004275063684,591708672.0,cell,False,False
ETTm2-H/tlong,512,1.0292072964845038,1.1284016697207502,0.9120930286634595,663151104.0,cell,False,True
ETTm2-H/tlong,768,1.0653239440152564,1.1284016697207502,0.9440999358667168,807805440.0,cell,False,False
ETTm2-H/tlong,1024,1.028198880128398,1.1284016697207502,0.9111993607585235,954819072.0,cell,False,True
ETTm2-H/tlong,1536,1.0280246984187018,1.1284016697207502,0.9110449993158118,1255924224.0,cell,False,True
ETTm2-H/tlong,2048,1.0428062180156725,1.1284016697207502,0.9241445187454745,1566466560.0,cell,False,False
ETTm2-H/tlong,2560,1.0552670893691722,1.1284016697207502,0.9351874582304749,1886446080.0,cell,False,False
ETTm2-H/tlong,3072,1.0561198712493454,1.1284016697207502,0.9359432014228651,2215862784.0,cell,False,False
ETTm2-H/tlong,4096,1.052628704975845,1.1284016697207502,0.9328492975700248,2903007744.0,cell,False,False
ETTm2-H/tlong,6144,1.0327961114227846,1.1284016697207502,0.9152734696665015,4390543872.0,cell,False,False
ETTm2-D/tshort,native,1.3315445045552092,1.3901143157307532,0.9578669102873348,372264960.0,cell,True,False
ETTm2-D/tshort,32,1.5142448399374124,1.3901143157307532,1.0892951916270328,33103872.0,cell,False,True
ETTm2-D/tshort,48,1.4631402162325213,1.3901143157307532,1.0525322987292451,41402880.0,cell,False,True
ETTm2-D/tshort,64,1.3745566874720963,1.3901143157307532,0.9888083821002314,49711104.0,cell,False,True
ETTm2-D/tshort,96,1.3974937309283206,1.3901143157307532,1.005308495218027,66355200.0,cell,False,False
ETTm2-D/tshort,128,1.3121922687270924,1.3901143157307532,0.9439455833798108,83036160.0,cell,False,True
ETTm2-D/tshort,192,1.378669590401198,1.3901143157307532,0.9917670617444588,116508672.0,cell,False,False
ETTm2-D/tshort,256,1.3750918877640432,1.3901143157307532,0.9891933866181265,150128640.0,cell,False,False
ETTm2-D/tshort,384,1.3188990615145795,1.3901143157307532,0.9487702173768799,217810944.0,cell,False,False
ETTm2-D/tshort,512,1.323509826406507,1.3901143157307532,0.9520870416407203,286083072.0,cell,False,False
ETTm2-W/tshort,native,1.1751189898641496,0.7785209533197451,1.5094249998709006,58028544.0,cell,True,False
ETTm2-W/tshort,32,1.0484366688430693,0.7785209533197451,1.3467032125113112,24814080.0,cell,False,True
ETTm2-W/tshort,48,0.8683179374157216,0.7785209533197451,1.11534305366229,33103872.0,cell,False,True
ETTm2-W/tshort,64,0.8001107935070968,0.7785209533197451,1.027731867838995,41402880.0,cell,False,True
LoopSeattle-5T/tshort,native,0.5472392018072362,0.7623397118337274,0.7178416568263383,5435817984.0,cell,True,False
LoopSeattle-5T/tshort,32,0.7984672445147452,0.7623397118337274,1.0473903328400889,41402880.0,cell,False,True
LoopSeattle-5T/tshort,48,0.7848300281072318,0.7623397118337274,1.0295016984218313,49711104.0,cell,False,True
LoopSeattle-5T/tshort,64,0.7694529276638149,0.7623397118337274,1.0093307691042062,58028544.0,cell,False,True
LoopSeattle-5T/tshort,96,0.7435575414785671,0.7623397118337274,0.9753624662816243,74691072.0,cell,False,True
LoopSeattle-5T/tshort,128,0.7313624408602827,0.7623397118337274,0.9593655289202603,91390464.0,cell,False,True
LoopSeattle-5T/tshort,192,0.7000403601885249,0.7623397118337274,0.9182787533193725,124899840.0,cell,False,True
LoopSeattle-5T/tshort,256,0.6054113232193518,0.7623397118337274,0.7941490044682298,158556672.0,cell,False,True
LoopSeattle-5T/tshort,384,0.5524210094978859,0.7623397118337274,0.7246388990665272,226312704.0,cell,False,True
LoopSeattle-5T/tshort,512,0.5430370853964392,0.7623397118337274,0.7123295257572521,294658560.0,cell,False,True
LoopSeattle-5T/tshort,768,0.5338005075660934,0.7623397118337274,0.7002134340897614,433119744.0,cell,False,True
LoopSeattle-5T/tshort,1024,0.5344639069036722,0.7623397118337274,0.7010836489392319,573940224.0,cell,False,False
LoopSeattle-5T/tshort,1536,0.5397371670708917,0.7623397118337274,0.7080008540714888,862659072.0,cell,False,False
LoopSeattle-5T/tshort,2048,0.5330597653415978,0.7623397118337274,0.6992417646187932,1160815104.0,cell,False,True
LoopSeattle-5T/tshort,2560,0.5332372927462874,0.7623397118337274,0.6994746363975209,1468408320.0,cell,False,False
LoopSeattle-5T/tshort,3072,0.5355090317141832,0.7623397118337274,0.7024545926199659,1785438720.0,cell,False,False
LoopSeattle-5T/tshort,4096,0.5470351257076533,0.7623397118337274,0.7175739597663334,2447811072.0,cell,False,False
LoopSeattle-5T/tshort,6144,0.5478699342679648,0.7623397118337274,0.7186690208622633,3885801984.0,cell,False,False
LoopSeattle-5T/tmedium,native,0.8644699053839154,1.1532851467900649,0.7495716976759754,5435817984.0,cell,True,False
LoopSeattle-5T/tmedium,32,1.7105162918762327,1.1532851467900649,1.4831685785923001,268959744.0,cell,False,True
LoopSeattle-5T/tmedium,48,1.6099891318589206,1.1532851467900649,1.3960026593076296,277516800.0,cell,False,True
LoopSeattle-5T/tmedium,64,1.6027852028240726,1.1532851467900649,1.3897562170856876,286083072.0,cell,False,True
LoopSeattle-5T/tmedium,96,1.8155852246285433,1.1532851467900649,1.5742726156509137,303243264.0,cell,False,False
LoopSeattle-5T/tmedium,128,1.7409934080392147,1.1532851467900649,1.5095949279195318,320440320.0,cell,False,False
LoopSeattle-5T/tmedium,192,1.6309787639465676,1.1532851467900649,1.4142025226684536,354945024.0,cell,False,False
LoopSeattle-5T/tmedium,256,1.2351864634385599,1.1532851467900649,1.07101566934808,389597184.0,cell,False,True
LoopSeattle-5T/tmedium,384,1.1408715725348009,1.1532851467900649,0.9892363356193266,459343872.0,cell,False,True
LoopSeattle-5T/tmedium,512,1.0840663673282414,1.1532851467900649,0.939981209630177,529680384.0,cell,False,True
LoopSeattle-5T/tmedium,768,1.0181276593617576,1.1532851467900649,0.8828065307140297,672122880.0,cell,False,True
LoopSeattle-5T/tmedium,1024,0.9680960522313404,1.1532851467900649,0.8394247120287982,816924672.0,cell,False,True
LoopSeattle-5T/tmedium,1536,0.9432505933285956,1.1532851467900649,0.817881506541502,1113606144.0,cell,False,True
LoopSeattle-5T/tmedium,2048,0.8908868448501911,1.1532851467900649,0.7724775154954469,1419724800.0,cell,False,True
LoopSeattle-5T/tmedium,2560,0.8777030542672526,1.1532851467900649,0.7610460055868757,1735280640.0,cell,False,True
LoopSeattle-5T/tmedium,3072,0.8722778822736403,1.1532851467900649,0.7563419026954858,2060273664.0,cell,False,True
LoopSeattle-5T/tmedium,4096,0.8627693142467511,1.1532851467900649,0.7480971350824159,2738571264.0,cell,False,True
LoopSeattle-5T/tmedium,6144,0.8669802398556825,1.1532851467900649,0.7517483792007086,4208412672.0,cell,False,False
LoopSeattle-5T/tlong,native,0.9247607119867892,1.2506857542807588,0.7394029306095345,5435817984.0,cell,True,True
LoopSeattle-5T/tlong,32,1.5813993709348495,1.2506857542807588,1.2644258284082532,398283264.0,cell,False,True
LoopSeattle-5T/tlong,48,1.7752486165110988,1.2506857542807588,1.4194201944292588,406978560.0,cell,False,False
LoopSeattle-5T/tlong,64,2.0322412633653935,1.2506857542807588,1.6249015841186178,415683072.0,cell,False,False
LoopSeattle-5T/tlong,96,2.201493443692728,1.2506857542807588,1.7602290872488249,433119744.0,cell,False,False
LoopSeattle-5T/tlong,128,2.115622683243154,1.2506857542807588,1.6915701454197831,450593280.0,cell,False,False
LoopSeattle-5T/tlong,192,1.8565537434671013,1.2506857542807588,1.4844286321425029,485650944.0,cell,False,False
LoopSeattle-5T/tlong,256,1.3745816587104565,1.2506857542807588,1.0990623775841657,520856064.0,cell,False,True
LoopSeattle-5T/tlong,384,1.2514423097046938,1.2506857542807588,1.0006049124820888,591708672.0,cell,False,True
LoopSeattle-5T/tlong,512,1.1647554916625922,1.2506857542807588,0.9312934825362401,663151104.0,cell,False,True
LoopSeattle-5T/tlong,768,1.0892866993155164,1.2506857542807588,0.8709515524480733,807805440.0,cell,False,True
LoopSeattle-5T/tlong,1024,1.0318574301406482,1.2506857542807588,0.825033328003361,954819072.0,cell,False,True
LoopSeattle-5T/tlong,1536,0.9761848523378782,1.2506857542807588,0.7805196860975363,1255924224.0,cell,False,True
LoopSeattle-5T/tlong,2048,0.951054946159346,1.2506857542807588,0.7604267841895076,1566466560.0,cell,False,True
LoopSeattle-5T/tlong,2560,0.9443111693815445,1.2506857542807588,0.7550347208716681,1886446080.0,cell,False,True
LoopSeattle-5T/tlong,3072,0.940114240730892,1.2506857542807588,0.7516790189007394,2215862784.0,cell,False,True
LoopSeattle-5T/tlong,4096,0.9275614919384856,1.2506857542807588,0.7416423260308944,2903007744.0,cell,False,True
LoopSeattle-5T/tlong,6144,0.930624481845871,1.2506857542807588,0.7440913744004801,4390543872.0,cell,False,False
LoopSeattle-H/tshort,native,0.8413453112886478,1.2928412613913995,0.6507723232650878,5392990504.421053,cell,True,True
LoopSeattle-H/tshort,32,1.3951219718592776,1.2928412613913995,1.0791131235692464,41402880.0,cell,False,True
LoopSeattle-H/tshort,48,1.3462745634419515,1.2928412613913995,1.0413301335950906,49711104.0,cell,False,True
LoopSeattle-H/tshort,64,1.33254888339428,1.2928412613913995,1.0307134550765698,58028544.0,cell,False,True
LoopSeattle-H/tshort,96,1.2200353967859197,1.2928412613913995,0.9436853798067029,74691072.0,cell,False,True
LoopSeattle-H/tshort,128,1.1264178868648744,1.2928412613913995,0.8712731566538845,91390464.0,cell,False,True
LoopSeattle-H/tshort,192,0.9914947192450881,1.2928412613913995,0.7669114135311615,124899840.0,cell,False,True
LoopSeattle-H/tshort,256,0.9753361269684293,1.2928412613913995,0.7544129013323256,158556672.0,cell,False,True
LoopSeattle-H/tshort,384,0.9115552115824236,1.2928412613913995,0.7050789905957805,226312704.0,cell,False,True
LoopSeattle-H/tshort,512,0.8978080082348441,1.2928412613913995,0.6944456640164723,294658560.0,cell,False,True
LoopSeattle-H/tshort,768,0.8563947773349749,1.2928412613913995,0.6624129372335269,433119744.0,cell,False,True
LoopSeattle-H/tshort,1024,0.8584348432742684,1.2928412613913995,0.6639909081725871,573940224.0,cell,False,False
LoopSeattle-H/tshort,1536,0.8574449924369112,1.2928412613913995,0.6632252682855279,862659072.0,cell,False,False
LoopSeattle-H/tshort,2048,0.8526944497210713,1.2928412613913995,0.6595507702185902,1160815104.0,cell,False,True
LoopSeattle-H/tshort,2560,0.8514125968422747,1.2928412613913995,0.6585592696244514,1468408320.0,cell,False,True
LoopSeattle-H/tshort,3072,0.8491591379486411,1.2928412613913995,0.6568162413340267,1785438720.0,cell,False,True
LoopSeattle-H/tshort,4096,0.8508306770470927,1.2928412613913995,0.658109160386326,2447811072.0,cell,False,False
LoopSeattle-H/tshort,6144,0.8494818594875572,1.2928412613913995,0.6570658632702642,3885801984.0,cell,False,False
LoopSeattle-H/tmedium,native,0.9225586859019456,1.4805126192799751,0.6231346318078788,5435817984.0,cell,True,True
LoopSeattle-H/tmedium,32,2.311712000602906,1.4805126192799751,1.561426745370919,268959744.0,cell,False,True
LoopSeattle-H/tmedium,48,1.9544153190389495,1.4805126192799751,1.3200936578233624,277516800.0,cell,False,True
LoopSeattle-H/tmedium,64,1.7288401417960457,1.4805126192799751,1.1677307706008213,286083072.0,cell,False,True
LoopSeattle-H/tmedium,96,1.304127789169524,1.4805126192799751,0.8808623257826514,303243264.0,cell,False,True
LoopSeattle-H/tmedium,128,1.2212222255485534,1.4805126192799751,0.8248644487356523,320440320.0,cell,False,True
LoopSeattle-H/tmedium,192,1.0963875084552839,1.4805126192799751,0.740545871867337,354945024.0,cell,False,True
LoopSeattle-H/tmedium,256,1.0532866053074657,1.4805126192799751,0.7114337234219021,389597184.0,cell,False,True
LoopSeattle-H/tmedium,384,0.990458730086919,1.4805126192799751,0.6689971548966692,459343872.0,cell,False,True
LoopSeattle-H/tmedium,512,0.9881643664842098,1.4805126192799751,0.6674474459831274,529680384.0,cell,False,True
LoopSeattle-H/tmedium,768,0.9638715597106002,1.4805126192799751,0.6510390706290397,672122880.0,cell,False,True
LoopSeattle-H/tmedium,1024,0.9564024200880847,1.4805126192799751,0.645994102065281,816924672.0,cell,False,True
LoopSeattle-H/tmedium,1536,0.9472001831363062,1.4805126192799751,0.6397785272488677,1113606144.0,cell,False,True
LoopSeattle-H/tmedium,2048,0.9453877805553137,1.4805126192799751,0.638554354920047,1419724800.0,cell,False,True
LoopSeattle-H/tmedium,2560,0.9424440704849399,1.4805126192799751,0.6365660503071452,1735280640.0,cell,False,True
LoopSeattle-H/tmedium,3072,0.9402761045436248,1.4805126192799751,0.635101715648269,2060273664.0,cell,False,True
LoopSeattle-H/tmedium,4096,0.939715111949999,1.4805126192799751,0.6347227978421522,2738571264.0,cell,False,True
LoopSeattle-H/tmedium,6144,0.9321384850150828,1.4805126192799751,0.629605227862505,4208412672.0,cell,False,True
LoopSeattle-H/tlong,native,0.8952544205699013,1.5460268753677606,0.5790678252969845,5377612032.0,cell,True,True
LoopSeattle-H/tlong,32,2.3865768140740165,1.5460268753677606,1.5436839113849883,398283264.0,cell,False,True
LoopSeattle-H/tlong,48,1.7777027015529594,1.5460268753677606,1.1498523925271926,406978560.0,cell,False,True
LoopSeattle-H/tlong,64,2.386481110095339,1.5460268753677606,1.5436220082058119,415683072.0,cell,False,False
LoopSeattle-H/tlong,96,1.6441244132906931,1.5460268753677606,1.0634513794591038,433119744.0,cell,False,True
LoopSeattle-H/tlong,128,1.2458183500486837,1.5460268753677606,0.8058193359364048,450593280.0,cell,False,True
LoopSeattle-H/tlong,192,1.078878492863659,1.5460268753677606,0.697839416670568,485650944.0,cell,False,True
LoopSeattle-H/tlong,256,1.0463185660851686,1.5460268753677606,0.6767790280723781,520856064.0,cell,False,True
LoopSeattle-H/tlong,384,0.9356075394968248,1.5460268753677606,0.6051690008779876,591708672.0,cell,False,True
LoopSeattle-H/tlong,512,0.921243626065136,1.5460268753677606,0.5958781446447983,663151104.0,cell,False,True
LoopSeattle-H/tlong,768,0.909228019832016,1.5460268753677606,0.5881062187976089,807805440.0,cell,False,True
LoopSeattle-H/tlong,1024,0.9051750231800425,1.5460268753677606,0.5854846623961335,954819072.0,cell,False,True
LoopSeattle-H/tlong,1536,0.9025501942025749,1.5460268753677606,0.5837868723904822,1255924224.0,cell,False,True
LoopSeattle-H/tlong,2048,0.9032657255987779,1.5460268753677606,0.5842496918974412,1566466560.0,cell,False,False
LoopSeattle-H/tlong,2560,0.9029288393783872,1.5460268753677606,0.5840317873928312,1886446080.0,cell,False,False
LoopSeattle-H/tlong,3072,0.9026881207977195,1.5460268753677606,0.5838760859723042,2215862784.0,cell,False,False
LoopSeattle-H/tlong,4096,0.9042070372857783,1.5460268753677606,0.5848585504509359,2903007744.0,cell,False,False
LoopSeattle-H/tlong,6144,0.8993385456893407,1.5460268753677606,0.5817095161915674,4390543872.0,cell,False,True
LoopSeattle-D/tshort,native,0.8936931695350204,1.7323957056549062,0.5158712681045196,188128512.0,cell,True,False
LoopSeattle-D/tshort,32,0.9418242140426203,1.7323957056549062,0.5436542072739541,33103872.0,cell,False,True
LoopSeattle-D/tshort,48,0.90411636136887,1.7323957056549062,0.5218879026412053,41402880.0,cell,False,True
LoopSeattle-D/tshort,64,0.8948032115307465,1.7323957056549062,0.5165120235578509,49711104.0,cell,False,True
LoopSeattle-D/tshort,96,0.8817051301403152,1.7323957056549062,0.5089513482758258,66355200.0,cell,False,True
LoopSeattle-D/tshort,128,0.8905994926471628,1.7323957056549062,0.514085488517466,83036160.0,cell,False,False
LoopSeattle-D/tshort,192,0.8928971150693227,1.7323957056549062,0.5154117573454595,116508672.0,cell,False,False
LoopSeattle-D/tshort,256,0.8981918120431295,1.7323957056549062,0.5184680434794668,150128640.0,cell,False,False
SZTaxi-15T/tshort,native,0.5463924521948682,0.7644167735543712,0.7147834415697899,1606113792.0,cell,True,False
SZTaxi-15T/tshort,32,0.6367983605425032,0.7644167735543712,0.8330512654523915,41402880.0,cell,False,True
SZTaxi-15T/tshort,48,0.6257347985427593,0.7644167735543712,0.8185780587116489,49711104.0,cell,False,True
SZTaxi-15T/tshort,64,0.6190326045907653,0.7644167735543712,0.8098103364639668,58028544.0,cell,False,True
SZTaxi-15T/tshort,96,0.6043848055111639,0.7644167735543712,0.7906482777724858,74691072.0,cell,False,True
SZTaxi-15T/tshort,128,0.600840364257709,0.7644167735543712,0.7860114862000378,91390464.0,cell,False,True
SZTaxi-15T/tshort,192,0.5863374120537502,0.7644167735543712,0.7670389142920153,124899840.0,cell,False,True
SZTaxi-15T/tshort,256,0.5792684713308173,0.7644167735543712,0.7577914187274375,158556672.0,cell,False,True
SZTaxi-15T/tshort,384,0.5671857761827664,0.7644167735543712,0.7419849953651283,226312704.0,cell,False,True
SZTaxi-15T/tshort,512,0.5633173542233053,0.7644167735543712,0.7369243764811734,294658560.0,cell,False,True
SZTaxi-15T/tshort,768,0.5518016717511094,0.7644167735543712,0.7218597116666501,433119744.0,cell,False,True
SZTaxi-15T/tshort,1024,0.547712153033641,0.7644167735543712,0.7165098569029287,573940224.0,cell,False,True
SZTaxi-15T/tshort,1536,0.5445198953272573,0.7644167735543712,0.7123337872288681,862659072.0,cell,False,True
SZTaxi-15T/tshort,2048,0.5468829969918751,0.7644167735543712,0.7154251658411269,1160815104.0,cell,False,False
SZTaxi-15T/tshort,2560,0.5463170637495017,0.7644167735543712,0.7146848193940677,1468408320.0,cell,False,False
SZTaxi-15T/tmedium,native,0.5519943864062293,0.7134840540400068,0.7736604389132958,1695320064.0,cell,True,False
SZTaxi-15T/tmedium,32,0.6674713582665305,0.7134840540400068,0.935509847048528,268959744.0,cell,False,True
SZTaxi-15T/tmedium,48,0.6752822294312858,0.7134840540400068,0.9464573533319934,277516800.0,cell,False,False
SZTaxi-15T/tmedium,64,0.7263727374863886,0.7134840540400068,1.0180644309755789,286083072.0,cell,False,False
SZTaxi-15T/tmedium,96,0.7485193001226806,0.7134840540400068,1.0491044556417084,303243264.0,cell,False,False
SZTaxi-15T/tmedium,128,0.6960103094344351,0.7134840540400068,0.975509271010853,320440320.0,cell,False,False
SZTaxi-15T/tmedium,192,0.71245073849317,0.7134840540400068,0.9985517328089033,354945024.0,cell,False,False
SZTaxi-15T/tmedium,256,0.6640043000379392,0.7134840540400068,0.9306505117782308,389597184.0,cell,False,True
SZTaxi-15T/tmedium,384,0.6136689928656202,0.7134840540400068,0.8601019033162726,459343872.0,cell,False,True
SZTaxi-15T/tmedium,512,0.5885889766404224,0.7134840540400068,0.8249504292459194,529680384.0,cell,False,True
SZTaxi-15T/tmedium,768,0.5679106662992507,0.7134840540400068,0.7959682673824783,672122880.0,cell,False,True
SZTaxi-15T/tmedium,1024,0.5623939802217127,0.7134840540400068,0.7882362290190411,816924672.0,cell,False,True
SZTaxi-15T/tmedium,1536,0.5546062884327988,0.7134840540400068,0.7773212103233643,1113606144.0,cell,False,True
SZTaxi-15T/tmedium,2048,0.5513677936314181,0.7134840540400068,0.7727822233858944,1419724800.0,cell,False,True
SZTaxi-15T/tlong,native,0.5303171944934197,0.6909431344941248,0.7675265416475878,1695320064.0,cell,True,True
SZTaxi-15T/tlong,32,0.8140002291779853,0.6909431344941248,1.178100177193246,398283264.0,cell,False,True
SZTaxi-15T/tlong,48,0.8113248671293027,0.6909431344941248,1.1742281334386737,406978560.0,cell,False,True
SZTaxi-15T/tlong,64,0.7143166017783711,0.6909431344941248,1.0338283515927242,415683072.0,cell,False,True
SZTaxi-15T/tlong,96,0.7563162140409649,0.6909431344941248,1.094614268936478,433119744.0,cell,False,False
SZTaxi-15T/tlong,128,0.7941691862420278,0.6909431344941248,1.149398766113336,450593280.0,cell,False,False
SZTaxi-15T/tlong,192,0.6768425894864558,0.6909431344941248,0.9795923219962338,485650944.0,cell,False,True
SZTaxi-15T/tlong,256,0.6533242093201442,0.6909431344941248,0.945554238408457,520856064.0,cell,False,True
SZTaxi-15T/tlong,384,0.5953199431490064,0.6909431344941248,0.8616048317563367,591708672.0,cell,False,True
SZTaxi-15T/tlong,512,0.5749666906221922,0.6909431344941248,0.8321476282460712,663151104.0,cell,False,True
SZTaxi-15T/tlong,768,0.556331645806264,0.6909431344941248,0.8051771817858545,807805440.0,cell,False,True
SZTaxi-15T/tlong,1024,0.5638098549599129,0.6909431344941248,0.8160003722632069,954819072.0,cell,False,False
SZTaxi-15T/tlong,1536,0.5652837340671587,0.6909431344941248,0.8181335132319277,1255924224.0,cell,False,False
SZTaxi-15T/tlong,2048,0.5443435202938698,0.6909431344941248,0.7878268024074251,1566466560.0,cell,False,True
SZTaxi-H/tshort,native,0.5641432685309592,0.7381672994945998,0.7642485232239501,385267968.0,cell,True,False
SZTaxi-H/tshort,32,0.6461337679453508,0.7381672994945998,0.8753215814189257,41402880.0,cell,False,True
SZTaxi-H/tshort,48,0.6211597485201176,0.7381672994945998,0.8414891162821847,49711104.0,cell,False,True
SZTaxi-H/tshort,64,0.6118766344357565,0.7381672994945998,0.8289132217787071,58028544.0,cell,False,True
SZTaxi-H/tshort,96,0.5944239307977348,0.7381672994945998,0.805269931633003,74691072.0,cell,False,True
SZTaxi-H/tshort,128,0.585460011518682,0.7381672994945998,0.7931264523903027,91390464.0,cell,False,True
SZTaxi-H/tshort,192,0.5719176511947424,0.7381672994945998,0.7747805295443412,124899840.0,cell,False,True
SZTaxi-H/tshort,256,0.5670997049383024,0.7381672994945998,0.7682536266867659,158556672.0,cell,False,True
SZTaxi-H/tshort,384,0.5624829885102441,0.7381672994945998,0.7619993311751397,226312704.0,cell,False,True
SZTaxi-H/tshort,512,0.5648584052304467,0.7381672994945998,0.7652173235216294,294658560.0,cell,False,False
MDense-H/tshort,native,0.7906892643227932,1.4875444172240992,0.5315399359961939,5435817984.0,cell,True,False
MDense-H/tshort,32,1.4352880359132885,1.4875444172240992,0.9648707085948222,41402880.0,cell,False,True
MDense-H/tshort,48,1.372634030981425,1.4875444172240992,0.9227516268340356,49711104.0,cell,False,True
MDense-H/tshort,64,1.3207631368973165,1.4875444172240992,0.8878814787675298,58028544.0,cell,False,True
MDense-H/tshort,96,1.210912031463862,1.4875444172240992,0.8140342012264347,74691072.0,cell,False,True
MDense-H/tshort,128,1.1012703555394394,1.4875444172240992,0.7403277124285913,91390464.0,cell,False,True
MDense-H/tshort,192,0.9277189531582922,1.4875444172240992,0.6236579845390465,124899840.0,cell,False,True
MDense-H/tshort,256,0.8726241920636886,1.4875444172240992,0.5866205956337688,158556672.0,cell,False,True
MDense-H/tshort,384,0.8244134681184303,1.4875444172240992,0.5542109926753415,226312704.0,cell,False,True
MDense-H/tshort,512,0.8142022827429527,1.4875444172240992,0.5473465352129332,294658560.0,cell,False,True
MDense-H/tshort,768,0.8112938018415328,1.4875444172240992,0.5453913123182466,433119744.0,cell,False,True
MDense-H/tshort,1024,0.8016774051640645,1.4875444172240992,0.5389267008645506,573940224.0,cell,False,True
MDense-H/tshort,1536,0.79810163018824,1.4875444172240992,0.5365228903064113,862659072.0,cell,False,True
MDense-H/tshort,2048,0.8002397051097069,1.4875444172240992,0.5379602086793691,1160815104.0,cell,False,False
MDense-H/tshort,2560,0.7994112877337141,1.4875444172240992,0.5374033060642938,1468408320.0,cell,False,False
MDense-H/tshort,3072,0.796906460864225,1.4875444172240992,0.5357194391219114,1785438720.0,cell,False,True
MDense-H/tshort,4096,0.7927455479852741,1.4875444172240992,0.532922270290667,2447811072.0,cell,False,True
MDense-H/tshort,6144,0.7901508900584475,1.4875444172240992,0.5311780145247327,3885801984.0,cell,False,True
MDense-H/tmedium,native,0.6972889783409899,1.569946511898904,0.4441482388451534,5435817984.0,cell,True,True
MDense-H/tmedium,32,1.4405663146982657,1.569946511898904,0.9175894234484788,268959744.0,cell,False,True
MDense-H/tmedium,48,1.196389107237231,1.569946511898904,0.7620572409120853,277516800.0,cell,False,True
MDense-H/tmedium,64,1.0920526641557542,1.569946511898904,0.6955986435709068,286083072.0,cell,False,True
MDense-H/tmedium,96,1.0180189730122635,1.569946511898904,0.6484418197031023,303243264.0,cell,False,True
MDense-H/tmedium,128,0.9328598828114157,1.569946511898904,0.5941985129691392,320440320.0,cell,False,True
MDense-H/tmedium,192,0.8244369835941338,1.569946511898904,0.5251369886461603,354945024.0,cell,False,True
MDense-H/tmedium,256,0.7919083288286484,1.569946511898904,0.5044173943676643,389597184.0,cell,False,True
MDense-H/tmedium,384,0.7312333826954246,1.569946511898904,0.4657696151768717,459343872.0,cell,False,True
MDense-H/tmedium,512,0.7156983860444442,1.569946511898904,0.4558743757319366,529680384.0,cell,False,True
MDense-H/tmedium,768,0.7066306824577462,1.569946511898904,0.4500985715768445,672122880.0,cell,False,True
MDense-H/tmedium,1024,0.7036249048869954,1.569946511898904,0.44818399834268047,816924672.0,cell,False,True
MDense-H/tmedium,1536,0.6979188555923374,1.569946511898904,0.44454944821539216,1113606144.0,cell,False,True
MDense-H/tmedium,2048,0.7036287731847908,1.569946511898904,0.44818646231057113,1419724800.0,cell,False,False
MDense-H/tmedium,2560,0.7072378541504508,1.569946511898904,0.450485318315095,1735280640.0,cell,False,False
MDense-H/tmedium,3072,0.7051074399962792,1.569946511898904,0.44912832039317546,2060273664.0,cell,False,False
MDense-H/tmedium,4096,0.7035879243421118,1.569946511898904,0.44816044305299174,2738571264.0,cell,False,False
MDense-H/tmedium,6144,0.6996410828868093,1.569946511898904,0.44564644564901096,4208412672.0,cell,False,False
MDense-H/tlong,native,0.7075132032599675,1.4779178744488215,0.47872294901624984,5435817984.0,cell,True,True
MDense-H/tlong,32,1.3994014237905397,1.4779178744488215,0.9468736037260772,398283264.0,cell,False,True
MDense-H/tlong,48,1.2466044742799676,1.4779178744488215,0.8434869730125427,406978560.0,cell,False,True
MDense-H/tlong,64,1.1288148078999145,1.4779178744488215,0.7637872356885173,415683072.0,cell,False,True
MDense-H/tlong,96,0.9991804528877384,1.4779178744488215,0.6760730553180266,433119744.0,cell,False,True
MDense-H/tlong,128,0.972581535109853,1.4779178744488215,0.6580754938582566,450593280.0,cell,False,True
MDense-H/tlong,192,0.8523750972262178,1.4779178744488215,0.5767405022718903,485650944.0,cell,False,True
MDense-H/tlong,256,0.8008822365650481,1.4779178744488215,0.5418990123952125,520856064.0,cell,False,True
MDense-H/tlong,384,0.7410565373687014,1.4779178744488215,0.501419294116781,591708672.0,cell,False,True
MDense-H/tlong,512,0.7172383694566064,1.4779178744488215,0.485303264719019,663151104.0,cell,False,True
MDense-H/tlong,768,0.7218820414638307,1.4779178744488215,0.4884453012878346,807805440.0,cell,False,False
MDense-H/tlong,1024,0.7164835139767419,1.4779178744488215,0.4847925086797865,954819072.0,cell,False,True
MDense-H/tlong,1536,0.7163356467984988,1.4779178744488215,0.4846924576682929,1255924224.0,cell,False,True
MDense-H/tlong,2048,0.721806389663492,1.4779178744488215,0.488394113192984,1566466560.0,cell,False,False
MDense-H/tlong,2560,0.7241941975537809,1.4779178744488215,0.49000976987565276,1886446080.0,cell,False,False
MDense-H/tlong,3072,0.7207529060086251,1.4779178744488215,0.48768129709333446,2215862784.0,cell,False,False
MDense-H/tlong,4096,0.7188400969760776,1.4779178744488215,0.48638703773994457,2903007744.0,cell,False,False
MDense-H/tlong,6144,0.7106227400008692,1.4779178744488215,0.4808269473470511,4390543872.0,cell,False,True
MDense-D/tshort,native,0.6973882433146062,1.6693368812171987,0.41776363486686097,372264960.0,cell,True,True
MDense-D/tshort,32,0.7358626408794452,1.6693368812171987,0.44081134800238175,33103872.0,cell,False,True
MDense-D/tshort,48,0.7422321875463109,1.6693368812171987,0.44462696289625586,41402880.0,cell,False,False
MDense-D/tshort,64,0.7217103524071526,1.6693368812171987,0.4323335574308505,49711104.0,cell,False,True
MDense-D/tshort,96,0.7514768251037073,1.6693368812171987,0.45016487298583324,66355200.0,cell,False,False
MDense-D/tshort,128,0.7674131848649768,1.6693368812171987,0.4597113940868644,83036160.0,cell,False,False
MDense-D/tshort,192,0.7842161405308571,1.6693368812171987,0.46977704102424495,116508672.0,cell,False,False
MDense-D/tshort,256,0.8026527384968704,1.6693368812171987,0.48082130547047836,150128640.0,cell,False,False
MDense-D/tshort,384,0.7229839263682419,1.6693368812171987,0.4330964795081251,217810944.0,cell,False,False
MDense-D/tshort,512,0.7172170546833808,1.6693368812171987,0.4296418911924005,286083072.0,cell,False,True
Solar-10T/tshort,native,0.7068707264902031,1.1057028063509833,0.6392954077985953,5435817984.0,cell,True,False
Solar-10T/tshort,32,1.849064440501287,1.1057028063509833,1.6722978632961327,41402880.0,cell,False,True
Solar-10T/tshort,48,1.9334061656241803,1.1057028063509833,1.7485767011886004,49711104.0,cell,False,False
Solar-10T/tshort,64,1.8145053282447614,1.1057028063509833,1.6410425277231167,58028544.0,cell,False,True
Solar-10T/tshort,96,1.5066669591904314,1.1057028063509833,1.3626328435962838,74691072.0,cell,False,True
Solar-10T/tshort,128,0.9636608398951556,1.1057028063509833,0.8715369395465391,91390464.0,cell,False,True
Solar-10T/tshort,192,0.9169700828499376,1.1057028063509833,0.8293097182922984,124899840.0,cell,False,True
Solar-10T/tshort,256,0.9412790926675871,1.1057028063509833,0.8512948391385351,158556672.0,cell,False,False
Solar-10T/tshort,384,0.8450856447287544,1.1057028063509833,0.7642972776000161,226312704.0,cell,False,True
Solar-10T/tshort,512,0.7074040862772614,1.1057028063509833,0.6397777795389895,294658560.0,cell,False,True
Solar-10T/tshort,768,0.6585627337755754,1.1057028063509833,0.5956055551210456,433119744.0,cell,False,True
Solar-10T/tshort,1024,0.6446977432389905,1.1057028063509833,0.5830660278114046,573940224.0,cell,False,True
Solar-10T/tshort,1536,0.5886318530802015,1.1057028063509833,0.532359915973074,862659072.0,cell,False,True
Solar-10T/tshort,2048,0.6104506217563271,1.1057028063509833,0.5520928573663688,1160815104.0,cell,False,False
Solar-10T/tshort,2560,0.6181628717454803,1.1057028063509833,0.5590678328705054,1468408320.0,cell,False,False
Solar-10T/tshort,3072,0.6466908710556257,1.1057028063509833,0.5848686169024216,1785438720.0,cell,False,False
Solar-10T/tshort,4096,0.657013664864043,1.1057028063509833,0.5942045738604078,2447811072.0,cell,False,False
Solar-10T/tshort,6144,0.6721695845580227,1.1057028063509833,0.6079116202809527,3885801984.0,cell,False,False
Solar-10T/tmedium,native,1.0055909150013254,0.9270005404761702,1.0847792111154388,5435817984.0,cell,True,False
Solar-10T/tmedium,32,2.769134953199123,0.9270005404761702,2.9871988551125415,268959744.0,cell,False,True
Solar-10T/tmedium,48,2.6697065796252883,0.9270005404761702,2.879940693728125,277516800.0,cell,False,True
Solar-10T/tmedium,64,2.10223657527831,0.9270005404761702,2.2677835486465403,286083072.0,cell,False,True
Solar-10T/tmedium,96,1.594586176122381,0.9270005404761702,1.7201566843783,303243264.0,cell,False,True
Solar-10T/tmedium,128,1.0864414354731733,0.9270005404761702,1.1719965502016898,320440320.0,cell,False,True
Solar-10T/tmedium,192,1.030689718996771,0.9270005404761702,1.111854496295481,354945024.0,cell,False,True
Solar-10T/tmedium,256,0.9877634513084769,0.9270005404761702,1.0655478699085705,389597184.0,cell,False,True
Solar-10T/tmedium,384,0.9113406695016759,0.9270005404761702,0.983106945151887,459343872.0,cell,False,True
Solar-10T/tmedium,512,0.9121706080737252,0.9270005404761702,0.9840022397453756,529680384.0,cell,False,False
Solar-10T/tmedium,768,0.9553095727961429,0.9270005404761702,1.0305383126372627,672122880.0,cell,False,False
Solar-10T/tmedium,1024,0.9498365570440355,0.9270005404761702,1.024634307716946,816924672.0,cell,False,False
Solar-10T/tmedium,1536,0.9241218344543407,0.9270005404761702,0.9968946015712669,1113606144.0,cell,False,False
Solar-10T/tmedium,2048,0.9573961485125928,0.9270005404761702,1.0327892020654157,1419724800.0,cell,False,False
Solar-10T/tmedium,2560,0.9863087488560721,0.9270005404761702,1.0639786125145485,1735280640.0,cell,False,False
Solar-10T/tmedium,3072,1.002896873420114,0.9270005404761702,1.0818730190868695,2060273664.0,cell,False,False
Solar-10T/tmedium,4096,1.0011733750795146,0.9270005404761702,1.080013798659971,2738571264.0,cell,False,False
Solar-10T/tmedium,6144,0.9908343359035818,0.9270005404761702,1.0688605805932134,4208412672.0,cell,False,False
Solar-10T/tlong,native,1.0198429549429262,0.8709317964102903,1.1709791273511903,5435817984.0,cell,True,False
Solar-10T/tlong,32,2.0178573167493457,0.8709317964102903,2.316894761525903,398283264.0,cell,False,True
Solar-10T/tlong,48,2.015514685208715,0.8709317964102903,2.3142049624506065,406978560.0,cell,False,True
Solar-10T/tlong,64,2.0323966971508165,0.8709317964102903,2.333588813185743,415683072.0,cell,False,False
Solar-10T/tlong,96,1.7370546462562297,0.8709317964102903,1.9944783890263602,433119744.0,cell,False,True
Solar-10T/tlong,128,1.1420277997045387,0.8709317964102903,1.3112712205612675,450593280.0,cell,False,True
Solar-10T/tlong,192,1.1191836227140028,0.8709317964102903,1.2850416385380914,485650944.0,cell,False,True
Solar-10T/tlong,256,1.048027864569578,0.8709317964102903,1.203340914741226,520856064.0,cell,False,True
Solar-10T/tlong,384,0.9563062276173602,0.8709317964102903,1.0980265407221974,591708672.0,cell,False,True
Solar-10T/tlong,512,0.9175364044818114,0.8709317964102903,1.0535112029020077,663151104.0,cell,False,True
Solar-10T/tlong,768,0.924459947241643,0.8709317964102903,1.0614607837858017,807805440.0,cell,False,False
Solar-10T/tlong,1024,0.9432714555011795,0.8709317964102903,1.0830600735775762,954819072.0,cell,False,False
Solar-10T/tlong,1536,0.9567468112752799,0.8709317964102903,1.0985324169110513,1255924224.0,cell,False,False
Solar-10T/tlong,2048,0.9752202454478968,0.8709317964102903,1.1197435315456974,1566466560.0,cell,False,False
Solar-10T/tlong,2560,1.0078248114656436,0.8709317964102903,1.1571799486705892,1886446080.0,cell,False,False
Solar-10T/tlong,3072,1.0184121153851424,0.8709317964102903,1.169336243759523,2215862784.0,cell,False,False
Solar-10T/tlong,4096,1.0115958383289296,0.8709317964102903,1.1615098248776916,2903007744.0,cell,False,False
Solar-10T/tlong,6144,1.0142559327337173,0.8709317964102903,1.1645641333961678,4390543872.0,cell,False,False
Solar-H/tshort,native,0.9039195943042332,0.9519362458316396,0.9495589628636761,5392990504.421053,cell,True,False
Solar-H/tshort,32,1.3281815722283181,0.9519362458316396,1.3952421478268007,41402880.0,cell,False,True
Solar-H/tshort,48,1.043580284904616,0.9519362458316396,1.096271194078668,49711104.0,cell,False,True
Solar-H/tshort,64,0.9988914827885889,0.9519362458316396,1.0493260311943766,58028544.0,cell,False,True
Solar-H/tshort,96,0.98502052101878,0.9519362458316396,1.0347547173794576,74691072.0,cell,False,True
Solar-H/tshort,128,0.9726186189725615,0.9519362458316396,1.0217266368745663,91390464.0,cell,False,True
Solar-H/tshort,192,0.936258236138814,0.9519362458316396,0.9835303994763548,124899840.0,cell,False,True
Solar-H/tshort,256,0.90089700072343,0.9519362458316396,0.9463837569672324,158556672.0,cell,False,True
Solar-H/tshort,384,0.8643490270495288,0.9519362458316396,0.9079904571701731,226312704.0,cell,False,True
Solar-H/tshort,512,0.886223914152337,0.9519362458316396,0.9309698186543004,294658560.0,cell,False,False
Solar-H/tshort,768,0.8943783314021604,0.9519362458316396,0.9395359566551698,433119744.0,cell,False,False
Solar-H/tshort,1024,0.8899497172012399,0.9519362458316396,0.9348837394291606,573940224.0,cell,False,False
Solar-H/tshort,1536,0.8844320245814741,0.9519362458316396,0.9290874556507807,862659072.0,cell,False,False
Solar-H/tshort,2048,0.8791254435927663,0.9519362458316396,0.9235129426390697,1160815104.0,cell,False,False
Solar-H/tshort,2560,0.8754464878253924,0.9519362458316396,0.9196482344892504,1468408320.0,cell,False,False
Solar-H/tshort,3072,0.877822783217147,0.9519362458316396,0.9221445102662891,1785438720.0,cell,False,False
Solar-H/tshort,4096,0.8792583625490836,0.9519362458316396,0.9236525727423454,2447811072.0,cell,False,False
Solar-H/tshort,6144,0.8972125657094973,0.9519362458316396,0.9425132929208572,3885801984.0,cell,False,False
Solar-H/tmedium,native,0.8646791485480615,0.9349685908749716,0.9248216004121259,5435817984.0,cell,True,False
Solar-H/tmedium,32,1.1795523177263265,0.9349685908749716,1.2615956613285437,268959744.0,cell,False,True
Solar-H/tmedium,48,0.9793462081919591,0.9349685908749716,1.0474642867686683,277516800.0,cell,False,True
Solar-H/tmedium,64,0.9612988247905954,0.9349685908749716,1.028161624008121,286083072.0,cell,False,True
Solar-H/tmedium,96,0.9041818282234264,0.9349685908749716,0.9670718749784588,303243264.0,cell,False,True
Solar-H/tmedium,128,0.8840598757055358,0.9349685908749716,0.9455503471814022,320440320.0,cell,False,True
Solar-H/tmedium,192,0.9506757073537336,0.9349685908749716,1.0167996194011852,354945024.0,cell,False,False
Solar-H/tmedium,256,0.9454307466197576,0.9349685908749716,1.0111898472813885,389597184.0,cell,False,False
Solar-H/tmedium,384,0.8874333340336409,0.9349685908749716,0.9491584452084686,459343872.0,cell,False,False
Solar-H/tmedium,512,0.8893353313425814,0.9349685908749716,0.9511927352664485,529680384.0,cell,False,False
Solar-H/tmedium,768,0.8792531759436119,0.9349685908749716,0.9404093191203143,672122880.0,cell,False,True
Solar-H/tmedium,1024,0.8819324975603455,0.9349685908749716,0.9432750000029484,816924672.0,cell,False,False
Solar-H/tmedium,1536,0.8535112415557551,0.9349685908749716,0.9128769136052086,1113606144.0,cell,False,True
Solar-H/tmedium,2048,0.8471958852390317,0.9349685908749716,0.9061222949170948,1419724800.0,cell,False,True
Solar-H/tmedium,2560,0.8474847552271026,0.9349685908749716,0.9064312571548537,1735280640.0,cell,False,False
Solar-H/tmedium,3072,0.8478200402004413,0.9349685908749716,0.906789862755738,2060273664.0,cell,False,False
Solar-H/tmedium,4096,0.8476731778456336,0.9349685908749716,0.9066327854418678,2738571264.0,cell,False,False
Solar-H/tmedium,6144,0.8612088682262762,0.9349685908749716,0.9211099459719081,4208412672.0,cell,False,False
Solar-H/tlong,native,0.8823183753982811,1.071196647792778,0.8236754448553547,5377612032.0,cell,True,True
Solar-H/tlong,32,1.5544212780664954,1.071196647792778,1.4511073025381582,398283264.0,cell,False,True
Solar-H/tlong,48,1.2352448204634852,1.071196647792778,1.1531447778600985,406978560.0,cell,False,True
Solar-H/tlong,64,1.136516110366409,1.071196647792778,1.0609780311656343,415683072.0,cell,False,True
Solar-H/tlong,96,1.1264111148305205,1.071196647792778,1.051544660031856,433119744.0,cell,False,True
Solar-H/tlong,128,1.0337152753391994,1.071196647792778,0.9650098116617433,450593280.0,cell,False,True
Solar-H/tlong,192,1.0168242529259741,1.071196647792778,0.9492414441560855,485650944.0,cell,False,True
Solar-H/tlong,256,0.984070959638203,1.071196647792778,0.918665085132502,520856064.0,cell,False,True
Solar-H/tlong,384,0.9537056320133659,1.071196647792778,0.8903179766091459,591708672.0,cell,False,True
Solar-H/tlong,512,0.9016333836966521,1.071196647792778,0.8417066890140907,663151104.0,cell,False,True
Solar-H/tlong,768,0.8898573642938051,1.071196647792778,0.8307133579323405,807805440.0,cell,False,True
Solar-H/tlong,1024,0.890355797516748,1.071196647792778,0.8311786629946462,954819072.0,cell,False,False
Solar-H/tlong,1536,0.8878897859553017,1.071196647792778,0.8288765538846824,1255924224.0,cell,False,True
Solar-H/tlong,2048,0.8855350278165912,1.071196647792778,0.8266783037841406,1566466560.0,cell,False,True
Solar-H/tlong,2560,0.8872710389315306,1.071196647792778,0.8282989316291928,1886446080.0,cell,False,False
Solar-H/tlong,3072,0.8856344178341489,1.071196647792778,0.8267710878847654,2215862784.0,cell,False,False
Solar-H/tlong,4096,0.883460728166848,1.071196647792778,0.8247418716136168,2903007744.0,cell,False,True
Solar-H/tlong,6144,0.8855494846595682,1.071196647792778,0.8266917997589524,4390543872.0,cell,False,False
Solar-D/tshort,native,1.0771018139948352,1.155861190610263,0.9318608694060876,188128512.0,cell,True,False
Solar-D/tshort,32,0.9667876916330311,1.155861190610263,0.836421967868472,33103872.0,cell,False,True
Solar-D/tshort,48,0.9715778439095591,1.155861190610263,0.8405661958393056,41402880.0,cell,False,False
Solar-D/tshort,64,0.9702643175134875,1.155861190610263,0.8394297908741227,49711104.0,cell,False,False
Solar-D/tshort,96,0.9670527307963999,1.155861190610263,0.8366512680348949,66355200.0,cell,False,False
Solar-D/tshort,128,0.9803832526416904,1.155861190610263,0.8481842461758534,83036160.0,cell,False,False
Solar-D/tshort,192,1.0944093194115807,1.155861190610263,0.9468345579054892,116508672.0,cell,False,False
Solar-D/tshort,256,1.0998062960964097,1.155861190610263,0.9515037835258939,150128640.0,cell,False,False
Solar-W/tshort,native,1.539399449466761,1.4703506784640206,1.0469607502578033,33103872.0,cell,True,False
Solar-W/tshort,32,1.4044584217987874,1.4703506784640206,0.9551860262790735,24814080.0,cell,False,True
HierSales-D/tshort,native,0.7482167696383277,1.134803399686105,0.6593360311092564,954892800.0,cell,True,False
HierSales-D/tshort,32,0.7667719410975486,1.134803399686105,0.6756870320529912,33103872.0,cell,False,True
HierSales-D/tshort,48,0.760647433125892,1.134803399686105,0.6702900549436956,41402880.0,cell,False,True
HierSales-D/tshort,64,0.7596395619783293,1.134803399686105,0.6694019089019747,49711104.0,cell,False,True
HierSales-D/tshort,96,0.7608416962509359,1.134803399686105,0.6704612415343401,66355200.0,cell,False,False
HierSales-D/tshort,128,0.7633284979443539,1.134803399686105,0.6726526358270482,83036160.0,cell,False,False
HierSales-D/tshort,192,0.759566318888088,1.134803399686105,0.6693373663651251,116508672.0,cell,False,True
HierSales-D/tshort,256,0.7517290946007537,1.134803399686105,0.6624311266680091,150128640.0,cell,False,True
HierSales-D/tshort,384,0.7502869746557028,1.134803399686105,0.6611603162831885,217810944.0,cell,False,True
HierSales-D/tshort,512,0.7497532059898665,1.134803399686105,0.660689954046008,286083072.0,cell,False,True
HierSales-D/tshort,768,0.7489908847888028,1.134803399686105,0.6600181890501731,424396800.0,cell,False,True
HierSales-D/tshort,1024,0.7479427933325434,1.134803399686105,0.6590946004739058,565069824.0,cell,False,True
HierSales-D/tshort,1536,0.7480927594496722,1.134803399686105,0.6592267521022586,853493760.0,cell,False,False
HierSales-W/tshort,native,0.7293142430478838,1.0250133777288335,0.7115168044575739,137505024.0,cell,True,True
HierSales-W/tshort,32,0.7871807446973379,1.0250133777288335,0.7679711912068196,24814080.0,cell,False,True
HierSales-W/tshort,48,0.7759357145883189,1.0250133777288335,0.7570005733072414,33103872.0,cell,False,True
HierSales-W/tshort,64,0.7624083730398333,1.0250133777288335,0.743803339161421,41402880.0,cell,False,True
HierSales-W/tshort,96,0.762540037588314,1.0250133777288335,0.743931790702973,58028544.0,cell,False,False
HierSales-W/tshort,128,0.7562272326974989,1.0250133777288335,0.7377730370437743,74691072.0,cell,False,True
HierSales-W/tshort,192,0.7455966115911199,1.0250133777288335,0.7274018347381676,108126720.0,cell,False,True
M4-Yearly/tshort,native,3.6334592616755312,3.965954931783283,0.9161625192855518,28048313.53147036,cell,True,False
M4-Yearly/tshort,32,3.540708000505262,3.965954931783283,0.8927756521209863,24814080.0,cell,False,True
M4-Yearly/tshort,48,3.539624380271784,3.965954931783283,0.8925024215240388,33103872.0,cell,False,True
M4-Yearly/tshort,64,3.539369484502837,3.965954931783283,0.8924381505544158,41402880.0,cell,False,True
M4-Yearly/tshort,96,3.540581758883158,3.965954931783283,0.8927438207905058,58028544.0,cell,False,False
M4-Yearly/tshort,128,3.541333599854315,3.965954931783283,0.8929333945461558,74691072.0,cell,False,False
M4-Yearly/tshort,192,3.5405463263652814,3.965954931783283,0.892734886619925,108126720.0,cell,False,False
M4-Yearly/tshort,256,3.540022536731595,3.965954931783283,0.8926028151156604,141709824.0,cell,False,False
M4-Quarterly/tshort,native,1.329932349610678,1.602247174616002,0.830041937773685,60422721.408,cell,True,False
M4-Quarterly/tshort,32,1.2282318061559676,1.602247174616002,0.7665682459077066,24814080.0,cell,False,True
M4-Quarterly/tshort,48,1.209104020879738,1.602247174616002,0.7546301469806083,33103872.0,cell,False,True
M4-Quarterly/tshort,64,1.1849141223344055,1.602247174616002,0.7395326645643077,41402880.0,cell,False,True
M4-Quarterly/tshort,96,1.175998380990403,1.602247174616002,0.7339681415086566,58028544.0,cell,False,True
M4-Quarterly/tshort,128,1.175684056079505,1.602247174616002,0.7337719639675894,74691072.0,cell,False,True
M4-Quarterly/tshort,192,1.175645356987488,1.602247174616002,0.7337478109575981,108126720.0,cell,False,True
M4-Quarterly/tshort,256,1.1757583795302013,1.602247174616002,0.7338183509744594,141709824.0,cell,False,False
M4-Quarterly/tshort,384,1.1756555313228068,1.602247174616002,0.7337541609986404,209318400.0,cell,False,False
M4-Quarterly/tshort,512,1.175671526110824,1.602247174616002,0.7337641437205766,277516800.0,cell,False,False
M4-Quarterly/tshort,768,1.1756696743342718,1.602247174616002,0.733762987983446,415683072.0,cell,False,False
M4-Monthly/tshort,native,0.9491448414940116,1.259717038974429,0.7534587626652546,134069564.256,cell,True,False
M4-Monthly/tshort,32,0.9457184224425329,1.259717038974429,0.7507387716311822,33103872.0,cell,False,True
M4-Monthly/tshort,48,0.9356808769328542,1.259717038974429,0.7427706762580732,41402880.0,cell,False,True
M4-Monthly/tshort,64,0.9283163681437917,1.259717038974429,0.7369245151272703,49711104.0,cell,False,True
M4-Monthly/tshort,96,0.9357283076201671,1.259717038974429,0.7428083281162647,66355200.0,cell,False,False
M4-Monthly/tshort,128,0.9340455212294867,1.259717038974429,0.7414724833681058,83036160.0,cell,False,False
M4-Monthly/tshort,192,0.9328294706063699,1.259717038974429,0.7405071470382052,116508672.0,cell,False,False
M4-Monthly/tshort,256,0.9278950500726993,1.259717038974429,0.7365900605965644,150128640.0,cell,False,True
M4-Monthly/tshort,384,0.9285227322607857,1.259717038974429,0.737088332961442,217810944.0,cell,False,False
M4-Monthly/tshort,512,0.9292565485201384,1.259717038974429,0.7376708576369438,286083072.0,cell,False,False
M4-Monthly/tshort,768,0.9298565156760743,1.259717038974429,0.7381471290037457,424396800.0,cell,False,False
M4-Monthly/tshort,1024,0.9298415314283514,1.259717038974429,0.7381352340723767,565069824.0,cell,False,False
M4-Monthly/tshort,1536,0.9298316991219812,1.259717038974429,0.7381274289017978,853493760.0,cell,False,False
M4-Monthly/tshort,2048,0.9298408912554837,1.259717038974429,0.7381347258845473,1151354880.0,cell,False,False
M4-Monthly/tshort,2560,0.9298464192941598,1.259717038974429,0.7381391142023243,1458653184.0,cell,False,False
M4-Weekly/tshort,native,2.131294919690332,2.777295047362158,0.7673995320427374,568242990.3509749,cell,True,False
M4-Weekly/tshort,32,2.519341037520411,2.777295047362158,0.9071204155688289,24814080.0,cell,False,True
M4-Weekly/tshort,48,2.3937316114230858,2.777295047362158,0.8618931624483412,33103872.0,cell,False,True
M4-Weekly/tshort,64,2.2786784275832552,2.777295047362158,0.8204668170735109,41402880.0,cell,False,True
M4-Weekly/tshort,96,2.298068523873187,2.777295047362158,0.8274484650292612,58028544.0,cell,False,False
M4-Weekly/tshort,128,2.2178815607849747,2.777295047362158,0.7985761407998377,74691072.0,cell,False,True
M4-Weekly/tshort,192,2.0955243429867716,2.777295047362158,0.7545198861666051,108126720.0,cell,False,True
M4-Weekly/tshort,256,2.106071261636714,2.777295047362158,0.7583174368301401,141709824.0,cell,False,False
M4-Weekly/tshort,384,2.073011332757042,2.777295047362158,0.7464137937832582,209318400.0,cell,False,True
M4-Weekly/tshort,512,2.0376949420411843,2.777295047362158,0.7336976832823588,277516800.0,cell,False,True
M4-Weekly/tshort,768,2.055319636554004,2.777295047362158,0.7400436761323297,415683072.0,cell,False,False
M4-Weekly/tshort,1024,2.071369626106985,2.777295047362158,0.745822676663161,556208640.0,cell,False,False
M4-Weekly/tshort,1536,2.103169667268698,2.777295047362158,0.7572726812969561,844337664.0,cell,False,False
M4-Weekly/tshort,2048,2.1052191863527066,2.777295047362158,0.7580106364112157,1141903872.0,cell,False,False
M4-Weekly/tshort,2560,2.1060337615947646,2.777295047362158,0.758303934468558,1448907264.0,cell,False,False
M4-Daily/tshort,native,3.0683222213954253,3.278424296610481,0.9359137023745593,1386654101.8935416,cell,True,False
M4-Daily/tshort,32,3.359891031714228,3.278424296610481,1.024849356804723,24814080.0,cell,False,True
M4-Daily/tshort,48,3.3440860613988685,3.278424296610481,1.0200284523440954,33103872.0,cell,False,True
M4-Daily/tshort,64,3.377591170385387,3.278424296610481,1.030248334200498,41402880.0,cell,False,False
M4-Daily/tshort,96,3.3095140602808435,3.278424296610481,1.0094831421614663,58028544.0,cell,False,True
M4-Daily/tshort,128,3.267956965384908,3.278424296610481,0.9968072066704743,74691072.0,cell,False,True
M4-Daily/tshort,192,3.2356844471623036,3.278424296610481,0.9869632952963515,108126720.0,cell,False,True
M4-Daily/tshort,256,3.193734814571744,3.278424296610481,0.9741676261592204,141709824.0,cell,False,True
M4-Daily/tshort,384,3.094583393829973,3.278424296610481,0.9439240055136919,209318400.0,cell,False,True
M4-Daily/tshort,512,3.0291537473706756,3.278424296610481,0.9239663549658527,277516800.0,cell,False,True
M4-Daily/tshort,768,3.116684503896066,3.278424296610481,0.9506653873686711,415683072.0,cell,False,False
M4-Daily/tshort,1024,3.101659757401632,3.278424296610481,0.946082470352723,556208640.0,cell,False,False
M4-Daily/tshort,1536,3.1518346943449616,3.278424296610481,0.9613870595101438,844337664.0,cell,False,False
M4-Daily/tshort,2048,3.1323206661732357,3.278424296610481,0.9554348012280474,1141903872.0,cell,False,False
M4-Daily/tshort,2560,3.119050847699817,3.278424296610481,0.9513871803977789,1448907264.0,cell,False,False
M4-Daily/tshort,3072,3.1052904422112224,3.278424296610481,0.9471899184683754,1765347840.0,cell,False,False
M4-Daily/tshort,4096,3.068945171641208,3.278424296610481,0.9361037175127545,2426540544.0,cell,False,False
M4-Daily/tshort,6144,3.0675553663034374,3.278424296610481,0.935679792720833,3862172160.0,cell,False,False
M4-Hourly/tshort,native,0.8138662774741438,1.1932101877276544,0.6820812341738952,481270004.8695652,cell,True,False
M4-Hourly/tshort,32,1.5136830576109077,1.1932101877276544,1.2685804003178691,41402880.0,cell,False,True
M4-Hourly/tshort,48,1.2045961340303535,1.1932101877276544,1.0095422804966008,49711104.0,cell,False,True
M4-Hourly/tshort,64,1.113426894511484,1.1932101877276544,0.9331355916696374,58028544.0,cell,False,True
M4-Hourly/tshort,96,0.9662584981294812,1.1932101877276544,0.8097973919998293,74691072.0,cell,False,True
M4-Hourly/tshort,128,0.9090765414759968,1.1932101877276544,0.7618746058540107,91390464.0,cell,False,True
M4-Hourly/tshort,192,0.825271353480698,1.1932101877276544,0.6916395468030172,124899840.0,cell,False,True
M4-Hourly/tshort,256,0.8155229564969756,1.1932101877276544,0.6834696559623371,158556672.0,cell,False,True
M4-Hourly/tshort,384,0.8193160541546718,1.1932101877276544,0.6866485574641084,226312704.0,cell,False,False
M4-Hourly/tshort,512,0.8105600962225646,1.1932101877276544,0.679310405290951,294658560.0,cell,False,True
M4-Hourly/tshort,768,0.8094107577176392,1.1932101877276544,0.6783471730651901,433119744.0,cell,False,True
Hospital/tshort,native,0.7904989524922573,0.9205278266364826,0.8587453085265897,49711104.0,cell,True,False
Hospital/tshort,32,0.7849231272695038,0.9205278266364826,0.8526881041038542,24814080.0,cell,False,True
Hospital/tshort,48,0.7900585843975103,0.9205278266364826,0.8582669220161503,33103872.0,cell,False,False
Hospital/tshort,64,0.7661781968476743,0.9205278266364826,0.8323248626249719,41402880.0,cell,False,True
CovidDeaths-D/tshort,native,38.10330598054783,46.91239825526407,0.8122225125481031,116508672.0,cell,True,False
CovidDeaths-D/tshort,32,35.06524835704999,46.91239825526407,0.7474622841972334,33103872.0,cell,False,True
CovidDeaths-D/tshort,48,35.948255921390725,46.91239825526407,0.7662847617763167,41402880.0,cell,False,False
CovidDeaths-D/tshort,64,36.61283802518019,46.91239825526407,0.7804512109135635,49711104.0,cell,False,False
CovidDeaths-D/tshort,96,37.43276056939799,46.91239825526407,0.7979289476039021,66355200.0,cell,False,False
CovidDeaths-D/tshort,128,42.69745959664454,46.91239825526407,0.9101529912053352,83036160.0,cell,False,False
USBirths-D/tshort,native,0.3764003951286581,1.8648391912491091,0.20184067178282383,4517961292.8,cell,True,False
USBirths-D/tshort,32,0.5151521197349507,1.8648391912491091,0.2762447948071548,33103872.0,cell,False,True
USBirths-D/tshort,48,0.4953379047666574,1.8648391912491091,0.2656196347068776,41402880.0,cell,False,True
USBirths-D/tshort,64,0.49116021335565374,1.8648391912491091,0.2633793925291028,49711104.0,cell,False,True
USBirths-D/tshort,96,0.4845465206339978,1.8648391912491091,0.2598328707953838,66355200.0,cell,False,True
USBirths-D/tshort,128,0.48528486740996374,1.8648391912491091,0.2602288013289283,83036160.0,cell,False,False
USBirths-D/tshort,192,0.477091919173927,1.8648391912491091,0.255835420776609,116508672.0,cell,False,True
USBirths-D/tshort,256,0.4665155596850126,1.8648391912491091,0.2501639615223501,150128640.0,cell,False,True
USBirths-D/tshort,384,0.4191634141701768,1.8648391912491091,0.22477188174569207,217810944.0,cell,False,True
USBirths-D/tshort,512,0.3854167969631643,1.8648391912491091,0.20667562048875854,286083072.0,cell,False,True
USBirths-D/tshort,768,0.3712957213085971,1.8648391912491091,0.19910334523798554,424396800.0,cell,False,True
USBirths-D/tshort,1024,0.37815914522002825,1.8648391912491091,0.20278378264172428,565069824.0,cell,False,False
USBirths-D/tshort,1536,0.37619436378518634,1.8648391912491091,0.20173018968633072,853493760.0,cell,False,False
USBirths-D/tshort,2048,0.37729715984131545,1.8648391912491091,0.20232155223453543,1151354880.0,cell,False,False
USBirths-D/tshort,2560,0.3770900802515996,1.8648391912491091,0.2022105080272453,1458653184.0,cell,False,False
USBirths-D/tshort,3072,0.3764207474334903,1.8648391912491091,0.20185158548783805,1775388672.0,cell,False,False
USBirths-D/tshort,4096,0.37278871644311073,1.8648391912491091,0.19990394785376045,2437171200.0,cell,False,False
USBirths-D/tshort,6144,0.3710790678242953,1.8648391912491091,0.19898716713248535,3873982464.0,cell,False,True
USBirths-W/tshort,native,0.9012598862621178,1.5634204337929731,0.576466743546133,538532352.0,cell,True,False
USBirths-W/tshort,32,1.4926592034827515,1.5634204337929731,0.9547394745644013,24814080.0,cell,False,True
USBirths-W/tshort,48,1.2214628142830968,1.5634204337929731,0.7812759689469697,33103872.0,cell,False,True
USBirths-W/tshort,64,1.0071308646021513,1.5634204337929731,0.6441842787987474,41402880.0,cell,False,True
USBirths-W/tshort,96,0.9175037345245054,1.5634204337929731,0.586856685951439,58028544.0,cell,False,True
USBirths-W/tshort,128,0.9395178959642341,1.5634204337929731,0.6009374546070723,74691072.0,cell,False,False
USBirths-W/tshort,192,0.9434041391083282,1.5634204337929731,0.6034231859305819,108126720.0,cell,False,False
USBirths-W/tshort,256,0.8831096677416568,1.5634204337929731,0.5648574424725713,141709824.0,cell,False,True
USBirths-W/tshort,384,0.8386242155400975,1.5634204337929731,0.5364035146358765,209318400.0,cell,False,True
USBirths-W/tshort,512,0.8429832294756597,1.5634204337929731,0.539191641131695,277516800.0,cell,False,False
USBirths-W/tshort,768,0.8719624079263157,1.5634204337929731,0.557727396341412,415683072.0,cell,False,False
USBirths-W/tshort,1024,0.8814422593498505,1.5634204337929731,0.5637909293608289,556208640.0,cell,False,False
USBirths-M/tshort,native,0.8711250988086259,0.7605310792868888,1.1454168311246866,129100032.0,cell,True,False
USBirths-M/tshort,32,0.6103988331413207,0.7605310792868888,0.8025955148521485,24814080.0,cell,False,True
USBirths-M/tshort,48,0.6329431559910077,0.7605310792868888,0.8322383834523714,33103872.0,cell,False,False
USBirths-M/tshort,64,0.6312791454167356,0.7605310792868888,0.8300504247750846,41402880.0,cell,False,False
USBirths-M/tshort,96,0.614483841598815,0.7605310792868888,0.8079667726070907,58028544.0,cell,False,False
USBirths-M/tshort,128,0.6446006436602986,0.7605310792868888,0.8475664719247341,74691072.0,cell,False,False
USBirths-M/tshort,192,0.6401984620856063,0.7605310792868888,0.8417781725447535,108126720.0,cell,False,False
SaugeenDay-D/tshort,native,3.022794589244338,3.413049305768806,0.8856580489872059,5435817984.0,cell,True,False
SaugeenDay-D/tshort,32,3.488595926842883,3.413049305768806,1.0221346409928467,33103872.0,cell,False,True
SaugeenDay-D/tshort,48,3.3574625425320095,3.413049305768806,0.9837134602354433,41402880.0,cell,False,True
SaugeenDay-D/tshort,64,3.283174657877203,3.413049305768806,0.9619476203663141,49711104.0,cell,False,True
SaugeenDay-D/tshort,96,3.3928772960429514,3.413049305768806,0.9940897397257756,66355200.0,cell,False,False
SaugeenDay-D/tshort,128,3.4209835672336295,3.413049305768806,1.0023246841032776,83036160.0,cell,False,False
SaugeenDay-D/tshort,192,3.508045624243724,3.413049305768806,1.0278332687179037,116508672.0,cell,False,False
SaugeenDay-D/tshort,256,3.48828410897365,3.413049305768806,1.0220432804992534,150128640.0,cell,False,False
SaugeenDay-D/tshort,384,3.5705829027940816,3.413049305768806,1.0461562617214493,217810944.0,cell,False,False
SaugeenDay-D/tshort,512,3.3585082112740823,3.413049305768806,0.9840198339934506,286083072.0,cell,False,False
SaugeenDay-D/tshort,768,3.10534278055651,3.413049305768806,0.9098441019611981,424396800.0,cell,False,True
SaugeenDay-D/tshort,1024,3.139832486113086,3.413049305768806,0.9199493487556939,565069824.0,cell,False,False
SaugeenDay-D/tshort,1536,2.7397988452182047,3.413049305768806,0.8027422400805463,853493760.0,cell,False,True
SaugeenDay-D/tshort,2048,2.6974213829298685,3.413049305768806,0.7903259347500875,1151354880.0,cell,False,True
SaugeenDay-D/tshort,2560,2.6581231907590395,3.413049305768806,0.7788118344104275,1458653184.0,cell,False,True
SaugeenDay-D/tshort,3072,2.672245738730245,3.413049305768806,0.7829496439484659,1775388672.0,cell,False,False
SaugeenDay-D/tshort,4096,2.7311223198298866,3.413049305768806,0.8002000777468078,2437171200.0,cell,False,False
SaugeenDay-D/tshort,6144,2.8733357945154885,3.413049305768806,0.8418676488672219,3873982464.0,cell,False,False
SaugeenDay-W/tshort,native,1.4086305460474178,1.990658004828632,0.7076205669836699,1916967168.0,cell,True,False
SaugeenDay-W/tshort,32,1.6063760500819455,1.990658004828632,0.8069573207378895,24814080.0,cell,False,True
SaugeenDay-W/tshort,48,1.4835145778463492,1.990658004828632,0.7452382952008169,33103872.0,cell,False,True
SaugeenDay-W/tshort,64,1.4321688346264176,1.990658004828632,0.7194449429045485,41402880.0,cell,False,True
SaugeenDay-W/tshort,96,1.515901561645397,1.990658004828632,0.7615077818331206,58028544.0,cell,False,False
SaugeenDay-W/tshort,128,1.5265034570834637,1.990658004828632,0.7668336064661566,74691072.0,cell,False,False
SaugeenDay-W/tshort,192,1.5943609777285164,1.990658004828632,0.8009215916853426,108126720.0,cell,False,False
SaugeenDay-W/tshort,256,1.5598668488418441,1.990658004828632,0.7835935881794658,141709824.0,cell,False,False
SaugeenDay-W/tshort,384,1.5227319480240962,1.990658004828632,0.7649390022447288,209318400.0,cell,False,False
SaugeenDay-W/tshort,512,1.4909587321520312,1.990658004828632,0.7489778397572525,277516800.0,cell,False,False
SaugeenDay-W/tshort,768,1.4624707827109475,1.990658004828632,0.7346670192285721,415683072.0,cell,False,False
SaugeenDay-W/tshort,1024,1.4709601220934,1.990658004828632,0.7389316088074251,556208640.0,cell,False,False
SaugeenDay-W/tshort,1536,1.419158515586623,1.990658004828632,0.7129092552031774,844337664.0,cell,False,True
SaugeenDay-W/tshort,2048,1.4107085622360744,1.990658004828632,0.7086644510579891,1141903872.0,cell,False,True
SaugeenDay-W/tshort,2560,1.401777245764172,1.990658004828632,0.7041778358532487,1448907264.0,cell,False,True
SaugeenDay-W/tshort,3072,1.4010258128795432,1.990658004828632,0.703800356204406,1765347840.0,cell,False,True
SaugeenDay-M/tshort,native,0.7335540295533892,0.9763741730697156,0.7513042128583747,399534665.14285713,cell,True,False
SaugeenDay-M/tshort,32,0.9915976982208486,0.9763741730697156,1.0155918966017612,24814080.0,cell,False,True
SaugeenDay-M/tshort,48,0.9141681661090869,0.9763741730697156,0.9362887623655045,33103872.0,cell,False,True
SaugeenDay-M/tshort,64,0.8860527910719941,0.9763741730697156,0.9074930651701371,41402880.0,cell,False,True
SaugeenDay-M/tshort,96,0.8304745820279296,0.9763741730697156,0.850570001679706,58028544.0,cell,False,True
SaugeenDay-M/tshort,128,0.8027946938506562,0.9763741730697156,0.8222203290431921,74691072.0,cell,False,True
SaugeenDay-M/tshort,192,0.7721005314882395,0.9763741730697156,0.7907834442821846,108126720.0,cell,False,True
SaugeenDay-M/tshort,256,0.7611209703119647,0.9763741730697156,0.7795382050295371,141709824.0,cell,False,True
SaugeenDay-M/tshort,384,0.7269303258359773,0.9763741730697156,0.7445202319829004,209318400.0,cell,False,True
SaugeenDay-M/tshort,512,0.7314866842200105,0.9763741730697156,0.7491868429090253,277516800.0,cell,False,False
SaugeenDay-M/tshort,768,0.7389974140259896,0.9763741730697156,0.7568793136985438,415683072.0,cell,False,False
Electricity-15T/tshort,native,0.8779707335277152,1.7170601412372184,0.5113220628923912,5435817984.0,cell,True,False
Electricity-15T/tshort,32,2.377050649302587,1.7170601412372184,1.3843723887212336,41402880.0,cell,False,True
Electricity-15T/tshort,48,2.1588462747220656,1.7170601412372184,1.2572921721696484,49711104.0,cell,False,True
Electricity-15T/tshort,64,1.7441858538439425,1.7170601412372184,1.0157977650026742,58028544.0,cell,False,True
Electricity-15T/tshort,96,1.3533921728512797,1.7170601412372184,0.7882031271636766,74691072.0,cell,False,True
Electricity-15T/tshort,128,1.2296597190377443,1.7170601412372184,0.71614248651286,91390464.0,cell,False,True
Electricity-15T/tshort,192,1.146194205985462,1.7170601412372184,0.6675329410183489,124899840.0,cell,False,True
Electricity-15T/tshort,256,1.0639822166863515,1.7170601412372184,0.6196534362038739,158556672.0,cell,False,True
Electricity-15T/tshort,384,0.9940434953560825,1.7170601412372184,0.578921769530932,226312704.0,cell,False,True
Electricity-15T/tshort,512,0.981056550847073,1.7170601412372184,0.5713582927504088,294658560.0,cell,False,True
Electricity-15T/tshort,768,0.8937483413741066,1.7170601412372184,0.5205107962788776,433119744.0,cell,False,True
Electricity-15T/tshort,1024,0.885910369169631,1.7170601412372184,0.5159460335100977,573940224.0,cell,False,True
Electricity-15T/tshort,1536,0.8733070628405671,1.7170601412372184,0.5086059840695565,862659072.0,cell,False,True
Electricity-15T/tshort,2048,0.8669011541215845,1.7170601412372184,0.5048752418753042,1160815104.0,cell,False,True
Electricity-15T/tshort,2560,0.8688204729204337,1.7170601412372184,0.505993035453266,1468408320.0,cell,False,False
Electricity-15T/tshort,3072,0.8692301279964415,1.7170601412372184,0.506231614793715,1785438720.0,cell,False,False
Electricity-15T/tshort,4096,0.8701220194073195,1.7170601412372184,0.5067510441307884,2447811072.0,cell,False,False
Electricity-15T/tshort,6144,0.8726185739654277,1.7170601412372184,0.5082050144945227,3885801984.0,cell,False,False
Electricity-15T/tmedium,native,0.842115129337448,1.1507882041044135,0.7317724724097373,5435817984.0,cell,True,False
Electricity-15T/tmedium,32,2.206095806867247,1.1507882041044135,1.917030257174137,268959744.0,cell,False,True
Electricity-15T/tmedium,48,2.0193164345568517,1.1507882041044135,1.7547246551144131,277516800.0,cell,False,True
Electricity-15T/tmedium,64,1.6932792975214066,1.1507882041044135,1.471408284758341,286083072.0,cell,False,True
Electricity-15T/tmedium,96,1.275910637629996,1.1507882041044135,1.1087275947731472,303243264.0,cell,False,True
Electricity-15T/tmedium,128,1.1630838085044017,1.1507882041044135,1.010684506806843,320440320.0,cell,False,True
Electricity-15T/tmedium,192,1.100561485242744,1.1507882041044135,0.9563545066915613,354945024.0,cell,False,True
Electricity-15T/tmedium,256,1.0270030919812976,1.1507882041044135,0.8924344969112278,389597184.0,cell,False,True
Electricity-15T/tmedium,384,0.9318142582778297,1.1507882041044135,0.809718291301919,459343872.0,cell,False,True
Electricity-15T/tmedium,512,0.8935829700716585,1.1507882041044135,0.7764964629326195,529680384.0,cell,False,True
Electricity-15T/tmedium,768,0.863334876335752,1.1507882041044135,0.7502117881088567,672122880.0,cell,False,True
Electricity-15T/tmedium,1024,0.8562316248027659,1.1507882041044135,0.7440392782520024,816924672.0,cell,False,True
Electricity-15T/tmedium,1536,0.8398055048959379,1.1507882041044135,0.7297654789132166,1113606144.0,cell,False,True
Electricity-15T/tmedium,2048,0.8407241251227285,1.1507882041044135,0.7305637319918582,1419724800.0,cell,False,False
Electricity-15T/tmedium,2560,0.8436946488643146,1.1507882041044135,0.7331450269086737,1735280640.0,cell,False,False
Electricity-15T/tmedium,3072,0.8439000078541904,1.1507882041044135,0.733323477634136,2060273664.0,cell,False,False
Electricity-15T/tmedium,4096,0.841184939226666,1.1507882041044135,0.730964165453284,2738571264.0,cell,False,False
Electricity-15T/tmedium,6144,0.8393825351261462,1.1507882041044135,0.7293979310288335,4208412672.0,cell,False,True
Electricity-15T/tlong,native,0.9132148622396636,1.1635317075319347,0.7848646120497745,5435817984.0,cell,True,False
Electricity-15T/tlong,32,3.1130885635898355,1.1635317075319347,2.6755511202984494,398283264.0,cell,False,True
Electricity-15T/tlong,48,2.3129918141287797,1.1635317075319347,1.987906130237793,406978560.0,cell,False,True
Electricity-15T/tlong,64,1.663039290609585,1.1635317075319347,1.4293029402156974,415683072.0,cell,False,True
Electricity-15T/tlong,96,1.3400082456804536,1.1635317075319347,1.1516731662799788,433119744.0,cell,False,True
Electricity-15T/tlong,128,1.1900523704816146,1.1635317075319347,1.0227932447203654,450593280.0,cell,False,True
Electricity-15T/tlong,192,1.1106300362695833,1.1635317075319347,0.9545335370579926,485650944.0,cell,False,True
Electricity-15T/tlong,256,1.0646464723203015,1.1635317075319347,0.9150128573449993,520856064.0,cell,False,True
Electricity-15T/tlong,384,0.9859857586900995,1.1635317075319347,0.8474077262419922,591708672.0,cell,False,True
Electricity-15T/tlong,512,0.9495729113705783,1.1635317075319347,0.8161126209313174,663151104.0,cell,False,True
Electricity-15T/tlong,768,0.9213504097825975,1.1635317075319347,0.7918567270821967,807805440.0,cell,False,True
Electricity-15T/tlong,1024,0.9158994207116377,1.1635317075319347,0.7871718619980106,954819072.0,cell,False,True
Electricity-15T/tlong,1536,0.9086465441548899,1.1635317075319347,0.7809383605731697,1255924224.0,cell,False,True
Electricity-15T/tlong,2048,0.907613424333225,1.1635317075319347,0.7800504433681833,1566466560.0,cell,False,True
Electricity-15T/tlong,2560,0.9101469929243318,1.1635317075319347,0.7822279247163116,1886446080.0,cell,False,False
Electricity-15T/tlong,3072,0.9082455790124183,1.1635317075319347,0.7805937501599975,2215862784.0,cell,False,False
Electricity-15T/tlong,4096,0.9069863661521987,1.1635317075319347,0.7795115167734312,2903007744.0,cell,False,True
Electricity-15T/tlong,6144,0.9086964796479,1.1635317075319347,0.7809812777473961,4390543872.0,cell,False,False
Electricity-H/tshort,native,0.8917554157225357,1.3577726051465433,0.656778176509379,5435817984.0,cell,True,False
Electricity-H/tshort,32,1.435414609936481,1.3577726051465433,1.0571833637647727,41402880.0,cell,False,True
Electricity-H/tshort,48,1.2996373926679228,1.3577726051465433,0.9571833956155376,49711104.0,cell,False,True
Electricity-H/tshort,64,1.2354416602182297,1.3577726051465433,0.9099032161463365,58028544.0,cell,False,True
Electricity-H/tshort,96,1.156366771873435,1.3577726051465433,0.8516645331407532,74691072.0,cell,False,True
Electricity-H/tshort,128,1.0699864648238482,1.3577726051465433,0.7880454066963337,91390464.0,cell,False,True
Electricity-H/tshort,192,0.9366058348415649,1.3577726051465433,0.6898105259241681,124899840.0,cell,False,True
Electricity-H/tshort,256,0.9229908959264989,1.3577726051465433,0.679783118637072,158556672.0,cell,False,True
Electricity-H/tshort,384,0.8927275572487327,1.3577726051465433,0.6574941590844523,226312704.0,cell,False,True
Electricity-H/tshort,512,0.8852667408276507,1.3577726051465433,0.651999265173055,294658560.0,cell,False,True
Electricity-H/tshort,768,0.8801824729019383,1.3577726051465433,0.6482547000621955,433119744.0,cell,False,True
Electricity-H/tshort,1024,0.8804748630846306,1.3577726051465433,0.6484700455343195,573940224.0,cell,False,False
Electricity-H/tshort,1536,0.8829436505570594,1.3577726051465433,0.6502883083738193,862659072.0,cell,False,False
Electricity-H/tshort,2048,0.8831647672982798,1.3577726051465433,0.6504511609312964,1160815104.0,cell,False,False
Electricity-H/tshort,2560,0.8837993709027079,1.3577726051465433,0.650918546708578,1468408320.0,cell,False,False
Electricity-H/tshort,3072,0.8851738488965183,1.3577726051465433,0.6519308502331892,1785438720.0,cell,False,False
Electricity-H/tshort,4096,0.8868508695246876,1.3577726051465433,0.6531659765141384,2447811072.0,cell,False,False
Electricity-H/tshort,6144,0.8849394468832287,1.3577726051465433,0.6517582130681727,3885801984.0,cell,False,False
Electricity-H/tmedium,native,1.0768966857934033,1.3924537851702354,0.7733805583082576,5435817984.0,cell,True,False
Electricity-H/tmedium,32,1.4884788587416253,1.3924537851702354,1.0689610489009158,268959744.0,cell,False,True
Electricity-H/tmedium,48,1.3769825924688055,1.3924537851702354,0.988889259474031,277516800.0,cell,False,True
Electricity-H/tmedium,64,1.3088289072018993,1.3924537851702354,0.93994423451683,286083072.0,cell,False,True
Electricity-H/tmedium,96,1.228409942422748,1.3924537851702354,0.8821908170349566,303243264.0,cell,False,True
Electricity-H/tmedium,128,1.17606193995221,1.3924537851702354,0.8445967489028225,320440320.0,cell,False,True
Electricity-H/tmedium,192,1.1439621958519297,1.3924537851702354,0.8215441029607125,354945024.0,cell,False,True
Electricity-H/tmedium,256,1.1236589538481587,1.3924537851702354,0.806963193906493,389597184.0,cell,False,True
Electricity-H/tmedium,384,1.1003017498320318,1.3924537851702354,0.7901890616050238,459343872.0,cell,False,True
Electricity-H/tmedium,512,1.0914231068203522,1.3924537851702354,0.7838128047365819,529680384.0,cell,False,True
Electricity-H/tmedium,768,1.0790539267468342,1.3924537851702354,0.7749297953288364,672122880.0,cell,False,True
Electricity-H/tmedium,1024,1.0793912137476103,1.3924537851702354,0.7751720202445703,816924672.0,cell,False,False
Electricity-H/tmedium,1536,1.0737795401675247,1.3924537851702354,0.7711419593263191,1113606144.0,cell,False,True
Electricity-H/tmedium,2048,1.0787202807436536,1.3924537851702354,0.7746901852198806,1419724800.0,cell,False,False
Electricity-H/tmedium,2560,1.081099788558989,1.3924537851702354,0.7763990446740884,1735280640.0,cell,False,False
Electricity-H/tmedium,3072,1.0827142126263714,1.3924537851702354,0.7775584541170272,2060273664.0,cell,False,False
Electricity-H/tmedium,4096,1.0837702734465033,1.3924537851702354,0.7783168712590387,2738571264.0,cell,False,False
Electricity-H/tmedium,6144,1.0795173676012086,1.3924537851702354,0.7752626184783802,4208412672.0,cell,False,False
Electricity-H/tlong,native,1.2308083434395425,1.5240786163496851,0.8075753640500822,5435817984.0,cell,True,True
Electricity-H/tlong,32,1.6286096553810097,1.5240786163496851,1.0685863825592452,398283264.0,cell,False,True
Electricity-H/tlong,48,1.5010134864469802,1.5240786163496851,0.984866181012402,406978560.0,cell,False,True
Electricity-H/tlong,64,1.450399631468712,1.5240786163496851,0.9516567032103361,415683072.0,cell,False,True
Electricity-H/tlong,96,1.3747587554122433,1.5240786163496851,0.9020261426572094,433119744.0,cell,False,True
Electricity-H/tlong,128,1.3413095310442689,1.5240786163496851,0.8800789648612971,450593280.0,cell,False,True
Electricity-H/tlong,192,1.3235387900942417,1.5240786163496851,0.8684189751735015,485650944.0,cell,False,True
Electricity-H/tlong,256,1.2981940749879335,1.5240786163496851,0.8517894425270746,520856064.0,cell,False,True
Electricity-H/tlong,384,1.2903472742698747,1.5240786163496851,0.8466408887491517,591708672.0,cell,False,True
Electricity-H/tlong,512,1.2862189712155045,1.5240786163496851,0.8439321682080434,663151104.0,cell,False,True
Electricity-H/tlong,768,1.2616675570423987,1.5240786163496851,0.8278231473808181,807805440.0,cell,False,True
Electricity-H/tlong,1024,1.2554842587777293,1.5240786163496851,0.8237660743411878,954819072.0,cell,False,True
Electricity-H/tlong,1536,1.2475087173474546,1.5240786163496851,0.8185330493878052,1255924224.0,cell,False,True
Electricity-H/tlong,2048,1.2531401476715882,1.5240786163496851,0.8222280230353073,1566466560.0,cell,False,False
Electricity-H/tlong,2560,1.256289837069081,1.5240786163496851,0.8242946417541215,1886446080.0,cell,False,False
Electricity-H/tlong,3072,1.2625741362042182,1.5240786163496851,0.828417984912225,2215862784.0,cell,False,False
Electricity-H/tlong,4096,1.2614689475166487,1.5240786163496851,0.8276928328920382,2903007744.0,cell,False,False
Electricity-H/tlong,6144,1.2468911250617458,1.5240786163496851,0.8181278260095073,4390543872.0,cell,False,True
Electricity-D/tshort,native,1.4218823875624234,1.987041399842847,0.7155776360144679,762384384.0,cell,True,False
Electricity-D/tshort,32,1.7416505376865545,1.987041399842847,0.8765044038963153,33103872.0,cell,False,True
Electricity-D/tshort,48,1.7643309404990528,1.987041399842847,0.8879185610519197,41402880.0,cell,False,False
Electricity-D/tshort,64,1.758022320868859,1.987041399842847,0.8847436802312721,49711104.0,cell,False,False
Electricity-D/tshort,96,1.7430631604184255,1.987041399842847,0.8772153215108063,66355200.0,cell,False,False
Electricity-D/tshort,128,1.6828685915335648,1.987041399842847,0.8469217559667661,83036160.0,cell,False,True
Electricity-D/tshort,192,1.6794345779959068,1.987041399842847,0.8451935516435297,116508672.0,cell,False,True
Electricity-D/tshort,256,1.6319698902102748,1.987041399842847,0.8213064359601897,150128640.0,cell,False,True
Electricity-D/tshort,384,1.4566873020044833,1.987041399842847,0.7330935843207349,217810944.0,cell,False,True
Electricity-D/tshort,512,1.4263317283333081,1.987041399842847,0.7178168147106121,286083072.0,cell,False,True
Electricity-D/tshort,768,1.3998232166225726,1.987041399842847,0.7044761204941594,424396800.0,cell,False,True
Electricity-D/tshort,1024,1.3967149733852462,1.987041399842847,0.7029118635855856,565069824.0,cell,False,True
Electricity-W/tshort,native,1.6615454494517976,2.0896995064573947,0.7951121413951837,110920704.0,cell,True,False
Electricity-W/tshort,32,2.1705862772634688,2.0896995064573947,1.0387073694357132,24814080.0,cell,False,True
Electricity-W/tshort,48,1.911579505090954,2.0896995064573947,0.914762863839499,33103872.0,cell,False,True
Electricity-W/tshort,64,1.8511736445578395,2.0896995064573947,0.8858563821437079,41402880.0,cell,False,True
Electricity-W/tshort,96,1.6916822084898824,2.0896995064573947,0.8095337168154577,58028544.0,cell,False,True
Electricity-W/tshort,128,1.583956452349304,2.0896995064573947,0.7579828810097861,74691072.0,cell,False,True
Electricity-W/tshort,192,1.6343170701183822,2.0896995064573947,0.7820823353157561,108126720.0,cell,False,False
KDDCup2018-H/tshort,native,1.0106094475012648,1.340425278558367,0.7539468731805621,5435817984.0,cell,True,False
KDDCup2018-H/tshort,32,1.196661172920152,1.340425278558367,0.892747392981999,41402880.0,cell,False,True
KDDCup2018-H/tshort,48,1.1869469004840658,1.340425278558367,0.8855002359852778,49711104.0,cell,False,True
KDDCup2018-H/tshort,64,1.1842991497430089,1.340425278558367,0.8835249295035137,58028544.0,cell,False,True
KDDCup2018-H/tshort,96,1.1258539073017588,1.340425278558367,0.8399229149965147,74691072.0,cell,False,True
KDDCup2018-H/tshort,128,1.0860343457045962,1.340425278558367,0.8102162523170487,91390464.0,cell,False,True
KDDCup2018-H/tshort,192,1.0273738812725746,1.340425278558367,0.7664536753421417,124899840.0,cell,False,True
KDDCup2018-H/tshort,256,1.014219234136697,1.340425278558367,0.756639889116008,158556672.0,cell,False,True
KDDCup2018-H/tshort,384,0.9924434465233591,1.340425278558367,0.7403944571910314,226312704.0,cell,False,True
KDDCup2018-H/tshort,512,0.99296199499888,1.340425278558367,0.7407813108887463,294658560.0,cell,False,False
KDDCup2018-H/tshort,768,0.9830582813756211,1.340425278558367,0.7333928247256755,433119744.0,cell,False,True
KDDCup2018-H/tshort,1024,0.9855500238402317,1.340425278558367,0.7352517440585684,573940224.0,cell,False,False
KDDCup2018-H/tshort,1536,0.9970741842702059,1.340425278558367,0.7438491352107022,862659072.0,cell,False,False
KDDCup2018-H/tshort,2048,0.9980695482648066,1.340425278558367,0.7445917084898865,1160815104.0,cell,False,False
KDDCup2018-H/tshort,2560,0.9998458344332292,1.340425278558367,0.7459168746120391,1468408320.0,cell,False,False
KDDCup2018-H/tshort,3072,1.0018236116353612,1.340425278558367,0.7473923594702919,1785438720.0,cell,False,False
KDDCup2018-H/tshort,4096,1.0071904200161697,1.340425278558367,0.7513961696540125,2447811072.0,cell,False,False
KDDCup2018-H/tshort,6144,1.0100967520312225,1.340425278558367,0.7535643860115693,3885801984.0,cell,False,False
KDDCup2018-H/tmedium,native,1.117882555842148,1.4289997072062277,0.782283264443538,5435817984.0,cell,True,False
KDDCup2018-H/tmedium,32,1.325922066254403,1.4289997072062277,0.927867276366804,268959744.0,cell,False,True
KDDCup2018-H/tmedium,48,1.3168075944603546,1.4289997072062277,0.9214890582691477,277516800.0,cell,False,True
KDDCup2018-H/tmedium,64,1.333334372284898,1.4289997072062277,0.9330543355335176,286083072.0,cell,False,False
KDDCup2018-H/tmedium,96,1.339343901111336,1.4289997072062277,0.9372597449511213,303243264.0,cell,False,False
KDDCup2018-H/tmedium,128,1.367634626703289,1.4289997072062277,0.9570573176513025,320440320.0,cell,False,False
KDDCup2018-H/tmedium,192,1.2433232263116225,1.4289997072062277,0.8700654171178154,354945024.0,cell,False,True
KDDCup2018-H/tmedium,256,1.2485529945960387,1.4289997072062277,0.8737251577448031,389597184.0,cell,False,False
KDDCup2018-H/tmedium,384,1.169401336519801,1.4289997072062277,0.8183356026055767,459343872.0,cell,False,True
KDDCup2018-H/tmedium,512,1.1268376428647566,1.4289997072062277,0.7885499466390974,529680384.0,cell,False,True
KDDCup2018-H/tmedium,768,1.1247789339528647,1.4289997072062277,0.787109282304801,672122880.0,cell,False,True
KDDCup2018-H/tmedium,1024,1.1222267657972658,1.4289997072062277,0.7853233000245187,816924672.0,cell,False,True
KDDCup2018-H/tmedium,1536,1.1197248128069288,1.4289997072062277,0.7835724578250977,1113606144.0,cell,False,True
KDDCup2018-H/tmedium,2048,1.1163898559209189,1.4289997072062277,0.7812386876576216,1419724800.0,cell,False,True
KDDCup2018-H/tmedium,2560,1.1157108426552207,1.4289997072062277,0.7807635208242948,1735280640.0,cell,False,True
KDDCup2018-H/tmedium,3072,1.1172994736844197,1.4289997072062277,0.7818752292600543,2060273664.0,cell,False,False
KDDCup2018-H/tmedium,4096,1.123429540749044,1.4289997072062277,0.7861649901562331,2738571264.0,cell,False,False
KDDCup2018-H/tmedium,6144,1.1241166510616984,1.4289997072062277,0.7866458232237205,4208412672.0,cell,False,False
KDDCup2018-H/tlong,native,1.0727918710938198,1.3355336658089667,0.8032683103080015,5435817984.0,cell,True,False
KDDCup2018-H/tlong,32,1.292590510383522,1.3355336658089667,0.9678456960503253,398283264.0,cell,False,True
KDDCup2018-H/tlong,48,1.3143324294599312,1.3355336658089667,0.9841252700011921,406978560.0,cell,False,False
KDDCup2018-H/tlong,64,1.3438898185938084,1.3355336658089667,1.0062567893260708,415683072.0,cell,False,False
KDDCup2018-H/tlong,96,1.28694548531954,1.3355336658089667,0.9636189025156504,433119744.0,cell,False,True
KDDCup2018-H/tlong,128,1.2327142691937099,1.3355336658089667,0.923012501109078,450593280.0,cell,False,True
KDDCup2018-H/tlong,192,1.1256569538026056,1.3355336658089667,0.8428517997116655,485650944.0,cell,False,True
KDDCup2018-H/tlong,256,1.0860203078869084,1.3355336658089667,0.8131732922128011,520856064.0,cell,False,True
KDDCup2018-H/tlong,384,1.05916693520638,1.3355336658089667,0.7930664440157078,591708672.0,cell,False,True
KDDCup2018-H/tlong,512,1.0759761576911469,1.3355336658089667,0.8056525905989803,663151104.0,cell,False,False
KDDCup2018-H/tlong,768,1.0762762142017028,1.3355336658089667,0.8058772622177031,807805440.0,cell,False,False
KDDCup2018-H/tlong,1024,1.0905346940639993,1.3355336658089667,0.8165535036538631,954819072.0,cell,False,False
KDDCup2018-H/tlong,1536,1.0853353947279134,1.3355336658089667,0.8126604536550549,1255924224.0,cell,False,False
KDDCup2018-H/tlong,2048,1.0788529034982615,1.3355336658089667,0.8078065953094284,1566466560.0,cell,False,False
KDDCup2018-H/tlong,2560,1.0700830464105302,1.3355336658089667,0.8012400389490396,1886446080.0,cell,False,False
KDDCup2018-H/tlong,3072,1.0701745982218562,1.3355336658089667,0.8013085896817317,2215862784.0,cell,False,False
KDDCup2018-H/tlong,4096,1.0712528048253578,1.3355336658089667,0.8021159123506428,2903007744.0,cell,False,False
KDDCup2018-H/tlong,6144,1.079277656510134,1.3355336658089667,0.8081246352231699,4390543872.0,cell,False,False
KDDCup2018-D/tshort,native,1.2538033924339005,1.4970343738270926,0.8375247852383079,234702404.26666668,cell,True,False
KDDCup2018-D/tshort,32,1.2858207797550127,1.4970343738270926,0.8589119944306135,33103872.0,cell,False,True
KDDCup2018-D/tshort,48,1.2543921239294502,1.4970343738270926,0.8379180504203523,41402880.0,cell,False,True
KDDCup2018-D/tshort,64,1.2712046689496128,1.4970343738270926,0.849148617542991,49711104.0,cell,False,False
KDDCup2018-D/tshort,96,1.2642669885068059,1.4970343738270926,0.8445143348811499,66355200.0,cell,False,False
KDDCup2018-D/tshort,128,1.2581512065546634,1.4970343738270926,0.8404290700007533,83036160.0,cell,False,False
KDDCup2018-D/tshort,192,1.2623346526113308,1.4970343738270926,0.8432235589782994,116508672.0,cell,False,False
KDDCup2018-D/tshort,256,1.2837898771936507,1.4970343738270926,0.8575553772434141,150128640.0,cell,False,False
KDDCup2018-D/tshort,384,1.2448062158963777,1.4970343738270926,0.8315147852711583,217810944.0,cell,False,True
CarParts/tshort,native,0.8238280555617317,1.2014638390969912,0.6856869335167949,33103872.0,cell,True,False
CarParts/tshort,32,0.8228002508488581,1.2014638390969912,0.6848314731363592,24814080.0,cell,False,True
TempRain/tshort,native,1.3473816826848912,2.011535765322217,0.6698273557512717,372264960.0,cell,True,True
TempRain/tshort,32,1.4546076586411933,2.011535765322217,0.7231328836990316,33103872.0,cell,False,True
TempRain/tshort,48,1.4353784840462775,2.011535765322217,0.7135734341846773,41402880.0,cell,False,True
TempRain/tshort,64,1.4175227371321661,2.011535765322217,0.7046967603407742,49711104.0,cell,False,True
TempRain/tshort,96,1.4138390671987662,2.011535765322217,0.7028654879384115,66355200.0,cell,False,True
TempRain/tshort,128,1.4054555019386066,2.011535765322217,0.6986977443642293,83036160.0,cell,False,True
TempRain/tshort,192,1.3809886183183635,2.011535765322217,0.6865344589571095,116508672.0,cell,False,True
TempRain/tshort,256,1.3905986457549553,2.011535765322217,0.69131191685881,150128640.0,cell,False,False
TempRain/tshort,384,1.370513685841772,2.011535765322217,0.6813270285662739,217810944.0,cell,False,True
TempRain/tshort,512,1.352809792478141,2.011535765322217,0.6725258460723624,286083072.0,cell,False,True
