cell,window,mase,naive_mase,normalized_mase,flops,flops_weighting,is_native,within_cell_pareto
JenaWeather-10T/tshort,native,0.2604041897190025,0.7428874675800381,0.3505297923079403,140467609600.0,cell,True,False
JenaWeather-10T/tshort,32,0.46154127947762386,0.7428874675800381,0.6212802067870364,1259315200.0,cell,False,True
JenaWeather-10T/tshort,48,0.43072519652675967,0.7428874675800381,0.579798711546246,1511424000.0,cell,False,True
JenaWeather-10T/tshort,64,0.40591561836593093,0.7428874675800381,0.5464025657724505,1763614720.0,cell,False,True
JenaWeather-10T/tshort,96,0.3632035332427288,0.7428874675800381,0.48890787514004946,2268241920.0,cell,False,True
JenaWeather-10T/tshort,128,0.3754763798342204,0.7428874675800381,0.505428340388266,2773196800.0,cell,False,False
JenaWeather-10T/tshort,192,0.3407327572693163,0.7428874675800381,0.45865998840881783,3784089600.0,cell,False,True
JenaWeather-10T/tshort,256,0.3172234828725121,0.7428874675800381,0.4270141800963074,4796293120.0,cell,False,True
JenaWeather-10T/tshort,384,0.3034764806198262,0.7428874675800381,0.4085093555399491,6824632320.0,cell,False,True
JenaWeather-10T/tshort,512,0.30006519257826975,0.7428874675800381,0.4039174244730962,8858214400.0,cell,False,True
JenaWeather-10T/tshort,768,0.301894573593826,0.7428874675800381,0.4063799522385941,12941107200.0,cell,False,False
JenaWeather-10T/tshort,1024,0.30331757007555005,0.7428874675800381,0.40829544623172803,17044971520.0,cell,False,False
JenaWeather-10T/tshort,1536,0.2919509525270988,0.7428874675800381,0.39299485489791797,25315614720.0,cell,False,True
JenaWeather-10T/tshort,2048,0.27511581317048706,0.7428874675800381,0.37033309239510936,33670144000.0,cell,False,True
JenaWeather-10T/tshort,2560,0.2696550105990004,0.7428874675800381,0.3629823120820758,42108559360.0,cell,False,True
JenaWeather-10T/tshort,3072,0.26862585847284876,0.7428874675800381,0.3615969715411941,50630860800.0,cell,False,True
JenaWeather-10T/tshort,4096,0.26759826773753037,0.7428874675800381,0.3602137327867892,67927121920.0,cell,False,True
JenaWeather-10T/tshort,6144,0.2676471639971167,0.7428874675800381,0.3602795519878394,103526277120.0,cell,False,False
JenaWeather-10T/tshort,8192,0.26040418831340045,0.7428874675800381,0.35052979041586096,140467609600.0,cell,False,True
JenaWeather-10T/tmedium,native,0.5874848543725855,0.7160100391723763,0.8204980687863667,148431339520.0,cell,True,False
JenaWeather-10T/tmedium,32,0.7577930056136878,0.7160100391723763,1.0583552801712217,8095006720.0,cell,False,True
JenaWeather-10T/tmedium,48,0.7901445136769983,0.7160100391723763,1.1035383171307387,8349327360.0,cell,False,False
JenaWeather-10T/tmedium,64,0.7898434155078486,0.7160100391723763,1.103117794857758,8603729920.0,cell,False,False
JenaWeather-10T/tmedium,96,0.8958115729639314,0.7160100391723763,1.2511159396583107,9112780800.0,cell,False,False
JenaWeather-10T/tmedium,128,0.8396868775631767,0.7160100391723763,1.1727305926237521,9622159360.0,cell,False,False
JenaWeather-10T/tmedium,192,0.7887012917452216,0.7160100391723763,1.101522672303405,10641899520.0,cell,False,False
JenaWeather-10T/tmedium,256,0.6643870680486414,0.7160100391723763,0.9279018892201498,11662950400.0,cell,False,True
JenaWeather-10T/tmedium,384,0.6469346311117098,0.7160100391723763,0.9035273190575518,13708984320.0,cell,False,True
JenaWeather-10T/tmedium,512,0.6391143079711004,0.7160100391723763,0.8926052331750007,15760261120.0,cell,False,True
JenaWeather-10T/tmedium,768,0.6387919118821606,0.7160100391723763,0.8921549656210536,19878543360.0,cell,False,True
JenaWeather-10T/tmedium,1024,0.6152750964401735,0.7160100391723763,0.8593107118321406,24017797120.0,cell,False,True
JenaWeather-10T/tmedium,1536,0.615658682635759,0.7160100391723763,0.8598464392306402,32359219200.0,cell,False,False
JenaWeather-10T/tmedium,2048,0.6002211994489289,0.7160100391723763,0.8382860108256504,40784527360.0,cell,False,True
JenaWeather-10T/tmedium,2560,0.5918597059554889,0.7160100391723763,0.8266081110253836,49293721600.0,cell,False,True
JenaWeather-10T/tmedium,3072,0.585866408907854,0.7160100391723763,0.8182377017856439,57886801920.0,cell,False,True
JenaWeather-10T/tmedium,4096,0.5777546570469622,0.7160100391723763,0.8069085982576151,75324620800.0,cell,False,True
JenaWeather-10T/tmedium,6144,0.5804072760499399,0.7160100391723763,0.8106133214568091,111206891520.0,cell,False,False
JenaWeather-10T/tmedium,8192,0.587484853140952,0.7160100391723763,0.8204980670662323,148431339520.0,cell,False,False
JenaWeather-10T/tlong,native,0.6463358862791379,0.7614923703210493,0.8487752621955216,152881438720.0,cell,True,False
JenaWeather-10T/tlong,32,0.7819587532500363,0.7614923703210493,1.0268766749696496,11918417920.0,cell,False,True
JenaWeather-10T/tlong,48,0.7283541335956355,0.7614923703210493,0.9564825098491235,12173967360.0,cell,False,True
JenaWeather-10T/tlong,64,0.8080111700976248,0.7614923703210493,1.061088989974992,12429598720.0,cell,False,False
JenaWeather-10T/tlong,96,0.82383877295059,0.7614923703210493,1.0818739688793666,12941107200.0,cell,False,False
JenaWeather-10T/tlong,128,0.7221695909040794,0.7614923703210493,0.9483609016326832,13452943360.0,cell,False,True
JenaWeather-10T/tlong,192,0.7409946338966978,0.7614923703210493,0.9730821512818184,14477598720.0,cell,False,False
JenaWeather-10T/tlong,256,0.7722333844188436,0.7614923703210493,1.0141052156481434,15503564800.0,cell,False,False
JenaWeather-10T/tlong,384,0.7082109354054101,0.7614923703210493,0.9300302445667638,17559429120.0,cell,False,True
JenaWeather-10T/tlong,512,0.6602319814323379,0.7614923703210493,0.8670237643405153,19620536320.0,cell,False,True
JenaWeather-10T/tlong,768,0.6496803616992437,0.7614923703210493,0.8531672634163556,23758479360.0,cell,False,True
JenaWeather-10T/tlong,1024,0.6418714435441414,0.7614923703210493,0.8429125078082199,27917393920.0,cell,False,True
JenaWeather-10T/tlong,1536,0.6341579326573192,0.7614923703210493,0.832783042054584,36298137600.0,cell,False,True
JenaWeather-10T/tlong,2048,0.6175880833892962,0.7614923703210493,0.8110233371463954,44762767360.0,cell,False,True
JenaWeather-10T/tlong,2560,0.6073352331910563,0.7614923703210493,0.797559183600225,53311283200.0,cell,False,True
JenaWeather-10T/tlong,3072,0.6041768771112086,0.7614923703210493,0.793411596305928,61943685120.0,cell,False,True
JenaWeather-10T/tlong,4096,0.6112469823193651,0.7614923703210493,0.8026961347776342,79460147200.0,cell,False,False
JenaWeather-10T/tlong,6144,0.6021780664067133,0.7614923703210493,0.7907867365142894,115499704320.0,cell,False,True
JenaWeather-10T/tlong,8192,0.6463358873399186,0.7614923703210493,0.8487752635885504,152881438720.0,cell,False,False
JenaWeather-H/tshort,native,0.5213262109338483,0.7229102185557323,0.7211493177885644,139279125018.94736,cell,True,True
JenaWeather-H/tshort,32,0.7554687796822649,0.7229102185557323,1.0450381808014553,1259315200.0,cell,False,True
JenaWeather-H/tshort,48,0.7184699512187813,0.7229102185557323,0.9938577886672815,1511424000.0,cell,False,True
JenaWeather-H/tshort,64,0.7074570856740957,0.7229102185557323,0.9786237177384078,1763614720.0,cell,False,True
JenaWeather-H/tshort,96,0.650456739673421,0.7229102185557323,0.8997752735781455,2268241920.0,cell,False,True
JenaWeather-H/tshort,128,0.6029289844003474,0.7229102185557323,0.8340302418257557,2773196800.0,cell,False,True
JenaWeather-H/tshort,192,0.5631648939837646,0.7229102185557323,0.7790246693550475,3784089600.0,cell,False,True
JenaWeather-H/tshort,256,0.5341436636947939,0.7229102185557323,0.7388796699567118,4796293120.0,cell,False,True
JenaWeather-H/tshort,384,0.5399064564322515,0.7229102185557323,0.7468513275561449,6824632320.0,cell,False,False
JenaWeather-H/tshort,512,0.5356910805169373,0.7229102185557323,0.741020207996463,8858214400.0,cell,False,False
JenaWeather-H/tshort,768,0.5304608440791203,0.7229102185557323,0.7337852342700351,12941107200.0,cell,False,True
JenaWeather-H/tshort,1024,0.5273677904207612,0.7229102185557323,0.7295066204408676,17044971520.0,cell,False,True
JenaWeather-H/tshort,1536,0.5263310307885145,0.7229102185557323,0.7280724732872722,25315614720.0,cell,False,True
JenaWeather-H/tshort,2048,0.5279972114662927,0.7229102185557323,0.7303772970883619,33670144000.0,cell,False,False
JenaWeather-H/tshort,2560,0.5275016259566369,0.7229102185557323,0.7296917548219294,42108559360.0,cell,False,False
JenaWeather-H/tshort,3072,0.5247486835249004,0.7229102185557323,0.7258836160502347,50630860800.0,cell,False,True
JenaWeather-H/tshort,4096,0.5248385977803022,0.7229102185557323,0.7260079942276263,67927121920.0,cell,False,False
JenaWeather-H/tshort,6144,0.5227875285612789,0.7229102185557323,0.7231707550153752,103526277120.0,cell,False,True
JenaWeather-H/tshort,8192,0.5226731098731366,0.7229102185557323,0.7230124799139791,140467609600.0,cell,False,False
JenaWeather-H/tmedium,native,0.7339811394135489,0.8886133410507664,0.8259848299662391,145037496320.0,cell,True,True
JenaWeather-H/tmedium,32,0.8730355938857961,0.8886133410507664,0.9824696001676613,8095006720.0,cell,False,True
JenaWeather-H/tmedium,48,0.8423763587575016,0.8886133410507664,0.9479672652240506,8349327360.0,cell,False,True
JenaWeather-H/tmedium,64,0.8489056410606002,0.8886133410507664,0.9553149855445421,8603729920.0,cell,False,False
JenaWeather-H/tmedium,96,0.8086118895403966,0.8886133410507664,0.9099704586746697,9112780800.0,cell,False,True
JenaWeather-H/tmedium,128,0.795898718323868,0.8886133410507664,0.8956637060869858,9622159360.0,cell,False,True
JenaWeather-H/tmedium,192,1.0039106980499968,0.8886133410507664,1.1297497479194873,10641899520.0,cell,False,False
JenaWeather-H/tmedium,256,0.8278315749566242,0.8886133410507664,0.9315993095239049,11662950400.0,cell,False,False
JenaWeather-H/tmedium,384,0.7957109408909582,0.8886133410507664,0.8954523909691102,13708984320.0,cell,False,True
JenaWeather-H/tmedium,512,0.835388340387218,0.8886133410507664,0.9401033067986454,15760261120.0,cell,False,False
JenaWeather-H/tmedium,768,0.8026439575609123,0.8886133410507664,0.9032544532943911,19878543360.0,cell,False,False
JenaWeather-H/tmedium,1024,0.8400655125157621,0.8886133410507664,0.9453667570671429,24017797120.0,cell,False,False
JenaWeather-H/tmedium,1536,0.8069508195278167,0.8886133410507664,0.9081011754489466,32359219200.0,cell,False,False
JenaWeather-H/tmedium,2048,0.783636382022854,0.8886133410507664,0.8818643000522822,40784527360.0,cell,False,True
JenaWeather-H/tmedium,2560,0.8018942599221566,0.8886133410507664,0.9024107819199897,49293721600.0,cell,False,False
JenaWeather-H/tmedium,3072,0.7943613217188571,0.8886133410507664,0.8939335985880448,57886801920.0,cell,False,False
JenaWeather-H/tmedium,4096,0.7995175924217124,0.8886133410507664,0.8997362018854003,75324620800.0,cell,False,False
JenaWeather-H/tmedium,6144,0.7634350355581189,0.8886133410507664,0.8591307380726168,111206891520.0,cell,False,True
JenaWeather-H/tmedium,8192,0.7433424069427811,0.8886133410507664,0.8365195215995682,148431339520.0,cell,False,False
JenaWeather-H/tlong,native,0.8166923151918122,1.267717847392006,0.644222463911777,143873003520.0,cell,True,True
JenaWeather-H/tlong,32,1.294590396598914,1.267717847392006,1.0211975789898289,11918417920.0,cell,False,True
JenaWeather-H/tlong,48,1.234683101489456,1.267717847392006,0.9739415628087035,12173967360.0,cell,False,True
JenaWeather-H/tlong,64,1.2154947204314885,1.267717847392006,0.9588054021106094,12429598720.0,cell,False,True
JenaWeather-H/tlong,96,1.1956347008320198,1.267717847392006,0.9431394401299324,12941107200.0,cell,False,True
JenaWeather-H/tlong,128,1.153564474403606,1.267717847392006,0.9099536436887431,13452943360.0,cell,False,True
JenaWeather-H/tlong,192,1.1387584970847777,1.267717847392006,0.898274406586191,14477598720.0,cell,False,True
JenaWeather-H/tlong,256,1.180873516544857,1.267717847392006,0.9314955366244876,15503564800.0,cell,False,False
JenaWeather-H/tlong,384,1.047601897615367,1.267717847392006,0.8263683435320648,17559429120.0,cell,False,True
JenaWeather-H/tlong,512,1.074036895883155,1.267717847392006,0.8472207740016452,19620536320.0,cell,False,False
JenaWeather-H/tlong,768,1.0614948886719595,1.267717847392006,0.8373273996699694,23758479360.0,cell,False,False
JenaWeather-H/tlong,1024,1.0908620973132848,1.267717847392006,0.8604928135684489,27917393920.0,cell,False,False
JenaWeather-H/tlong,1536,1.0732315128603458,1.267717847392006,0.8465854725231136,36298137600.0,cell,False,False
JenaWeather-H/tlong,2048,1.0944789795234293,1.267717847392006,0.8633458791915174,44762767360.0,cell,False,False
JenaWeather-H/tlong,2560,1.0694726613577277,1.267717847392006,0.8436204188162884,53311283200.0,cell,False,False
JenaWeather-H/tlong,3072,1.0591426880028856,1.267717847392006,0.8354719389506042,61943685120.0,cell,False,False
JenaWeather-H/tlong,4096,1.005921852640783,1.267717847392006,0.7934903296582918,79460147200.0,cell,False,True
JenaWeather-H/tlong,6144,0.9214143910977155,1.267717847392006,0.7268292333292315,115499704320.0,cell,False,True
JenaWeather-D/tshort,native,1.0228357807970492,1.5734140297468562,0.6500741454311371,5683056640.0,cell,True,True
JenaWeather-D/tshort,32,1.5201095756261314,1.5734140297468562,0.9661217879636546,1007288320.0,cell,False,True
JenaWeather-D/tshort,48,1.3309640145486952,1.5734140297468562,0.8459083174457467,1259315200.0,cell,False,True
JenaWeather-D/tshort,64,1.3814243229225371,1.5734140297468562,0.8779789024410771,1511424000.0,cell,False,False
JenaWeather-D/tshort,96,1.2511929303408849,1.5734140297468562,0.7952089575190753,2015887360.0,cell,False,True
JenaWeather-D/tshort,128,1.2894143265162867,1.5734140297468562,0.8195009718603681,2520678400.0,cell,False,False
JenaWeather-D/tshort,192,1.2684827394537719,1.5734140297468562,0.8061976793596126,3531243520.0,cell,False,False
JenaWeather-D/tshort,256,1.2021906237486897,1.5734140297468562,0.7640650210435126,4543119360.0,cell,False,True
BizITObsApp/tshort,native,0.869362727925149,2.242330238675541,0.38770503689886837,139959405226.66666,cell,True,False
BizITObsApp/tshort,32,3.780268690174652,2.242330238675541,1.6858661694753367,1511424000.0,cell,False,True
BizITObsApp/tshort,48,3.8635459148990314,2.242330238675541,1.7230048671069436,1763614720.0,cell,False,False
BizITObsApp/tshort,64,4.631153157343445,2.242330238675541,2.0653305554488224,2015887360.0,cell,False,False
BizITObsApp/tshort,96,5.248113712839068,2.242330238675541,2.340473148120648,2520678400.0,cell,False,False
BizITObsApp/tshort,128,5.542347139620672,2.242330238675541,2.471690852679365,3025797120.0,cell,False,False
BizITObsApp/tshort,192,5.561120873534205,2.242330238675541,2.4800632741852273,4037017600.0,cell,False,False
BizITObsApp/tshort,256,6.696721566751239,2.242330238675541,2.9865010297086023,5049548800.0,cell,False,False
BizITObsApp/tshort,384,4.952123444830197,2.242330238675541,2.2084719544946365,7078543360.0,cell,False,False
BizITObsApp/tshort,512,2.912100776803423,2.242330238675541,1.2986939776201252,9112780800.0,cell,False,True
BizITObsApp/tshort,768,1.143938010648805,2.242330238675541,0.5101559042991302,13196984320.0,cell,False,True
BizITObsApp/tshort,1024,1.2107937612290904,2.242330238675541,0.5399712051086017,17302159360.0,cell,False,False
BizITObsApp/tshort,1536,1.1212944880253968,2.242330238675541,0.5000576938603399,25575424000.0,cell,False,True
BizITObsApp/tshort,2048,1.1175851222698792,2.242330238675541,0.49840344789266816,33932574720.0,cell,False,True
BizITObsApp/tshort,2560,1.0985776878000264,2.242330238675541,0.48992680420209395,42373611520.0,cell,False,True
BizITObsApp/tshort,3072,1.0707489029841908,2.242330238675541,0.4775161501709228,50898534400.0,cell,False,True
BizITObsApp/tshort,4096,1.0535593420928275,2.242330238675541,0.46985021381824865,68200038400.0,cell,False,True
BizITObsApp/tshort,6144,0.8397258559055665,2.242330238675541,0.3744880399068964,103809679360.0,cell,False,True
BizITObsApp/tshort,8192,0.8743652891989482,2.242330238675541,0.3899360023416544,140761497600.0,cell,False,False
BizITObsApp/tmedium,native,2.1988948617542587,2.6914183385868085,0.8170022587082614,145781964800.0,cell,True,True
BizITObsApp/tmedium,32,6.709186914785237,2.6914183385868085,2.4928071636414764,10131865600.0,cell,False,True
BizITObsApp/tmedium,48,6.840502121651922,2.6914183385868085,2.54159750031416,10386841600.0,cell,False,False
BizITObsApp/tmedium,64,7.273457374682534,2.6914183385868085,2.7024625902272894,10641899520.0,cell,False,False
BizITObsApp/tmedium,96,8.464980973555074,2.6914183385868085,3.14517474009626,11152261120.0,cell,False,False
BizITObsApp/tmedium,128,7.881638449453916,2.6914183385868085,2.9284330631381343,11662950400.0,cell,False,False
BizITObsApp/tmedium,192,8.349473154701903,2.6914183385868085,3.1022576590921154,12685312000.0,cell,False,False
BizITObsApp/tmedium,256,9.424528991809392,2.6914183385868085,3.5016960599138818,13708984320.0,cell,False,False
BizITObsApp/tmedium,384,9.047749376428865,2.6914183385868085,3.361703101562277,15760261120.0,cell,False,False
BizITObsApp/tmedium,512,6.436838078658161,2.6914183385868085,2.3916155977587534,17816780800.0,cell,False,True
BizITObsApp/tmedium,768,3.7938002830197592,2.6914183385868085,1.4095914516996946,21945548800.0,cell,False,True
BizITObsApp/tmedium,1024,2.628659708607783,2.6914183385868085,0.9766819490380755,26095288320.0,cell,False,True
BizITObsApp/tmedium,1536,2.550686315772388,2.6914183385868085,0.9477108330590053,34457681920.0,cell,False,True
BizITObsApp/tmedium,2048,2.6048267732490618,2.6914183385868085,0.9678267907681667,42903961600.0,cell,False,False
BizITObsApp/tmedium,2560,2.576508850006322,2.6914183385868085,0.9573052293903807,51434127360.0,cell,False,False
BizITObsApp/tmedium,3072,2.5741595365754484,2.6914183385868085,0.9564323389157965,60048179200.0,cell,False,False
BizITObsApp/tmedium,4096,2.5923824448184667,2.6914183385868085,0.9632030842814489,77527941120.0,cell,False,False
BizITObsApp/tmedium,6144,2.2522487505379876,2.6914183385868085,0.8368259657919188,113494097920.0,cell,False,True
BizITObsApp/tmedium,8192,2.199832421303401,2.6914183385868085,0.8173506101836527,150802432000.0,cell,False,False
BizITObsApp/tlong,native,2.775550258855406,3.2063450561622804,0.8656430328735427,151692943360.0,cell,True,True
BizITObsApp/tlong,32,7.478878770567127,3.2063450561622804,2.332524615899794,14990417920.0,cell,False,True
BizITObsApp/tlong,48,7.384375982046071,3.2063450561622804,2.3030509357855995,15246950400.0,cell,False,True
BizITObsApp/tlong,64,7.424422017533516,3.2063450561622804,2.3155405570790037,15503564800.0,cell,False,False
BizITObsApp/tlong,96,7.778056947931775,3.2063450561622804,2.4258327820903474,16017039360.0,cell,False,False
BizITObsApp/tlong,128,8.94914925472085,3.2063450561622804,2.7910749148852414,16530841600.0,cell,False,False
BizITObsApp/tlong,192,9.507252098351625,3.2063450561622804,2.965136918149099,17559429120.0,cell,False,False
BizITObsApp/tlong,256,9.487506108974776,3.2063450561622804,2.958978507550434,18589327360.0,cell,False,False
BizITObsApp/tlong,384,9.125699832755922,3.2063450561622804,2.8461377901973535,20653056000.0,cell,False,False
BizITObsApp/tlong,512,5.161446891114076,3.2063450561622804,1.60976027243053,22722027520.0,cell,False,True
BizITObsApp/tlong,768,4.55964034302138,3.2063450561622804,1.4220678882512034,26875699200.0,cell,False,True
BizITObsApp/tlong,1024,3.396511258869417,3.2063450561622804,1.0593093380082894,31050342400.0,cell,False,True
BizITObsApp/tlong,1536,3.338841370348845,3.2063450561622804,1.0413231613771323,39462543360.0,cell,False,True
BizITObsApp/tlong,2048,3.259889278832405,3.2063450561622804,1.0166994573984536,47958630400.0,cell,False,True
BizITObsApp/tlong,2560,3.2616477360159974,3.2063450561622804,1.0172478878239979,56538603520.0,cell,False,False
BizITObsApp/tlong,3072,3.2438277042486527,3.2063450561622804,1.0116901479503382,65202462720.0,cell,False,True
BizITObsApp/tlong,4096,3.2763686240599803,3.2063450561622804,1.0218390618199753,82781839360.0,cell,False,False
BizITObsApp/tlong,6144,2.844547865357965,3.2063450561622804,0.8871621162204684,118947225600.0,cell,False,True
BizITObsService/tshort,native,0.6730242488468393,1.225305042620374,0.5492707737556882,139959405226.66666,cell,True,False
BizITObsService/tshort,32,2.615604028861291,1.225305042620374,2.1346554024357034,1511424000.0,cell,False,True
BizITObsService/tshort,48,2.399975664454622,1.225305042620374,1.958676069203272,1763614720.0,cell,False,True
BizITObsService/tshort,64,2.6725798719342295,1.225305042620374,2.1811547157422844,2015887360.0,cell,False,False
BizITObsService/tshort,96,3.3017984223916734,1.225305042620374,2.694674638186927,2520678400.0,cell,False,False
BizITObsService/tshort,128,3.564211072708819,1.225305042620374,2.9088357174198696,3025797120.0,cell,False,False
BizITObsService/tshort,192,3.8767970421318383,1.225305042620374,3.163944411622693,4037017600.0,cell,False,False
BizITObsService/tshort,256,4.511088974013721,1.225305042620374,3.6816048388787657,5049548800.0,cell,False,False
BizITObsService/tshort,384,3.165764927948539,1.225305042620374,2.58365453322415,7078543360.0,cell,False,False
BizITObsService/tshort,512,1.7130503666089196,1.225305042620374,1.398060325407197,9112780800.0,cell,False,True
BizITObsService/tshort,768,0.8618038100244815,1.225305042620374,0.7033381729838248,13196984320.0,cell,False,True
BizITObsService/tshort,1024,0.8388727701045162,1.225305042620374,0.6846236169162793,17302159360.0,cell,False,True
BizITObsService/tshort,1536,0.7692116831335098,1.225305042620374,0.6277715804453996,25575424000.0,cell,False,True
BizITObsService/tshort,2048,0.7650736109297582,1.225305042620374,0.624394403285578,33932574720.0,cell,False,True
BizITObsService/tshort,2560,0.7342242368963997,1.225305042620374,0.5992175102178848,42373611520.0,cell,False,True
BizITObsService/tshort,3072,0.7323734238547571,1.225305042620374,0.5977070185629377,50898534400.0,cell,False,True
BizITObsService/tshort,4096,0.7246782764236716,1.225305042620374,0.5914268294154018,68200038400.0,cell,False,True
BizITObsService/tshort,6144,0.6689251970618808,1.225305042620374,0.5459254420689823,103809679360.0,cell,False,True
BizITObsService/tshort,8192,0.6745994891743574,1.225305042620374,0.5505563640966448,140761497600.0,cell,False,False
BizITObsService/tmedium,native,0.993578427761152,1.3205790727650968,0.7523808670394466,145781964800.0,cell,True,True
BizITObsService/tmedium,32,3.781346524191088,1.3205790727650968,2.863400308376468,10131865600.0,cell,False,True
BizITObsService/tmedium,48,3.780666920981176,1.3205790727650968,2.862885683221543,10386841600.0,cell,False,True
BizITObsService/tmedium,64,4.298941022914528,1.3205790727650968,3.2553454098838497,10641899520.0,cell,False,False
BizITObsService/tmedium,96,5.2223429237894585,1.3205790727650968,3.9545855537863757,11152261120.0,cell,False,False
BizITObsService/tmedium,128,4.729838634927867,1.3205790727650968,3.5816398521478052,11662950400.0,cell,False,False
BizITObsService/tmedium,192,5.076272842768609,1.3205790727650968,3.84397492543907,12685312000.0,cell,False,False
BizITObsService/tmedium,256,5.38401909564154,1.3205790727650968,4.077013793932235,13708984320.0,cell,False,False
BizITObsService/tmedium,384,4.493100895506217,1.3205790727650968,3.402371723261016,15760261120.0,cell,False,False
BizITObsService/tmedium,512,3.5797673174736944,1.3205790727650968,2.7107557520036965,17816780800.0,cell,False,True
BizITObsService/tmedium,768,2.4942505001592665,1.3205790727650968,1.8887551314414486,21945548800.0,cell,False,True
BizITObsService/tmedium,1024,1.235167832879644,1.3205790727650968,0.9353228885366067,26095288320.0,cell,False,True
BizITObsService/tmedium,1536,1.1840052658216873,1.3205790727650968,0.8965803640538963,34457681920.0,cell,False,True
BizITObsService/tmedium,2048,1.1769275969725863,1.3205790727650968,0.8912208448891095,42903961600.0,cell,False,True
BizITObsService/tmedium,2560,1.1556259883695192,1.3205790727650968,0.8750903389297316,51434127360.0,cell,False,True
BizITObsService/tmedium,3072,1.1549563578964481,1.3205790727650968,0.874583265565568,60048179200.0,cell,False,True
BizITObsService/tmedium,4096,1.1573934444577578,1.3205790727650968,0.8764287336723787,77527941120.0,cell,False,False
BizITObsService/tmedium,6144,1.0182943554309125,1.3205790727650968,0.7710968441282013,113494097920.0,cell,False,True
BizITObsService/tmedium,8192,0.9983410633447888,1.3205790727650968,0.7559873421698335,150802432000.0,cell,False,False
BizITObsService/tlong,native,1.2235630087023448,1.367193469742303,0.8949450357841232,151692943360.0,cell,True,True
BizITObsService/tlong,32,3.866926624287171,1.367193469742303,2.8283682667209002,14990417920.0,cell,False,True
BizITObsService/tlong,48,3.889161088314796,1.367193469742303,2.8446311179703403,15246950400.0,cell,False,False
BizITObsService/tlong,64,3.986703947385664,1.367193469742303,2.9159764405085276,15503564800.0,cell,False,False
BizITObsService/tlong,96,3.926322589019353,1.367193469742303,2.8718119826591995,16017039360.0,cell,False,False
BizITObsService/tlong,128,4.443138803807726,1.367193469742303,3.24982447776407,16530841600.0,cell,False,False
BizITObsService/tlong,192,5.5223591640953655,1.367193469742303,4.039193637412746,17559429120.0,cell,False,False
BizITObsService/tlong,256,5.357387857036902,1.367193469742303,3.918529436837272,18589327360.0,cell,False,False
BizITObsService/tlong,384,5.04712802608488,1.367193469742303,3.69159752279697,20653056000.0,cell,False,False
BizITObsService/tlong,512,3.1618064193026547,1.367193469742303,2.312625454463743,22722027520.0,cell,False,True
BizITObsService/tlong,768,2.6601980720710134,1.367193469742303,1.9457363796306195,26875699200.0,cell,False,True
BizITObsService/tlong,1024,1.4591616551162179,1.367193469742303,1.0672678647238196,31050342400.0,cell,False,True
BizITObsService/tlong,1536,1.385163271556828,1.367193469742303,1.0131435690794457,39462543360.0,cell,False,True
BizITObsService/tlong,2048,1.3345096876244067,1.367193469742303,0.9760942523196394,47958630400.0,cell,False,True
BizITObsService/tlong,2560,1.3286966936171969,1.367193469742303,0.9718424809823278,56538603520.0,cell,False,True
BizITObsService/tlong,3072,1.3176528969782062,1.367193469742303,0.9637647678543736,65202462720.0,cell,False,True
BizITObsService/tlong,4096,1.3299574089492237,1.367193469742303,0.9727646001702321,82781839360.0,cell,False,False
BizITObsService/tlong,6144,1.2564889295429418,1.367193469742303,0.9190278898711918,118947225600.0,cell,False,True
BizITObsL2C-5T/tshort,native,0.2657506186548488,0.9860210805885202,0.26951819173706903,140467609600.0,cell,True,False
BizITObsL2C-5T/tshort,32,0.39120687490512734,0.9860210805885202,0.39675305387145493,1259315200.0,cell,False,True
BizITObsL2C-5T/tshort,48,0.3213699863872689,0.9860210805885202,0.32592608080494057,1511424000.0,cell,False,True
BizITObsL2C-5T/tshort,64,0.29845879139913917,0.9860210805885202,0.30269007151550953,1763614720.0,cell,False,True
BizITObsL2C-5T/tshort,96,0.29562964782740686,0.9860210805885202,0.29982081889259027,2268241920.0,cell,False,True
BizITObsL2C-5T/tshort,128,0.3035128229956798,0.9860210805885202,0.3078157546231405,2773196800.0,cell,False,False
BizITObsL2C-5T/tshort,192,0.2946674097682704,0.9860210805885202,0.2988449390883145,3784089600.0,cell,False,True
BizITObsL2C-5T/tshort,256,0.28957959738539174,0.9860210805885202,0.2936849962807612,4796293120.0,cell,False,True
BizITObsL2C-5T/tshort,384,0.2969836603541174,0.9860210805885202,0.3011940273902244,6824632320.0,cell,False,False
BizITObsL2C-5T/tshort,512,0.29399117151060167,0.9860210805885202,0.29815911373327736,8858214400.0,cell,False,False
BizITObsL2C-5T/tshort,768,0.29612615155808986,0.9860210805885202,0.3003243616062883,12941107200.0,cell,False,False
BizITObsL2C-5T/tshort,1024,0.29153474394231027,0.9860210805885202,0.29566786114583243,17044971520.0,cell,False,False
BizITObsL2C-5T/tshort,1536,0.29542241978055916,0.9860210805885202,0.29961065295301015,25315614720.0,cell,False,False
BizITObsL2C-5T/tshort,2048,0.2902438436827305,0.9860210805885202,0.29435865966424823,33670144000.0,cell,False,False
BizITObsL2C-5T/tshort,2560,0.28358233049875375,0.9860210805885202,0.2876027055420496,42108559360.0,cell,False,True
BizITObsL2C-5T/tshort,3072,0.28297248908597566,0.9860210805885202,0.2869842183466094,50630860800.0,cell,False,True
BizITObsL2C-5T/tshort,4096,0.2761948654735546,0.9860210805885202,0.2801105076868173,67927121920.0,cell,False,True
BizITObsL2C-5T/tshort,6144,0.27171198061084556,0.9860210805885202,0.27556406851734905,103526277120.0,cell,False,True
BizITObsL2C-5T/tshort,8192,0.26575061823839274,0.9860210805885202,0.26951819131470883,140467609600.0,cell,False,True
BizITObsL2C-5T/tmedium,native,0.664842366420406,1.2435997989335994,0.5346111884148869,148431339520.0,cell,True,False
BizITObsL2C-5T/tmedium,32,0.9355016902609921,1.2435997989335994,0.752253008615147,8095006720.0,cell,False,True
BizITObsL2C-5T/tmedium,48,0.9146265891748432,1.2435997989335994,0.7354669805826164,8349327360.0,cell,False,True
BizITObsL2C-5T/tmedium,64,1.012668045519472,1.2435997989335994,0.8143038028695776,8603729920.0,cell,False,False
BizITObsL2C-5T/tmedium,96,1.1327622023253519,1.2435997989335994,0.910873581112435,9112780800.0,cell,False,False
BizITObsL2C-5T/tmedium,128,1.1423931012329511,1.2435997989335994,0.918617952666578,9622159360.0,cell,False,False
BizITObsL2C-5T/tmedium,192,1.044926680163658,1.2435997989335994,0.8402435261405593,10641899520.0,cell,False,False
BizITObsL2C-5T/tmedium,256,1.0918883549672493,1.2435997989335994,0.8780062170350588,11662950400.0,cell,False,False
BizITObsL2C-5T/tmedium,384,1.031577740634935,1.2435997989335994,0.8295094141375097,13708984320.0,cell,False,False
BizITObsL2C-5T/tmedium,512,0.9590338294062899,1.2435997989335994,0.7711756066772221,15760261120.0,cell,False,False
BizITObsL2C-5T/tmedium,768,0.9586396304602095,1.2435997989335994,0.770858624520729,19878543360.0,cell,False,False
BizITObsL2C-5T/tmedium,1024,0.898577210488563,1.2435997989335994,0.7225613989798831,24017797120.0,cell,False,True
BizITObsL2C-5T/tmedium,1536,0.9525012147454733,1.2435997989335994,0.7659226188057072,32359219200.0,cell,False,False
BizITObsL2C-5T/tmedium,2048,0.8896275789681763,1.2435997989335994,0.7153648462560398,40784527360.0,cell,False,True
BizITObsL2C-5T/tmedium,2560,0.8278120768814247,1.2435997989335994,0.6656579372168464,49293721600.0,cell,False,True
BizITObsL2C-5T/tmedium,3072,0.8239413957498338,1.2435997989335994,0.662545455906613,57886801920.0,cell,False,True
BizITObsL2C-5T/tmedium,4096,0.7353631625279121,1.2435997989335994,0.5913181741895537,75324620800.0,cell,False,True
BizITObsL2C-5T/tmedium,6144,0.684256615237686,1.2435997989335994,0.5502225199975456,111206891520.0,cell,False,True
BizITObsL2C-5T/tmedium,8192,0.6648423641396124,1.2435997989335994,0.5346111865808615,148431339520.0,cell,False,True
BizITObsL2C-5T/tlong,native,0.8841270272495135,1.4542830442631411,0.6079470091721276,152881438720.0,cell,True,False
BizITObsL2C-5T/tlong,32,1.24866212415789,1.4542830442631411,0.8586101096919303,11918417920.0,cell,False,True
BizITObsL2C-5T/tlong,48,1.2834182997332981,1.4542830442631411,0.8825092919814539,12173967360.0,cell,False,False
BizITObsL2C-5T/tlong,64,1.2701694154768284,1.4542830442631411,0.8733990405013627,12429598720.0,cell,False,False
BizITObsL2C-5T/tlong,96,1.2814037120636106,1.4542830442631411,0.8811240130444309,12941107200.0,cell,False,False
BizITObsL2C-5T/tlong,128,1.2577254577635903,1.4542830442631411,0.864842275872684,13452943360.0,cell,False,False
BizITObsL2C-5T/tlong,192,1.3377009654278207,1.4542830442631411,0.9198353585327054,14477598720.0,cell,False,False
BizITObsL2C-5T/tlong,256,1.2963581858425648,1.4542830442631411,0.8914070689034307,15503564800.0,cell,False,False
BizITObsL2C-5T/tlong,384,1.237610328798221,1.4542830442631411,0.8510106293821886,17559429120.0,cell,False,True
BizITObsL2C-5T/tlong,512,1.18463936461626,1.4542830442631411,0.814586520340334,19620536320.0,cell,False,True
BizITObsL2C-5T/tlong,768,1.2009445941755845,1.4542830442631411,0.8257983883626185,23758479360.0,cell,False,False
BizITObsL2C-5T/tlong,1024,1.2211856403102568,1.4542830442631411,0.8397166185273166,27917393920.0,cell,False,False
BizITObsL2C-5T/tlong,1536,1.5309221889161075,1.4542830442631411,1.0526989192064726,36298137600.0,cell,False,False
BizITObsL2C-5T/tlong,2048,1.4178077911149876,1.4542830442631411,0.9749187386237904,44762767360.0,cell,False,False
BizITObsL2C-5T/tlong,2560,1.3842318682307249,1.4542830442631411,0.9518311264724193,53311283200.0,cell,False,False
BizITObsL2C-5T/tlong,3072,1.195955583914959,1.4542830442631411,0.8223678249105407,61943685120.0,cell,False,False
BizITObsL2C-5T/tlong,4096,1.0341121998023948,1.4542830442631411,0.7110804212988405,79460147200.0,cell,False,True
BizITObsL2C-5T/tlong,6144,0.8679613060243562,1.4542830442631411,0.5968310704359043,115499704320.0,cell,False,True
BizITObsL2C-5T/tlong,8192,0.8841270335759405,1.4542830442631411,0.6079470135223309,152881438720.0,cell,False,False
BizITObsL2C-H/tshort,native,0.4743271931715572,1.214064126760004,0.39069368966316725,41182597120.0,cell,True,True
BizITObsL2C-H/tshort,32,1.1430587084547257,1.214064126760004,0.9415142769313414,1259315200.0,cell,False,True
BizITObsL2C-H/tshort,48,1.0926077783518569,1.214064126760004,0.899958868950127,1511424000.0,cell,False,True
BizITObsL2C-H/tshort,64,1.118360126744412,1.214064126760004,0.9211705560636249,1763614720.0,cell,False,False
BizITObsL2C-H/tshort,96,1.0101302462396944,1.214064126760004,0.8320237983931278,2268241920.0,cell,False,True
BizITObsL2C-H/tshort,128,1.028025118688121,1.214064126760004,0.8467634419210056,2773196800.0,cell,False,False
BizITObsL2C-H/tshort,192,0.9813493521765869,1.214064126760004,0.8083175596296815,3784089600.0,cell,False,True
BizITObsL2C-H/tshort,256,0.9902354977763218,1.214064126760004,0.815636897549211,4796293120.0,cell,False,False
BizITObsL2C-H/tshort,384,0.9029485930909251,1.214064126760004,0.7437404443376818,6824632320.0,cell,False,True
BizITObsL2C-H/tshort,512,0.7002309013542962,1.214064126760004,0.5767659927676273,8858214400.0,cell,False,True
BizITObsL2C-H/tshort,768,0.590312098990677,1.214064126760004,0.48622810441327685,12941107200.0,cell,False,True
BizITObsL2C-H/tshort,1024,0.5376470392330353,1.214064126760004,0.4428489627379602,17044971520.0,cell,False,True
BizITObsL2C-H/tshort,1536,0.4947191294751854,1.214064126760004,0.4074901140481366,25315614720.0,cell,False,True
BizITObsL2C-H/tshort,2048,0.4863650242761017,1.214064126760004,0.4006090070168478,33670144000.0,cell,False,True
BizITObsL2C-H/tshort,2560,0.48043821928549557,1.214064126760004,0.3957272179416504,42108559360.0,cell,False,False
BizITObsL2C-H/tmedium,native,0.4960748822843239,1.5102861226255864,0.3284641730150528,43169259520.0,cell,True,False
BizITObsL2C-H/tmedium,32,1.409591556694795,1.5102861226255864,0.9333274904521158,8095006720.0,cell,False,True
BizITObsL2C-H/tmedium,48,1.2748226031237166,1.5102861226255864,0.8440934363532894,8349327360.0,cell,False,True
BizITObsL2C-H/tmedium,64,1.2709961499516254,1.5102861226255864,0.8415598414835709,8603729920.0,cell,False,True
BizITObsL2C-H/tmedium,96,1.2546929685756778,1.5102861226255864,0.8307650780730425,9112780800.0,cell,False,True
BizITObsL2C-H/tmedium,128,1.3963418875495615,1.5102861226255864,0.9245545374687438,9622159360.0,cell,False,False
BizITObsL2C-H/tmedium,192,1.2816809559616062,1.5102861226255864,0.848634531404846,10641899520.0,cell,False,False
BizITObsL2C-H/tmedium,256,1.1307968330770986,1.5102861226255864,0.7487302016065954,11662950400.0,cell,False,True
BizITObsL2C-H/tmedium,384,1.027689408855599,1.5102861226255864,0.6804600753855782,13708984320.0,cell,False,True
BizITObsL2C-H/tmedium,512,0.9720945665973734,1.5102861226255864,0.6436492741570164,15760261120.0,cell,False,True
BizITObsL2C-H/tmedium,768,0.6830303194682066,1.5102861226255864,0.45225226480978264,19878543360.0,cell,False,True
BizITObsL2C-H/tmedium,1024,0.5753415890478618,1.5102861226255864,0.380948735758525,24017797120.0,cell,False,True
BizITObsL2C-H/tmedium,1536,0.5029852221279937,1.5102861226255864,0.3330396900248075,32359219200.0,cell,False,True
BizITObsL2C-H/tmedium,2048,0.49452956990345465,1.5102861226255864,0.3274409812120435,40784527360.0,cell,False,True
BizITObsL2C-H/tlong,native,0.5644157688498629,1.4260541525613812,0.3957884543417217,43169259520.0,cell,True,True
BizITObsL2C-H/tlong,32,1.3169234545365482,1.4260541525613812,0.9234736648472852,11918417920.0,cell,False,True
BizITObsL2C-H/tlong,48,1.3976764761032294,1.4260541525613812,0.9801005618144432,12173967360.0,cell,False,False
BizITObsL2C-H/tlong,64,1.2849507473488029,1.4260541525613812,0.9010532629780307,12429598720.0,cell,False,True
BizITObsL2C-H/tlong,96,1.3987392008300423,1.4260541525613812,0.9808457822711166,12941107200.0,cell,False,False
BizITObsL2C-H/tlong,128,1.2537137477932863,1.4260541525613812,0.879148765523,13452943360.0,cell,False,True
BizITObsL2C-H/tlong,192,1.2413356623120648,1.4260541525613812,0.8704688107968848,14477598720.0,cell,False,True
BizITObsL2C-H/tlong,256,1.1614959781572016,1.4260541525613812,0.8144823785765791,15503564800.0,cell,False,True
BizITObsL2C-H/tlong,384,1.1571640625256971,1.4260541525613812,0.8114446849351955,17559429120.0,cell,False,True
BizITObsL2C-H/tlong,512,1.0628477154909854,1.4260541525613812,0.7453067007181816,19620536320.0,cell,False,True
BizITObsL2C-H/tlong,768,0.804741695412683,1.4260541525613812,0.5643135598793783,23758479360.0,cell,False,True
BizITObsL2C-H/tlong,1024,0.6670626889635277,1.4260541525613812,0.4677681333246674,27917393920.0,cell,False,True
BizITObsL2C-H/tlong,1536,0.5741851809265822,1.4260541525613812,0.4026391142967958,36298137600.0,cell,False,True
BitbrainsFS-5T/tshort,native,0.6872131235438432,1.1360241737534569,0.6049282571807175,138415923200.0,cell,True,True
BitbrainsFS-5T/tshort,32,3.0943941020169587,1.1360241737534569,2.723880506691148,1259315200.0,cell,False,True
BitbrainsFS-5T/tshort,48,1.9001346379931656,1.1360241737534569,1.6726181377946083,1511424000.0,cell,False,True
BitbrainsFS-5T/tshort,64,2.042919018031936,1.1360241737534569,1.798305938580578,1763614720.0,cell,False,False
BitbrainsFS-5T/tshort,96,0.9479942816901694,1.1360241737534569,0.834484250945091,2268241920.0,cell,False,True
BitbrainsFS-5T/tshort,128,0.8855372697601664,1.1360241737534569,0.7795056568508798,2773196800.0,cell,False,True
BitbrainsFS-5T/tshort,192,0.8561797980230426,1.1360241737534569,0.7536633619284699,3784089600.0,cell,False,True
BitbrainsFS-5T/tshort,256,0.8034886877070555,1.1360241737534569,0.7072813292804373,4796293120.0,cell,False,True
BitbrainsFS-5T/tshort,384,0.7770446998812722,1.1360241737534569,0.6840036663250695,6824632320.0,cell,False,True
BitbrainsFS-5T/tshort,512,0.7707295776191382,1.1360241737534569,0.6784446981199574,8858214400.0,cell,False,True
BitbrainsFS-5T/tshort,768,0.7479466125053551,1.1360241737534569,0.6583896978478175,12941107200.0,cell,False,True
BitbrainsFS-5T/tshort,1024,0.7350726391344128,1.1360241737534569,0.6470572159619733,17044971520.0,cell,False,True
BitbrainsFS-5T/tshort,1536,0.7089579919493776,1.1360241737534569,0.624069459373351,25315614720.0,cell,False,True
BitbrainsFS-5T/tshort,2048,0.701121970425252,1.1360241737534569,0.6171716998844529,33670144000.0,cell,False,True
BitbrainsFS-5T/tshort,2560,0.7001922572145644,1.1360241737534569,0.6163533077831511,42108559360.0,cell,False,True
BitbrainsFS-5T/tshort,3072,0.705266067321752,1.1360241737534569,0.6208195948784544,50630860800.0,cell,False,False
BitbrainsFS-5T/tshort,4096,0.7011937977071828,1.1360241737534569,0.6172349267801389,67927121920.0,cell,False,False
BitbrainsFS-5T/tshort,6144,0.7109089388666217,1.1360241737534569,0.625786805678402,103526277120.0,cell,False,False
BitbrainsFS-5T/tshort,8192,0.6974199409821197,1.1360241737534569,0.6139129404947642,140467609600.0,cell,False,False
BitbrainsFS-5T/tmedium,native,0.974446987236135,1.2202713595882653,0.7985494206509325,143419392000.0,cell,True,True
BitbrainsFS-5T/tmedium,32,1.8140074053327595,1.2202713595882653,1.4865606662642874,8095006720.0,cell,False,True
BitbrainsFS-5T/tmedium,48,1.6552424657658809,1.2202713595882653,1.3564544088983457,8349327360.0,cell,False,True
BitbrainsFS-5T/tmedium,64,1.5361522760519186,1.2202713595882653,1.2588612065518243,8603729920.0,cell,False,True
BitbrainsFS-5T/tmedium,96,1.2363791794224204,1.2202713595882653,1.0132001949464666,9112780800.0,cell,False,True
BitbrainsFS-5T/tmedium,128,1.1583234648802476,1.2202713595882653,0.9492343287242933,9622159360.0,cell,False,True
BitbrainsFS-5T/tmedium,192,1.132189131857877,1.2202713595882653,0.9278175079351954,10641899520.0,cell,False,True
BitbrainsFS-5T/tmedium,256,1.1359186397727954,1.2202713595882653,0.9308738018370508,11662950400.0,cell,False,False
BitbrainsFS-5T/tmedium,384,1.1342648318129243,1.2202713595882653,0.9295185229911807,13708984320.0,cell,False,False
BitbrainsFS-5T/tmedium,512,1.1329050598239512,1.2202713595882653,0.92840420364058,15760261120.0,cell,False,False
BitbrainsFS-5T/tmedium,768,1.1344028250539966,1.2202713595882653,0.9296316070523513,19878543360.0,cell,False,False
BitbrainsFS-5T/tmedium,1024,1.0926699803035742,1.2202713595882653,0.895431964143004,24017797120.0,cell,False,True
BitbrainsFS-5T/tmedium,1536,1.048818775883032,1.2202713595882653,0.8594963469739358,32359219200.0,cell,False,True
BitbrainsFS-5T/tmedium,2048,1.0122163431553237,1.2202713595882653,0.8295010246711503,40784527360.0,cell,False,True
BitbrainsFS-5T/tmedium,2560,1.0045115374259488,1.2202713595882653,0.8231870145382117,49293721600.0,cell,False,True
BitbrainsFS-5T/tmedium,3072,1.0115648817546006,1.2202713595882653,0.8289671586620825,57886801920.0,cell,False,False
BitbrainsFS-5T/tmedium,4096,1.003868434516538,1.2202713595882653,0.8226599982279809,75324620800.0,cell,False,True
BitbrainsFS-5T/tmedium,6144,0.9948256962038234,1.2202713595882653,0.8152495659158058,111206891520.0,cell,False,True
BitbrainsFS-5T/tlong,native,0.8699522964144931,1.1366422318753115,0.7653703795425454,141223219200.0,cell,True,True
BitbrainsFS-5T/tlong,32,1.764494219961487,1.1366422318753115,1.5523743271885133,11918417920.0,cell,False,True
BitbrainsFS-5T/tlong,48,1.5905023775574785,1.1366422318753115,1.399299034431755,12173967360.0,cell,False,True
BitbrainsFS-5T/tlong,64,1.44196330634428,1.1366422318753115,1.2686166903769083,12429598720.0,cell,False,True
BitbrainsFS-5T/tlong,96,1.2485840743419707,1.1366422318753115,1.098484676468487,12941107200.0,cell,False,True
BitbrainsFS-5T/tlong,128,1.1393611477510404,1.1366422318753115,1.00239205952364,13452943360.0,cell,False,True
BitbrainsFS-5T/tlong,192,1.0958930558560178,1.1366422318753115,0.964149514353287,14477598720.0,cell,False,True
BitbrainsFS-5T/tlong,256,1.150053061440723,1.1366422318753115,1.0117986374158254,15503564800.0,cell,False,False
BitbrainsFS-5T/tlong,384,1.0967072072636617,1.1366422318753115,0.9648657919864879,17559429120.0,cell,False,False
BitbrainsFS-5T/tlong,512,1.0985378005035267,1.1366422318753115,0.9664763191941957,19620536320.0,cell,False,False
BitbrainsFS-5T/tlong,768,1.0636783815481097,1.1366422318753115,0.9358075493932502,23758479360.0,cell,False,True
BitbrainsFS-5T/tlong,1024,1.0315658953323035,1.1366422318753115,0.9075554879131618,27917393920.0,cell,False,True
BitbrainsFS-5T/tlong,1536,0.9719176881550607,1.1366422318753115,0.8550779312075386,36298137600.0,cell,False,True
BitbrainsFS-5T/tlong,2048,0.951960825757569,1.1366422318753115,0.8375201968230211,44762767360.0,cell,False,True
BitbrainsFS-5T/tlong,2560,0.9471406283439744,1.1366422318753115,0.8332794627745934,53311283200.0,cell,False,True
BitbrainsFS-5T/tlong,3072,0.9596516977928973,1.1366422318753115,0.8442865053585041,61943685120.0,cell,False,False
BitbrainsFS-5T/tlong,4096,0.9082413118341419,1.1366422318753115,0.7990564544972626,79460147200.0,cell,False,True
BitbrainsFS-5T/tlong,6144,0.9033729179602422,1.1366422318753115,0.7947733179593324,115499704320.0,cell,False,True
BitbrainsFS-H/tshort,native,1.038858990191494,1.298512456963805,0.8000377544475504,11279994880.0,cell,True,False
BitbrainsFS-H/tshort,32,5.007810647641751,1.298512456963805,3.8565749760699757,1259315200.0,cell,False,True
BitbrainsFS-H/tshort,48,1.5673918955786648,1.298512456963805,1.2070672770006046,1511424000.0,cell,False,True
BitbrainsFS-H/tshort,64,1.4360300962893062,1.298512456963805,1.105903981581391,1763614720.0,cell,False,True
BitbrainsFS-H/tshort,96,1.06436930617921,1.298512456963805,0.8196835544172825,2268241920.0,cell,False,True
BitbrainsFS-H/tshort,128,1.0092327865912136,1.298512456963805,0.7772222601167894,2773196800.0,cell,False,True
BitbrainsFS-H/tshort,192,0.9955540771276481,1.298512456963805,0.766688122080448,3784089600.0,cell,False,True
BitbrainsFS-H/tshort,256,0.9661003640449135,1.298512456963805,0.7440054647637799,4796293120.0,cell,False,True
BitbrainsFS-H/tshort,384,1.0003027280862145,1.298512456963805,0.7703451150750856,6824632320.0,cell,False,False
BitbrainsFS-H/tshort,512,1.0351104309310373,1.298512456963805,0.7971509440512747,8858214400.0,cell,False,False
BitbrainsRnD-5T/tshort,native,1.6482947554461322,1.970812637671696,0.8363528444760817,138415923200.0,cell,True,False
BitbrainsRnD-5T/tshort,32,3.071116752796716,1.970812637671696,1.5582997054580041,1259315200.0,cell,False,True
BitbrainsRnD-5T/tshort,48,3.229738090668292,1.970812637671696,1.6387849503968483,1511424000.0,cell,False,False
BitbrainsRnD-5T/tshort,64,3.2304341986780165,1.970812637671696,1.6391381590156782,1763614720.0,cell,False,False
BitbrainsRnD-5T/tshort,96,2.080288071118938,1.970812637671696,1.0555483719530923,2268241920.0,cell,False,True
BitbrainsRnD-5T/tshort,128,1.925201561931614,1.970812637671696,0.976856716428424,2773196800.0,cell,False,True
BitbrainsRnD-5T/tshort,192,1.915940872618265,1.970812637671696,0.9721577972433463,3784089600.0,cell,False,True
BitbrainsRnD-5T/tshort,256,1.8473847742936,1.970812637671696,0.9373720966575937,4796293120.0,cell,False,True
BitbrainsRnD-5T/tshort,384,1.8032884660698407,1.970812637671696,0.9149974135543564,6824632320.0,cell,False,True
BitbrainsRnD-5T/tshort,512,1.7983665473705308,1.970812637671696,0.912500007862294,8858214400.0,cell,False,True
BitbrainsRnD-5T/tshort,768,1.7174487732531147,1.970812637671696,0.8714419323402028,12941107200.0,cell,False,True
BitbrainsRnD-5T/tshort,1024,1.7055906256373983,1.970812637671696,0.8654250500709042,17044971520.0,cell,False,True
BitbrainsRnD-5T/tshort,1536,1.7049239746223142,1.970812637671696,0.8650867880756535,25315614720.0,cell,False,True
BitbrainsRnD-5T/tshort,2048,1.6981346734043699,1.970812637671696,0.8616418633333578,33670144000.0,cell,False,True
BitbrainsRnD-5T/tshort,2560,1.7072803143821238,1.970812637671696,0.8662824064285952,42108559360.0,cell,False,False
BitbrainsRnD-5T/tshort,3072,1.7344313996801435,1.970812637671696,0.8800590002960345,50630860800.0,cell,False,False
BitbrainsRnD-5T/tshort,4096,1.7359510522067065,1.970812637671696,0.8808300794425323,67927121920.0,cell,False,False
BitbrainsRnD-5T/tshort,6144,1.6467715425672182,1.970812637671696,0.835579958789336,103526277120.0,cell,False,True
BitbrainsRnD-5T/tshort,8192,1.647757465060025,1.970812637671696,0.8360802206985409,140467609600.0,cell,False,False
BitbrainsRnD-5T/tmedium,native,4.369487520691806,4.542392314855541,0.9619353014493566,143419392000.0,cell,True,True
BitbrainsRnD-5T/tmedium,32,5.727906580913573,4.542392314855541,1.2609889643791663,8095006720.0,cell,False,True
BitbrainsRnD-5T/tmedium,48,5.487885816521598,4.542392314855541,1.208148798282767,8349327360.0,cell,False,True
BitbrainsRnD-5T/tmedium,64,5.340092222272712,4.542392314855541,1.1756122880025917,8603729920.0,cell,False,True
BitbrainsRnD-5T/tmedium,96,4.878547708204488,4.542392314855541,1.07400404237423,9112780800.0,cell,False,True
BitbrainsRnD-5T/tmedium,128,4.787727647574129,4.542392314855541,1.0540101593418598,9622159360.0,cell,False,True
BitbrainsRnD-5T/tmedium,192,4.7941909100358275,4.542392314855541,1.055433035662023,10641899520.0,cell,False,False
BitbrainsRnD-5T/tmedium,256,4.777046716753541,4.542392314855541,1.051658770452429,11662950400.0,cell,False,True
BitbrainsRnD-5T/tmedium,384,4.8000722280844315,4.542392314855541,1.0567277979020369,13708984320.0,cell,False,False
BitbrainsRnD-5T/tmedium,512,4.7030073927741665,4.542392314855541,1.035359138265831,15760261120.0,cell,False,True
BitbrainsRnD-5T/tmedium,768,4.727008045795225,4.542392314855541,1.0406428415123705,19878543360.0,cell,False,False
BitbrainsRnD-5T/tmedium,1024,4.680260907302119,4.542392314855541,1.0303515378880177,24017797120.0,cell,False,True
BitbrainsRnD-5T/tmedium,1536,4.589178582634702,4.542392314855541,1.010299917870623,32359219200.0,cell,False,True
BitbrainsRnD-5T/tmedium,2048,4.526609323657828,4.542392314855541,0.9965254011314487,40784527360.0,cell,False,True
BitbrainsRnD-5T/tmedium,2560,4.517758565932246,4.542392314855541,0.9945769217593265,49293721600.0,cell,False,True
BitbrainsRnD-5T/tmedium,3072,4.529677745240388,4.542392314855541,0.9972009089629773,57886801920.0,cell,False,False
BitbrainsRnD-5T/tmedium,4096,4.515487975983646,4.542392314855541,0.9940770552151768,75324620800.0,cell,False,True
BitbrainsRnD-5T/tmedium,6144,4.372015544151093,4.542392314855541,0.9624918415463051,111206891520.0,cell,False,True
BitbrainsRnD-5T/tlong,native,3.2906294981734283,3.501257904408163,0.9398420761950873,141223219200.0,cell,True,True
BitbrainsRnD-5T/tlong,32,5.502579251540661,3.501257904408163,1.5716006651817307,11918417920.0,cell,False,True
BitbrainsRnD-5T/tlong,48,4.946510855195525,3.501257904408163,1.4127810604776518,12173967360.0,cell,False,True
BitbrainsRnD-5T/tlong,64,4.570598389322214,3.501257904408163,1.3054160859066473,12429598720.0,cell,False,True
BitbrainsRnD-5T/tlong,96,4.1669422535966465,3.501257904408163,1.1901271963857252,12941107200.0,cell,False,True
BitbrainsRnD-5T/tlong,128,4.035336329020056,3.501257904408163,1.1525390128900461,13452943360.0,cell,False,True
BitbrainsRnD-5T/tlong,192,4.019650463891364,3.501257904408163,1.148058947280214,14477598720.0,cell,False,True
BitbrainsRnD-5T/tlong,256,3.801686620983481,3.501257904408163,1.0858059374024038,15503564800.0,cell,False,True
BitbrainsRnD-5T/tlong,384,3.8712074668661702,3.501257904408163,1.105661899968075,17559429120.0,cell,False,False
BitbrainsRnD-5T/tlong,512,3.9609557996506615,3.501257904408163,1.1312950681707077,19620536320.0,cell,False,False
BitbrainsRnD-5T/tlong,768,3.965010566189935,3.501257904408163,1.1324531566777463,23758479360.0,cell,False,False
BitbrainsRnD-5T/tlong,1024,3.8574069046464863,3.501257904408163,1.101720298807444,27917393920.0,cell,False,False
BitbrainsRnD-5T/tlong,1536,3.596073930559401,3.501257904408163,1.0270805603985536,36298137600.0,cell,False,True
BitbrainsRnD-5T/tlong,2048,3.5539414998148704,3.501257904408163,1.0150470479025204,44762767360.0,cell,False,True
BitbrainsRnD-5T/tlong,2560,3.5484508119938916,3.501257904408163,1.013478843568282,53311283200.0,cell,False,True
BitbrainsRnD-5T/tlong,3072,3.5633019169888542,3.501257904408163,1.0177204919702079,61943685120.0,cell,False,False
BitbrainsRnD-5T/tlong,4096,3.4893092016936222,3.501257904408163,0.996587311463261,79460147200.0,cell,False,True
BitbrainsRnD-5T/tlong,6144,3.2923067974459954,3.501257904408163,0.9403211323852798,115499704320.0,cell,False,True
BitbrainsRnD-H/tshort,native,5.809899496613683,6.0373618687533925,0.9623242109576121,11024732160.0,cell,True,False
BitbrainsRnD-H/tshort,32,8.059928279813507,6.0373618687533925,1.3350083124100922,1259315200.0,cell,False,True
BitbrainsRnD-H/tshort,48,6.561034964906165,6.0373618687533925,1.086738729189493,1511424000.0,cell,False,True
BitbrainsRnD-H/tshort,64,6.4626871678772675,6.0373618687533925,1.07044886630453,1763614720.0,cell,False,True
BitbrainsRnD-H/tshort,96,5.962126302166714,6.0373618687533925,0.9875383374026223,2268241920.0,cell,False,True
BitbrainsRnD-H/tshort,128,5.934064070031254,6.0373618687533925,0.9828902422999091,2773196800.0,cell,False,True
BitbrainsRnD-H/tshort,192,5.9477368833873365,6.0373618687533925,0.9851549422886321,3784089600.0,cell,False,False
BitbrainsRnD-H/tshort,256,5.91750769574344,6.0373618687533925,0.9801479229478918,4796293120.0,cell,False,True
BitbrainsRnD-H/tshort,384,5.843819478575445,6.0373618687533925,0.9679425559730593,6824632320.0,cell,False,True
BitbrainsRnD-H/tshort,512,5.807209057889041,6.0373618687533925,0.9618785794412099,8858214400.0,cell,False,True
Restaurant/tshort,native,0.6822705254002747,1.0060757450046092,0.6781502573617347,5772805100.966543,cell,True,True
Restaurant/tshort,32,0.7776673026299401,1.0060757450046092,0.7729709283731687,1007288320.0,cell,False,True
Restaurant/tshort,48,0.7509300805309476,1.0060757450046092,0.7463951737823749,1259315200.0,cell,False,True
Restaurant/tshort,64,0.7326461172377817,1.0060757450046092,0.7282216283172847,1511424000.0,cell,False,True
Restaurant/tshort,96,0.7240821068160775,1.0060757450046092,0.7197093364106102,2015887360.0,cell,False,True
Restaurant/tshort,128,0.7018549610233129,1.0060757450046092,0.6976164215350381,2520678400.0,cell,False,True
Restaurant/tshort,192,0.6888956168928172,1.0060757450046092,0.6847353395739216,3531243520.0,cell,False,True
Restaurant/tshort,256,0.6862183322043726,1.0060757450046092,0.6820742231502945,4543119360.0,cell,False,True
Restaurant/tshort,384,0.6839696055883481,1.0060757450046092,0.6798390767140645,6570803200.0,cell,False,False
ETTm1-15T/tshort,native,0.6922096076744082,0.9341549587802876,0.7410008384242974,140467609600.0,cell,True,False
ETTm1-15T/tshort,32,2.299304505834538,0.9341549587802876,2.461373762696401,1259315200.0,cell,False,True
ETTm1-15T/tshort,48,2.442554092288259,0.9341549587802876,2.6147204693720902,1511424000.0,cell,False,False
ETTm1-15T/tshort,64,2.2098626347572203,0.9341549587802876,2.3656274732434173,1763614720.0,cell,False,True
ETTm1-15T/tshort,96,1.9095593642047897,0.9341549587802876,2.0441569637419397,2268241920.0,cell,False,True
ETTm1-15T/tshort,128,1.8414821061669528,0.9341549587802876,1.971281197898204,2773196800.0,cell,False,True
ETTm1-15T/tshort,192,1.5350139431680863,0.9341549587802876,1.6432112560557741,3784089600.0,cell,False,True
ETTm1-15T/tshort,256,1.1057953244038474,0.9341549587802876,1.1837386442262943,4796293120.0,cell,False,True
ETTm1-15T/tshort,384,0.7894749493324102,0.9341549587802876,0.845122045236709,6824632320.0,cell,False,True
ETTm1-15T/tshort,512,0.7539638208069851,0.9341549587802876,0.807107871901065,8858214400.0,cell,False,True
ETTm1-15T/tshort,768,0.7535128337836728,0.9341549587802876,0.8066250965123853,12941107200.0,cell,False,True
ETTm1-15T/tshort,1024,0.716476208198591,0.9341549587802876,0.7669778996132327,17044971520.0,cell,False,True
ETTm1-15T/tshort,1536,0.703887323331751,0.9341549587802876,0.7535016719825651,25315614720.0,cell,False,True
ETTm1-15T/tshort,2048,0.6844696886139392,0.9341549587802876,0.7327153618149618,33670144000.0,cell,False,True
ETTm1-15T/tshort,2560,0.6906433997477652,0.9341549587802876,0.7393242344391429,42108559360.0,cell,False,False
ETTm1-15T/tshort,3072,0.6890765538387278,0.9341549587802876,0.7376469475026337,50630860800.0,cell,False,False
ETTm1-15T/tshort,4096,0.6918616090901081,0.9341549587802876,0.7406283107392178,67927121920.0,cell,False,False
ETTm1-15T/tshort,6144,0.6879848023072852,0.9341549587802876,0.7364782425450879,103526277120.0,cell,False,False
ETTm1-15T/tshort,8192,0.6922096066165666,0.9341549587802876,0.7410008372918927,140467609600.0,cell,False,False
ETTm1-15T/tmedium,native,1.0031816059219445,1.188305978388322,0.8442115281474403,148431339520.0,cell,True,False
ETTm1-15T/tmedium,32,2.5169299352655443,1.188305978388322,2.118082363499686,8095006720.0,cell,False,True
ETTm1-15T/tmedium,48,2.1431436441580654,1.188305978388322,1.803528454064308,8349327360.0,cell,False,True
ETTm1-15T/tmedium,64,2.309642586018841,1.188305978388322,1.9436429909671646,8603729920.0,cell,False,False
ETTm1-15T/tmedium,96,2.033716004844861,1.188305978388322,1.7114413642883066,9112780800.0,cell,False,True
ETTm1-15T/tmedium,128,1.7759156662305107,1.188305978388322,1.494493588797014,9622159360.0,cell,False,True
ETTm1-15T/tmedium,192,1.6172172061710817,1.188305978388322,1.360943423312979,10641899520.0,cell,False,True
ETTm1-15T/tmedium,256,1.3045468890223708,1.188305978388322,1.0978206899133034,11662950400.0,cell,False,True
ETTm1-15T/tmedium,384,1.174930431688881,1.188305978388322,0.9887440213693259,13708984320.0,cell,False,True
ETTm1-15T/tmedium,512,1.11161967390052,1.188305978388322,0.935465859902674,15760261120.0,cell,False,True
ETTm1-15T/tmedium,768,1.077277675745307,1.188305978388322,0.9065658974521018,19878543360.0,cell,False,True
ETTm1-15T/tmedium,1024,1.0628497648771091,1.188305978388322,0.8944243184896141,24017797120.0,cell,False,True
ETTm1-15T/tmedium,1536,1.0348623555570828,1.188305978388322,0.8708719592243809,32359219200.0,cell,False,True
ETTm1-15T/tmedium,2048,1.0387695737517484,1.188305978388322,0.8741600165645996,40784527360.0,cell,False,False
ETTm1-15T/tmedium,2560,1.0242939053691387,1.188305978388322,0.8619782480252856,49293721600.0,cell,False,True
ETTm1-15T/tmedium,3072,0.9963700179681051,1.188305978388322,0.8384793446208726,57886801920.0,cell,False,True
ETTm1-15T/tmedium,4096,0.9961394521019059,1.188305978388322,0.8382853155825672,75324620800.0,cell,False,True
ETTm1-15T/tmedium,6144,0.9912759707597923,1.188305978388322,0.8341925301968455,111206891520.0,cell,False,True
ETTm1-15T/tmedium,8192,1.0031816028013696,1.188305978388322,0.84421152552137,148431339520.0,cell,False,False
ETTm1-15T/tlong,native,0.9976035664923008,1.190885705867336,0.8376988333785855,152881438720.0,cell,True,False
ETTm1-15T/tlong,32,2.3440295811120158,1.190885705867336,1.9683077641819804,11918417920.0,cell,False,True
ETTm1-15T/tlong,48,2.399142826962128,1.190885705867336,2.014586970976198,12173967360.0,cell,False,False
ETTm1-15T/tlong,64,2.3682967502850456,1.190885705867336,1.9886851766015508,12429598720.0,cell,False,False
ETTm1-15T/tlong,96,2.2830078700880523,1.190885705867336,1.9170671533296395,12941107200.0,cell,False,True
ETTm1-15T/tlong,128,2.143689079185506,1.190885705867336,1.8000796118584963,13452943360.0,cell,False,True
ETTm1-15T/tlong,192,1.7769581432008887,1.190885705867336,1.4921315575844527,14477598720.0,cell,False,True
ETTm1-15T/tlong,256,1.3406460485676537,1.190885705867336,1.1257554288900002,15503564800.0,cell,False,True
ETTm1-15T/tlong,384,1.1608096046216356,1.190885705867336,0.9747447625766944,17559429120.0,cell,False,True
ETTm1-15T/tlong,512,1.1376843194966604,1.190885705867336,0.9553262029189203,19620536320.0,cell,False,True
ETTm1-15T/tlong,768,1.107264350938603,1.190885705867336,0.929782216280923,23758479360.0,cell,False,True
ETTm1-15T/tlong,1024,1.0458634463363563,1.190885705867336,0.8782231923546698,27917393920.0,cell,False,True
ETTm1-15T/tlong,1536,0.9978266141640804,1.190885705867336,0.837886128994513,36298137600.0,cell,False,True
ETTm1-15T/tlong,2048,1.0180462594893758,1.190885705867336,0.854864790528257,44762767360.0,cell,False,False
ETTm1-15T/tlong,2560,0.9975594857270693,1.190885705867336,0.8376618182687271,53311283200.0,cell,False,True
ETTm1-15T/tlong,3072,0.98284320670262,1.190885705867336,0.8253043947544939,61943685120.0,cell,False,True
ETTm1-15T/tlong,4096,0.9938822798315929,1.190885705867336,0.8345740274947181,79460147200.0,cell,False,False
ETTm1-15T/tlong,6144,0.9923940353600811,1.190885705867336,0.8333243320250525,115499704320.0,cell,False,False
ETTm1-15T/tlong,8192,0.9976035834467167,1.190885705867336,0.8376988476153976,152881438720.0,cell,False,False
ETTm1-H/tshort,native,0.8139540682161515,0.9773176243434534,0.8328449707053559,140467609600.0,cell,True,False
ETTm1-H/tshort,32,2.0173989903969116,0.9773176243434534,2.0642204132481172,1259315200.0,cell,False,True
ETTm1-H/tshort,48,1.2131069192006592,0.9773176243434534,1.2412616829821372,1511424000.0,cell,False,True
ETTm1-H/tshort,64,1.0372359517303205,0.9773176243434534,1.0613089602544712,1763614720.0,cell,False,True
ETTm1-H/tshort,96,0.8757457406944443,0.9773176243434534,0.8960707541550339,2268241920.0,cell,False,True
ETTm1-H/tshort,128,0.9028587482118137,0.9773176243434534,0.923813022218176,2773196800.0,cell,False,False
ETTm1-H/tshort,192,0.9194303757663198,0.9773176243434534,0.9407692574703937,3784089600.0,cell,False,False
ETTm1-H/tshort,256,0.9040579276386845,0.9773176243434534,0.9250400331683535,4796293120.0,cell,False,False
ETTm1-H/tshort,384,0.833331873657094,0.9773176243434534,0.8526725118836502,6824632320.0,cell,False,True
ETTm1-H/tshort,512,0.8415860657383417,0.9773176243434534,0.8611182739119291,8858214400.0,cell,False,False
ETTm1-H/tshort,768,0.8380171587938595,0.9773176243434534,0.8574665368966679,12941107200.0,cell,False,False
ETTm1-H/tshort,1024,0.8391863848350345,0.9773176243434534,0.858662899278816,17044971520.0,cell,False,False
ETTm1-H/tshort,1536,0.8187708055939895,0.9773176243434534,0.8377734988090764,25315614720.0,cell,False,True
ETTm1-H/tshort,2048,0.8068040394686615,0.9773176243434534,0.8255289983240196,33670144000.0,cell,False,True
ETTm1-H/tshort,2560,0.8072392337548175,0.9773176243434534,0.8259742929501637,42108559360.0,cell,False,False
ETTm1-H/tshort,3072,0.8109324101273798,0.9773176243434534,0.8297531835386183,50630860800.0,cell,False,False
ETTm1-H/tshort,4096,0.806166303372721,0.9773176243434534,0.8248764611344146,67927121920.0,cell,False,True
ETTm1-H/tshort,6144,0.8047179183626846,0.9773176243434534,0.8233944608369069,103526277120.0,cell,False,True
ETTm1-H/tshort,8192,0.8139540689815923,0.9773176243434534,0.8328449714885617,140467609600.0,cell,False,False
ETTm1-H/tmedium,native,1.2391338547266053,1.5678007461285397,0.7903643736530102,148431339520.0,cell,True,False
ETTm1-H/tmedium,32,2.197164037869093,1.5678007461285397,1.4014306622156394,8095006720.0,cell,False,True
ETTm1-H/tmedium,48,1.7155167112222232,1.5678007461285397,1.0942185832341558,8349327360.0,cell,False,True
ETTm1-H/tmedium,64,1.4874754563723402,1.5678007461285397,0.9487656260181332,8603729920.0,cell,False,True
ETTm1-H/tmedium,96,1.3811093186980523,1.5678007461285397,0.8809214577225485,9112780800.0,cell,False,True
ETTm1-H/tmedium,128,1.3272310711870337,1.5678007461285397,0.8465559634822483,9622159360.0,cell,False,True
ETTm1-H/tmedium,192,1.3130802494229694,1.5678007461285397,0.8375300577356107,10641899520.0,cell,False,True
ETTm1-H/tmedium,256,1.2441943814025216,1.5678007461285397,0.7935921605311658,11662950400.0,cell,False,True
ETTm1-H/tmedium,384,1.2559916939835183,1.5678007461285397,0.8011169130292932,13708984320.0,cell,False,False
ETTm1-H/tmedium,512,1.3240864458025858,1.5678007461285397,0.8445502077175485,15760261120.0,cell,False,False
ETTm1-H/tmedium,768,1.337909268007221,1.5678007461285397,0.853366903486299,19878543360.0,cell,False,False
ETTm1-H/tmedium,1024,1.325132430963156,1.5678007461285397,0.8452173748707427,24017797120.0,cell,False,False
ETTm1-H/tmedium,1536,1.3232605582105685,1.5678007461285397,0.8440234267512449,32359219200.0,cell,False,False
ETTm1-H/tmedium,2048,1.3214516756340327,1.5678007461285397,0.8428696560434539,40784527360.0,cell,False,False
ETTm1-H/tmedium,2560,1.2724094351194253,1.5678007461285397,0.8115887419121715,49293721600.0,cell,False,False
ETTm1-H/tmedium,3072,1.251762884768847,1.5678007461285397,0.7984196256188146,57886801920.0,cell,False,False
ETTm1-H/tmedium,4096,1.3032744345632221,1.5678007461285397,0.8312755544870561,75324620800.0,cell,False,False
ETTm1-H/tmedium,6144,1.2224490253503941,1.5678007461285397,0.7797221862338423,111206891520.0,cell,False,True
ETTm1-H/tmedium,8192,1.2391338507178735,1.5678007461285397,0.7903643710960961,148431339520.0,cell,False,False
ETTm1-H/tlong,native,1.4762059747477216,1.4787012870437326,0.9983124973800491,152881438720.0,cell,True,False
ETTm1-H/tlong,32,1.639931841742112,1.4787012870437326,1.1090352433659652,11918417920.0,cell,False,True
ETTm1-H/tlong,48,1.537330051316048,1.4787012870437326,1.0396488221022164,12173967360.0,cell,False,True
ETTm1-H/tlong,64,1.5006299313965143,1.4787012870437326,1.0148296647503583,12429598720.0,cell,False,True
ETTm1-H/tlong,96,1.4298548325077338,1.4787012870437326,0.9669666517747786,12941107200.0,cell,False,True
ETTm1-H/tlong,128,1.4197983938816585,1.4787012870437326,0.9601657929981013,13452943360.0,cell,False,True
ETTm1-H/tlong,192,1.394977046959031,1.4787012870437326,0.9433798828618822,14477598720.0,cell,False,True
ETTm1-H/tlong,256,1.3622870497471962,1.4787012870437326,0.9212726476154791,15503564800.0,cell,False,True
ETTm1-H/tlong,384,1.3475146867325811,1.4787012870437326,0.9112825548604045,17559429120.0,cell,False,True
ETTm1-H/tlong,512,1.428845120582612,1.4787012870437326,0.9662838147921041,19620536320.0,cell,False,False
ETTm1-H/tlong,768,1.3273664502558185,1.4787012870437326,0.8976569249557714,23758479360.0,cell,False,True
ETTm1-H/tlong,1024,1.374895138909024,1.4787012870437326,0.9297991088232288,27917393920.0,cell,False,False
ETTm1-H/tlong,1536,1.3636866944272426,1.4787012870437326,0.9222191840744043,36298137600.0,cell,False,False
ETTm1-H/tlong,2048,1.415603790048059,1.4787012870437326,0.9573291120062388,44762767360.0,cell,False,False
ETTm1-H/tlong,2560,1.4114216574642642,1.4787012870437326,0.9545008649353541,53311283200.0,cell,False,False
ETTm1-H/tlong,3072,1.3993437352704274,1.4787012870437326,0.94633293927,61943685120.0,cell,False,False
ETTm1-H/tlong,4096,1.4218704481889015,1.4787012870437326,0.961567059315645,79460147200.0,cell,False,False
ETTm1-H/tlong,6144,1.4456334668949395,1.4787012870437326,0.9776372547731372,115499704320.0,cell,False,False
ETTm1-H/tlong,8192,1.4762059928808373,1.4787012870437326,0.9983125096429152,152881438720.0,cell,False,False
ETTm1-D/tshort,native,1.800355043421572,1.7783697877928102,1.0123625894792379,11152370346.666666,cell,True,False
ETTm1-D/tshort,32,1.9571424569864293,1.7783697877928102,1.1005261506469357,1007288320.0,cell,False,True
ETTm1-D/tshort,48,1.5882068690525164,1.7783697877928102,0.8930689668450166,1259315200.0,cell,False,True
ETTm1-D/tshort,64,1.8624268848328003,1.7783697877928102,1.047266377115142,1511424000.0,cell,False,False
ETTm1-D/tshort,96,1.9219489836621075,1.7783697877928102,1.08073641199646,2015887360.0,cell,False,False
ETTm1-D/tshort,128,1.82755696291265,1.7783697877928102,1.0276585755434406,2520678400.0,cell,False,False
ETTm1-D/tshort,192,1.7030642772401527,1.7783697877928102,0.957654751520424,3531243520.0,cell,False,False
ETTm1-D/tshort,256,1.7931155690925837,1.7783697877928102,1.00829174078473,4543119360.0,cell,False,False
ETTm1-D/tshort,384,1.8904802945734092,1.7783697877928102,1.0630411670003361,6570803200.0,cell,False,False
ETTm1-D/tshort,512,1.7882132324682414,1.7783697877928102,1.005535094412309,8603729920.0,cell,False,False
ETTm1-W/tshort,native,1.6550703138935507,1.7689207877683926,0.9356384555701494,1763614720.0,cell,True,True
ETTm1-W/tshort,32,1.8324860579882085,1.7689207877683926,1.0359344921826645,755343360.0,cell,False,True
ETTm1-W/tshort,48,1.6568393085652195,1.7689207877683926,0.9366384973379328,1007288320.0,cell,False,True
ETTm1-W/tshort,64,1.7176155568754423,1.7689207877683926,0.9709963095873416,1259315200.0,cell,False,False
ETTm2-15T/tshort,native,0.765789634459599,1.067314800011479,0.7174918163332533,140467609600.0,cell,True,False
ETTm2-15T/tshort,32,1.3339492295222097,1.067314800011479,1.2498179820123014,1259315200.0,cell,False,True
ETTm2-15T/tshort,48,1.3350583750566576,1.067314800011479,1.250857174511493,1511424000.0,cell,False,False
ETTm2-15T/tshort,64,1.213279375271669,1.067314800011479,1.1367586913051522,1763614720.0,cell,False,True
ETTm2-15T/tshort,96,1.2164247972068316,1.067314800011479,1.1397057336727168,2268241920.0,cell,False,False
ETTm2-15T/tshort,128,1.0985077550039564,1.067314800011479,1.029225637077404,2773196800.0,cell,False,True
ETTm2-15T/tshort,192,1.0779830464889153,1.067314800011479,1.0099954076129383,3784089600.0,cell,False,True
ETTm2-15T/tshort,256,0.9976068867897416,1.067314800011479,0.9346885162456404,4796293120.0,cell,False,True
ETTm2-15T/tshort,384,0.932831655278496,1.067314800011479,0.8739986134067131,6824632320.0,cell,False,True
ETTm2-15T/tshort,512,0.8918453368928019,1.067314800011479,0.8355972735346779,8858214400.0,cell,False,True
ETTm2-15T/tshort,768,0.8317913533340914,1.067314800011479,0.7793308528328713,12941107200.0,cell,False,True
ETTm2-15T/tshort,1024,0.8032979911200328,1.067314800011479,0.7526345471002495,17044971520.0,cell,False,True
ETTm2-15T/tshort,1536,0.775228754413465,1.067314800011479,0.7263356175751778,25315614720.0,cell,False,True
ETTm2-15T/tshort,2048,0.7955334237630622,1.067314800011479,0.7453596855908925,33670144000.0,cell,False,False
ETTm2-15T/tshort,2560,0.7815270666759129,1.067314800011479,0.7322366996761477,42108559360.0,cell,False,False
ETTm2-15T/tshort,3072,0.7705838457347925,1.067314800011479,0.7219836600471622,50630860800.0,cell,False,True
ETTm2-15T/tshort,4096,0.7559797725066045,1.067314800011479,0.708300655531502,67927121920.0,cell,False,True
ETTm2-15T/tshort,6144,0.757689088555963,1.067314800011479,0.7099021662098324,103526277120.0,cell,False,False
ETTm2-15T/tshort,8192,0.76578963672219,1.067314800011479,0.7174918184531442,140467609600.0,cell,False,False
ETTm2-15T/tmedium,native,0.8772619744192063,1.0512391501712754,0.834502762074906,148431339520.0,cell,True,False
ETTm2-15T/tmedium,32,1.159436234376328,1.0512391501712754,1.1029233777941245,8095006720.0,cell,False,True
ETTm2-15T/tmedium,48,1.2741099487733543,1.0512391501712754,1.212007704018412,8349327360.0,cell,False,False
ETTm2-15T/tmedium,64,1.1775907050850776,1.0512391501712754,1.1201929693098054,8603729920.0,cell,False,False
ETTm2-15T/tmedium,96,1.0933834164829626,1.0512391501712754,1.0400900844539709,9112780800.0,cell,False,True
ETTm2-15T/tmedium,128,1.1513236517802328,1.0512391501712754,1.0952062160096023,9622159360.0,cell,False,False
ETTm2-15T/tmedium,192,1.133134821001216,1.0512391501712754,1.0779039391908087,10641899520.0,cell,False,False
ETTm2-15T/tmedium,256,1.0754228834990567,1.0512391501712754,1.0230049778148398,11662950400.0,cell,False,True
ETTm2-15T/tmedium,384,1.0756641603715984,1.0512391501712754,1.0232344944500436,13708984320.0,cell,False,False
ETTm2-15T/tmedium,512,1.0161109600152631,1.0512391501712754,0.9665840164435572,15760261120.0,cell,False,True
ETTm2-15T/tmedium,768,0.9755663862396298,1.0512391501712754,0.9280156528423466,19878543360.0,cell,False,True
ETTm2-15T/tmedium,1024,0.9320579366747082,1.0512391501712754,0.8866278777030427,24017797120.0,cell,False,True
ETTm2-15T/tmedium,1536,0.8938561148605743,1.0512391501712754,0.8502880764238477,32359219200.0,cell,False,True
ETTm2-15T/tmedium,2048,0.8857554694407632,1.0512391501712754,0.8425822699777207,40784527360.0,cell,False,True
ETTm2-15T/tmedium,2560,0.8849991890736139,1.0512391501712754,0.8418628519775195,49293721600.0,cell,False,True
ETTm2-15T/tmedium,3072,0.8891620917295294,1.0512391501712754,0.845822847812185,57886801920.0,cell,False,False
ETTm2-15T/tmedium,4096,0.8775604622110481,1.0512391501712754,0.8347867010737468,75324620800.0,cell,False,True
ETTm2-15T/tmedium,6144,0.8756105123631047,1.0512391501712754,0.8329317950348823,111206891520.0,cell,False,True
ETTm2-15T/tmedium,8192,0.8772619786616275,1.0512391501712754,0.8345027661105445,148431339520.0,cell,False,False
ETTm2-15T/tlong,native,0.8984805539055475,1.0126577751121104,0.8872499436505857,152881438720.0,cell,True,False
ETTm2-15T/tlong,32,1.2354285374378318,1.0126577751121104,1.219986226147386,11918417920.0,cell,False,True
ETTm2-15T/tlong,48,1.4418244626297996,1.0126577751121104,1.4238022933958874,12173967360.0,cell,False,False
ETTm2-15T/tlong,64,1.447398455310301,1.0126577751121104,1.4293066136287365,12429598720.0,cell,False,False
ETTm2-15T/tlong,96,1.2253660963280228,1.0126577751121104,1.2100495611089972,12941107200.0,cell,False,True
ETTm2-15T/tlong,128,1.2307892288791502,1.0126577751121104,1.2154049068974864,13452943360.0,cell,False,False
ETTm2-15T/tlong,192,1.084798882547541,1.0126577751121104,1.0712393754419591,14477598720.0,cell,False,True
ETTm2-15T/tlong,256,1.067240168574235,1.0126577751121104,1.0539001376413486,15503564800.0,cell,False,True
ETTm2-15T/tlong,384,1.0613694213522085,1.0126577751121104,1.0481027721677298,17559429120.0,cell,False,True
ETTm2-15T/tlong,512,1.0728935898993253,1.0126577751121104,1.0594828936957958,19620536320.0,cell,False,False
ETTm2-15T/tlong,768,0.9957531741995039,1.0126577751121104,0.9833066991356137,23758479360.0,cell,False,True
ETTm2-15T/tlong,1024,0.9453141122513548,1.0126577751121104,0.9334981031935492,27917393920.0,cell,False,True
ETTm2-15T/tlong,1536,0.9066177949590607,1.0126577751121104,0.8952854727834286,36298137600.0,cell,False,True
ETTm2-15T/tlong,2048,0.8950580509968831,1.0126577751121104,0.8838702205172838,44762767360.0,cell,False,True
ETTm2-15T/tlong,2560,0.8926134721714445,1.0126577751121104,0.8814561978479097,53311283200.0,cell,False,True
ETTm2-15T/tlong,3072,0.8927575220152392,1.0126577751121104,0.8815984471322533,61943685120.0,cell,False,False
ETTm2-15T/tlong,4096,0.883533401538703,1.0126577751121104,0.8724896240893305,79460147200.0,cell,False,True
ETTm2-15T/tlong,6144,0.8906474537578378,1.0126577751121104,0.8795147537964986,115499704320.0,cell,False,False
ETTm2-15T/tlong,8192,0.8984805624752453,1.0126577751121104,0.8872499521131662,152881438720.0,cell,False,False
ETTm2-H/tshort,native,0.7347850712047939,0.9231678277377344,0.795938776381992,140467609600.0,cell,True,False
ETTm2-H/tshort,32,1.8728480258952056,0.9231678277377344,2.0287189063820676,1259315200.0,cell,False,True
ETTm2-H/tshort,48,1.2786657908643644,0.9231678277377344,1.3850848702102132,1511424000.0,cell,False,True
ETTm2-H/tshort,64,0.9384094005528141,0.9231678277377344,1.016510077969712,1763614720.0,cell,False,True
ETTm2-H/tshort,96,0.8302996989391216,0.9231678277377344,0.8994027672885975,2268241920.0,cell,False,True
ETTm2-H/tshort,128,0.8363609479861001,0.9231678277377344,0.9059684738317206,2773196800.0,cell,False,False
ETTm2-H/tshort,192,0.8379379105674034,0.9231678277377344,0.9076766817370674,3784089600.0,cell,False,False
ETTm2-H/tshort,256,0.8092142100119403,0.9231678277377344,0.8765624036042907,4796293120.0,cell,False,True
ETTm2-H/tshort,384,0.7405140294994323,0.9231678277377344,0.8021445367242664,6824632320.0,cell,False,True
ETTm2-H/tshort,512,0.7525878173470378,0.9231678277377344,0.8152231855731901,8858214400.0,cell,False,False
ETTm2-H/tshort,768,0.772086591347052,0.9231678277377344,0.8363447773511411,12941107200.0,cell,False,False
ETTm2-H/tshort,1024,0.7687050053723475,0.9231678277377344,0.8326817532800019,17044971520.0,cell,False,False
ETTm2-H/tshort,1536,0.7473145598898857,0.9231678277377344,0.8095110525257522,25315614720.0,cell,False,False
ETTm2-H/tshort,2048,0.7420780951479772,0.9231678277377344,0.803838774328254,33670144000.0,cell,False,False
ETTm2-H/tshort,2560,0.7332465684293438,0.9231678277377344,0.7942722291635731,42108559360.0,cell,False,True
ETTm2-H/tshort,3072,0.7313235700708492,0.9231678277377344,0.7921891860800561,50630860800.0,cell,False,True
ETTm2-H/tshort,4096,0.7432456324312087,0.9231678277377344,0.8051034818366305,67927121920.0,cell,False,False
ETTm2-H/tshort,6144,0.7452342239570832,0.9231678277377344,0.8072575771875783,103526277120.0,cell,False,False
ETTm2-H/tshort,8192,0.7347850667172,0.9231678277377344,0.7959387715209106,140467609600.0,cell,False,False
ETTm2-H/tmedium,native,1.013414256346158,1.2384249730532626,0.8183089637215937,148431339520.0,cell,True,False
ETTm2-H/tmedium,32,1.9769860187562827,1.2384249730532626,1.5963712471673936,8095006720.0,cell,False,True
ETTm2-H/tmedium,48,1.367848943717702,1.2384249730532626,1.1045069127969476,8349327360.0,cell,False,True
ETTm2-H/tmedium,64,1.3259975749605595,1.2384249730532626,1.0707128843593907,8603729920.0,cell,False,True
ETTm2-H/tmedium,96,1.1400420939186406,1.2384249730532626,0.920558062639786,9112780800.0,cell,False,True
ETTm2-H/tmedium,128,1.1162720323983375,1.2384249730532626,0.9013642785692828,9622159360.0,cell,False,True
ETTm2-H/tmedium,192,1.062161579760969,1.2384249730532626,0.8576713187091771,10641899520.0,cell,False,True
ETTm2-H/tmedium,256,1.0267430341890613,1.2384249730532626,0.8290716486907461,11662950400.0,cell,False,True
ETTm2-H/tmedium,384,1.0604132176585395,1.2384249730532626,0.8562595560748054,13708984320.0,cell,False,False
ETTm2-H/tmedium,512,1.0588473933900109,1.2384249730532626,0.854995188589815,15760261120.0,cell,False,False
ETTm2-H/tmedium,768,1.1019225558271653,1.2384249730532626,0.8897774025910034,19878543360.0,cell,False,False
ETTm2-H/tmedium,1024,1.1413635272662925,1.2384249730532626,0.9216250900143987,24017797120.0,cell,False,False
ETTm2-H/tmedium,1536,1.0188836940665267,1.2384249730532626,0.8227254102883035,32359219200.0,cell,False,True
ETTm2-H/tmedium,2048,0.9947510656201969,1.2384249730532626,0.8032388616709639,40784527360.0,cell,False,True
ETTm2-H/tmedium,2560,0.9923776729529299,1.2384249730532626,0.8013224010706779,49293721600.0,cell,False,True
ETTm2-H/tmedium,3072,0.9930192918573869,1.2384249730532626,0.8018404937435631,57886801920.0,cell,False,False
ETTm2-H/tmedium,4096,1.0178188758561502,1.2384249730532626,0.8218655938007925,75324620800.0,cell,False,False
ETTm2-H/tmedium,6144,1.0226596302711877,1.2384249730532626,0.8257743928967143,111206891520.0,cell,False,False
ETTm2-H/tmedium,8192,1.0134142591855784,1.2384249730532626,0.8183089660143611,148431339520.0,cell,False,False
ETTm2-H/tlong,native,0.9951368078106072,1.1284016697207502,0.8818994463707923,152881438720.0,cell,True,False
ETTm2-H/tlong,32,1.199221251930867,1.1284016697207502,1.0627609689975404,11918417920.0,cell,False,True
ETTm2-H/tlong,48,1.1752461779809111,1.1284016697207502,1.0415140366388804,12173967360.0,cell,False,True
ETTm2-H/tlong,64,1.2515071887903053,1.1284016697207502,1.1090972500067466,12429598720.0,cell,False,False
ETTm2-H/tlong,96,1.227118218046256,1.1284016697207502,1.08748351847967,12941107200.0,cell,False,False
ETTm2-H/tlong,128,1.3695158439656117,1.1284016697207502,1.2136776120727746,13452943360.0,cell,False,False
ETTm2-H/tlong,192,1.1666236642968981,1.1284016697207502,1.0338726852341569,14477598720.0,cell,False,True
ETTm2-H/tlong,256,1.0970947190354874,1.1284016697207502,0.9722554906419002,15503564800.0,cell,False,True
ETTm2-H/tlong,384,1.0378476599850057,1.1284016697207502,0.9197501987407071,17559429120.0,cell,False,True
ETTm2-H/tlong,512,1.0613504851195108,1.1284016697207502,0.9405786198297342,19620536320.0,cell,False,False
ETTm2-H/tlong,768,1.0910274913396647,1.1284016697207502,0.9668786573221443,23758479360.0,cell,False,False
ETTm2-H/tlong,1024,1.1008431493152633,1.1284016697207502,0.9755773842373816,27917393920.0,cell,False,False
ETTm2-H/tlong,1536,1.0228397323881422,1.1284016697207502,0.9064500344467482,36298137600.0,cell,False,True
ETTm2-H/tlong,2048,0.9891919538086089,1.1284016697207502,0.8766310617507399,44762767360.0,cell,False,True
ETTm2-H/tlong,2560,0.9815619761944533,1.1284016697207502,0.8698693049943502,53311283200.0,cell,False,True
ETTm2-H/tlong,3072,1.0143819145273343,1.1284016697207502,0.8989546380043617,61943685120.0,cell,False,False
ETTm2-H/tlong,4096,1.0201668349417778,1.1284016697207502,0.904081287999372,79460147200.0,cell,False,False
ETTm2-H/tlong,6144,1.039478139616001,1.1284016697207502,0.9211951448753569,115499704320.0,cell,False,False
ETTm2-H/tlong,8192,0.9951368178163058,1.1284016697207502,0.881899455237935,152881438720.0,cell,False,False
ETTm2-D/tshort,native,1.2946328867800088,1.3901143157307532,0.9313139733399898,11152370346.666666,cell,True,False
ETTm2-D/tshort,32,1.553817617138645,1.3901143157307532,1.117762474319845,1007288320.0,cell,False,True
ETTm2-D/tshort,48,1.6586494201828885,1.3901143157307532,1.1931748356328322,1259315200.0,cell,False,False
ETTm2-D/tshort,64,1.455966830119761,1.3901143157307532,1.047372013685357,1511424000.0,cell,False,True
ETTm2-D/tshort,96,1.3648828360718803,1.3901143157307532,0.9818493490978768,2015887360.0,cell,False,True
ETTm2-D/tshort,128,1.4094832136806998,1.3901143157307532,1.0139333130597716,2520678400.0,cell,False,False
ETTm2-D/tshort,192,1.4287278175138842,1.3901143157307532,1.0277772132451084,3531243520.0,cell,False,False
ETTm2-D/tshort,256,1.385577609333515,1.3901143157307532,0.9967364508473152,4543119360.0,cell,False,False
ETTm2-D/tshort,384,1.2453649043226664,1.3901143157307532,0.8958722964218989,6570803200.0,cell,False,True
ETTm2-D/tshort,512,1.3359355913467492,1.3901143157307532,0.9610257057488661,8603729920.0,cell,False,False
ETTm2-W/tshort,native,0.8970713797142024,0.7785209533197451,1.1522764748834802,1763614720.0,cell,True,False
ETTm2-W/tshort,32,1.242940309074047,0.7785209533197451,1.5965405989060912,755343360.0,cell,False,True
ETTm2-W/tshort,48,0.6986746132729907,0.7785209533197451,0.8974384187011588,1007288320.0,cell,False,True
ETTm2-W/tshort,64,1.1288612822531234,0.7785209533197451,1.4500075783952477,1259315200.0,cell,False,False
LoopSeattle-5T/tshort,native,0.5445396241602124,0.7623397118337274,0.7143004827209907,140467609600.0,cell,True,False
LoopSeattle-5T/tshort,32,1.1523202849296292,0.7623397118337274,1.5115574684648723,1259315200.0,cell,False,True
LoopSeattle-5T/tshort,48,1.0024638731221154,0.7623397118337274,1.3149831467008255,1511424000.0,cell,False,True
LoopSeattle-5T/tshort,64,0.9130233519082277,0.7623397118337274,1.1976594394014275,1763614720.0,cell,False,True
LoopSeattle-5T/tshort,96,0.8536243073122188,0.7623397118337274,1.1197426738519445,2268241920.0,cell,False,True
LoopSeattle-5T/tshort,128,0.8503592561498604,0.7623397118337274,1.1154597392078807,2773196800.0,cell,False,True
LoopSeattle-5T/tshort,192,0.8142735361799712,0.7623397118337274,1.0681242542400455,3784089600.0,cell,False,True
LoopSeattle-5T/tshort,256,0.6572276539924624,0.7623397118337274,0.8621191363776274,4796293120.0,cell,False,True
LoopSeattle-5T/tshort,384,0.5866725130360009,0.7623397118337274,0.7695683485054482,6824632320.0,cell,False,True
LoopSeattle-5T/tshort,512,0.5770263452031302,0.7623397118337274,0.7569149766777261,8858214400.0,cell,False,True
LoopSeattle-5T/tshort,768,0.5674721391047118,0.7623397118337274,0.7443822357616892,12941107200.0,cell,False,True
LoopSeattle-5T/tshort,1024,0.5642243467161494,0.7623397118337274,0.7401219403341426,17044971520.0,cell,False,True
LoopSeattle-5T/tshort,1536,0.5700280830864058,0.7623397118337274,0.7477349982401726,25315614720.0,cell,False,False
LoopSeattle-5T/tshort,2048,0.5441397598807219,0.7623397118337274,0.7137759602892146,33670144000.0,cell,False,True
LoopSeattle-5T/tshort,2560,0.5400901725012092,0.7623397118337274,0.7084639093535866,42108559360.0,cell,False,True
LoopSeattle-5T/tshort,3072,0.5371431824969634,0.7623397118337274,0.7045981918020804,50630860800.0,cell,False,True
LoopSeattle-5T/tshort,4096,0.542203352126644,0.7623397118337274,0.7112358751749023,67927121920.0,cell,False,False
LoopSeattle-5T/tshort,6144,0.5441950202616971,0.7623397118337274,0.7138484481579658,103526277120.0,cell,False,False
LoopSeattle-5T/tshort,8192,0.5445396239494024,0.7623397118337274,0.7143004824444603,140467609600.0,cell,False,False
LoopSeattle-5T/tmedium,native,0.7216676514282223,1.1532851467900649,0.6257495411580022,148431339520.0,cell,True,True
LoopSeattle-5T/tmedium,32,1.8913283097366227,1.1532851467900649,1.6399485547878174,8095006720.0,cell,False,True
LoopSeattle-5T/tmedium,48,1.8466630958379946,1.1532851467900649,1.6012198726202331,8349327360.0,cell,False,True
LoopSeattle-5T/tmedium,64,1.7901438553215785,1.1532851467900649,1.5522127032539008,8603729920.0,cell,False,True
LoopSeattle-5T/tmedium,96,1.6505129336917694,1.1532851467900649,1.4311403717334237,9112780800.0,cell,False,True
LoopSeattle-5T/tmedium,128,1.470539693777809,1.1532851467900649,1.2750876900398465,9622159360.0,cell,False,True
LoopSeattle-5T/tmedium,192,1.105124195060528,1.1532851467900649,0.9582402046331879,10641899520.0,cell,False,True
LoopSeattle-5T/tmedium,256,1.0045929828098945,1.1532851467900649,0.8710707717046172,11662950400.0,cell,False,True
LoopSeattle-5T/tmedium,384,0.9764568232460294,1.1532851467900649,0.8466742383388868,13708984320.0,cell,False,True
LoopSeattle-5T/tmedium,512,0.9675295965741356,1.1532851467900649,0.8389335449841333,15760261120.0,cell,False,True
LoopSeattle-5T/tmedium,768,0.8995171107644969,1.1532851467900649,0.7799607176665027,19878543360.0,cell,False,True
LoopSeattle-5T/tmedium,1024,0.8753109029122571,1.1532851467900649,0.7589717992540763,24017797120.0,cell,False,True
LoopSeattle-5T/tmedium,1536,0.8439362671800942,1.1532851467900649,0.7317672212540146,32359219200.0,cell,False,True
LoopSeattle-5T/tmedium,2048,0.7927409785498021,1.1532851467900649,0.6873763880131776,40784527360.0,cell,False,True
LoopSeattle-5T/tmedium,2560,0.7785038380057554,1.1532851467900649,0.6750315307299004,49293721600.0,cell,False,True
LoopSeattle-5T/tmedium,3072,0.7705345547033448,1.1532851467900649,0.668121458815256,57886801920.0,cell,False,True
LoopSeattle-5T/tmedium,4096,0.7277238740495541,1.1532851467900649,0.6310008206340173,75324620800.0,cell,False,True
LoopSeattle-5T/tmedium,6144,0.7249194435269014,1.1532851467900649,0.6285691318791086,111206891520.0,cell,False,True
LoopSeattle-5T/tmedium,8192,0.721667651979188,1.1532851467900649,0.6257495416357381,148431339520.0,cell,False,False
LoopSeattle-5T/tlong,native,0.783764834590387,1.2506857542807588,0.6266680754200423,152881438720.0,cell,True,True
LoopSeattle-5T/tlong,32,1.5686605389088926,1.2506857542807588,1.254240350575508,11918417920.0,cell,False,True
LoopSeattle-5T/tlong,48,1.642210021719851,1.2506857542807588,1.3130476749247448,12173967360.0,cell,False,False
LoopSeattle-5T/tlong,64,1.669594913030589,1.2506857542807588,1.3349435758071262,12429598720.0,cell,False,False
LoopSeattle-5T/tlong,96,1.5743687781042055,1.2506857542807588,1.2588044380577355,12941107200.0,cell,False,False
LoopSeattle-5T/tlong,128,1.448000974530496,1.2506857542807588,1.1577656254373896,13452943360.0,cell,False,True
LoopSeattle-5T/tlong,192,1.2007118555249319,1.2506857542807588,0.9600428016511904,14477598720.0,cell,False,True
LoopSeattle-5T/tlong,256,1.0707577620208983,1.2506857542807588,0.8561365301843283,15503564800.0,cell,False,True
LoopSeattle-5T/tlong,384,1.0176924506790408,1.2506857542807588,0.8137075577904002,17559429120.0,cell,False,True
LoopSeattle-5T/tlong,512,1.0356367659333758,1.2506857542807588,0.8280551388617576,19620536320.0,cell,False,False
LoopSeattle-5T/tlong,768,1.0058169947699471,1.2506857542807588,0.8042124021380334,23758479360.0,cell,False,True
LoopSeattle-5T/tlong,1024,0.9665814435801694,1.2506857542807588,0.7728411715507455,27917393920.0,cell,False,True
LoopSeattle-5T/tlong,1536,0.8758780071970058,1.2506857542807588,0.7003182087899478,36298137600.0,cell,False,True
LoopSeattle-5T/tlong,2048,0.8503165859257727,1.2506857542807588,0.6798802840884445,44762767360.0,cell,False,True
LoopSeattle-5T/tlong,2560,0.8386607157461772,1.2506857542807588,0.6705607007001307,53311283200.0,cell,False,True
LoopSeattle-5T/tlong,3072,0.8351223323350283,1.2506857542807588,0.6677315460551386,61943685120.0,cell,False,True
LoopSeattle-5T/tlong,4096,0.7957423556511146,1.2506857542807588,0.636244838423644,79460147200.0,cell,False,True
LoopSeattle-5T/tlong,6144,0.7860491267847917,1.2506857542807588,0.6284945071888428,115499704320.0,cell,False,True
LoopSeattle-5T/tlong,8192,0.7837648352744694,1.2506857542807588,0.6266680759670081,152881438720.0,cell,False,False
LoopSeattle-H/tshort,native,0.8289503797145361,1.2928412613913995,0.6411849656023444,139171212665.26315,cell,True,True
LoopSeattle-H/tshort,32,1.575430069887178,1.2928412613913995,1.2185796639810573,1259315200.0,cell,False,True
LoopSeattle-H/tshort,48,1.2907554723549544,1.2928412613913995,0.9983866626950006,1511424000.0,cell,False,True
LoopSeattle-H/tshort,64,1.1554395464399279,1.2928412613913995,0.8937211248938672,1763614720.0,cell,False,True
LoopSeattle-H/tshort,96,1.0940190580391624,1.2928412613913995,0.8462129812145244,2268241920.0,cell,False,True
LoopSeattle-H/tshort,128,1.0705089399574108,1.2928412613913995,0.8280281361110743,2773196800.0,cell,False,True
LoopSeattle-H/tshort,192,0.9458294625552518,1.2928412613913995,0.7315897866202987,3784089600.0,cell,False,True
LoopSeattle-H/tshort,256,0.9367843283369022,1.2928412613913995,0.7245934642654452,4796293120.0,cell,False,True
LoopSeattle-H/tshort,384,0.8528258338031397,1.2928412613913995,0.6596523945138475,6824632320.0,cell,False,True
LoopSeattle-H/tshort,512,0.8422361053301914,1.2928412613913995,0.6514613436948542,8858214400.0,cell,False,True
LoopSeattle-H/tshort,768,0.8312586783565373,1.2928412613913995,0.6429704118987575,12941107200.0,cell,False,True
LoopSeattle-H/tshort,1024,0.8468903303255993,1.2928412613913995,0.6550613409523667,17044971520.0,cell,False,False
LoopSeattle-H/tshort,1536,0.847230643223452,1.2928412613913995,0.6553245696317224,25315614720.0,cell,False,False
LoopSeattle-H/tshort,2048,0.8445937645986094,1.2928412613913995,0.6532849699503163,33670144000.0,cell,False,False
LoopSeattle-H/tshort,2560,0.8383106771701363,1.2928412613913995,0.6484250636214364,42108559360.0,cell,False,False
LoopSeattle-H/tshort,3072,0.8363396760437998,1.2928412613913995,0.6469005136359144,50630860800.0,cell,False,False
LoopSeattle-H/tshort,4096,0.8333734500666775,1.2928412613913995,0.6446061670168021,67927121920.0,cell,False,False
LoopSeattle-H/tshort,6144,0.8314479431791744,1.2928412613913995,0.643116806377561,103526277120.0,cell,False,False
LoopSeattle-H/tshort,8192,0.8293626113689923,1.2928412613913995,0.641503822732579,140467609600.0,cell,False,False
LoopSeattle-H/tmedium,native,0.8986527594145728,1.4805126192799751,0.6069875715423614,144890429440.0,cell,True,True
LoopSeattle-H/tmedium,32,1.5881523591498576,1.4805126192799751,1.0727043717616074,8095006720.0,cell,False,True
LoopSeattle-H/tmedium,48,1.3349711139187665,1.4805126192799751,0.9016951943091235,8349327360.0,cell,False,True
LoopSeattle-H/tmedium,64,1.1517454818459714,1.4805126192799751,0.7779369570021668,8603729920.0,cell,False,True
LoopSeattle-H/tmedium,96,1.1787659714700442,1.4805126192799751,0.7961877231707213,9112780800.0,cell,False,False
LoopSeattle-H/tmedium,128,1.1420202545973774,1.4805126192799751,0.7713681327166139,9622159360.0,cell,False,True
LoopSeattle-H/tmedium,192,0.9945218997593743,1.4805126192799751,0.6717415892361964,10641899520.0,cell,False,True
LoopSeattle-H/tmedium,256,0.9940688401388673,1.4805126192799751,0.6714355738638133,11662950400.0,cell,False,True
LoopSeattle-H/tmedium,384,0.9466109965445508,1.4805126192799751,0.6393805660399712,13708984320.0,cell,False,True
LoopSeattle-H/tmedium,512,0.938579219789263,1.4805126192799751,0.6339555688797348,15760261120.0,cell,False,True
LoopSeattle-H/tmedium,768,0.9434259681808745,1.4805126192799751,0.6372292649823514,19878543360.0,cell,False,False
LoopSeattle-H/tmedium,1024,0.9413888674603049,1.4805126192799751,0.6358533221541436,24017797120.0,cell,False,False
LoopSeattle-H/tmedium,1536,0.9323051875922744,1.4805126192799751,0.6297178257390923,32359219200.0,cell,False,True
LoopSeattle-H/tmedium,2048,0.9225158822378292,1.4805126192799751,0.623105720427078,40784527360.0,cell,False,True
LoopSeattle-H/tmedium,2560,0.9147657331075714,1.4805126192799751,0.6178709463161846,49293721600.0,cell,False,True
LoopSeattle-H/tmedium,3072,0.9099717693968693,1.4805126192799751,0.614632903189586,57886801920.0,cell,False,True
LoopSeattle-H/tmedium,4096,0.9057151750601018,1.4805126192799751,0.6117578217608052,75324620800.0,cell,False,True
LoopSeattle-H/tmedium,6144,0.9010285421924277,1.4805126192799751,0.6085922743641519,111206891520.0,cell,False,True
LoopSeattle-H/tmedium,8192,0.8993243004076071,1.4805126192799751,0.607441158350261,148431339520.0,cell,False,False
LoopSeattle-H/tlong,native,0.8652449244665275,1.5460268753677606,0.5596571044476233,143578255360.0,cell,True,True
LoopSeattle-H/tlong,32,1.5265626592325312,1.5460268753677606,0.9874101696126082,11918417920.0,cell,False,True
LoopSeattle-H/tlong,48,1.4938411993823015,1.5460268753677606,0.9662452983082552,12173967360.0,cell,False,True
LoopSeattle-H/tlong,64,1.3665589510528489,1.5460268753677606,0.8839166852955122,12429598720.0,cell,False,True
LoopSeattle-H/tlong,96,1.0473753677421316,1.5460268753677606,0.6774625877658094,12941107200.0,cell,False,True
LoopSeattle-H/tlong,128,1.0671939856254034,1.5460268753677606,0.6902816520389046,13452943360.0,cell,False,False
LoopSeattle-H/tlong,192,1.0369801410936619,1.5460268753677606,0.6707387546849667,14477598720.0,cell,False,True
LoopSeattle-H/tlong,256,0.9814886236773196,1.5460268753677606,0.6348457709985464,15503564800.0,cell,False,True
LoopSeattle-H/tlong,384,0.8920429903226224,1.5460268753677606,0.5769906102766991,17559429120.0,cell,False,True
LoopSeattle-H/tlong,512,0.8932615032725036,1.5460268753677606,0.5777787679531893,19620536320.0,cell,False,False
LoopSeattle-H/tlong,768,0.8959542075551563,1.5460268753677606,0.5795204610152922,23758479360.0,cell,False,False
LoopSeattle-H/tlong,1024,0.8982030280929933,1.5460268753677606,0.5809750415104095,27917393920.0,cell,False,False
LoopSeattle-H/tlong,1536,0.9038104283996939,1.5460268753677606,0.5846020161743309,36298137600.0,cell,False,False
LoopSeattle-H/tlong,2048,0.8933920747245885,1.5460268753677606,0.5778632240866273,44762767360.0,cell,False,False
LoopSeattle-H/tlong,2560,0.8831185055026824,1.5460268753677606,0.5712180813755976,53311283200.0,cell,False,True
LoopSeattle-H/tlong,3072,0.8793264793840223,1.5460268753677606,0.5687653257482039,61943685120.0,cell,False,True
LoopSeattle-H/tlong,4096,0.874828194319393,1.5460268753677606,0.565855748213493,79460147200.0,cell,False,True
LoopSeattle-H/tlong,6144,0.8676736829310685,1.5460268753677606,0.5612280722640549,115499704320.0,cell,False,True
LoopSeattle-D/tshort,native,0.8900555467511072,1.7323957056549062,0.5137715037308033,5683056640.0,cell,True,False
LoopSeattle-D/tshort,32,0.9430996067885556,1.7323957056549062,0.5443904090214949,1007288320.0,cell,False,True
LoopSeattle-D/tshort,48,0.884385032348578,1.7323957056549062,0.5104982825007924,1259315200.0,cell,False,True
LoopSeattle-D/tshort,64,0.9026682501953489,1.7323957056549062,0.5210520017158025,1511424000.0,cell,False,False
LoopSeattle-D/tshort,96,0.9130547136411344,1.7323957056549062,0.5270474353294289,2015887360.0,cell,False,False
LoopSeattle-D/tshort,128,0.9308348537473444,1.7323957056549062,0.537310760300838,2520678400.0,cell,False,False
LoopSeattle-D/tshort,192,0.9365573703194353,1.7323957056549062,0.5406139990201511,3531243520.0,cell,False,False
LoopSeattle-D/tshort,256,0.9306470431167108,1.7323957056549062,0.5372023493702287,4543119360.0,cell,False,False
SZTaxi-15T/tshort,native,0.5450884678542416,0.7644167735543712,0.7130775863534484,45828218880.0,cell,True,False
SZTaxi-15T/tshort,32,0.6780707944783575,0.7644167735543712,0.8870433223560444,1259315200.0,cell,False,True
SZTaxi-15T/tshort,48,0.6438083999576091,0.7644167735543712,0.8422217070983941,1511424000.0,cell,False,True
SZTaxi-15T/tshort,64,0.640865076275669,0.7644167735543712,0.838371289651045,1763614720.0,cell,False,True
SZTaxi-15T/tshort,96,0.6218173288345199,0.7644167735543712,0.8134532762058647,2268241920.0,cell,False,True
SZTaxi-15T/tshort,128,0.6134403488343836,0.7644167735543712,0.8024946208100848,2773196800.0,cell,False,True
SZTaxi-15T/tshort,192,0.6012554041318346,0.7644167735543712,0.7865544359212949,3784089600.0,cell,False,True
SZTaxi-15T/tshort,256,0.59065822163835,0.7644167735543712,0.7726913407353925,4796293120.0,cell,False,True
SZTaxi-15T/tshort,384,0.5720623986690982,0.7644167735543712,0.7483645289586373,6824632320.0,cell,False,True
SZTaxi-15T/tshort,512,0.5633314515049982,0.7644167735543712,0.736942818360238,8858214400.0,cell,False,True
SZTaxi-15T/tshort,768,0.5506270241783189,0.7644167735543712,0.720323053114106,12941107200.0,cell,False,True
SZTaxi-15T/tshort,1024,0.5464714156803899,0.7644167735543712,0.7148867405661666,17044971520.0,cell,False,True
SZTaxi-15T/tshort,1536,0.5434037188795732,0.7644167735543712,0.7108736198355047,25315614720.0,cell,False,True
SZTaxi-15T/tshort,2048,0.5445549322566116,0.7644167735543712,0.7123796220804391,33670144000.0,cell,False,False
SZTaxi-15T/tshort,2560,0.5446578687622199,0.7644167735543712,0.7125142822673548,42108559360.0,cell,False,False
SZTaxi-15T/tmedium,native,0.5336765496902625,0.7134840540400068,0.7479866531962295,48225484800.0,cell,True,False
SZTaxi-15T/tmedium,32,0.5983486333936932,0.7134840540400068,0.8386293008310768,8095006720.0,cell,False,True
SZTaxi-15T/tmedium,48,0.5969528132756936,0.7134840540400068,0.8366729570135859,8349327360.0,cell,False,True
SZTaxi-15T/tmedium,64,0.6068039217830419,0.7134840540400068,0.8504800049098461,8603729920.0,cell,False,False
SZTaxi-15T/tmedium,96,0.6046402348040218,0.7134840540400068,0.8474474396173656,9112780800.0,cell,False,False
SZTaxi-15T/tmedium,128,0.5929364593293227,0.7134840540400068,0.831043743685511,9622159360.0,cell,False,True
SZTaxi-15T/tmedium,192,0.5792490508764626,0.7134840540400068,0.8118598412908365,10641899520.0,cell,False,True
SZTaxi-15T/tmedium,256,0.5752264266217828,0.7134840540400068,0.8062218396678119,11662950400.0,cell,False,True
SZTaxi-15T/tmedium,384,0.5553976010896509,0.7134840540400068,0.7784302927932126,13708984320.0,cell,False,True
SZTaxi-15T/tmedium,512,0.5479747214404566,0.7134840540400068,0.7680265849497602,15760261120.0,cell,False,True
SZTaxi-15T/tmedium,768,0.5373162050880465,0.7134840540400068,0.7530878960021128,19878543360.0,cell,False,True
SZTaxi-15T/tmedium,1024,0.5353540792162975,0.7134840540400068,0.7503378333193679,24017797120.0,cell,False,True
SZTaxi-15T/tmedium,1536,0.5333905559383246,0.7134840540400068,0.7475858120697623,32359219200.0,cell,False,True
SZTaxi-15T/tmedium,2048,0.5342750827305504,0.7134840540400068,0.7488255409567881,40784527360.0,cell,False,False
SZTaxi-15T/tlong,native,0.5045331381734804,0.6909431344941248,0.7302093515161349,48225484800.0,cell,True,True
SZTaxi-15T/tlong,32,0.7377736590009649,0.6909431344941248,1.0677776826614351,11918417920.0,cell,False,True
SZTaxi-15T/tlong,48,0.6740166706759413,0.6909431344941248,0.9755023778757477,12173967360.0,cell,False,True
SZTaxi-15T/tlong,64,0.6739810505160388,0.6909431344941248,0.9754508249213522,12429598720.0,cell,False,True
SZTaxi-15T/tlong,96,0.7169596950456626,0.6909431344941248,1.0376536928333269,12941107200.0,cell,False,False
SZTaxi-15T/tlong,128,0.6954085747498769,0.6909431344941248,1.006462818765862,13452943360.0,cell,False,False
SZTaxi-15T/tlong,192,0.5701534666004568,0.6909431344941248,0.8251814630416665,14477598720.0,cell,False,True
SZTaxi-15T/tlong,256,0.5387321015466172,0.6909431344941248,0.7797054122855578,15503564800.0,cell,False,True
SZTaxi-15T/tlong,384,0.5191499170053361,0.6909431344941248,0.7513641732404398,17559429120.0,cell,False,True
SZTaxi-15T/tlong,512,0.510918571253461,0.6909431344941248,0.7394509703429224,19620536320.0,cell,False,True
SZTaxi-15T/tlong,768,0.5062245603210596,0.6909431344941248,0.7326573418978868,23758479360.0,cell,False,True
SZTaxi-15T/tlong,1024,0.5046820817241302,0.6909431344941248,0.730424917086171,27917393920.0,cell,False,True
SZTaxi-15T/tlong,1536,0.5066601429239631,0.6909431344941248,0.7332877593391461,36298137600.0,cell,False,False
SZTaxi-15T/tlong,2048,0.5053038974499096,0.6909431344941248,0.7313248691874892,44762767360.0,cell,False,False
SZTaxi-H/tshort,native,0.5601167147068986,0.7381672994945998,0.7587937247970657,11535339520.0,cell,True,False
SZTaxi-H/tshort,32,0.6872671907519904,0.7381672994945998,0.9310452945051086,1259315200.0,cell,False,True
SZTaxi-H/tshort,48,0.631243404821702,0.7381672994945998,0.8551495104888753,1511424000.0,cell,False,True
SZTaxi-H/tshort,64,0.6119375822157707,0.7381672994945998,0.8289957881292565,1763614720.0,cell,False,True
SZTaxi-H/tshort,96,0.5952303009345907,0.7381672994945998,0.806362326456518,2268241920.0,cell,False,True
SZTaxi-H/tshort,128,0.5796390464787697,0.7381672994945998,0.7852407535197381,2773196800.0,cell,False,True
SZTaxi-H/tshort,192,0.565804850098822,0.7381672994945998,0.7664994784870732,3784089600.0,cell,False,True
SZTaxi-H/tshort,256,0.5621469319645002,0.7381672994945998,0.7615440732058771,4796293120.0,cell,False,True
SZTaxi-H/tshort,384,0.5560069168404933,0.7381672994945998,0.7532261551292965,6824632320.0,cell,False,True
SZTaxi-H/tshort,512,0.5596123415734772,0.7381672994945998,0.758110447261246,8858214400.0,cell,False,False
MDense-H/tshort,native,0.7676708212080461,1.4875444172240992,0.5160658144518424,140467609600.0,cell,True,False
MDense-H/tshort,32,2.10543874955556,1.4875444172240992,1.4153787444441566,1259315200.0,cell,False,True
MDense-H/tshort,48,1.3388796084535164,1.4875444172240992,0.9000602556473536,1511424000.0,cell,False,True
MDense-H/tshort,64,1.1891006624910554,1.4875444172240992,0.7993715338665527,1763614720.0,cell,False,True
MDense-H/tshort,96,1.097296107980779,1.4875444172240992,0.7376560291412602,2268241920.0,cell,False,True
MDense-H/tshort,128,1.0427169221246901,1.4875444172240992,0.7009652350889125,2773196800.0,cell,False,True
MDense-H/tshort,192,0.8809319986278001,1.4875444172240992,0.5922055089095786,3784089600.0,cell,False,True
MDense-H/tshort,256,0.8457735691709045,1.4875444172240992,0.568570295701959,4796293120.0,cell,False,True
MDense-H/tshort,384,0.8001108254274502,1.4875444172240992,0.5378735694632458,6824632320.0,cell,False,True
MDense-H/tshort,512,0.790335084543368,1.4875444172240992,0.5313018390524494,8858214400.0,cell,False,True
MDense-H/tshort,768,0.7765917544660487,1.4875444172240992,0.5220629014327138,12941107200.0,cell,False,True
MDense-H/tshort,1024,0.7629928616721653,1.4875444172240992,0.512921061608354,17044971520.0,cell,False,True
MDense-H/tshort,1536,0.7623979294810448,1.4875444172240992,0.5125211191365651,25315614720.0,cell,False,True
MDense-H/tshort,2048,0.7705185216296021,1.4875444172240992,0.5179801777398108,33670144000.0,cell,False,False
MDense-H/tshort,2560,0.7714344679780539,1.4875444172240992,0.5185959216045627,42108559360.0,cell,False,False
MDense-H/tshort,3072,0.7681421914196843,1.4875444172240992,0.5163826925269979,50630860800.0,cell,False,False
MDense-H/tshort,4096,0.7680827774285697,1.4875444172240992,0.5163427515407478,67927121920.0,cell,False,False
MDense-H/tshort,6144,0.7664854194995665,1.4875444172240992,0.5152689295354971,103526277120.0,cell,False,False
MDense-H/tshort,8192,0.7676708253142195,1.4875444172240992,0.5160658172122127,140467609600.0,cell,False,False
MDense-H/tmedium,native,0.6779207718144,1.569946511898904,0.4318113812644685,148431339520.0,cell,True,True
MDense-H/tmedium,32,1.9158359186093095,1.569946511898904,1.2203192300430925,8095006720.0,cell,False,True
MDense-H/tmedium,48,1.1054623612063763,1.569946511898904,0.7041401428824997,8349327360.0,cell,False,True
MDense-H/tmedium,64,1.0103436532181584,1.569946511898904,0.6435529144213412,8603729920.0,cell,False,True
MDense-H/tmedium,96,0.9318996859192549,1.569946511898904,0.5935869017550733,9112780800.0,cell,False,True
MDense-H/tmedium,128,0.8767105735080241,1.569946511898904,0.5584334032167839,9622159360.0,cell,False,True
MDense-H/tmedium,192,0.7706070275623329,1.569946511898904,0.49084922430271677,10641899520.0,cell,False,True
MDense-H/tmedium,256,0.739856812832817,1.569946511898904,0.47126243297163983,11662950400.0,cell,False,True
MDense-H/tmedium,384,0.711831507919876,1.569946511898904,0.45341131212100433,13708984320.0,cell,False,True
MDense-H/tmedium,512,0.7132232980824688,1.569946511898904,0.4542978328731727,15760261120.0,cell,False,False
MDense-H/tmedium,768,0.7101829042110818,1.569946511898904,0.45236121028868126,19878543360.0,cell,False,True
MDense-H/tmedium,1024,0.7147317648210193,1.569946511898904,0.4552586724477172,24017797120.0,cell,False,False
MDense-H/tmedium,1536,0.7228999571925011,1.569946511898904,0.4604615200030789,32359219200.0,cell,False,False
MDense-H/tmedium,2048,0.7050715043465293,1.569946511898904,0.44910543066446335,40784527360.0,cell,False,True
MDense-H/tmedium,2560,0.7024800865026953,1.569946511898904,0.44745478981511394,49293721600.0,cell,False,True
MDense-H/tmedium,3072,0.6970383124903267,1.569946511898904,0.4439885736280499,57886801920.0,cell,False,True
MDense-H/tmedium,4096,0.6850105770129774,1.569946511898904,0.4363273346073642,75324620800.0,cell,False,True
MDense-H/tmedium,6144,0.6857503002769979,1.569946511898904,0.4367985119745,111206891520.0,cell,False,False
MDense-H/tmedium,8192,0.6779207722512982,1.569946511898904,0.43181138154275706,148431339520.0,cell,False,False
MDense-H/tlong,native,0.6712577228290147,1.4779178744488215,0.45419149090361693,152881438720.0,cell,True,False
MDense-H/tlong,32,1.522180573337897,1.4779178744488215,1.0299493629885104,11918417920.0,cell,False,True
MDense-H/tlong,48,1.2293679469223462,1.4779178744488215,0.8318242631586209,12173967360.0,cell,False,True
MDense-H/tlong,64,1.0993504374007161,1.4779178744488215,0.7438508298782912,12429598720.0,cell,False,True
MDense-H/tlong,96,0.9715795104554731,1.4779178744488215,0.6573974963377559,12941107200.0,cell,False,True
MDense-H/tlong,128,0.9401598115233232,1.4779178744488215,0.6361380613749927,13452943360.0,cell,False,True
MDense-H/tlong,192,0.7543665799133686,1.4779178744488215,0.5104252360400635,14477598720.0,cell,False,True
MDense-H/tlong,256,0.7289234422059072,1.4779178744488215,0.49320970725640206,15503564800.0,cell,False,True
MDense-H/tlong,384,0.7137765252783055,1.4779178744488215,0.4829608854582012,17559429120.0,cell,False,True
MDense-H/tlong,512,0.7151392854115566,1.4779178744488215,0.4838829665540533,19620536320.0,cell,False,False
MDense-H/tlong,768,0.712276692686066,1.4779178744488215,0.48194605735565943,23758479360.0,cell,False,True
MDense-H/tlong,1024,0.711849868725477,1.4779178744488215,0.4816572564906261,27917393920.0,cell,False,True
MDense-H/tlong,1536,0.7290211292934697,1.4779178744488215,0.49327580503439866,36298137600.0,cell,False,False
MDense-H/tlong,2048,0.7191216124726248,1.4779178744488215,0.48657751889009115,44762767360.0,cell,False,False
MDense-H/tlong,2560,0.7199179452520312,1.4779178744488215,0.4871163396142829,53311283200.0,cell,False,False
MDense-H/tlong,3072,0.7074288519278762,1.4779178744488215,0.4786658745782519,61943685120.0,cell,False,True
MDense-H/tlong,4096,0.6872171611570199,1.4779178744488215,0.4649900870935149,79460147200.0,cell,False,True
MDense-H/tlong,6144,0.6775283750861014,1.4779178744488215,0.4584343871872993,115499704320.0,cell,False,True
MDense-H/tlong,8192,0.6712577170249263,1.4779178744488215,0.4541914869764106,152881438720.0,cell,False,True
MDense-D/tshort,native,0.6754325091117102,1.6693368812171987,0.4046112661329437,11152370346.666666,cell,True,False
MDense-D/tshort,32,0.7347041606406305,1.6693368812171987,0.4401173716984676,1007288320.0,cell,False,True
MDense-D/tshort,48,0.7250965417613912,1.6693368812171987,0.43436202118333733,1259315200.0,cell,False,True
MDense-D/tshort,64,0.72707623122496,1.6693368812171987,0.4355479348750814,1511424000.0,cell,False,False
MDense-D/tshort,96,0.7595106054511188,1.6693368812171987,0.4549774308570484,2015887360.0,cell,False,False
MDense-D/tshort,128,0.8038861215692296,1.6693368812171987,0.48156015158730286,2520678400.0,cell,False,False
MDense-D/tshort,192,0.7379826517556685,1.6693368812171987,0.4420813198697004,3531243520.0,cell,False,False
MDense-D/tshort,256,0.7270589361782297,1.6693368812171987,0.43553757444578467,4543119360.0,cell,False,False
MDense-D/tshort,384,0.6618652526547176,1.6693368812171987,0.39648393329219317,6570803200.0,cell,False,True
MDense-D/tshort,512,0.6603744078161411,1.6693368812171987,0.39559085721189385,8603729920.0,cell,False,True
Solar-10T/tshort,native,0.8058162062910845,1.1057028063509833,0.7287819128816557,140467609600.0,cell,True,True
Solar-10T/tshort,32,2.1867137638906953,1.1057028063509833,1.9776686387432092,1259315200.0,cell,False,True
Solar-10T/tshort,48,2.2045489274639705,1.1057028063509833,1.9937987990998915,1511424000.0,cell,False,False
Solar-10T/tshort,64,1.5489205162616535,1.1057028063509833,1.4008470516353013,1763614720.0,cell,False,True
Solar-10T/tshort,96,1.4513786949617402,1.1057028063509833,1.3126300183243174,2268241920.0,cell,False,True
Solar-10T/tshort,128,1.102796485048038,1.1057028063509833,0.997371516752737,2773196800.0,cell,False,True
Solar-10T/tshort,192,1.038141361993572,1.1057028063509833,0.9388972841803883,3784089600.0,cell,False,True
Solar-10T/tshort,256,1.037957845250928,1.1057028063509833,0.938731311243004,4796293120.0,cell,False,True
Solar-10T/tshort,384,1.0900577668344127,1.1057028063509833,0.9858505925582282,6824632320.0,cell,False,False
Solar-10T/tshort,512,1.10925909886954,1.1057028063509833,1.0032163186148484,8858214400.0,cell,False,False
Solar-10T/tshort,768,0.9155305514811574,1.1057028063509833,0.8280078030212944,12941107200.0,cell,False,True
Solar-10T/tshort,1024,0.9493788536281754,1.1057028063509833,0.8586202804000247,17044971520.0,cell,False,False
Solar-10T/tshort,1536,0.8887826951368707,1.1057028063509833,0.803816984122535,25315614720.0,cell,False,True
Solar-10T/tshort,2048,0.8347560512035821,1.1057028063509833,0.7549551709635486,33670144000.0,cell,False,True
Solar-10T/tshort,2560,0.8396786859557464,1.1057028063509833,0.7594072124378846,42108559360.0,cell,False,False
Solar-10T/tshort,3072,0.8319136523015969,1.1057028063509833,0.7523844992734173,50630860800.0,cell,False,True
Solar-10T/tshort,4096,0.8322618249753846,1.1057028063509833,0.7526993873896344,67927121920.0,cell,False,False
Solar-10T/tshort,6144,0.8272056005229848,1.1057028063509833,0.7481265271026226,103526277120.0,cell,False,True
Solar-10T/tshort,8192,0.8058162074789887,1.1057028063509833,0.7287819139559989,140467609600.0,cell,False,False
Solar-10T/tmedium,native,0.8121709539202924,0.9270005404761702,0.87612781056536,148431339520.0,cell,True,False
Solar-10T/tmedium,32,2.918522578573117,0.9270005404761702,3.148350460587613,8095006720.0,cell,False,True
Solar-10T/tmedium,48,2.9571070935317674,0.9270005404761702,3.1899734298027456,8349327360.0,cell,False,False
Solar-10T/tmedium,64,2.3908530400274737,0.9270005404761702,2.5791279892883017,8603729920.0,cell,False,True
Solar-10T/tmedium,96,2.0236822666658756,0.9270005404761702,2.1830432435631324,9112780800.0,cell,False,True
Solar-10T/tmedium,128,1.6742135047028255,0.9270005404761702,1.8060545076304229,9622159360.0,cell,False,True
Solar-10T/tmedium,192,1.33719391541656,0.9270005404761702,1.4424952921059644,10641899520.0,cell,False,True
Solar-10T/tmedium,256,1.6892861753379647,0.9270005404761702,1.8223141212735787,11662950400.0,cell,False,False
Solar-10T/tmedium,384,1.3161978858559666,0.9270005404761702,1.4198458667347469,13708984320.0,cell,False,True
Solar-10T/tmedium,512,1.2394842724777007,0.9270005404761702,1.3370912079954318,15760261120.0,cell,False,True
Solar-10T/tmedium,768,0.9553605922546631,0.9270005404761702,1.0305933497772561,19878543360.0,cell,False,True
Solar-10T/tmedium,1024,0.8137720861579695,0.9270005404761702,0.8778550288006963,24017797120.0,cell,False,True
Solar-10T/tmedium,1536,0.8167367586403147,0.9270005404761702,0.8810531633787219,32359219200.0,cell,False,False
Solar-10T/tmedium,2048,0.8345692526356939,0.9270005404761702,0.9002899310144983,40784527360.0,cell,False,False
Solar-10T/tmedium,2560,0.811758501067245,0.9270005404761702,0.875682877865714,49293721600.0,cell,False,True
Solar-10T/tmedium,3072,0.8122363244125977,0.9270005404761702,0.8761983288546716,57886801920.0,cell,False,False
Solar-10T/tmedium,4096,0.8165394116543913,0.9270005404761702,0.8808402757078884,75324620800.0,cell,False,False
Solar-10T/tmedium,6144,0.8257463843397239,0.9270005404761702,0.8907722792864443,111206891520.0,cell,False,False
Solar-10T/tmedium,8192,0.8121709552521156,0.9270005404761702,0.8761278120020617,148431339520.0,cell,False,False
Solar-10T/tlong,native,0.833275739906398,0.8709317964102903,0.9567634840534026,152881438720.0,cell,True,False
Solar-10T/tlong,32,2.0202135194622244,0.8709317964102903,2.31960014296058,11918417920.0,cell,False,True
Solar-10T/tlong,48,2.020744420938412,0.8709317964102903,2.3202097216651074,12173967360.0,cell,False,False
Solar-10T/tlong,64,2.2441621166762458,0.8709317964102903,2.576736922369792,12429598720.0,cell,False,False
Solar-10T/tlong,96,2.0546011928776364,0.8709317964102903,2.3590839160380446,12941107200.0,cell,False,False
Solar-10T/tlong,128,2.014922483786032,0.8709317964102903,2.313524999421212,13452943360.0,cell,False,True
Solar-10T/tlong,192,1.714420108565968,0.8709317964102903,1.9684895139117369,14477598720.0,cell,False,True
Solar-10T/tlong,256,1.6947260811327762,0.8709317964102903,1.9458769195451464,15503564800.0,cell,False,True
Solar-10T/tlong,384,1.4452086331567295,0.8709317964102903,1.659382099853777,17559429120.0,cell,False,True
Solar-10T/tlong,512,1.1746293863476631,0.8709317964102903,1.3487042167815204,19620536320.0,cell,False,True
Solar-10T/tlong,768,0.9484759162098192,0.8709317964102903,1.0890358121257504,23758479360.0,cell,False,True
Solar-10T/tlong,1024,0.8184439493357485,0.8709317964102903,0.9397336883428985,27917393920.0,cell,False,True
Solar-10T/tlong,1536,0.8479128646103161,0.8709317964102903,0.9735697652848926,36298137600.0,cell,False,False
Solar-10T/tlong,2048,0.8263580569376213,0.8709317964102903,0.9488206313555343,44762767360.0,cell,False,False
Solar-10T/tlong,2560,0.824038953514002,0.8709317964102903,0.9461578471591393,53311283200.0,cell,False,False
Solar-10T/tlong,3072,0.8162315641452818,0.8709317964102903,0.9371934375453211,61943685120.0,cell,False,True
Solar-10T/tlong,4096,0.8184093776670966,0.8709317964102903,0.9396939933073122,79460147200.0,cell,False,False
Solar-10T/tlong,6144,0.8398114125835009,0.8709317964102903,0.9642677142400152,115499704320.0,cell,False,False
Solar-10T/tlong,8192,0.8332757413566934,0.8709317964102903,0.9567634857186252,152881438720.0,cell,False,False
Solar-H/tshort,native,0.9043807582917792,0.9519362458316396,0.9500434112598428,139171212665.26315,cell,True,False
Solar-H/tshort,32,1.0290722238100733,0.9519362458316396,1.0810306134640828,1259315200.0,cell,False,True
Solar-H/tshort,48,0.9295405574771823,0.9519362458316396,0.9764735417392456,1511424000.0,cell,False,True
Solar-H/tshort,64,0.8892097871582841,0.9519362458316396,0.9341064499350419,1763614720.0,cell,False,True
Solar-H/tshort,96,0.9001577253084123,0.9519362458316396,0.9456071551535554,2268241920.0,cell,False,False
Solar-H/tshort,128,0.8859311631715823,0.9519362458316396,0.9306622865248781,2773196800.0,cell,False,True
Solar-H/tshort,192,0.8756667445859028,0.9519362458316396,0.919879612127695,3784089600.0,cell,False,True
Solar-H/tshort,256,0.8759253855377247,0.9519362458316396,0.9201513119951541,4796293120.0,cell,False,False
Solar-H/tshort,384,0.8790620404910107,0.9519362458316396,0.9234463382818627,6824632320.0,cell,False,False
Solar-H/tshort,512,0.8980002401373177,0.9519362458316396,0.9433407374385647,8858214400.0,cell,False,False
Solar-H/tshort,768,0.9107813325426847,0.9519362458316396,0.9567671538202637,12941107200.0,cell,False,False
Solar-H/tshort,1024,0.9061480616496365,0.9519362458316396,0.9518999466797262,17044971520.0,cell,False,False
Solar-H/tshort,1536,0.8846924323905295,0.9519362458316396,0.9293610115850102,25315614720.0,cell,False,False
Solar-H/tshort,2048,0.8915603564351693,0.9519362458316396,0.9365757006723447,33670144000.0,cell,False,False
Solar-H/tshort,2560,0.8789506318833482,0.9519362458316396,0.9233293045958881,42108559360.0,cell,False,False
Solar-H/tshort,3072,0.8814090327829958,0.9519362458316396,0.925911831430445,50630860800.0,cell,False,False
Solar-H/tshort,4096,0.8847565169460926,0.9519362458316396,0.9294283318029803,67927121920.0,cell,False,False
Solar-H/tshort,6144,0.8931917273503223,0.9519362458316396,0.9382894403500768,103526277120.0,cell,False,False
Solar-H/tshort,8192,0.8924195599244796,0.9519362458316396,0.9374782857909099,140467609600.0,cell,False,False
Solar-H/tmedium,native,0.9147553320485086,0.9349685908749716,0.9783808151164234,144890429440.0,cell,True,False
Solar-H/tmedium,32,0.9268542158178718,0.9349685908749716,0.9913212324603266,8095006720.0,cell,False,True
Solar-H/tmedium,48,0.8542960803378304,0.9349685908749716,0.9137163415707414,8349327360.0,cell,False,True
Solar-H/tmedium,64,0.8684052939415761,0.9349685908749716,0.9288069165284968,8603729920.0,cell,False,False
Solar-H/tmedium,96,0.8988321024825696,0.9349685908749716,0.9613500509588409,9112780800.0,cell,False,False
Solar-H/tmedium,128,0.9013055573371227,0.9349685908749716,0.9639955460895793,9622159360.0,cell,False,False
Solar-H/tmedium,192,0.9295890277419745,0.9349685908749716,0.9942462632590012,10641899520.0,cell,False,False
Solar-H/tmedium,256,0.9425760273371153,0.9349685908749716,1.0081365690103283,11662950400.0,cell,False,False
Solar-H/tmedium,384,0.9060601310071322,0.9349685908749716,0.9690808224468952,13708984320.0,cell,False,False
Solar-H/tmedium,512,0.9126935315631272,0.9349685908749716,0.9761756068286755,15760261120.0,cell,False,False
Solar-H/tmedium,768,0.8968461054855216,0.9349685908749716,0.9592259186442039,19878543360.0,cell,False,False
Solar-H/tmedium,1024,0.9073721265828384,0.9349685908749716,0.9704840734100942,24017797120.0,cell,False,False
Solar-H/tmedium,1536,0.9621346822569555,0.9349685908749716,1.0290556192444509,32359219200.0,cell,False,False
Solar-H/tmedium,2048,0.9269328605980526,0.9349685908749716,0.9914053473503329,40784527360.0,cell,False,False
Solar-H/tmedium,2560,0.9059659138503465,0.9349685908749716,0.9689800520491458,49293721600.0,cell,False,False
Solar-H/tmedium,3072,0.898189598245232,0.9349685908749716,0.9606628575668829,57886801920.0,cell,False,False
Solar-H/tmedium,4096,0.880951470658283,0.9349685908749716,0.9422257381222424,75324620800.0,cell,False,False
Solar-H/tmedium,6144,0.8980006599868418,0.9349685908749716,0.9604607777748617,111206891520.0,cell,False,False
Solar-H/tmedium,8192,0.8910301474655775,0.9349685908749716,0.9530054337244899,148431339520.0,cell,False,False
Solar-H/tlong,native,0.9442211027792454,1.071196647792778,0.8814638327377442,143578255360.0,cell,True,False
Solar-H/tlong,32,1.5527513528748638,1.071196647792778,1.449548368242506,11918417920.0,cell,False,True
Solar-H/tlong,48,1.0100226996589707,1.071196647792778,0.9428919533496886,12173967360.0,cell,False,True
Solar-H/tlong,64,0.9761781551945802,1.071196647792778,0.911296872713348,12429598720.0,cell,False,True
Solar-H/tlong,96,0.9388377854347484,1.071196647792778,0.8764383153823739,12941107200.0,cell,False,True
Solar-H/tlong,128,0.9013942993534564,1.071196647792778,0.8414834953141399,13452943360.0,cell,False,True
Solar-H/tlong,192,0.9258021327183916,1.071196647792778,0.864269072000949,14477598720.0,cell,False,False
Solar-H/tlong,256,0.9596910427255119,1.071196647792778,0.8959055694423377,15503564800.0,cell,False,False
Solar-H/tlong,384,0.9775654748383219,1.071196647792778,0.912591984723454,17559429120.0,cell,False,False
Solar-H/tlong,512,0.9205490821943532,1.071196647792778,0.8593651633350076,19620536320.0,cell,False,False
Solar-H/tlong,768,0.9680420883640379,1.071196647792778,0.9037015662424897,23758479360.0,cell,False,False
Solar-H/tlong,1024,1.0086861512025262,1.071196647792778,0.9416442380406476,27917393920.0,cell,False,False
Solar-H/tlong,1536,1.0222377069485982,1.071196647792778,0.9542950951675767,36298137600.0,cell,False,False
Solar-H/tlong,2048,0.9910647748853555,1.071196647792778,0.9251940593050438,44762767360.0,cell,False,False
Solar-H/tlong,2560,0.9728006104535116,1.071196647792778,0.9081438151043384,53311283200.0,cell,False,False
Solar-H/tlong,3072,0.9519584708303307,1.071196647792778,0.8886869397807211,61943685120.0,cell,False,False
Solar-H/tlong,4096,0.918362259068075,1.071196647792778,0.8573236865148699,79460147200.0,cell,False,False
Solar-H/tlong,6144,0.9345910110878637,1.071196647792778,0.8724738011583654,115499704320.0,cell,False,False
Solar-D/tshort,native,0.9713367460906182,1.155861190610263,0.8403576086656037,5683056640.0,cell,True,True
Solar-D/tshort,32,0.983665975358911,1.155861190610263,0.8510243127373819,1007288320.0,cell,False,True
Solar-D/tshort,48,1.0104176162301235,1.155861190610263,0.874168649694563,1259315200.0,cell,False,False
Solar-D/tshort,64,1.0355633296125597,1.155861190610263,0.8959236091885833,1511424000.0,cell,False,False
Solar-D/tshort,96,1.0364090355030413,1.155861190610263,0.8966552765352783,2015887360.0,cell,False,False
Solar-D/tshort,128,1.0186517107084916,1.155861190610263,0.8812924241972961,2520678400.0,cell,False,False
Solar-D/tshort,192,1.0289584291627651,1.155861190610263,0.8902093413305999,3531243520.0,cell,False,False
Solar-D/tshort,256,1.0291907692391988,1.155861190610263,0.8904103516926755,4543119360.0,cell,False,False
Solar-W/tshort,native,1.0532752083409431,1.4703506784640206,0.7163428587262128,1007288320.0,cell,True,True
HierSales-D/tshort,native,0.7487639256798571,1.134803399686105,0.6598181904345463,27918049280.0,cell,True,False
HierSales-D/tshort,32,0.7784517054850829,1.134803399686105,0.6859793561602021,1007288320.0,cell,False,True
HierSales-D/tshort,48,0.7649162165275573,1.134803399686105,0.6740517491744725,1259315200.0,cell,False,True
HierSales-D/tshort,64,0.7701751699374227,1.134803399686105,0.6786859910275725,1511424000.0,cell,False,False
HierSales-D/tshort,96,0.7788123064668067,1.134803399686105,0.686297121318311,2015887360.0,cell,False,False
HierSales-D/tshort,128,0.7703285038417205,1.134803399686105,0.6788211103833482,2520678400.0,cell,False,False
HierSales-D/tshort,192,0.7597171639858221,1.134803399686105,0.6694702925598967,3531243520.0,cell,False,True
HierSales-D/tshort,256,0.7547483243898296,1.134803399686105,0.6650917018741735,4543119360.0,cell,False,True
HierSales-D/tshort,384,0.7477426994705157,1.134803399686105,0.6589182757800575,6570803200.0,cell,False,True
HierSales-D/tshort,512,0.7535896403526373,1.134803399686105,0.6640706580197818,8603729920.0,cell,False,False
HierSales-D/tshort,768,0.7478302282529833,1.134803399686105,0.6589954070104466,12685312000.0,cell,False,False
HierSales-D/tshort,1024,0.748068368526763,1.134803399686105,0.6592052585793134,16787865600.0,cell,False,False
HierSales-D/tshort,1536,0.7484332427668065,1.134803399686105,0.6595267893749953,25055887360.0,cell,False,False
HierSales-W/tshort,native,0.7148300455679318,1.0250133777288335,0.6973860645134327,4163522560.0,cell,True,True
HierSales-W/tshort,32,0.8047013711768797,1.0250133777288335,0.7850642622439634,755343360.0,cell,False,True
HierSales-W/tshort,48,0.7574945339232025,1.0250133777288335,0.7390094123470037,1007288320.0,cell,False,True
HierSales-W/tshort,64,0.7448964307431865,1.0250133777288335,0.7267187403872579,1259315200.0,cell,False,True
HierSales-W/tshort,96,0.7428299012853449,1.0250133777288335,0.7247026403999383,1763614720.0,cell,False,True
HierSales-W/tshort,128,0.7341219560097565,1.0250133777288335,0.7162071949113311,2268241920.0,cell,False,True
HierSales-W/tshort,192,0.7190195470733898,1.0250133777288335,0.7014733297106351,3278479360.0,cell,False,True
M4-Yearly/tshort,native,3.575182535808684,3.965954931783283,0.9014682711487876,853520668.191869,cell,True,True
M4-Yearly/tshort,32,3.60247739815808,3.965954931783283,0.9083505637665514,755343360.0,cell,False,True
M4-Yearly/tshort,48,3.588333745734585,3.965954931783283,0.9047842972136596,1007288320.0,cell,False,False
M4-Yearly/tshort,64,3.5865258036846535,3.965954931783283,0.9043284317081183,1259315200.0,cell,False,False
M4-Yearly/tshort,96,3.5883602621301467,3.965954931783283,0.9047909832189264,1763614720.0,cell,False,False
M4-Yearly/tshort,128,3.5886712421776568,3.965954931783283,0.9048693956196872,2268241920.0,cell,False,False
M4-Yearly/tshort,192,3.588561286319286,3.965954931783283,0.904841670680735,3278479360.0,cell,False,False
M4-Yearly/tshort,256,3.5884156830835168,3.965954931783283,0.9048049573952152,4290027520.0,cell,False,False
M4-Quarterly/tshort,native,1.2219518855761209,1.602247174616002,0.7626488003444141,1835165030.4,cell,True,True
M4-Quarterly/tshort,32,1.4106873123838968,1.602247174616002,0.8804430020118369,755343360.0,cell,False,True
M4-Quarterly/tshort,48,1.3045241351177355,1.602247174616002,0.8141840758311092,1007288320.0,cell,False,True
M4-Quarterly/tshort,64,1.2358333236867851,1.602247174616002,0.7713125310911955,1259315200.0,cell,False,True
M4-Quarterly/tshort,96,1.2254824129678925,1.602247174616002,0.7648522852047432,1763614720.0,cell,False,True
M4-Quarterly/tshort,128,1.224963152300655,1.602247174616002,0.7645282024567978,2268241920.0,cell,False,False
M4-Quarterly/tshort,192,1.2254993330413952,1.602247174616002,0.764862845419029,3278479360.0,cell,False,False
M4-Quarterly/tshort,256,1.2250231463688828,1.602247174616002,0.7645656461603525,4290027520.0,cell,False,False
M4-Quarterly/tshort,384,1.22503917345034,1.602247174616002,0.7645756490373812,6317056000.0,cell,False,False
M4-Quarterly/tshort,512,1.2250727514971498,1.602247174616002,0.76459660588308,8349327360.0,cell,False,False
M4-Quarterly/tshort,768,1.2250782736003702,1.602247174616002,0.7646000523570747,12429598720.0,cell,False,False
M4-Monthly/tshort,native,0.9653094589941552,1.259717038974429,0.7662907058715668,4053010466.986666,cell,True,True
M4-Monthly/tshort,32,1.1902193671840764,1.259717038974429,0.9448307281396046,1007288320.0,cell,False,True
M4-Monthly/tshort,48,1.0246553203761246,1.259717038974429,0.8134011755610809,1259315200.0,cell,False,True
M4-Monthly/tshort,64,0.9796278273664238,1.259717038974429,0.7776570428577884,1511424000.0,cell,False,True
M4-Monthly/tshort,96,0.9806317823891748,1.259717038974429,0.7784540115354276,2015887360.0,cell,False,False
M4-Monthly/tshort,128,0.9849427031056098,1.259717038974429,0.7818761456997353,2520678400.0,cell,False,False
M4-Monthly/tshort,192,0.9837338055305603,1.259717038974429,0.7809164876672984,3531243520.0,cell,False,False
M4-Monthly/tshort,256,0.973114878556261,1.259717038974429,0.7724868747893584,4543119360.0,cell,False,False
M4-Monthly/tshort,384,0.9718124645593236,1.259717038974429,0.7714529807031136,6570803200.0,cell,False,False
M4-Monthly/tshort,512,0.9713482401503339,1.259717038974429,0.7710844658742854,8603729920.0,cell,False,False
M4-Monthly/tshort,768,0.971179572223094,1.259717038974429,0.7709505723712038,12685312000.0,cell,False,False
M4-Monthly/tshort,1024,0.9711855915760108,1.259717038974429,0.7709553507085054,16787865600.0,cell,False,False
M4-Monthly/tshort,1536,0.9712479285024027,1.259717038974429,0.771004835572537,25055887360.0,cell,False,False
M4-Monthly/tshort,2048,0.9712871196276422,1.259717038974429,0.7710359466268666,33407795200.0,cell,False,False
M4-Monthly/tshort,2560,0.9712962510965175,1.259717038974429,0.7710431954522716,41843589120.0,cell,False,False
M4-Weekly/tshort,native,2.116588411341475,2.777295047362158,0.7621042688106853,16698391503.509748,cell,True,False
M4-Weekly/tshort,32,2.7528945608863755,2.777295047362158,0.9912142980635213,755343360.0,cell,False,True
M4-Weekly/tshort,48,2.5229903885218157,2.777295047362158,0.9084344102792111,1007288320.0,cell,False,True
M4-Weekly/tshort,64,2.200644907938225,2.777295047362158,0.7923698672304809,1259315200.0,cell,False,True
M4-Weekly/tshort,96,2.2770836432338046,2.777295047362158,0.8198925949176886,1763614720.0,cell,False,False
M4-Weekly/tshort,128,2.2315667947494653,2.777295047362158,0.8035036813495855,2268241920.0,cell,False,False
M4-Weekly/tshort,192,2.1176078754376757,2.777295047362158,0.7624713396759752,3278479360.0,cell,False,True
M4-Weekly/tshort,256,2.2001857599535968,2.777295047362158,0.7922045452258691,4290027520.0,cell,False,False
M4-Weekly/tshort,384,2.0567179042615837,2.777295047362158,0.7405471400004945,6317056000.0,cell,False,True
M4-Weekly/tshort,512,2.092224927604476,2.777295047362158,0.7533318901755314,8349327360.0,cell,False,False
M4-Weekly/tshort,768,2.1612770483335386,2.777295047362158,0.7781949744181103,12429598720.0,cell,False,False
M4-Weekly/tshort,1024,2.119578308137118,2.777295047362158,0.7631808187431394,16530841600.0,cell,False,False
M4-Weekly/tshort,1536,2.1170423073076114,2.777295047362158,0.7622676997600069,24796241920.0,cell,False,False
M4-Weekly/tshort,2048,2.0998997634952357,2.777295047362158,0.7560953113316843,33145528320.0,cell,False,False
M4-Weekly/tshort,2560,2.1000194831240946,2.777295047362158,0.7561384178892583,41578700800.0,cell,False,False
M4-Daily/tshort,native,3.5334894115769444,3.278424296610481,1.0778011300215693,38858044168.17601,cell,True,False
M4-Daily/tshort,32,4.021289513625975,3.278424296610481,1.2265921521456307,755343360.0,cell,False,True
M4-Daily/tshort,48,3.6584333935052697,3.278424296610481,1.1159121158562897,1007288320.0,cell,False,True
M4-Daily/tshort,64,3.535241247604876,3.278424296610481,1.0783354830733516,1259315200.0,cell,False,True
M4-Daily/tshort,96,3.4447946593735184,3.278424296610481,1.0507470503238538,1763614720.0,cell,False,True
M4-Daily/tshort,128,3.5169519508592484,3.278424296610481,1.0727567979823045,2268241920.0,cell,False,False
M4-Daily/tshort,192,3.469794762104594,3.278424296610481,1.0583726962040785,3278479360.0,cell,False,False
M4-Daily/tshort,256,3.4297434983791217,3.278424296610481,1.0461560762361015,4290027520.0,cell,False,True
M4-Daily/tshort,384,3.4207734923396984,3.278424296610481,1.043420003895283,6317056000.0,cell,False,True
M4-Daily/tshort,512,3.4408970642059256,3.278424296610481,1.0495581879878768,8349327360.0,cell,False,False
M4-Daily/tshort,768,3.4822749235179713,3.278424296610481,1.062179452219851,12429598720.0,cell,False,False
M4-Daily/tshort,1024,3.494041564998572,3.278424296610481,1.0657685671165307,16530841600.0,cell,False,False
M4-Daily/tshort,1536,3.511166887985523,3.278424296610481,1.0709922115986243,24796241920.0,cell,False,False
M4-Daily/tshort,2048,3.5167602283396597,3.278424296610481,1.0726983179009475,33145528320.0,cell,False,False
M4-Daily/tshort,2560,3.491127122466389,3.278424296610481,1.0648795905020039,41578700800.0,cell,False,False
M4-Daily/tshort,3072,3.5176536078331795,3.278424296610481,1.0729708206073372,50095759360.0,cell,False,False
M4-Daily/tshort,4096,3.5460321533157546,3.278424296610481,1.0816269745749352,67381534720.0,cell,False,False
M4-Daily/tshort,6144,3.533176017086129,3.278424296610481,1.0777055369980733,102959718400.0,cell,False,False
M4-Daily/tshort,8192,3.5330463741789333,3.278424296610481,1.077665992724524,139880079360.0,cell,False,False
M4-Hourly/tshort,native,0.7838285296553246,1.1932101877276544,0.6569073393079597,14343930607.922705,cell,True,False
M4-Hourly/tshort,32,16.986717058545864,1.1932101877276544,14.23614819355114,1259315200.0,cell,False,True
M4-Hourly/tshort,48,1.4580327529730817,1.1932101877276544,1.221941253912485,1511424000.0,cell,False,True
M4-Hourly/tshort,64,1.035966597415322,1.1932101877276544,0.8682180290366222,1763614720.0,cell,False,True
M4-Hourly/tshort,96,0.9351464147684573,1.1932101877276544,0.7837231230394932,2268241920.0,cell,False,True
M4-Hourly/tshort,128,0.8368839154833773,1.1932101877276544,0.7013717483230144,2773196800.0,cell,False,True
M4-Hourly/tshort,192,0.8079154903212233,1.1932101877276544,0.6770940263758685,3784089600.0,cell,False,True
M4-Hourly/tshort,256,0.7999084129394296,1.1932101877276544,0.6703834925033388,4796293120.0,cell,False,True
M4-Hourly/tshort,384,0.7792273529275822,1.1932101877276544,0.6530512066876836,6824632320.0,cell,False,True
M4-Hourly/tshort,512,0.7742807811840748,1.1932101877276544,0.6489056070319117,8858214400.0,cell,False,True
M4-Hourly/tshort,768,0.782590254376295,1.1932101877276544,0.6558695713675202,12941107200.0,cell,False,False
Hospital/tshort,native,0.787133374989398,0.9205278266364826,0.8550891697272263,1511424000.0,cell,True,True
Hospital/tshort,32,0.8588634598296121,0.9205278266364826,0.9330119470345769,755343360.0,cell,False,True
Hospital/tshort,48,0.822197111754896,0.9205278266364826,0.8931800733923739,1007288320.0,cell,False,True
Hospital/tshort,64,0.7917512340243529,0.9205278266364826,0.8601057036128211,1259315200.0,cell,False,True
CovidDeaths-D/tshort,native,31.89362685709142,46.91239825526407,0.6798549646417323,3531243520.0,cell,True,True
CovidDeaths-D/tshort,32,40.15225077331147,46.91239825526407,0.8558984888137958,1007288320.0,cell,False,True
CovidDeaths-D/tshort,48,35.27520868474545,46.91239825526407,0.751937867102908,1259315200.0,cell,False,True
CovidDeaths-D/tshort,64,32.99027455836942,46.91239825526407,0.7032314651418947,1511424000.0,cell,False,True
CovidDeaths-D/tshort,96,32.01040891701978,46.91239825526407,0.6823443291652196,2015887360.0,cell,False,True
CovidDeaths-D/tshort,128,32.28841343818493,46.91239825526407,0.6882703643180687,2520678400.0,cell,False,False
USBirths-D/tshort,native,0.3522461887843353,1.8648391912491091,0.18888823789057826,118477273088.0,cell,True,False
USBirths-D/tshort,32,0.5172257177727093,1.8648391912491091,0.2773567394978762,1007288320.0,cell,False,True
USBirths-D/tshort,48,0.5007227895251415,1.8648391912491091,0.26850722135979277,1259315200.0,cell,False,True
USBirths-D/tshort,64,0.4776031457356323,1.8648391912491091,0.25610956053305783,1511424000.0,cell,False,True
USBirths-D/tshort,96,0.4855094042636467,1.8648391912491091,0.26034920680664275,2015887360.0,cell,False,False
USBirths-D/tshort,128,0.48351800765174685,1.8648391912491091,0.25928134174822665,2520678400.0,cell,False,False
USBirths-D/tshort,192,0.47590664727088466,1.8648391912491091,0.255199831440754,3531243520.0,cell,False,True
USBirths-D/tshort,256,0.4604565416187235,1.8648391912491091,0.24691487811895452,4543119360.0,cell,False,True
USBirths-D/tshort,384,0.4498295285323971,1.8648391912491091,0.24121625641677535,6570803200.0,cell,False,True
USBirths-D/tshort,512,0.4315792794081176,1.8648391912491091,0.23142975621347628,8603729920.0,cell,False,True
USBirths-D/tshort,768,0.37733273043978577,1.8648391912491091,0.20234062658616705,12685312000.0,cell,False,True
USBirths-D/tshort,1024,0.36922097182446717,1.8648391912491091,0.1979907830965066,16787865600.0,cell,False,True
USBirths-D/tshort,1536,0.3544749168387559,1.8648391912491091,0.19008336938764198,25055887360.0,cell,False,True
USBirths-D/tshort,2048,0.3501498575554258,1.8648391912491091,0.1877641027701096,33407795200.0,cell,False,True
USBirths-D/tshort,2560,0.34691148974436375,1.8648391912491091,0.1860275627905455,41843589120.0,cell,False,True
USBirths-D/tshort,3072,0.3493151429849051,1.8648391912491091,0.18731649604110173,50363269120.0,cell,False,False
USBirths-D/tshort,4096,0.34832957809986426,1.8648391912491091,0.1867879974500888,67654287360.0,cell,False,False
USBirths-D/tshort,6144,0.3524368608713836,1.8648391912491091,0.18899048375067334,103242956800.0,cell,False,False
USBirths-W/tshort,native,1.1312221778818947,1.5634204337929731,0.7235559632142369,16017203200.0,cell,True,True
USBirths-W/tshort,32,2.033172973824423,1.5634204337929731,1.3004646286295463,755343360.0,cell,False,True
USBirths-W/tshort,48,1.6569270822794533,1.5634204337929731,1.0598090228740493,1007288320.0,cell,False,True
USBirths-W/tshort,64,1.5676330911130616,1.5634204337929731,1.0026945134072913,1259315200.0,cell,False,True
USBirths-W/tshort,96,1.3199207364576842,1.5634204337929731,0.844251941402262,1763614720.0,cell,False,True
USBirths-W/tshort,128,1.2608153084438865,1.5634204337929731,0.8064467376731514,2268241920.0,cell,False,True
USBirths-W/tshort,192,1.1919659225151722,1.5634204337929731,0.7624090722822235,3278479360.0,cell,False,True
USBirths-W/tshort,256,1.2065311525294793,1.5634204337929731,0.7717253314915079,4290027520.0,cell,False,False
USBirths-W/tshort,384,1.230771968532992,1.5634204337929731,0.787230320091857,6317056000.0,cell,False,False
USBirths-W/tshort,512,1.212084838664266,1.5634204337929731,0.7752775980570107,8349327360.0,cell,False,False
USBirths-W/tshort,768,1.144675930324723,1.5634204337929731,0.7321612955688795,12429598720.0,cell,False,True
USBirths-W/tshort,1024,1.1450707627539127,1.5634204337929731,0.7324138395555485,16530841600.0,cell,False,False
USBirths-M/tshort,native,0.3583344704122096,0.7605310792868888,0.47116348058806695,3910553600.0,cell,True,True
USBirths-M/tshort,32,0.665373482809209,0.7605310792868888,0.8748800685871981,755343360.0,cell,False,True
USBirths-M/tshort,48,0.45427109478282307,0.7605310792868888,0.5973077329183837,1007288320.0,cell,False,True
USBirths-M/tshort,64,0.47927193301921917,0.7605310792868888,0.6301806015194119,1259315200.0,cell,False,False
USBirths-M/tshort,96,0.4794407901251079,0.7605310792868888,0.6304026267731951,1763614720.0,cell,False,False
USBirths-M/tshort,128,0.43671423219660216,0.7605310792868888,0.5742227294722615,2268241920.0,cell,False,True
USBirths-M/tshort,192,0.4700002511449712,0.7605310792868888,0.6179895390805941,3278479360.0,cell,False,False
SaugeenDay-D/tshort,native,2.854041092508888,3.413049305768806,0.836214433727907,140173803520.0,cell,True,False
SaugeenDay-D/tshort,32,5.34528320107822,3.413049305768806,1.5661312574780308,1007288320.0,cell,False,True
SaugeenDay-D/tshort,48,4.164263889524128,3.413049305768806,1.2201007124290892,1259315200.0,cell,False,True
SaugeenDay-D/tshort,64,3.811887021169921,3.413049305768806,1.1168567107211114,1511424000.0,cell,False,True
SaugeenDay-D/tshort,96,3.373937752185004,3.413049305768806,0.9885405834841897,2015887360.0,cell,False,True
SaugeenDay-D/tshort,128,3.239478529481749,3.413049305768806,0.9491449549252969,2520678400.0,cell,False,True
SaugeenDay-D/tshort,192,3.357801379822671,3.413049305768806,0.9838127372339,3531243520.0,cell,False,False
SaugeenDay-D/tshort,256,3.404198187086714,3.413049305768806,0.9974066830305875,4543119360.0,cell,False,False
SaugeenDay-D/tshort,384,3.3218514520475586,3.413049305768806,0.973279655360647,6570803200.0,cell,False,False
SaugeenDay-D/tshort,512,3.233464058175089,3.413049305768806,0.9473827561499981,8603729920.0,cell,False,True
SaugeenDay-D/tshort,768,3.109262287352348,3.413049305768806,0.9109924905265825,12685312000.0,cell,False,True
SaugeenDay-D/tshort,1024,2.9937771342650383,3.413049305768806,0.8771561340191878,16787865600.0,cell,False,True
SaugeenDay-D/tshort,1536,2.825355395444232,3.413049305768806,0.8278097215498055,25055887360.0,cell,False,True
SaugeenDay-D/tshort,2048,2.7923181546207356,3.413049305768806,0.8181300369441198,33407795200.0,cell,False,True
SaugeenDay-D/tshort,2560,2.7802181976201084,3.413049305768806,0.8145848326658881,41843589120.0,cell,False,True
SaugeenDay-D/tshort,3072,2.802782946487936,3.413049305768806,0.8211961490713349,50363269120.0,cell,False,False
SaugeenDay-D/tshort,4096,2.7982830242015013,3.413049305768806,0.81987770275448,67654287360.0,cell,False,False
SaugeenDay-D/tshort,6144,2.8540777728114617,3.413049305768806,0.8362251808045787,103242956800.0,cell,False,False
SaugeenDay-D/tshort,8192,2.854041128970623,3.413049305768806,0.8362144444109448,140173803520.0,cell,False,False
SaugeenDay-W/tshort,native,1.1493242330473925,1.990658004828632,0.5773589588264476,54117355520.0,cell,True,True
SaugeenDay-W/tshort,32,1.7002332486641791,1.990658004828632,0.8541061521064969,755343360.0,cell,False,True
SaugeenDay-W/tshort,48,1.5157785265582633,1.990658004828632,0.7614459755927542,1007288320.0,cell,False,True
SaugeenDay-W/tshort,64,1.443307531439378,1.990658004828632,0.7250404278075011,1259315200.0,cell,False,True
SaugeenDay-W/tshort,96,1.3889985941625542,1.990658004828632,0.6977585254691339,1763614720.0,cell,False,True
SaugeenDay-W/tshort,128,1.2794585177694855,1.990658004828632,0.6427314559637928,2268241920.0,cell,False,True
SaugeenDay-W/tshort,192,1.2885784799734317,1.990658004828632,0.6473128366840493,3278479360.0,cell,False,False
SaugeenDay-W/tshort,256,1.2557446977272613,1.990658004828632,0.6308189024339033,4290027520.0,cell,False,True
SaugeenDay-W/tshort,384,1.212890425616541,1.990658004828632,0.6092912105818769,6317056000.0,cell,False,True
SaugeenDay-W/tshort,512,1.192511895376669,1.990658004828632,0.5990541280742634,8349327360.0,cell,False,True
SaugeenDay-W/tshort,768,1.1667027187580954,1.990658004828632,0.5860889795876978,12429598720.0,cell,False,True
SaugeenDay-W/tshort,1024,1.1664518588174908,1.990658004828632,0.5859629609848057,16530841600.0,cell,False,True
SaugeenDay-W/tshort,1536,1.17741653757412,1.990658004828632,0.5914710285333412,24796241920.0,cell,False,False
SaugeenDay-W/tshort,2048,1.1609230875445864,1.990658004828632,0.5831856023127016,33145528320.0,cell,False,True
SaugeenDay-W/tshort,2560,1.15130327840273,1.990658004828632,0.578353125253095,41578700800.0,cell,False,True
SaugeenDay-W/tshort,3072,1.1532931124426855,1.990658004828632,0.5793527113372586,50095759360.0,cell,False,False
SaugeenDay-M/tshort,native,0.7444620529322388,0.9763741730697156,0.7624761832768002,11955006902.857143,cell,True,True
SaugeenDay-M/tshort,32,0.9850778851560811,0.9763741730697156,1.008914320274369,755343360.0,cell,False,True
SaugeenDay-M/tshort,48,0.8741177307945561,0.9763741730697156,0.8952692061142239,1007288320.0,cell,False,True
SaugeenDay-M/tshort,64,0.8843722625629611,0.9763741730697156,0.9057718720503422,1259315200.0,cell,False,False
SaugeenDay-M/tshort,96,0.9123347637468002,0.9763741730697156,0.9344109962253756,1763614720.0,cell,False,False
SaugeenDay-M/tshort,128,0.8654005829257104,0.9763741730697156,0.8863411249448511,2268241920.0,cell,False,True
SaugeenDay-M/tshort,192,0.8521369649099733,0.9763741730697156,0.8727565603572438,3278479360.0,cell,False,True
SaugeenDay-M/tshort,256,0.7752208814259939,0.9763741730697156,0.7939792989287121,4290027520.0,cell,False,True
SaugeenDay-M/tshort,384,0.7860184056659495,0.9763741730697156,0.805038096403873,6317056000.0,cell,False,False
SaugeenDay-M/tshort,512,0.7761797769842248,0.9763741730697156,0.7949613973748603,8349327360.0,cell,False,False
SaugeenDay-M/tshort,768,0.7761829106272028,0.9763741730697156,0.7949646068442056,12429598720.0,cell,False,False
Electricity-15T/tshort,native,1.013513492293954,1.7170601412372184,0.5902609162913026,140467609600.0,cell,True,False
Electricity-15T/tshort,32,3.439316175879322,1.7170601412372184,2.003026040428113,1259315200.0,cell,False,True
Electricity-15T/tshort,48,2.986731320760678,1.7170601412372184,1.7394447923114706,1511424000.0,cell,False,True
Electricity-15T/tshort,64,2.7922871334670956,1.7170601412372184,1.6262022898365855,1763614720.0,cell,False,True
Electricity-15T/tshort,96,2.4073713008800515,1.7170601412372184,1.402030856732504,2268241920.0,cell,False,True
Electricity-15T/tshort,128,2.16306710954738,1.7170601412372184,1.2597503474681986,2773196800.0,cell,False,True
Electricity-15T/tshort,192,1.758381847553921,1.7170601412372184,1.0240653808939555,3784089600.0,cell,False,True
Electricity-15T/tshort,256,1.5075447256248613,1.7170601412372184,0.8779801530647657,4796293120.0,cell,False,True
Electricity-15T/tshort,384,1.3392732435602526,1.7170601412372184,0.7799803928796848,6824632320.0,cell,False,True
Electricity-15T/tshort,512,1.2319563526752155,1.7170601412372184,0.7174800247750996,8858214400.0,cell,False,True
Electricity-15T/tshort,768,1.04797585578675,1.7170601412372184,0.61033147914763,12941107200.0,cell,False,True
Electricity-15T/tshort,1024,1.0194361538303558,1.7170601412372184,0.5937102197805411,17044971520.0,cell,False,True
Electricity-15T/tshort,1536,1.0088949443646662,1.7170601412372184,0.5875711165467462,25315614720.0,cell,False,True
Electricity-15T/tshort,2048,1.0019338778956097,1.7170601412372184,0.5835170555957765,33670144000.0,cell,False,True
Electricity-15T/tshort,2560,1.004747959811636,1.7170601412372184,0.5851559509660915,42108559360.0,cell,False,False
Electricity-15T/tshort,3072,1.0036198645381618,1.7170601412372184,0.5844989586765487,50630860800.0,cell,False,False
Electricity-15T/tshort,4096,1.0044762251848747,1.7170601412372184,0.5849976952240618,67927121920.0,cell,False,False
Electricity-15T/tshort,6144,1.0112911200195889,1.7170601412372184,0.5889666271624642,103526277120.0,cell,False,False
Electricity-15T/tshort,8192,1.0135134931903997,1.7170601412372184,0.5902609168133843,140467609600.0,cell,False,False
Electricity-15T/tmedium,native,0.8138954632352485,1.1507882041044135,0.7072504395964437,148431339520.0,cell,True,False
Electricity-15T/tmedium,32,3.2198808009689817,1.1507882041044135,2.797978628460841,8095006720.0,cell,False,True
Electricity-15T/tmedium,48,3.526232399917582,1.1507882041044135,3.064188864068022,8349327360.0,cell,False,False
Electricity-15T/tmedium,64,3.7291111434252393,1.1507882041044135,3.240484330761257,8603729920.0,cell,False,False
Electricity-15T/tmedium,96,3.1608599454508592,1.1507882041044135,2.7466912974753326,9112780800.0,cell,False,True
Electricity-15T/tmedium,128,2.0792929978396573,1.1507882041044135,1.8068424671226457,9622159360.0,cell,False,True
Electricity-15T/tmedium,192,1.7185967749237043,1.1507882041044135,1.4934084037307114,10641899520.0,cell,False,True
Electricity-15T/tmedium,256,1.3083782150717478,1.1507882041044135,1.1369409335317064,11662950400.0,cell,False,True
Electricity-15T/tmedium,384,1.0828178364493646,1.1507882041044135,0.9409358147636332,13708984320.0,cell,False,True
Electricity-15T/tmedium,512,0.9770583951439827,1.1507882041044135,0.8490340721769617,15760261120.0,cell,False,True
Electricity-15T/tmedium,768,0.9054317810614084,1.1507882041044135,0.7867927198350537,19878543360.0,cell,False,True
Electricity-15T/tmedium,1024,0.8647092946868578,1.1507882041044135,0.7514061159149671,24017797120.0,cell,False,True
Electricity-15T/tmedium,1536,0.8306932722802433,1.1507882041044135,0.7218472255081202,32359219200.0,cell,False,True
Electricity-15T/tmedium,2048,0.8175645419181068,1.1507882041044135,0.7104387575421545,40784527360.0,cell,False,True
Electricity-15T/tmedium,2560,0.816391657580113,1.1507882041044135,0.7094195566728628,49293721600.0,cell,False,True
Electricity-15T/tmedium,3072,0.8151762820460969,1.1507882041044135,0.7083634322446828,57886801920.0,cell,False,True
Electricity-15T/tmedium,4096,0.8120422967648641,1.1507882041044135,0.705640094214231,75324620800.0,cell,False,True
Electricity-15T/tmedium,6144,0.8130717956898619,1.1507882041044135,0.7065346975142353,111206891520.0,cell,False,False
Electricity-15T/tmedium,8192,0.8138954632116921,1.1507882041044135,0.707250439575974,148431339520.0,cell,False,False
Electricity-15T/tlong,native,0.8614703257135456,1.1635317075319347,0.7403926512160833,152881438720.0,cell,True,False
Electricity-15T/tlong,32,3.53103834537664,1.1635317075319347,3.034759020763279,11918417920.0,cell,False,True
Electricity-15T/tlong,48,3.729662388151821,1.1635317075319347,3.2054669107927647,12173967360.0,cell,False,False
Electricity-15T/tlong,64,3.976091215374899,1.1635317075319347,3.4172607326782023,12429598720.0,cell,False,False
Electricity-15T/tlong,96,3.143445942576037,1.1635317075319347,2.7016418394337234,12941107200.0,cell,False,True
Electricity-15T/tlong,128,2.4029514982708275,1.1635317075319347,2.06522218751385,13452943360.0,cell,False,True
Electricity-15T/tlong,192,1.8041254933511677,1.1635317075319347,1.5505598013981505,14477598720.0,cell,False,True
Electricity-15T/tlong,256,1.2342825337368015,1.1635317075319347,1.060806960177254,15503564800.0,cell,False,True
Electricity-15T/tlong,384,1.0641368155239257,1.1635317075319347,0.9145748316400901,17559429120.0,cell,False,True
Electricity-15T/tlong,512,0.9994501571618535,1.1635317075319347,0.8589797344516477,19620536320.0,cell,False,True
Electricity-15T/tlong,768,0.9394129947121275,1.1635317075319347,0.8073806572102755,23758479360.0,cell,False,True
Electricity-15T/tlong,1024,0.904392145504875,1.1635317075319347,0.7772819078762001,27917393920.0,cell,False,True
Electricity-15T/tlong,1536,0.8813262619642386,1.1635317075319347,0.7574578812585125,36298137600.0,cell,False,True
Electricity-15T/tlong,2048,0.8700283696946598,1.1635317075319347,0.7477478817832566,44762767360.0,cell,False,True
Electricity-15T/tlong,2560,0.8665242992096001,1.1635317075319347,0.7447363003520187,53311283200.0,cell,False,True
Electricity-15T/tlong,3072,0.8636521883791619,1.1635317075319347,0.7422678580982787,61943685120.0,cell,False,True
Electricity-15T/tlong,4096,0.8609692022647554,1.1635317075319347,0.7399619595163675,79460147200.0,cell,False,True
Electricity-15T/tlong,6144,0.8623030093646393,1.1635317075319347,0.7411083030936415,115499704320.0,cell,False,False
Electricity-15T/tlong,8192,0.861470326252046,1.1635317075319347,0.7403926516788988,152881438720.0,cell,False,False
Electricity-H/tshort,native,1.0193238140093726,1.3577726051465433,0.7507323465989048,140467609600.0,cell,True,False
Electricity-H/tshort,32,2.9645291727564373,1.3577726051465433,2.1833767756983713,1259315200.0,cell,False,True
Electricity-H/tshort,48,1.5889805523503637,1.3577726051465433,1.1702847342238625,1511424000.0,cell,False,True
Electricity-H/tshort,64,1.3994036125630829,1.3577726051465433,1.030661251566529,1763614720.0,cell,False,True
Electricity-H/tshort,96,1.2602261933063612,1.3577726051465433,0.9281570334602133,2268241920.0,cell,False,True
Electricity-H/tshort,128,1.155578817106224,1.3577726051465433,0.851084204178286,2773196800.0,cell,False,True
Electricity-H/tshort,192,0.9692638988307563,1.3577726051465433,0.7138632015087272,3784089600.0,cell,False,True
Electricity-H/tshort,256,0.9752452426459631,1.3577726051465433,0.7182684633268954,4796293120.0,cell,False,False
Electricity-H/tshort,384,0.9705906482255823,1.3577726051465433,0.714840352903443,6824632320.0,cell,False,False
Electricity-H/tshort,512,0.958082278321462,1.3577726051465433,0.7056279340810953,8858214400.0,cell,False,True
Electricity-H/tshort,768,0.9669291283813907,1.3577726051465433,0.7121436422537268,12941107200.0,cell,False,False
Electricity-H/tshort,1024,0.9709892920734682,1.3577726051465433,0.7151339542372561,17044971520.0,cell,False,False
Electricity-H/tshort,1536,0.9800023151991244,1.3577726051465433,0.72177204893109,25315614720.0,cell,False,False
Electricity-H/tshort,2048,0.9927204810862451,1.3577726051465433,0.7311389825685145,33670144000.0,cell,False,False
Electricity-H/tshort,2560,1.0018776592415466,1.3577726051465433,0.737883247492252,42108559360.0,cell,False,False
Electricity-H/tshort,3072,1.010361128034407,1.3577726051465433,0.7441313252342129,50630860800.0,cell,False,False
Electricity-H/tshort,4096,1.0178677324311654,1.3577726051465433,0.7496599420057586,67927121920.0,cell,False,False
Electricity-H/tshort,6144,1.0217668236781519,1.3577726051465433,0.7525316240769737,103526277120.0,cell,False,False
Electricity-H/tshort,8192,1.019323811666901,1.3577726051465433,0.7507323448736736,140467609600.0,cell,False,False
Electricity-H/tmedium,native,1.0426867803638586,1.3924537851702354,0.7488124858925815,148431339520.0,cell,True,False
Electricity-H/tmedium,32,1.7387754308894168,1.3924537851702354,1.248713206432802,8095006720.0,cell,False,True
Electricity-H/tmedium,48,1.4247639981809466,1.3924537851702354,1.023203795597971,8349327360.0,cell,False,True
Electricity-H/tmedium,64,1.3641206610289995,1.3924537851702354,0.9796523773765519,8603729920.0,cell,False,True
Electricity-H/tmedium,96,1.2500379207061896,1.3924537851702354,0.8977230943096365,9112780800.0,cell,False,True
Electricity-H/tmedium,128,1.168792861710937,1.3924537851702354,0.8393764117406923,9622159360.0,cell,False,True
Electricity-H/tmedium,192,1.1282706490947034,1.3924537851702354,0.810275113695616,10641899520.0,cell,False,True
Electricity-H/tmedium,256,1.115398911258497,1.3924537851702354,0.8010311890689665,11662950400.0,cell,False,True
Electricity-H/tmedium,384,1.0922786716647042,1.3924537851702354,0.7844272343524613,13708984320.0,cell,False,True
Electricity-H/tmedium,512,1.0806046284648692,1.3924537851702354,0.7760434421403501,15760261120.0,cell,False,True
Electricity-H/tmedium,768,1.0726239679894938,1.3924537851702354,0.7703120774369968,19878543360.0,cell,False,True
Electricity-H/tmedium,1024,1.076449572411508,1.3924537851702354,0.7730594608422899,24017797120.0,cell,False,False
Electricity-H/tmedium,1536,1.0695093632871184,1.3924537851702354,0.7680753032362685,32359219200.0,cell,False,True
Electricity-H/tmedium,2048,1.0672501293337524,1.3924537851702354,0.7664528192605509,40784527360.0,cell,False,True
Electricity-H/tmedium,2560,1.066870802091117,1.3924537851702354,0.766180402863917,49293721600.0,cell,False,True
Electricity-H/tmedium,3072,1.0725475672932985,1.3924537851702354,0.7702572097659768,57886801920.0,cell,False,False
Electricity-H/tmedium,4096,1.0635625596592342,1.3924537851702354,0.7638045664324921,75324620800.0,cell,False,True
Electricity-H/tmedium,6144,1.0543181178463705,1.3924537851702354,0.7571656087081369,111206891520.0,cell,False,True
Electricity-H/tmedium,8192,1.042686779877061,1.3924537851702354,0.7488124855429845,148431339520.0,cell,False,True
Electricity-H/tlong,native,1.133472621574438,1.5240786163496851,0.7437100746739784,152881438720.0,cell,True,False
Electricity-H/tlong,32,1.5420463634538084,1.5240786163496851,1.0117892521497072,11918417920.0,cell,False,True
Electricity-H/tlong,48,1.4700149737315762,1.5240786163496851,0.9645269987793696,12173967360.0,cell,False,True
Electricity-H/tlong,64,1.4456690377617536,1.5240786163496851,0.9485527992146954,12429598720.0,cell,False,True
Electricity-H/tlong,96,1.3725979921089544,1.5240786163496851,0.9006083921028029,12941107200.0,cell,False,True
Electricity-H/tlong,128,1.317929502156728,1.5240786163496851,0.8647385299016241,13452943360.0,cell,False,True
Electricity-H/tlong,192,1.2850601368086902,1.5240786163496851,0.8431718174004258,14477598720.0,cell,False,True
Electricity-H/tlong,256,1.2749346012831715,1.5240786163496851,0.8365281079376092,15503564800.0,cell,False,True
Electricity-H/tlong,384,1.2620517568264709,1.5240786163496851,0.8280752339726452,17559429120.0,cell,False,True
Electricity-H/tlong,512,1.2484094088641835,1.5240786163496851,0.8191240238343112,19620536320.0,cell,False,True
Electricity-H/tlong,768,1.2133093370203865,1.5240786163496851,0.7960936686628273,23758479360.0,cell,False,True
Electricity-H/tlong,1024,1.1957822609414854,1.5240786163496851,0.7845935558137408,27917393920.0,cell,False,True
Electricity-H/tlong,1536,1.1903056076980232,1.5240786163496851,0.7810001366917145,36298137600.0,cell,False,True
Electricity-H/tlong,2048,1.1928771756731353,1.5240786163496851,0.782687430212879,44762767360.0,cell,False,False
Electricity-H/tlong,2560,1.1952058788796398,1.5240786163496851,0.7842153718699058,53311283200.0,cell,False,False
Electricity-H/tlong,3072,1.1976696757156053,1.5240786163496851,0.7858319530682344,61943685120.0,cell,False,False
Electricity-H/tlong,4096,1.176267523270988,1.5240786163496851,0.7717892703515924,79460147200.0,cell,False,True
Electricity-H/tlong,6144,1.1544687903744357,1.5240786163496851,0.7574863776643619,115499704320.0,cell,False,True
Electricity-H/tlong,8192,1.1334726215300583,1.5240786163496851,0.7437100746448594,152881438720.0,cell,False,True
Electricity-D/tshort,native,1.3563689238820449,1.987041399842847,0.682607279339685,22463447040.0,cell,True,True
Electricity-D/tshort,32,2.1068449280229062,1.987041399842847,1.0602924167506196,1007288320.0,cell,False,True
Electricity-D/tshort,48,1.8164984197518894,1.987041399842847,0.9141724072259161,1259315200.0,cell,False,True
Electricity-D/tshort,64,1.7274504114768094,1.987041399842847,0.8693580373380403,1511424000.0,cell,False,True
Electricity-D/tshort,96,1.7223860499895483,1.987041399842847,0.8668093428379349,2015887360.0,cell,False,True
Electricity-D/tshort,128,1.7296632219514325,1.987041399842847,0.8704716580581713,2520678400.0,cell,False,False
Electricity-D/tshort,192,1.689175478429273,1.987041399842847,0.8500957647701091,3531243520.0,cell,False,True
Electricity-D/tshort,256,1.6484201799595788,1.987041399842847,0.8295852215711009,4543119360.0,cell,False,True
Electricity-D/tshort,384,1.529835614212293,1.987041399842847,0.7699062608022592,6570803200.0,cell,False,True
Electricity-D/tshort,512,1.4237826518575651,1.987041399842847,0.7165339645012785,8603729920.0,cell,False,True
Electricity-D/tshort,768,1.3788992609105053,1.987041399842847,0.6939459142721239,12685312000.0,cell,False,True
Electricity-D/tshort,1024,1.3723563556797864,1.987041399842847,0.6906531266979765,16787865600.0,cell,False,True
Electricity-W/tshort,native,1.394109054695542,2.0896995064573947,0.6671337435777709,3362734080.0,cell,True,True
Electricity-W/tshort,32,2.1411269181006833,2.0896995064573947,1.0246099553952004,755343360.0,cell,False,True
Electricity-W/tshort,48,1.830251537627334,2.0896995064573947,0.8758443651690884,1007288320.0,cell,False,True
Electricity-W/tshort,64,1.5758252197994793,2.0896995064573947,0.7540917796697616,1259315200.0,cell,False,True
Electricity-W/tshort,96,1.466780391252127,2.0896995064573947,0.7019097179855854,1763614720.0,cell,False,True
Electricity-W/tshort,128,1.3970801739570116,2.0896995064573947,0.6685555361619623,2268241920.0,cell,False,True
Electricity-W/tshort,192,1.4052118685401487,2.0896995064573947,0.6724468586023464,3278479360.0,cell,False,False
KDDCup2018-H/tshort,native,0.9379899846059384,1.340425278558367,0.6997704382408773,140467609600.0,cell,True,True
KDDCup2018-H/tshort,32,1.4947232801723584,1.340425278558367,1.1151112293107002,1259315200.0,cell,False,True
KDDCup2018-H/tshort,48,1.2776765975322268,1.340425278558367,0.9531874830847515,1511424000.0,cell,False,True
KDDCup2018-H/tshort,64,1.1894703408616891,1.340425278558367,0.887382802972031,1763614720.0,cell,False,True
KDDCup2018-H/tshort,96,1.156756900705067,1.340425278558367,0.8629775334803921,2268241920.0,cell,False,True
KDDCup2018-H/tshort,128,1.11284282336822,1.340425278558367,0.8302162314971313,2773196800.0,cell,False,True
KDDCup2018-H/tshort,192,1.0476648074120396,1.340425278558367,0.781591353259771,3784089600.0,cell,False,True
KDDCup2018-H/tshort,256,1.020487033454964,1.340425278558367,0.7613158672690075,4796293120.0,cell,False,True
KDDCup2018-H/tshort,384,0.9910060845954715,1.340425278558367,0.7393221393596088,6824632320.0,cell,False,True
KDDCup2018-H/tshort,512,0.9768602495310917,1.340425278558367,0.7287688953327626,8858214400.0,cell,False,True
KDDCup2018-H/tshort,768,0.9734432184597671,1.340425278558367,0.7262196811945455,12941107200.0,cell,False,True
KDDCup2018-H/tshort,1024,0.9751303891669771,1.340425278558367,0.7274783643410052,17044971520.0,cell,False,False
KDDCup2018-H/tshort,1536,0.9641829377520704,1.340425278558367,0.7193112165036556,25315614720.0,cell,False,True
KDDCup2018-H/tshort,2048,0.9626606175544818,1.340425278558367,0.7181755170939684,33670144000.0,cell,False,True
KDDCup2018-H/tshort,2560,0.9602451048457701,1.340425278558367,0.7163734675897173,42108559360.0,cell,False,True
KDDCup2018-H/tshort,3072,0.9540478724416288,1.340425278558367,0.7117501346048257,50630860800.0,cell,False,True
KDDCup2018-H/tshort,4096,0.9490754239546993,1.340425278558367,0.708040529476909,67927121920.0,cell,False,True
KDDCup2018-H/tshort,6144,0.9475003050500826,1.340425278558367,0.7068654405481842,103526277120.0,cell,False,True
KDDCup2018-H/tshort,8192,0.9379899858899194,1.340425278558367,0.699770439198768,140467609600.0,cell,False,False
KDDCup2018-H/tmedium,native,1.021371866612376,1.4289997072062277,0.7147460293111001,148431339520.0,cell,True,False
KDDCup2018-H/tmedium,32,1.433282118448111,1.4289997072062277,1.0029967894466931,8095006720.0,cell,False,True
KDDCup2018-H/tmedium,48,1.3096731597344007,1.4289997072062277,0.9164964507199816,8349327360.0,cell,False,True
KDDCup2018-H/tmedium,64,1.253620285657278,1.4289997072062277,0.8772711984022544,8603729920.0,cell,False,True
KDDCup2018-H/tmedium,96,1.2169623418059372,1.4289997072062277,0.8516183283096432,9112780800.0,cell,False,True
KDDCup2018-H/tmedium,128,1.1690469160978283,1.4289997072062277,0.8180875826653448,9622159360.0,cell,False,True
KDDCup2018-H/tmedium,192,1.089921463772577,1.4289997072062277,0.762716366054009,10641899520.0,cell,False,True
KDDCup2018-H/tmedium,256,1.1147975264605314,1.4289997072062277,0.7801243910959376,11662950400.0,cell,False,False
KDDCup2018-H/tmedium,384,1.0851821486955944,1.4289997072062277,0.7593998397782632,13708984320.0,cell,False,True
KDDCup2018-H/tmedium,512,1.091758359749902,1.4289997072062277,0.7640018078690507,15760261120.0,cell,False,False
KDDCup2018-H/tmedium,768,1.1012121223101827,1.4289997072062277,0.7706174583220261,19878543360.0,cell,False,False
KDDCup2018-H/tmedium,1024,1.0759064460362127,1.4289997072062277,0.752908793900083,24017797120.0,cell,False,True
KDDCup2018-H/tmedium,1536,1.067109339747798,1.4289997072062277,0.7467526650751068,32359219200.0,cell,False,True
KDDCup2018-H/tmedium,2048,1.0558989986233192,1.4289997072062277,0.7389077781461966,40784527360.0,cell,False,True
KDDCup2018-H/tmedium,2560,1.0529873884690637,1.4289997072062277,0.7368702618754985,49293721600.0,cell,False,True
KDDCup2018-H/tmedium,3072,1.0509131623990928,1.4289997072062277,0.7354187387859479,57886801920.0,cell,False,True
KDDCup2018-H/tmedium,4096,1.0464760434294353,1.4289997072062277,0.7323136863865095,75324620800.0,cell,False,True
KDDCup2018-H/tmedium,6144,1.033298791790458,1.4289997072062277,0.7230923747427586,111206891520.0,cell,False,True
KDDCup2018-H/tmedium,8192,1.0213718658091415,1.4289997072062277,0.7147460287490045,148431339520.0,cell,False,True
KDDCup2018-H/tlong,native,1.0147627779444337,1.3355336658089667,0.7598181939724942,152877039312.5926,cell,True,True
KDDCup2018-H/tlong,32,1.2118067251041615,1.3355336658089667,0.9073576774046646,11918417920.0,cell,False,True
KDDCup2018-H/tlong,48,1.183283930354492,1.3355336658089667,0.8860008254735734,12173967360.0,cell,False,True
KDDCup2018-H/tlong,64,1.1274416009941766,1.3355336658089667,0.8441880799098064,12429598720.0,cell,False,True
KDDCup2018-H/tlong,96,1.0681113095833463,1.3355336658089667,0.7997636727011027,12941107200.0,cell,False,True
KDDCup2018-H/tlong,128,1.0603767177815944,1.3355336658089667,0.7939722860818317,13452943360.0,cell,False,True
KDDCup2018-H/tlong,192,1.098207812228698,1.3355336658089667,0.8222988610051141,14477598720.0,cell,False,False
KDDCup2018-H/tlong,256,1.083144164646075,1.3355336658089667,0.8110197386825042,15503564800.0,cell,False,False
KDDCup2018-H/tlong,384,1.0559890063139856,1.3355336658089667,0.7906869241475438,17559429120.0,cell,False,True
KDDCup2018-H/tlong,512,1.0759376845269393,1.3355336658089667,0.8056237832651089,19620536320.0,cell,False,False
KDDCup2018-H/tlong,768,1.081611641976321,1.3355336658089667,0.8098722403385926,23758479360.0,cell,False,False
KDDCup2018-H/tlong,1024,1.079566015002584,1.3355336658089667,0.8083405477829445,27917393920.0,cell,False,False
KDDCup2018-H/tlong,1536,1.0429739354738192,1.3355336658089667,0.7809417030622462,36298137600.0,cell,False,True
KDDCup2018-H/tlong,2048,1.047441381891944,1.3355336658089667,0.7842867676850976,44762767360.0,cell,False,False
KDDCup2018-H/tlong,2560,1.0430349435449822,1.3355336658089667,0.780987383731124,53311283200.0,cell,False,False
KDDCup2018-H/tlong,3072,1.0410031706436933,1.3355336658089667,0.7794660646110566,61943685120.0,cell,False,True
KDDCup2018-H/tlong,4096,1.0235982464659,1.3355336658089667,0.7664338778355545,79460147200.0,cell,False,True
KDDCup2018-H/tlong,6144,1.022959083086278,1.3355336658089667,0.7659552950817198,115499704320.0,cell,False,True
KDDCup2018-H/tlong,8192,1.0147826300295077,1.3355336658089667,0.7598330585061127,152881438720.0,cell,False,False
KDDCup2018-D/tshort,native,1.2014302430796049,1.4970343738270926,0.802540184837713,7074824495.407408,cell,True,True
KDDCup2018-D/tshort,32,1.280765293625102,1.4970343738270926,0.855534993729563,1007288320.0,cell,False,True
KDDCup2018-D/tshort,48,1.2523730572446317,1.4970343738270926,0.8365693394487685,1259315200.0,cell,False,True
KDDCup2018-D/tshort,64,1.2461856990162907,1.4970343738270926,0.8324362625224697,1511424000.0,cell,False,True
KDDCup2018-D/tshort,96,1.253844142155491,1.4970343738270926,0.8375520055361867,2015887360.0,cell,False,False
KDDCup2018-D/tshort,128,1.2314567970813848,1.4970343738270926,0.8225975425889707,2520678400.0,cell,False,True
KDDCup2018-D/tshort,192,1.2255199403089478,1.4970343738270926,0.8186317974623175,3531243520.0,cell,False,True
KDDCup2018-D/tshort,256,1.2340274195274563,1.4970343738270926,0.8243146858229632,4543119360.0,cell,False,False
KDDCup2018-D/tshort,384,1.2035020256900506,1.4970343738270926,0.803924109379906,6570803200.0,cell,False,True
CarParts/tshort,native,2.004230202462859,1.2014638390969912,1.668156907634623,1007288320.0,cell,True,True
TempRain/tshort,native,1.3414918973864942,2.011535765322217,0.6668993514871001,11152370346.666666,cell,True,True
TempRain/tshort,32,2.5445229990334233,2.011535765322217,1.264965327934813,1007288320.0,cell,False,True
TempRain/tshort,48,2.118851365447725,2.011535765322217,1.053350083043797,1259315200.0,cell,False,True
TempRain/tshort,64,2.634521208032151,2.011535765322217,1.3097063713456476,1511424000.0,cell,False,False
TempRain/tshort,96,1.8383140970702787,2.011535765322217,0.9138858621168037,2015887360.0,cell,False,True
TempRain/tshort,128,1.5540493979619476,2.011535765322217,0.7725686138685249,2520678400.0,cell,False,True
TempRain/tshort,192,1.4203763196384473,2.011535765322217,0.7061153692243324,3531243520.0,cell,False,True
TempRain/tshort,256,1.376657639122176,2.011535765322217,0.6843813880195447,4543119360.0,cell,False,True
TempRain/tshort,384,1.3533994529465427,2.011535765322217,0.6728189855126683,6570803200.0,cell,False,True
TempRain/tshort,512,1.3444022373974633,2.011535765322217,0.6683461763763922,8603729920.0,cell,False,True
