cell,window,mase,naive_mase,normalized_mase,flops,flops_weighting,is_native,within_cell_pareto
JenaWeather-10T/tshort,native,0.2850478502382981,0.7428874675800381,0.3837025965276326,64674164736.0,cell,True,False
JenaWeather-10T/tshort,32,0.3906893159598986,0.7428874675800381,0.5259064569127437,704987136.0,cell,False,True
JenaWeather-10T/tshort,48,0.38687139641822,0.7428874675800381,0.5207671596324767,821035008.0,cell,False,True
JenaWeather-10T/tshort,64,0.34507487188888686,0.7428874675800381,0.4645049041047509,937119744.0,cell,False,True
JenaWeather-10T/tshort,96,0.335505786879648,0.7428874675800381,0.4516239693375913,1169399808.0,cell,False,True
JenaWeather-10T/tshort,128,0.34704307610774915,0.7428874675800381,0.4671543016309654,1401827328.0,cell,False,False
JenaWeather-10T/tshort,192,0.32665135832033354,0.7428874675800381,0.4397050328287311,1867124736.0,cell,False,True
JenaWeather-10T/tshort,256,0.3239153673619342,0.7428874675800381,0.4360221184200228,2333011968.0,cell,False,True
JenaWeather-10T/tshort,384,0.31234274422851854,0.7428874675800381,0.4204442231957117,3266555904.0,cell,False,True
JenaWeather-10T/tshort,512,0.31427291824108794,0.7428874675800381,0.42304242830321864,4202459136.0,cell,False,False
JenaWeather-10T/tshort,768,0.32045345554718485,0.7428874675800381,0.43136204274796097,6081343488.0,cell,False,False
JenaWeather-10T/tshort,1024,0.31884030584209827,0.7428874675800381,0.42919058371077806,7969665024.0,cell,False,False
JenaWeather-10T/tshort,1536,0.30561869302351113,0.7428874675800381,0.4113929852916573,11774619648.0,cell,False,True
JenaWeather-10T/tshort,2048,0.29242125068646724,0.7428874675800381,0.39362792273105884,15617323008.0,cell,False,True
JenaWeather-10T/tshort,2560,0.29325253797859224,0.7428874675800381,0.39474691763729,19497775104.0,cell,False,False
JenaWeather-10T/tshort,3072,0.2942748831812079,0.7428874675800381,0.39612309538591456,23415975936.0,cell,False,False
JenaWeather-10T/tshort,4096,0.2872931994258202,0.7428874675800381,0.3867250585902063,31365623808.0,cell,False,True
JenaWeather-10T/tshort,6144,0.28598429080564886,0.7428874675800381,0.3849631381415613,47717904384.0,cell,False,True
JenaWeather-10T/tshort,8192,0.2850478501364609,0.7428874675800381,0.38370259639054966,64674164736.0,cell,False,True
JenaWeather-10T/tmedium,native,0.623554745756383,0.7160100391723763,0.8708743057250137,68413280256.0,cell,True,False
JenaWeather-10T/tmedium,32,0.7430790473131879,0.7160100391723763,1.0378053472156623,3936485376.0,cell,False,True
JenaWeather-10T/tmedium,48,0.6991236952987924,0.7160100391723763,0.9764160515219835,4053528576.0,cell,False,True
JenaWeather-10T/tmedium,64,0.6714638350295641,0.7160100391723763,0.9377855034067646,4170608640.0,cell,False,True
JenaWeather-10T/tmedium,96,0.6618437211246193,0.7160100391723763,0.9243497785165598,4404879360.0,cell,False,True
JenaWeather-10T/tmedium,128,0.6711337905754371,0.7160100391723763,0.9373245539283068,4639297536.0,cell,False,False
JenaWeather-10T/tmedium,192,0.6520197744952855,0.7160100391723763,0.9106293750419253,5108576256.0,cell,False,True
JenaWeather-10T/tmedium,256,0.6361918072180864,0.7160100391723763,0.8885235854422511,5578444800.0,cell,False,True
JenaWeather-10T/tmedium,384,0.6577911073026271,0.7160100391723763,0.9186897827060589,6519951360.0,cell,False,False
JenaWeather-10T/tmedium,512,0.6522697442860952,0.7160100391723763,0.9109784899664851,7463817216.0,cell,False,False
JenaWeather-10T/tmedium,768,0.6375803104783094,0.7160100391723763,0.8904628086154736,9358626816.0,cell,False,False
JenaWeather-10T/tmedium,1024,0.6278703115319614,0.7160100391723763,0.8769015477181101,11262873600.0,cell,False,True
JenaWeather-10T/tmedium,1536,0.6385154422263658,0.7160100391723763,0.8917688402308086,15099678720.0,cell,False,False
JenaWeather-10T/tmedium,2048,0.6354858468796338,0.7160100391723763,0.887537621140314,18974232576.0,cell,False,False
JenaWeather-10T/tmedium,2560,0.6278740934331785,0.7160100391723763,0.8769068296289915,22886535168.0,cell,False,False
JenaWeather-10T/tmedium,3072,0.6181381828151554,0.7160100391723763,0.8633093797534609,26836586496.0,cell,False,True
JenaWeather-10T/tmedium,4096,0.6143440107142091,0.7160100391723763,0.8580103310064183,34849935360.0,cell,False,True
JenaWeather-10T/tmedium,6144,0.6149054329835005,0.7160100391723763,0.8587944293270793,51329617920.0,cell,False,False
JenaWeather-10T/tmedium,8192,0.6235547438925587,0.7160100391723763,0.8708743031219436,68413280256.0,cell,False,False
JenaWeather-10T/tlong,native,0.680273700685395,0.7614923703210493,0.8933427663872561,70502178816.0,cell,True,False
JenaWeather-10T/tlong,32,0.7319655391183694,0.7614923703210493,0.9612250465618831,5743374336.0,cell,False,True
JenaWeather-10T/tlong,48,0.7314280154005247,0.7614923703210493,0.960519164613758,5860970496.0,cell,False,True
JenaWeather-10T/tlong,64,0.7303327095415652,0.7614923703210493,0.9590807971374066,5978603520.0,cell,False,True
JenaWeather-10T/tlong,96,0.7135755242874356,0.7614923703210493,0.9370750805902209,6213980160.0,cell,False,True
JenaWeather-10T/tlong,128,0.7452477766311142,0.7614923703210493,0.9786674242276566,6449504256.0,cell,False,False
JenaWeather-10T/tlong,192,0.6981694347073677,0.7614923703210493,0.9168436374654886,6920994816.0,cell,False,True
JenaWeather-10T/tlong,256,0.6736853275220087,0.7614923703210493,0.8846908436363969,7393075200.0,cell,False,True
JenaWeather-10T/tlong,384,0.6507903338582943,0.7614923703210493,0.8546248908362898,8339005440.0,cell,False,True
JenaWeather-10T/tlong,512,0.645915576048733,0.7614923703210493,0.8482233062642656,9287294976.0,cell,False,True
JenaWeather-10T/tlong,768,0.6591609381158542,0.7614923703210493,0.8656172586968249,11190951936.0,cell,False,False
JenaWeather-10T/tlong,1024,0.6797956329412139,0.7614923703210493,0.8927149626654938,13104046080.0,cell,False,False
JenaWeather-10T/tlong,1536,0.6815962738905056,0.7614923703210493,0.8950795837956208,16958545920.0,cell,False,False
JenaWeather-10T/tlong,2048,0.6735607616615953,0.7614923703210493,0.8845272624039797,20850794496.0,cell,False,False
JenaWeather-10T/tlong,2560,0.6610900353021558,0.7614923703210493,0.8681505699439072,24780791808.0,cell,False,False
JenaWeather-10T/tlong,3072,0.6708658812728452,0.7614923703210493,0.8809883163898339,28748537856.0,cell,False,False
JenaWeather-10T/tlong,4096,0.6533026461359732,0.7614923703210493,0.8579240864363976,36797276160.0,cell,False,False
JenaWeather-10T/tlong,6144,0.6600506165775143,0.7614923703210493,0.8667855940555693,53347737600.0,cell,False,False
JenaWeather-10T/tlong,8192,0.6802736998061437,0.7614923703210493,0.8933427652326137,70502178816.0,cell,False,False
JenaWeather-H/tshort,native,0.5474782212352637,0.7229102185557323,0.7573253319465371,64128814241.68421,cell,True,False
JenaWeather-H/tshort,32,0.6337205719052218,0.7229102185557323,0.8766241721846203,704987136.0,cell,False,True
JenaWeather-H/tshort,48,0.6335547737054645,0.7229102185557323,0.8763948239260101,821035008.0,cell,False,True
JenaWeather-H/tshort,64,0.6259842888104392,0.7229102185557323,0.8659225900293168,937119744.0,cell,False,True
JenaWeather-H/tshort,96,0.5834687594654793,0.7229102185557323,0.807110958579564,1169399808.0,cell,False,True
JenaWeather-H/tshort,128,0.5768624045975317,0.7229102185557323,0.7979724034749673,1401827328.0,cell,False,True
JenaWeather-H/tshort,192,0.5751468434956669,0.7229102185557323,0.795599271849726,1867124736.0,cell,False,True
JenaWeather-H/tshort,256,0.5652882320935666,0.7229102185557323,0.7819618779534322,2333011968.0,cell,False,True
JenaWeather-H/tshort,384,0.5433470498000833,0.7229102185557323,0.751610692245588,3266555904.0,cell,False,True
JenaWeather-H/tshort,512,0.5400670980873138,0.7229102185557323,0.7470735427786426,4202459136.0,cell,False,True
JenaWeather-H/tshort,768,0.5440622086061236,0.7229102185557323,0.7525999697349408,6081343488.0,cell,False,False
JenaWeather-H/tshort,1024,0.5415132505798264,0.7229102185557323,0.7490740021100957,7969665024.0,cell,False,False
JenaWeather-H/tshort,1536,0.5383975223473787,0.7229102185557323,0.7447640225960802,11774619648.0,cell,False,True
JenaWeather-H/tshort,2048,0.5367398847736806,0.7229102185557323,0.7424710164507116,15617323008.0,cell,False,True
JenaWeather-H/tshort,2560,0.5331818931560572,0.7229102185557323,0.7375492550392714,19497775104.0,cell,False,True
JenaWeather-H/tshort,3072,0.5372522176198319,0.7229102185557323,0.7431797252682115,23415975936.0,cell,False,False
JenaWeather-H/tshort,4096,0.5380336730080075,0.7229102185557323,0.7442607106632401,31365623808.0,cell,False,False
JenaWeather-H/tshort,6144,0.5431253649326275,0.7229102185557323,0.7513040360913859,47717904384.0,cell,False,False
JenaWeather-H/tshort,8192,0.5461533043936517,0.7229102185557323,0.7554925776049829,64674164736.0,cell,False,False
JenaWeather-H/tmedium,native,0.8587026260357064,0.8886133410507664,0.9663400113038014,66856163328.0,cell,True,False
JenaWeather-H/tmedium,32,0.8007645930391232,0.8886133410507664,0.9011395125941234,3936485376.0,cell,False,True
JenaWeather-H/tmedium,48,0.7917934744152123,0.8886133410507664,0.8910438745820914,4053528576.0,cell,False,True
JenaWeather-H/tmedium,64,0.7790739702944186,0.8886133410507664,0.8767299952678858,4170608640.0,cell,False,True
JenaWeather-H/tmedium,96,0.8307200627261702,0.8886133410507664,0.9348498659089017,4404879360.0,cell,False,False
JenaWeather-H/tmedium,128,0.9055835393193894,0.8886133410507664,1.0190973930782494,4639297536.0,cell,False,False
JenaWeather-H/tmedium,192,0.9448073946156978,0.8886133410507664,1.0632379134646832,5108576256.0,cell,False,False
JenaWeather-H/tmedium,256,0.8999067475065304,0.8886133410507664,1.0127090219491977,5578444800.0,cell,False,False
JenaWeather-H/tmedium,384,0.7925319131354186,0.8886133410507664,0.8918748757454693,6519951360.0,cell,False,False
JenaWeather-H/tmedium,512,0.8312521016431949,0.8886133410507664,0.935448595291465,7463817216.0,cell,False,False
JenaWeather-H/tmedium,768,0.9096848177406323,0.8886133410507664,1.0237127620264503,9358626816.0,cell,False,False
JenaWeather-H/tmedium,1024,0.9404682966147274,0.8886133410507664,1.0583549145263154,11262873600.0,cell,False,False
JenaWeather-H/tmedium,1536,0.8894217279558759,0.8886133410507664,1.0009097172727044,15099678720.0,cell,False,False
JenaWeather-H/tmedium,2048,0.8755781891932274,0.8886133410507664,0.9853309068687567,18974232576.0,cell,False,False
JenaWeather-H/tmedium,2560,0.8305754523951051,0.8886133410507664,0.9346871288393749,22886535168.0,cell,False,False
JenaWeather-H/tmedium,3072,0.8520866238627682,0.8886133410507664,0.9588947008776549,26836586496.0,cell,False,False
JenaWeather-H/tmedium,4096,0.8523817635496211,0.8886133410507664,0.959226835984364,34849935360.0,cell,False,False
JenaWeather-H/tmedium,6144,0.8519388493739484,0.8886133410507664,0.9587284030268427,51329617920.0,cell,False,False
JenaWeather-H/tmedium,8192,0.8701637347641102,0.8886133410507664,0.9792377568123838,68413280256.0,cell,False,False
JenaWeather-H/tlong,native,1.0888646432833102,1.267717847392006,0.8589171837592734,66369116160.0,cell,True,False
JenaWeather-H/tlong,32,1.3053890841151778,1.267717847392006,1.0297157895194662,5743374336.0,cell,False,True
JenaWeather-H/tlong,48,1.272360551757334,1.267717847392006,1.0036622536906608,5860970496.0,cell,False,True
JenaWeather-H/tlong,64,1.3068523846631765,1.267717847392006,1.0308700688813992,5978603520.0,cell,False,False
JenaWeather-H/tlong,96,1.5972263158282107,1.267717847392006,1.2599225601454465,6213980160.0,cell,False,False
JenaWeather-H/tlong,128,1.4035248009837669,1.267717847392006,1.1071271133960507,6449504256.0,cell,False,False
JenaWeather-H/tlong,192,1.1599438626128113,1.267717847392006,0.9149858266956553,6920994816.0,cell,False,True
JenaWeather-H/tlong,256,1.1841852139958504,1.267717847392006,0.9341078666928907,7393075200.0,cell,False,False
JenaWeather-H/tlong,384,1.0439213611764808,1.267717847392006,0.8234650662401517,8339005440.0,cell,False,True
JenaWeather-H/tlong,512,1.0281737571210652,1.267717847392006,0.8110430560209123,9287294976.0,cell,False,True
JenaWeather-H/tlong,768,1.0153705029128908,1.267717847392006,0.8009436050788011,11190951936.0,cell,False,True
JenaWeather-H/tlong,1024,0.9886853222547708,1.267717847392006,0.7798938259713935,13104046080.0,cell,False,True
JenaWeather-H/tlong,1536,1.0225648625767803,1.267717847392006,0.8066186531020579,16958545920.0,cell,False,False
JenaWeather-H/tlong,2048,1.0815799769576422,1.267717847392006,0.8531709001200123,20850794496.0,cell,False,False
JenaWeather-H/tlong,2560,1.0769838722055138,1.267717847392006,0.8495454050924053,24780791808.0,cell,False,False
JenaWeather-H/tlong,3072,1.083298779627826,1.267717847392006,0.8545267244256491,28748537856.0,cell,False,False
JenaWeather-H/tlong,4096,1.1015672886485757,1.267717847392006,0.868937272528551,36797276160.0,cell,False,False
JenaWeather-H/tlong,6144,1.1009959258124413,1.267717847392006,0.8684865706335594,53347737600.0,cell,False,False
JenaWeather-D/tshort,native,1.0337848619448715,1.5734140297468562,0.6570329502598851,2737993728.0,cell,True,True
JenaWeather-D/tshort,32,1.251941097197436,1.5734140297468562,0.7956844629120656,585818112.0,cell,False,True
JenaWeather-D/tshort,48,1.3027243493697969,1.5734140297468562,0.827960298268975,701829120.0,cell,False,False
JenaWeather-D/tshort,64,1.3524150474043442,1.5734140297468562,0.8595417492380768,817876992.0,cell,False,False
JenaWeather-D/tshort,96,1.2322195273776828,1.5734140297468562,0.7831502097232046,1050083328.0,cell,False,True
JenaWeather-D/tshort,128,1.306245669007249,1.5734140297468562,0.8301983103693366,1282437120.0,cell,False,False
JenaWeather-D/tshort,192,1.1356211751450018,1.5734140297468562,0.7217561008577698,1747587072.0,cell,False,True
JenaWeather-D/tshort,256,1.1415435356868067,1.5734140297468562,0.7255201200096504,2213326848.0,cell,False,False
BizITObsApp/tshort,native,1.0888151251871714,2.242330238675541,0.4855730464707522,64444126003.2,cell,True,True
BizITObsApp/tshort,32,4.961488354037279,2.242330238675541,2.2126483728676116,824193024.0,cell,False,True
BizITObsApp/tshort,48,3.0611284278908295,2.242330238675541,1.3651550405434132,940277760.0,cell,False,True
BizITObsApp/tshort,64,3.1736256300691617,2.242330238675541,1.4153248149316764,1056399360.0,cell,False,False
BizITObsApp/tshort,96,2.970741020250925,2.242330238675541,1.324845452740105,1288753152.0,cell,False,True
BizITObsApp/tshort,128,4.195038178996569,2.242330238675541,1.8708386956750929,1521254400.0,cell,False,False
BizITObsApp/tshort,192,3.992460174736284,2.242330238675541,1.7804960687211167,1986699264.0,cell,False,False
BizITObsApp/tshort,256,2.5424556869819677,2.242330238675541,1.1338453378230762,2452733952.0,cell,False,True
BizITObsApp/tshort,384,1.9061230081210248,2.242330238675541,0.8500634631083149,3386572800.0,cell,False,True
BizITObsApp/tshort,512,1.8602632344855898,2.242330238675541,0.8296116256204868,4322770944.0,cell,False,True
BizITObsApp/tshort,768,1.3509179466522316,2.242330238675541,0.6024616371628504,6202245120.0,cell,False,True
BizITObsApp/tshort,1024,1.27072642946867,2.242330238675541,0.5666990559870608,8091156480.0,cell,False,True
BizITObsApp/tshort,1536,1.1651803099383213,2.242330238675541,0.5196292186767945,11897290752.0,cell,False,True
BizITObsApp/tshort,2048,1.1623949908501636,2.242330238675541,0.5183870648494425,15741173760.0,cell,False,True
BizITObsApp/tshort,2560,1.149211273091897,2.242330238675541,0.5125075928917109,19622805504.0,cell,False,True
BizITObsApp/tshort,3072,1.1401205968241341,2.242330238675541,0.5084534727130826,23542185984.0,cell,False,True
BizITObsApp/tshort,4096,1.1030405825246385,2.242330238675541,0.4919170974459866,31494193152.0,cell,False,True
BizITObsApp/tshort,6144,1.0954703644815063,2.242330238675541,0.4885410478737328,47851192320.0,cell,False,True
BizITObsApp/tshort,8192,1.0916238929893427,2.242330238675541,0.4868256575954322,64812171264.0,cell,False,False
BizITObsApp/tmedium,native,2.043538901243522,2.6914183385868085,0.7592795486102429,67222935552.0,cell,True,False
BizITObsApp/tmedium,32,6.355983005630039,2.6914183385868085,2.361573789739203,4899127296.0,cell,False,True
BizITObsApp/tmedium,48,6.32245378381988,2.6914183385868085,2.349115963570209,5016465408.0,cell,False,True
BizITObsApp/tmedium,64,6.882965885789892,2.6914183385868085,2.5573749673579,5133840384.0,cell,False,False
BizITObsApp/tmedium,96,6.789818606780403,2.6914183385868085,2.522765974146388,5368700928.0,cell,False,False
BizITObsApp/tmedium,128,9.263029924919067,2.6914183385868085,3.4416908706146496,5603708928.0,cell,False,False
BizITObsApp/tmedium,192,8.24401536351398,2.6914183385868085,3.0630746789972054,6074167296.0,cell,False,False
BizITObsApp/tmedium,256,6.440886148432051,2.6914183385868085,2.3931196633719853,6545215488.0,cell,False,False
BizITObsApp/tmedium,384,6.4699166501327685,2.6914183385868085,2.4039059842068062,7489081344.0,cell,False,False
BizITObsApp/tmedium,512,4.662641673405002,2.6914183385868085,1.732410605425699,8435306496.0,cell,False,True
BizITObsApp/tmedium,768,1.7946302562929088,2.6914183385868085,0.6667972163833962,10334834688.0,cell,False,True
BizITObsApp/tmedium,1024,1.7054745201156716,2.6914183385868085,0.633671286126099,12243800064.0,cell,False,True
BizITObsApp/tmedium,1536,2.059049572830442,2.6914183385868085,0.7650425589028251,16090042368.0,cell,False,False
BizITObsApp/tmedium,2048,2.2655352083732936,2.6914183385868085,0.8417625665591866,19974033408.0,cell,False,False
BizITObsApp/tmedium,2560,2.224516973434062,2.6914183385868085,0.8265221877778006,23895773184.0,cell,False,False
BizITObsApp/tmedium,3072,2.2785228895771343,2.6914183385868085,0.8465881564786861,27855261696.0,cell,False,False
BizITObsApp/tmedium,4096,2.201782477965404,2.6914183385868085,0.8180751562841401,35887484928.0,cell,False,False
BizITObsApp/tmedium,6144,2.044422204528269,2.6914183385868085,0.7596077410997133,52404916224.0,cell,False,False
BizITObsApp/tmedium,8192,2.0644316701161984,2.6914183385868085,0.767042284180978,69526327296.0,cell,False,False
BizITObsApp/tlong,native,3.2587271078416946,3.2063450561622804,1.0163369976599184,69994856448.0,cell,True,False
BizITObsApp/tlong,32,7.27301076085667,3.2063450561622804,2.268318173329055,7194857472.0,cell,False,True
BizITObsApp/tlong,48,7.2344592070451474,3.2063450561622804,2.2562946533596646,7312896000.0,cell,False,True
BizITObsApp/tlong,64,7.277094965773347,3.2063450561622804,2.269591961659736,7430971392.0,cell,False,False
BizITObsApp/tlong,96,7.3388166157444905,3.2063450561622804,2.2888418081017217,7667232768.0,cell,False,False
BizITObsApp/tlong,128,7.248820640078862,3.2063450561622804,2.2607737199548565,7903641600.0,cell,False,False
BizITObsApp/tlong,192,8.028400014272995,3.2063450561622804,2.503910176118817,8376901632.0,cell,False,False
BizITObsApp/tlong,256,7.456800149841424,3.2063450561622804,2.3256387005229477,8850751488.0,cell,False,False
BizITObsApp/tlong,384,7.252068658638016,3.2063450561622804,2.2617867171533055,9800220672.0,cell,False,False
BizITObsApp/tlong,512,3.274013339636831,3.2063450561622804,1.0211044919649241,10752049152.0,cell,False,True
BizITObsApp/tlong,768,3.2461408507605145,3.2063450561622804,1.0124115757665415,12662784000.0,cell,False,True
BizITObsApp/tlong,1024,3.3150916470314087,3.2063450561622804,1.0339160598639028,14582956032.0,cell,False,False
BizITObsApp/tlong,1536,3.5036109551736314,3.2063450561622804,1.0927117617737476,18451611648.0,cell,False,False
BizITObsApp/tlong,2048,3.4116969057918682,3.2063450561622804,1.0640454617430903,22358016000.0,cell,False,False
BizITObsApp/tlong,2560,3.424360149611029,3.2063450561622804,1.0679948943828566,26302169088.0,cell,False,False
BizITObsApp/tlong,3072,3.4531360676435563,3.2063450561622804,1.0769695735045632,30284070912.0,cell,False,False
BizITObsApp/tlong,4096,3.4159582071853865,3.2063450561622804,1.0653744832048722,38361120768.0,cell,False,False
BizITObsApp/tlong,6144,3.298406845662794,3.2063450561622804,1.0287123774540672,54968205312.0,cell,False,False
BizITObsService/tshort,native,0.783198889514713,1.225305042620374,0.6391868655333405,64444126003.2,cell,True,False
BizITObsService/tshort,32,3.1220025567840257,1.225305042620374,2.547939042271035,824193024.0,cell,False,True
BizITObsService/tshort,48,2.5357990075962085,1.225305042620374,2.0695246647914547,940277760.0,cell,False,True
BizITObsService/tshort,64,2.4469534737698755,1.225305042620374,1.997015754164324,1056399360.0,cell,False,True
BizITObsService/tshort,96,2.728632465648456,1.225305042620374,2.2269005437316602,1288753152.0,cell,False,False
BizITObsService/tshort,128,2.6281491797214214,1.225305042620374,2.144893792406989,1521254400.0,cell,False,False
BizITObsService/tshort,192,2.7952490983681466,1.225305042620374,2.2812679301395606,1986699264.0,cell,False,False
BizITObsService/tshort,256,2.043978867905433,1.225305042620374,1.6681387873294682,2452733952.0,cell,False,True
BizITObsService/tshort,384,1.3428416257097135,1.225305042620374,1.0959243445517712,3386572800.0,cell,False,True
BizITObsService/tshort,512,1.299709291170182,1.225305042620374,1.0607230411707855,4322770944.0,cell,False,True
BizITObsService/tshort,768,0.9125937083788824,1.225305042620374,0.7447889926472976,6202245120.0,cell,False,True
BizITObsService/tshort,1024,0.8744076086496556,1.225305042620374,0.7136244267629004,8091156480.0,cell,False,True
BizITObsService/tshort,1536,0.8052091915676387,1.225305042620374,0.6571499859705628,11897290752.0,cell,False,True
BizITObsService/tshort,2048,0.8004976455254816,1.225305042620374,0.6533047834468867,15741173760.0,cell,False,True
BizITObsService/tshort,2560,0.7861533425342235,1.225305042620374,0.6415980634936397,19622805504.0,cell,False,True
BizITObsService/tshort,3072,0.7907935300920301,1.225305042620374,0.6453850286952871,23542185984.0,cell,False,False
BizITObsService/tshort,4096,0.7855452953669646,1.225305042620374,0.6411018220304048,31494193152.0,cell,False,True
BizITObsService/tshort,6144,0.7826001377721409,1.225305042620374,0.6386982102828147,47851192320.0,cell,False,True
BizITObsService/tshort,8192,0.7856083864265216,1.225305042620374,0.6411533121143941,64812171264.0,cell,False,False
BizITObsService/tmedium,native,1.0451510805626674,1.3205790727650968,0.7914339263110356,67222935552.0,cell,True,True
BizITObsService/tmedium,32,3.957916243862579,1.3205790727650968,2.99710659171305,4899127296.0,cell,False,True
BizITObsService/tmedium,48,3.7162140819820384,1.3205790727650968,2.814079185883839,5016465408.0,cell,False,True
BizITObsService/tmedium,64,4.19718864938057,1.3205790727650968,3.1782940801812645,5133840384.0,cell,False,False
BizITObsService/tmedium,96,4.292823976215061,1.3205790727650968,3.250713315656687,5368700928.0,cell,False,False
BizITObsService/tmedium,128,5.980424366369154,1.3205790727650968,4.5286378450985385,5603708928.0,cell,False,False
BizITObsService/tmedium,192,4.850897927926268,1.3205790727650968,3.673311222302809,6074167296.0,cell,False,False
BizITObsService/tmedium,256,3.871133851596929,1.3205790727650968,2.9313911839382314,6545215488.0,cell,False,False
BizITObsService/tmedium,384,3.826309402266467,1.3205790727650968,2.897448158295241,7489081344.0,cell,False,False
BizITObsService/tmedium,512,2.7308612595283686,1.3205790727650968,2.067927105501036,8435306496.0,cell,False,True
BizITObsService/tmedium,768,1.184722126804251,1.3205790727650968,0.8971232024172687,10334834688.0,cell,False,True
BizITObsService/tmedium,1024,1.1007982484771486,1.3205790727650968,0.8335723859172176,12243800064.0,cell,False,True
BizITObsService/tmedium,1536,1.1087022524408203,1.3205790727650968,0.8395576420269649,16090042368.0,cell,False,False
BizITObsService/tmedium,2048,1.1235527674774,1.3205790727650968,0.8508030989199663,19974033408.0,cell,False,False
BizITObsService/tmedium,2560,1.126017981498758,1.3205790727650968,0.8526698663647936,23895773184.0,cell,False,False
BizITObsService/tmedium,3072,1.1522829925861686,1.3205790727650968,0.8725588768974347,27855261696.0,cell,False,False
BizITObsService/tmedium,4096,1.1698714242061976,1.3205790727650968,0.885877603494549,35887484928.0,cell,False,False
BizITObsService/tmedium,6144,1.0535223964526792,1.3205790727650968,0.7977730513681089,52404916224.0,cell,False,True
BizITObsService/tmedium,8192,1.0471971645778677,1.3205790727650968,0.7929833102573647,69526327296.0,cell,False,False
BizITObsService/tlong,native,1.40716815548951,1.367193469742303,1.029238499621229,69994856448.0,cell,True,True
BizITObsService/tlong,32,3.896518525142367,1.367193469742303,2.850012533980876,7194857472.0,cell,False,True
BizITObsService/tlong,48,4.1968056651890855,1.367193469742303,3.069650168809046,7312896000.0,cell,False,False
BizITObsService/tlong,64,4.041046987981666,1.367193469742303,2.955724319502014,7430971392.0,cell,False,False
BizITObsService/tlong,96,3.956045916811563,1.367193469742303,2.893552378916221,7667232768.0,cell,False,False
BizITObsService/tlong,128,4.364474199846088,1.367193469742303,3.1922871900995333,7903641600.0,cell,False,False
BizITObsService/tlong,192,4.5811581460717425,1.367193469742303,3.3507753273099143,8376901632.0,cell,False,False
BizITObsService/tlong,256,4.078604072014545,1.367193469742303,2.9831945238762043,8850751488.0,cell,False,False
BizITObsService/tlong,384,3.8541188472403802,1.367193469742303,2.819000333556909,9800220672.0,cell,False,True
BizITObsService/tlong,512,1.7406151644381513,1.367193469742303,1.2731301040855858,10752049152.0,cell,False,True
BizITObsService/tlong,768,1.5299630053371602,1.367193469742303,1.119053769051089,12662784000.0,cell,False,True
BizITObsService/tlong,1024,1.512596527781102,1.367193469742303,1.1063514866452702,14582956032.0,cell,False,True
BizITObsService/tlong,1536,1.4508879674009638,1.367193469742303,1.0612162795616893,18451611648.0,cell,False,True
BizITObsService/tlong,2048,1.417407351277219,1.367193469742303,1.036727707267634,22358016000.0,cell,False,True
BizITObsService/tlong,2560,1.4084062581679164,1.367193469742303,1.0301440793404182,26302169088.0,cell,False,True
BizITObsService/tlong,3072,1.4233922378463237,1.367193469742303,1.0411052051869538,30284070912.0,cell,False,False
BizITObsService/tlong,4096,1.423499644657908,1.367193469742303,1.041183765254685,38361120768.0,cell,False,False
BizITObsService/tlong,6144,1.4073879401530778,1.367193469742303,1.0293992557017926,54968205312.0,cell,False,True
BizITObsL2C-5T/tshort,native,0.273561834602135,0.9860210805885202,0.2774401480735644,64674164736.0,cell,True,True
BizITObsL2C-5T/tshort,32,0.30699264886754846,0.9860210805885202,0.3113449143342003,704987136.0,cell,False,True
BizITObsL2C-5T/tshort,48,0.3117638953847023,0.9860210805885202,0.3161838032901099,821035008.0,cell,False,False
BizITObsL2C-5T/tshort,64,0.3113637615771358,0.9860210805885202,0.3157779967455605,937119744.0,cell,False,False
BizITObsL2C-5T/tshort,96,0.3192710775666454,0.9860210805885202,0.32379741554418295,1169399808.0,cell,False,False
BizITObsL2C-5T/tshort,128,0.314750492603182,0.9860210805885202,0.3192127417958639,1401827328.0,cell,False,False
BizITObsL2C-5T/tshort,192,0.31199218443247867,0.9860210805885202,0.31641532881453394,1867124736.0,cell,False,False
BizITObsL2C-5T/tshort,256,0.28975847160917073,0.9860210805885202,0.29386640642228906,2333011968.0,cell,False,True
BizITObsL2C-5T/tshort,384,0.29292741143406587,0.9860210805885202,0.2970802726238146,3266555904.0,cell,False,False
BizITObsL2C-5T/tshort,512,0.29312259854384365,0.9860210805885202,0.2972782269207565,4202459136.0,cell,False,False
BizITObsL2C-5T/tshort,768,0.3010704575384346,0.9860210805885202,0.3053387635066956,6081343488.0,cell,False,False
BizITObsL2C-5T/tshort,1024,0.29468807126713903,0.9860210805885202,0.29886589350731774,7969665024.0,cell,False,False
BizITObsL2C-5T/tshort,1536,0.2901958847652745,0.9860210805885202,0.294310020828426,11774619648.0,cell,False,False
BizITObsL2C-5T/tshort,2048,0.2831309095114262,0.9860210805885202,0.2871448847142656,15617323008.0,cell,False,True
BizITObsL2C-5T/tshort,2560,0.28209180505807213,0.9860210805885202,0.28609104877321867,19497775104.0,cell,False,True
BizITObsL2C-5T/tshort,3072,0.2821567198726157,0.9860210805885202,0.28615688389157623,23415975936.0,cell,False,False
BizITObsL2C-5T/tshort,4096,0.28230167822267194,0.9860210805885202,0.28630389733064965,31365623808.0,cell,False,False
BizITObsL2C-5T/tshort,6144,0.27520575648277357,0.9860210805885202,0.27910737599901336,47717904384.0,cell,False,True
BizITObsL2C-5T/tshort,8192,0.2735618352089433,0.9860210805885202,0.27744014868897543,64674164736.0,cell,False,False
BizITObsL2C-5T/tmedium,native,0.662688839051648,1.2435997989335994,0.5328794999966315,68413280256.0,cell,True,True
BizITObsL2C-5T/tmedium,32,0.8342819846870024,1.2435997989335994,0.6708605014269128,3936485376.0,cell,False,True
BizITObsL2C-5T/tmedium,48,0.9951057618307041,1.2435997989335994,0.8001816683180701,4053528576.0,cell,False,False
BizITObsL2C-5T/tmedium,64,1.0498001934597314,1.2435997989335994,0.8441624020524502,4170608640.0,cell,False,False
BizITObsL2C-5T/tmedium,96,1.2126645758011134,1.2435997989335994,0.97512445470077,4404879360.0,cell,False,False
BizITObsL2C-5T/tmedium,128,1.0798173268704292,1.2435997989335994,0.8682996956065645,4639297536.0,cell,False,False
BizITObsL2C-5T/tmedium,192,0.9947158356951183,1.2435997989335994,0.7998681220020285,5108576256.0,cell,False,False
BizITObsL2C-5T/tmedium,256,0.9668586759544394,1.2435997989335994,0.7774677004479508,5578444800.0,cell,False,False
BizITObsL2C-5T/tmedium,384,0.9467377432992201,1.2435997989335994,0.7612881122295598,6519951360.0,cell,False,False
BizITObsL2C-5T/tmedium,512,0.944395607083221,1.2435997989335994,0.759404760191382,7463817216.0,cell,False,False
BizITObsL2C-5T/tmedium,768,0.9467930051182418,1.2435997989335994,0.7613325492092612,9358626816.0,cell,False,False
BizITObsL2C-5T/tmedium,1024,1.0063848055700233,1.2435997989335994,0.8092513414950769,11262873600.0,cell,False,False
BizITObsL2C-5T/tmedium,1536,1.0215013263206578,1.2435997989335994,0.8214067959777788,15099678720.0,cell,False,False
BizITObsL2C-5T/tmedium,2048,0.9234176634476069,1.2435997989335994,0.742536034694962,18974232576.0,cell,False,False
BizITObsL2C-5T/tmedium,2560,0.8079255227860814,1.2435997989335994,0.6496668168319797,22886535168.0,cell,False,True
BizITObsL2C-5T/tmedium,3072,0.7342964782517325,1.2435997989335994,0.5904604350060203,26836586496.0,cell,False,True
BizITObsL2C-5T/tmedium,4096,0.6770658226930588,1.2435997989335994,0.5444402799627744,34849935360.0,cell,False,True
BizITObsL2C-5T/tmedium,6144,0.6765269165035233,1.2435997989335994,0.5440069362214859,51329617920.0,cell,False,True
BizITObsL2C-5T/tmedium,8192,0.6626888454829836,1.2435997989335994,0.5328795051681792,68413280256.0,cell,False,False
BizITObsL2C-5T/tlong,native,0.6834796489963566,1.4542830442631411,0.46997704586637973,70502178816.0,cell,True,False
BizITObsL2C-5T/tlong,32,1.2326529561361637,1.4542830442631411,0.8476018207038414,5743374336.0,cell,False,True
BizITObsL2C-5T/tlong,48,1.2470808413795065,1.4542830442631411,0.8575227816201211,5860970496.0,cell,False,False
BizITObsL2C-5T/tlong,64,1.2581041964823945,1.4542830442631411,0.8651027057252483,5978603520.0,cell,False,False
BizITObsL2C-5T/tlong,96,1.2356604886552878,1.4542830442631411,0.8496698724018849,6213980160.0,cell,False,False
BizITObsL2C-5T/tlong,128,1.273880962283114,1.4542830442631411,0.875951189356379,6449504256.0,cell,False,False
BizITObsL2C-5T/tlong,192,1.2073230669650437,1.4542830442631411,0.8301843796692083,6920994816.0,cell,False,True
BizITObsL2C-5T/tlong,256,1.2805158379607409,1.4542830442631411,0.8805134894559367,7393075200.0,cell,False,False
BizITObsL2C-5T/tlong,384,1.3319522569712983,1.4542830442631411,0.9158824083286856,8339005440.0,cell,False,False
BizITObsL2C-5T/tlong,512,1.255343243889346,1.4542830442631411,0.863204208315174,9287294976.0,cell,False,False
BizITObsL2C-5T/tlong,768,1.220618588071401,1.4542830442631411,0.8393266997690028,11190951936.0,cell,False,False
BizITObsL2C-5T/tlong,1024,1.2379889028784894,1.4542830442631411,0.8512709460253357,13104046080.0,cell,False,False
BizITObsL2C-5T/tlong,1536,1.1548509965054825,1.4542830442631411,0.7941033219503872,16958545920.0,cell,False,True
BizITObsL2C-5T/tlong,2048,1.1307704275883295,1.4542830442631411,0.7775449435713323,20850794496.0,cell,False,True
BizITObsL2C-5T/tlong,2560,1.1536621224621928,1.4542830442631411,0.7932858235631376,24780791808.0,cell,False,False
BizITObsL2C-5T/tlong,3072,1.037781545708438,1.4542830442631411,0.7136035517998239,28748537856.0,cell,False,True
BizITObsL2C-5T/tlong,4096,0.930298169217014,1.4542830442631411,0.6396953969083641,36797276160.0,cell,False,True
BizITObsL2C-5T/tlong,6144,0.7337993748522416,1.4542830442631411,0.5045780996670043,53347737600.0,cell,False,True
BizITObsL2C-5T/tlong,8192,0.6834796469506524,1.4542830442631411,0.46997704445970434,70502178816.0,cell,False,True
BizITObsL2C-H/tshort,native,0.4739957245881928,1.214064126760004,0.3904206657132306,19071995904.0,cell,True,False
BizITObsL2C-H/tshort,32,1.0222208429481403,1.214064126760004,0.8419825777046559,704987136.0,cell,False,True
BizITObsL2C-H/tshort,48,1.0095679455424158,1.214064126760004,0.8315606427122337,821035008.0,cell,False,True
BizITObsL2C-H/tshort,64,1.071927792375464,1.214064126760004,0.8829251838913468,937119744.0,cell,False,False
BizITObsL2C-H/tshort,96,1.1354865484823855,1.214064126760004,0.9352772423254775,1169399808.0,cell,False,False
BizITObsL2C-H/tshort,128,1.036259878207433,1.214064126760004,0.8535462463361959,1401827328.0,cell,False,False
BizITObsL2C-H/tshort,192,1.057911586762626,1.214064126760004,0.8713803195766066,1867124736.0,cell,False,False
BizITObsL2C-H/tshort,256,0.9876470003688764,1.214064126760004,0.813504804729408,2333011968.0,cell,False,True
BizITObsL2C-H/tshort,384,0.7392210888354076,1.214064126760004,0.6088814194750823,3266555904.0,cell,False,True
BizITObsL2C-H/tshort,512,0.6204379214331903,1.214064126760004,0.5110421334077012,4202459136.0,cell,False,True
BizITObsL2C-H/tshort,768,0.5782842388937958,1.214064126760004,0.47632099997639654,6081343488.0,cell,False,True
BizITObsL2C-H/tshort,1024,0.544049680162887,1.214064126760004,0.4481226882263647,7969665024.0,cell,False,True
BizITObsL2C-H/tshort,1536,0.483922414249822,1.214064126760004,0.39859707867431593,11774619648.0,cell,False,True
BizITObsL2C-H/tshort,2048,0.4730100731556354,1.214064126760004,0.38960880461723746,15617323008.0,cell,False,True
BizITObsL2C-H/tshort,2560,0.4743681299752267,1.214064126760004,0.39072740847815174,19497775104.0,cell,False,False
BizITObsL2C-H/tmedium,native,0.528844751490058,1.5102861226255864,0.3501619617418437,20070752256.0,cell,True,True
BizITObsL2C-H/tmedium,32,1.3862928745511056,1.5102861226255864,0.9179008227534249,3936485376.0,cell,False,True
BizITObsL2C-H/tmedium,48,1.3647308441752466,1.5102861226255864,0.9036240376775122,4053528576.0,cell,False,True
BizITObsL2C-H/tmedium,64,1.372353115120658,1.5102861226255864,0.9086709429170043,4170608640.0,cell,False,False
BizITObsL2C-H/tmedium,96,1.3716968304395443,1.5102861226255864,0.9082363996398849,4404879360.0,cell,False,False
BizITObsL2C-H/tmedium,128,1.462223204059789,1.5102861226255864,0.9681762827283075,4639297536.0,cell,False,False
BizITObsL2C-H/tmedium,192,1.4374175321409024,1.5102861226255864,0.9517517976275885,5108576256.0,cell,False,False
BizITObsL2C-H/tmedium,256,1.2761440264087713,1.5102861226255864,0.8449683853217388,5578444800.0,cell,False,True
BizITObsL2C-H/tmedium,384,0.8354733305157037,1.5102861226255864,0.5531887752919684,6519951360.0,cell,False,True
BizITObsL2C-H/tmedium,512,0.7183170239263276,1.5102861226255864,0.47561651607945343,7463817216.0,cell,False,True
BizITObsL2C-H/tmedium,768,0.5684861209200245,1.5102861226255864,0.3764095507490519,9358626816.0,cell,False,True
BizITObsL2C-H/tmedium,1024,0.5439360412238157,1.5102861226255864,0.360154299953574,11262873600.0,cell,False,True
BizITObsL2C-H/tmedium,1536,0.5354370250176425,1.5102861226255864,0.3545268787127578,15099678720.0,cell,False,True
BizITObsL2C-H/tmedium,2048,0.5322252176907446,1.5102861226255864,0.35240025695626953,18974232576.0,cell,False,True
BizITObsL2C-H/tlong,native,0.5637450009855167,1.4260541525613812,0.3953180880073568,20118122496.0,cell,True,True
BizITObsL2C-H/tlong,32,1.3731934742933414,1.4260541525613812,0.9629322083084326,5743374336.0,cell,False,True
BizITObsL2C-H/tlong,48,2.25977818570896,1.4260541525613812,1.5846370081038652,5860970496.0,cell,False,False
BizITObsL2C-H/tlong,64,1.3389300954068348,1.4260541525613812,0.9389055057985981,5978603520.0,cell,False,True
BizITObsL2C-H/tlong,96,1.499282537614637,1.4260541525613812,1.0513503536466184,6213980160.0,cell,False,False
BizITObsL2C-H/tlong,128,1.427321757510449,1.4260541525613812,1.0008888897709747,6449504256.0,cell,False,False
BizITObsL2C-H/tlong,192,1.3409269113550546,1.4260541525613812,0.9403057443131266,6920994816.0,cell,False,False
BizITObsL2C-H/tlong,256,1.1517894720332214,1.4260541525613812,0.807675830517695,7393075200.0,cell,False,True
BizITObsL2C-H/tlong,384,0.7924692516776864,1.4260541525613812,0.5557076849110584,8339005440.0,cell,False,True
BizITObsL2C-H/tlong,512,0.678058208010794,1.4260541525613812,0.475478583189083,9287294976.0,cell,False,True
BizITObsL2C-H/tlong,768,0.6181818923312787,1.4260541525613812,0.4334911764892957,11190951936.0,cell,False,True
BizITObsL2C-H/tlong,1024,0.5963787509850856,1.4260541525613812,0.4182020366575216,13104046080.0,cell,False,True
BizITObsL2C-H/tlong,1536,0.574386508950319,1.4260541525613812,0.4027802926828866,16958545920.0,cell,False,True
BitbrainsFS-5T/tshort,native,0.6824653857398694,1.1360241737534569,0.6007489994556928,63732713472.0,cell,True,False
BitbrainsFS-5T/tshort,32,0.9658695525380577,1.1360241737534569,0.8502191897438209,704987136.0,cell,False,True
BitbrainsFS-5T/tshort,48,0.9193125983152568,1.1360241737534569,0.8092368274856523,821035008.0,cell,False,True
BitbrainsFS-5T/tshort,64,0.8601562864711902,1.1360241737534569,0.7571637174138723,937119744.0,cell,False,True
BitbrainsFS-5T/tshort,96,0.8059228084733062,1.1360241737534569,0.7094239956272355,1169399808.0,cell,False,True
BitbrainsFS-5T/tshort,128,0.7906052409813692,1.1360241737534569,0.6959405083513202,1401827328.0,cell,False,True
BitbrainsFS-5T/tshort,192,0.7700588177942591,1.1360241737534569,0.6778542530921349,1867124736.0,cell,False,True
BitbrainsFS-5T/tshort,256,0.7528772008105236,1.1360241737534569,0.6627299120959683,2333011968.0,cell,False,True
BitbrainsFS-5T/tshort,384,0.7253200952820439,1.1360241737534569,0.6384724128585796,3266555904.0,cell,False,True
BitbrainsFS-5T/tshort,512,0.7180800762318017,1.1360241737534569,0.6320992922705546,4202459136.0,cell,False,True
BitbrainsFS-5T/tshort,768,0.6876983077072306,1.1360241737534569,0.6053553468277487,6081343488.0,cell,False,True
BitbrainsFS-5T/tshort,1024,0.677419280445615,1.1360241737534569,0.596307099880984,7969665024.0,cell,False,True
BitbrainsFS-5T/tshort,1536,0.6744841086558665,1.1360241737534569,0.5937233768779333,11774619648.0,cell,False,True
BitbrainsFS-5T/tshort,2048,0.6670754607168443,1.1360241737534569,0.5872018185253995,15617323008.0,cell,False,True
BitbrainsFS-5T/tshort,2560,0.666648510608356,1.1360241737534569,0.5868259901598132,19497775104.0,cell,False,True
BitbrainsFS-5T/tshort,3072,0.6700441172177545,1.1360241737534569,0.5898150168793586,23415975936.0,cell,False,False
BitbrainsFS-5T/tshort,4096,0.6752815426885259,1.1360241737534569,0.5944253285186495,31365623808.0,cell,False,False
BitbrainsFS-5T/tshort,6144,0.6781378425880636,1.1360241737534569,0.5969396235182888,47717904384.0,cell,False,False
BitbrainsFS-5T/tshort,8192,0.680964283712163,1.1360241737534569,0.5994276349439266,64674164736.0,cell,False,False
BitbrainsFS-5T/tmedium,native,1.0032519857115982,1.2202713595882653,0.8221548246859681,66113722368.0,cell,True,False
BitbrainsFS-5T/tmedium,32,1.1297739585029567,1.2202713595882653,0.925838297871841,3936485376.0,cell,False,True
BitbrainsFS-5T/tmedium,48,1.136943792812843,1.2202713595882653,0.9317139043535874,4053528576.0,cell,False,False
BitbrainsFS-5T/tmedium,64,1.1245726595575294,1.2202713595882653,0.9215758861512362,4170608640.0,cell,False,True
BitbrainsFS-5T/tmedium,96,1.1159780166115552,1.2202713595882653,0.9145326634463502,4404879360.0,cell,False,True
BitbrainsFS-5T/tmedium,128,1.1595493613407108,1.2202713595882653,0.9502389384373958,4639297536.0,cell,False,False
BitbrainsFS-5T/tmedium,192,1.0894782417432498,1.2202713595882653,0.8928163667717756,5108576256.0,cell,False,True
BitbrainsFS-5T/tmedium,256,1.0717098693439393,1.2202713595882653,0.8782553658438297,5578444800.0,cell,False,True
BitbrainsFS-5T/tmedium,384,1.040351861517777,1.2202713595882653,0.8525577965451918,6519951360.0,cell,False,True
BitbrainsFS-5T/tmedium,512,1.0229226071755644,1.2202713595882653,0.8382746994248158,7463817216.0,cell,False,True
BitbrainsFS-5T/tmedium,768,0.9911163544061931,1.2202713595882653,0.8122097979424905,9358626816.0,cell,False,True
BitbrainsFS-5T/tmedium,1024,0.9909978659130417,1.2202713595882653,0.812112697824373,11262873600.0,cell,False,True
BitbrainsFS-5T/tmedium,1536,0.9982982920244546,1.2202713595882653,0.818095322962667,15099678720.0,cell,False,False
BitbrainsFS-5T/tmedium,2048,0.9659675226069714,1.2202713595882653,0.7916005854082332,18974232576.0,cell,False,True
BitbrainsFS-5T/tmedium,2560,0.9748367472845884,1.2202713595882653,0.7988688250566746,22886535168.0,cell,False,False
BitbrainsFS-5T/tmedium,3072,0.9826586928478745,1.2202713595882653,0.8052788300951649,26836586496.0,cell,False,False
BitbrainsFS-5T/tmedium,4096,0.9899183453696462,1.2202713595882653,0.8112280416903802,34849935360.0,cell,False,False
BitbrainsFS-5T/tmedium,6144,0.9934581561905524,1.2202713595882653,0.8141288807480965,51329617920.0,cell,False,False
BitbrainsFS-5T/tlong,native,0.905692203070183,1.1366422318753115,0.7968137886060321,65153323008.0,cell,True,False
BitbrainsFS-5T/tlong,32,1.1291677303912997,1.1366422318753115,0.9934240508803901,5743374336.0,cell,False,True
BitbrainsFS-5T/tlong,48,1.0652381173116314,1.1366422318753115,0.9371797804434271,5860970496.0,cell,False,True
BitbrainsFS-5T/tlong,64,1.0342634898344896,1.1366422318753115,0.9099287892269229,5978603520.0,cell,False,True
BitbrainsFS-5T/tlong,96,1.0557778755210052,1.1366422318753115,0.928856808161271,6213980160.0,cell,False,False
BitbrainsFS-5T/tlong,128,1.0528085523836646,1.1366422318753115,0.9262444442581266,6449504256.0,cell,False,False
BitbrainsFS-5T/tlong,192,1.0550264974252435,1.1366422318753115,0.9281957575028575,6920994816.0,cell,False,False
BitbrainsFS-5T/tlong,256,1.0648306931930616,1.1366422318753115,0.9368213350969985,7393075200.0,cell,False,False
BitbrainsFS-5T/tlong,384,0.9994072390516103,1.1366422318753115,0.8792628067344627,8339005440.0,cell,False,True
BitbrainsFS-5T/tlong,512,1.0012238835503253,1.1366422318753115,0.8808610620585832,9287294976.0,cell,False,False
BitbrainsFS-5T/tlong,768,1.1203865281095897,1.1366422318753115,0.9856984869030407,11190951936.0,cell,False,False
BitbrainsFS-5T/tlong,1024,1.235842680690533,1.1366422318753115,1.0872749982653325,13104046080.0,cell,False,False
BitbrainsFS-5T/tlong,1536,1.190793832574572,1.1366422318753115,1.0476417285762094,16958545920.0,cell,False,False
BitbrainsFS-5T/tlong,2048,0.9032095904248642,1.1366422318753115,0.7946296249565583,20850794496.0,cell,False,True
BitbrainsFS-5T/tlong,2560,0.9064477089651846,1.1366422318753115,0.7974784708374455,24780791808.0,cell,False,False
BitbrainsFS-5T/tlong,3072,0.9095110732271624,1.1366422318753115,0.8001735706464009,28748537856.0,cell,False,False
BitbrainsFS-5T/tlong,4096,0.9073146619345526,1.1366422318753115,0.7982412024561164,36797276160.0,cell,False,False
BitbrainsFS-5T/tlong,6144,0.9046876675600649,1.1366422318753115,0.7959300140268836,53347737600.0,cell,False,False
BitbrainsFS-H/tshort,native,0.9660541406423192,1.298512456963805,0.7439698675676604,5316950016.0,cell,True,False
BitbrainsFS-H/tshort,32,1.1906291722950662,1.298512456963805,0.9169177899756213,704987136.0,cell,False,True
BitbrainsFS-H/tshort,48,1.0815238215183685,1.298512456963805,0.8328944522004806,821035008.0,cell,False,True
BitbrainsFS-H/tshort,64,1.0826942249422598,1.298512456963805,0.8337957938992949,937119744.0,cell,False,False
BitbrainsFS-H/tshort,96,1.0100603331170297,1.298512456963805,0.777859563610782,1169399808.0,cell,False,True
BitbrainsFS-H/tshort,128,0.9947694189977535,1.298512456963805,0.766083847453981,1401827328.0,cell,False,True
BitbrainsFS-H/tshort,192,0.9695588209906184,1.298512456963805,0.7466688638918804,1867124736.0,cell,False,True
BitbrainsFS-H/tshort,256,0.9979687489122673,1.298512456963805,0.768547689750877,2333011968.0,cell,False,False
BitbrainsFS-H/tshort,384,0.9722301238812746,1.298512456963805,0.74872606625165,3266555904.0,cell,False,False
BitbrainsFS-H/tshort,512,0.9633983312423211,1.298512456963805,0.741924596930667,4202459136.0,cell,False,True
BitbrainsRnD-5T/tshort,native,1.672365524248291,1.970812637671696,0.8485664706433037,63732713472.0,cell,True,False
BitbrainsRnD-5T/tshort,32,1.996255498136497,1.970812637671696,1.0129098322075198,704987136.0,cell,False,True
BitbrainsRnD-5T/tshort,48,1.9570350335630144,1.970812637671696,0.9930091760904486,821035008.0,cell,False,True
BitbrainsRnD-5T/tshort,64,1.8555931682231994,1.970812637671696,0.9415370760030157,937119744.0,cell,False,True
BitbrainsRnD-5T/tshort,96,1.807609980446122,1.970812637671696,0.9171901711476844,1169399808.0,cell,False,True
BitbrainsRnD-5T/tshort,128,1.8138252183552614,1.970812637671696,0.9203438133510762,1401827328.0,cell,False,False
BitbrainsRnD-5T/tshort,192,1.79894833491087,1.970812637671696,0.9127952097141688,1867124736.0,cell,False,True
BitbrainsRnD-5T/tshort,256,1.7691022528516653,1.970812637671696,0.8976511612700384,2333011968.0,cell,False,True
BitbrainsRnD-5T/tshort,384,1.7224696027021849,1.970812637671696,0.8739895258318915,3266555904.0,cell,False,True
BitbrainsRnD-5T/tshort,512,1.7085526887905853,1.970812637671696,0.8669280154449676,4202459136.0,cell,False,True
BitbrainsRnD-5T/tshort,768,1.6559773762119936,1.970812637671696,0.8402510439390898,6081343488.0,cell,False,True
BitbrainsRnD-5T/tshort,1024,1.6547569055179732,1.970812637671696,0.8396317711220338,7969665024.0,cell,False,True
BitbrainsRnD-5T/tshort,1536,1.664599428734998,1.970812637671696,0.8446259156839709,11774619648.0,cell,False,False
BitbrainsRnD-5T/tshort,2048,1.6405455161662161,1.970812637671696,0.8324208424522511,15617323008.0,cell,False,True
BitbrainsRnD-5T/tshort,2560,1.625366494973673,1.970812637671696,0.8247189326398219,19497775104.0,cell,False,True
BitbrainsRnD-5T/tshort,3072,1.6256199208910023,1.970812637671696,0.8248475221934329,23415975936.0,cell,False,False
BitbrainsRnD-5T/tshort,4096,1.6543488489215048,1.970812637671696,0.8394247212033006,31365623808.0,cell,False,False
BitbrainsRnD-5T/tshort,6144,1.668639682770411,1.970812637671696,0.8466759604006447,47717904384.0,cell,False,False
BitbrainsRnD-5T/tshort,8192,1.673655153249435,1.970812637671696,0.849220834724644,64674164736.0,cell,False,False
BitbrainsRnD-5T/tmedium,native,4.516843853288206,4.542392314855541,0.9943755493148884,66113722368.0,cell,True,False
BitbrainsRnD-5T/tmedium,32,4.641287045373423,4.542392314855541,1.021771507977075,3936485376.0,cell,False,True
BitbrainsRnD-5T/tmedium,48,4.637881283141184,4.542392314855541,1.0210217351709923,4053528576.0,cell,False,True
BitbrainsRnD-5T/tmedium,64,4.6265087385700285,4.542392314855541,1.0185180886819025,4170608640.0,cell,False,True
BitbrainsRnD-5T/tmedium,96,4.609138064829528,4.542392314855541,1.0146939641817596,4404879360.0,cell,False,True
BitbrainsRnD-5T/tmedium,128,4.628789552090743,4.542392314855541,1.0190202059281948,4639297536.0,cell,False,False
BitbrainsRnD-5T/tmedium,192,4.612723174899157,4.542392314855541,1.0154832201114827,5108576256.0,cell,False,False
BitbrainsRnD-5T/tmedium,256,4.598783626108426,4.542392314855541,1.0124144519768716,5578444800.0,cell,False,True
BitbrainsRnD-5T/tmedium,384,4.53318395412829,4.542392314855541,0.9979727949307382,6519951360.0,cell,False,True
BitbrainsRnD-5T/tmedium,512,4.418062777159378,4.542392314855541,0.9726290621597009,7463817216.0,cell,False,True
BitbrainsRnD-5T/tmedium,768,4.400874884405702,4.542392314855541,0.9688451765852507,9358626816.0,cell,False,True
BitbrainsRnD-5T/tmedium,1024,4.408827189719518,4.542392314855541,0.9705958631756203,11262873600.0,cell,False,False
BitbrainsRnD-5T/tmedium,1536,4.399528703100591,4.542392314855541,0.9685488170434496,15099678720.0,cell,False,True
BitbrainsRnD-5T/tmedium,2048,4.384637958701104,4.542392314855541,0.9652706448013058,18974232576.0,cell,False,True
BitbrainsRnD-5T/tmedium,2560,4.371816818943396,4.542392314855541,0.9624480925273029,22886535168.0,cell,False,True
BitbrainsRnD-5T/tmedium,3072,4.368902456037088,4.542392314855541,0.9618065004532815,26836586496.0,cell,False,True
BitbrainsRnD-5T/tmedium,4096,4.535126696859214,4.542392314855541,0.998400486463363,34849935360.0,cell,False,False
BitbrainsRnD-5T/tmedium,6144,4.519982431544126,4.542392314855541,0.9950665020196241,51329617920.0,cell,False,False
BitbrainsRnD-5T/tlong,native,3.65265721628077,3.501257904408163,1.0432414052338137,65153323008.0,cell,True,False
BitbrainsRnD-5T/tlong,32,3.637173384729367,3.501257904408163,1.0388190427646256,5743374336.0,cell,False,True
BitbrainsRnD-5T/tlong,48,3.614227834694632,3.501257904408163,1.0322655266680691,5860970496.0,cell,False,True
BitbrainsRnD-5T/tlong,64,3.583781395451041,3.501257904408163,1.023569669329123,5978603520.0,cell,False,True
BitbrainsRnD-5T/tlong,96,3.578435274785887,3.501257904408163,1.0220427550568487,6213980160.0,cell,False,True
BitbrainsRnD-5T/tlong,128,3.6009309706754764,3.501257904408163,1.0284677875748094,6449504256.0,cell,False,False
BitbrainsRnD-5T/tlong,192,3.553186502717736,3.501257904408163,1.0148314119460307,6920994816.0,cell,False,True
BitbrainsRnD-5T/tlong,256,3.548690499130667,3.501257904408163,1.0135473010036724,7393075200.0,cell,False,True
BitbrainsRnD-5T/tlong,384,3.4592665972004077,3.501257904408163,0.9880067940282585,8339005440.0,cell,False,True
BitbrainsRnD-5T/tlong,512,3.3833059398933063,3.501257904408163,0.9663115463827008,9287294976.0,cell,False,True
BitbrainsRnD-5T/tlong,768,3.3601112461466474,3.501257904408163,0.9596868719428499,11190951936.0,cell,False,True
BitbrainsRnD-5T/tlong,1024,3.3490445251749104,3.501257904408163,0.9565260876550646,13104046080.0,cell,False,True
BitbrainsRnD-5T/tlong,1536,3.334777272118798,3.501257904408163,0.9524511941608866,16958545920.0,cell,False,True
BitbrainsRnD-5T/tlong,2048,3.334942881859528,3.501257904408163,0.9524984942299621,20850794496.0,cell,False,False
BitbrainsRnD-5T/tlong,2560,3.3269129437715446,3.501257904408163,0.9502050504713995,24780791808.0,cell,False,True
BitbrainsRnD-5T/tlong,3072,3.327571554986947,3.501257904408163,0.9503931574984691,28748537856.0,cell,False,False
BitbrainsRnD-5T/tlong,4096,3.642602638481216,3.501257904408163,1.0403697008138408,36797276160.0,cell,False,False
BitbrainsRnD-5T/tlong,6144,3.6564713574287095,3.501257904408163,1.0443307683290424,53347737600.0,cell,False,False
BitbrainsRnD-H/tshort,native,5.735133171134256,6.0373618687533925,0.9499402712328157,5199482880.0,cell,True,False
BitbrainsRnD-H/tshort,32,5.912412791717178,6.0373618687533925,0.9793040271972278,704987136.0,cell,False,True
BitbrainsRnD-H/tshort,48,5.984698470270095,6.0373618687533925,0.9912770843245525,821035008.0,cell,False,False
BitbrainsRnD-H/tshort,64,5.99314944718248,6.0373618687533925,0.992676864078707,937119744.0,cell,False,False
BitbrainsRnD-H/tshort,96,5.939039268645155,6.0373618687533925,0.9837143106135298,1169399808.0,cell,False,False
BitbrainsRnD-H/tshort,128,5.918616853721026,6.0373618687533925,0.9803316386173677,1401827328.0,cell,False,False
BitbrainsRnD-H/tshort,192,5.8793871120730365,6.0373618687533925,0.9738338101782568,1867124736.0,cell,False,True
BitbrainsRnD-H/tshort,256,5.5971635857906215,6.0373618687533925,0.9270876431573475,2333011968.0,cell,False,True
BitbrainsRnD-H/tshort,384,5.828324649390683,6.0373618687533925,0.9653760659196875,3266555904.0,cell,False,False
BitbrainsRnD-H/tshort,512,5.793852094148207,6.0373618687533925,0.9596661952854805,4202459136.0,cell,False,False
Restaurant/tshort,native,0.7037057945398311,1.0060757450046092,0.6994560777693802,2779287095.1970263,cell,True,True
Restaurant/tshort,32,0.7691343163434362,1.0060757450046092,0.7644894732452898,585818112.0,cell,False,True
Restaurant/tshort,48,0.7377620594147307,1.0060757450046092,0.7333066750469676,701829120.0,cell,False,True
Restaurant/tshort,64,0.7286429442976118,1.0060757450046092,0.7242426307516971,817876992.0,cell,False,True
Restaurant/tshort,96,0.7283801829500776,1.0060757450046092,0.7239814562339345,1050083328.0,cell,False,True
Restaurant/tshort,128,0.7151024852492833,1.0060757450046092,0.7107839432566851,1282437120.0,cell,False,True
Restaurant/tshort,192,0.710987946676196,1.0060757450046092,0.7066942526011685,1747587072.0,cell,False,True
Restaurant/tshort,256,0.7077385316599936,1.0060757450046092,0.7034644609753028,2213326848.0,cell,False,True
Restaurant/tshort,384,0.705325184937705,1.0060757450046092,0.7010656885823976,3146575872.0,cell,False,False
ETTm1-15T/tshort,native,0.7230044911487574,0.9341549587802876,0.773966336476738,64674164736.0,cell,True,False
ETTm1-15T/tshort,32,2.100044146822197,0.9341549587802876,2.248068296467851,704987136.0,cell,False,True
ETTm1-15T/tshort,48,2.2890038376380235,0.9341549587802876,2.450347039453435,821035008.0,cell,False,False
ETTm1-15T/tshort,64,2.191258000830204,0.9341549587802876,2.3457114692098804,937119744.0,cell,False,False
ETTm1-15T/tshort,96,1.6685510265701113,0.9341549587802876,1.7861608621643605,1169399808.0,cell,False,True
ETTm1-15T/tshort,128,1.3074028003914124,0.9341549587802876,1.3995566668066173,1401827328.0,cell,False,True
ETTm1-15T/tshort,192,0.8873581465362651,0.9341549587802876,0.9499046578898168,1867124736.0,cell,False,True
ETTm1-15T/tshort,256,0.7947107154866359,0.9341549587802876,0.850726860695872,2333011968.0,cell,False,True
ETTm1-15T/tshort,384,0.7063427123439137,0.9341549587802876,0.7561301320566504,3266555904.0,cell,False,True
ETTm1-15T/tshort,512,0.7103294548186923,0.9341549587802876,0.7603978848928437,4202459136.0,cell,False,False
ETTm1-15T/tshort,768,0.7571062350878784,0.9341549587802876,0.8104717830502349,6081343488.0,cell,False,False
ETTm1-15T/tshort,1024,0.7312087001144045,0.9341549587802876,0.7827488290263245,7969665024.0,cell,False,False
ETTm1-15T/tshort,1536,0.7143761618554704,0.9341549587802876,0.7647298289656577,11774619648.0,cell,False,False
ETTm1-15T/tshort,2048,0.7082046067899732,0.9341549587802876,0.7581232643828874,15617323008.0,cell,False,False
ETTm1-15T/tshort,2560,0.7002093677957083,0.9341549587802876,0.7495644713056615,19497775104.0,cell,False,True
ETTm1-15T/tshort,3072,0.7026705293148247,0.9341549587802876,0.7521991107688292,23415975936.0,cell,False,False
ETTm1-15T/tshort,4096,0.7044020753075019,0.9341549587802876,0.7540527068734177,31365623808.0,cell,False,False
ETTm1-15T/tshort,6144,0.7200922845510284,0.9341549587802876,0.770848859477492,47717904384.0,cell,False,False
ETTm1-15T/tshort,8192,0.7230044945062756,0.9341549587802876,0.7739663400709149,64674164736.0,cell,False,False
ETTm1-15T/tmedium,native,1.0231378928269883,1.188305978388322,0.8610054240530303,68413280256.0,cell,True,False
ETTm1-15T/tmedium,32,2.7220898441089334,1.188305978388322,2.2907314223907673,3936485376.0,cell,False,True
ETTm1-15T/tmedium,48,2.069327094461901,1.188305978388322,1.7414093104778383,4053528576.0,cell,False,True
ETTm1-15T/tmedium,64,2.2415295162183537,1.188305978388322,1.8863235201917437,4170608640.0,cell,False,False
ETTm1-15T/tmedium,96,1.7064633464761698,1.188305978388322,1.43604709351931,4404879360.0,cell,False,True
ETTm1-15T/tmedium,128,1.628081811369234,1.188305978388322,1.3700863590515397,4639297536.0,cell,False,True
ETTm1-15T/tmedium,192,1.3676413550684305,1.188305978388322,1.1509168345036334,5108576256.0,cell,False,True
ETTm1-15T/tmedium,256,1.229908906993947,1.188305978388322,1.0350102830098105,5578444800.0,cell,False,True
ETTm1-15T/tmedium,384,1.1433439208779357,1.188305978388322,0.9621628954763254,6519951360.0,cell,False,True
ETTm1-15T/tmedium,512,1.1159518335861742,1.188305978388322,0.9391115199973322,7463817216.0,cell,False,True
ETTm1-15T/tmedium,768,1.1208797811112674,1.188305978388322,0.9432585558742171,9358626816.0,cell,False,False
ETTm1-15T/tmedium,1024,1.0990990051076892,1.188305978388322,0.924929290180276,11262873600.0,cell,False,True
ETTm1-15T/tmedium,1536,1.0499523286821026,1.188305978388322,0.8835706861511662,15099678720.0,cell,False,True
ETTm1-15T/tmedium,2048,1.039342778293608,1.188305978388322,0.8746423877318616,18974232576.0,cell,False,True
ETTm1-15T/tmedium,2560,1.0336383897512775,1.188305978388322,0.8698419502636708,22886535168.0,cell,False,True
ETTm1-15T/tmedium,3072,1.0275976665796225,1.188305978388322,0.864758475736472,26836586496.0,cell,False,True
ETTm1-15T/tmedium,4096,1.0249524317635383,1.188305978388322,0.8625324204407882,34849935360.0,cell,False,True
ETTm1-15T/tmedium,6144,1.0242990918333286,1.188305978388322,0.8619826126117508,51329617920.0,cell,False,True
ETTm1-15T/tmedium,8192,1.0231378894491476,1.188305978388322,0.8610054212104622,68413280256.0,cell,False,True
ETTm1-15T/tlong,native,1.044685211976817,1.190885705867336,0.8772338158311846,70502178816.0,cell,True,False
ETTm1-15T/tlong,32,2.433949087470788,1.190885705867336,2.0438141758516735,5743374336.0,cell,False,True
ETTm1-15T/tlong,48,2.1440750574666065,1.190885705867336,1.8004037221229818,5860970496.0,cell,False,True
ETTm1-15T/tlong,64,2.204329266569093,1.190885705867336,1.8509998530578162,5978603520.0,cell,False,False
ETTm1-15T/tlong,96,1.725128016576769,1.190885705867336,1.4486092225956628,6213980160.0,cell,False,True
ETTm1-15T/tlong,128,1.6956944024052623,1.190885705867336,1.4238934887292716,6449504256.0,cell,False,True
ETTm1-15T/tlong,192,1.5842314195787328,1.190885705867336,1.3302967797610086,6920994816.0,cell,False,True
ETTm1-15T/tlong,256,1.2815740145629384,1.190885705867336,1.0761519835604652,7393075200.0,cell,False,True
ETTm1-15T/tlong,384,1.241318953378976,1.190885705867336,1.0423493600293983,8339005440.0,cell,False,True
ETTm1-15T/tlong,512,1.1528681898456115,1.190885705867336,0.9680762680797852,9287294976.0,cell,False,True
ETTm1-15T/tlong,768,1.115932012373118,1.190885705867336,0.9370605481912067,11190951936.0,cell,False,True
ETTm1-15T/tlong,1024,1.1062018235488742,1.190885705867336,0.9288900001895769,13104046080.0,cell,False,True
ETTm1-15T/tlong,1536,1.0306490503176173,1.190885705867336,0.8654474944486662,16958545920.0,cell,False,True
ETTm1-15T/tlong,2048,1.0360273305831258,1.190885705867336,0.8699636963301821,20850794496.0,cell,False,False
ETTm1-15T/tlong,2560,1.0482133928897845,1.190885705867336,0.8801964686664522,24780791808.0,cell,False,False
ETTm1-15T/tlong,3072,1.0388150866070205,1.190885705867336,0.8723046061338349,28748537856.0,cell,False,False
ETTm1-15T/tlong,4096,1.0360507853084384,1.190885705867336,0.8699833915244372,36797276160.0,cell,False,False
ETTm1-15T/tlong,6144,1.0402443338500718,1.190885705867336,0.8735047609732199,53347737600.0,cell,False,False
ETTm1-15T/tlong,8192,1.044685215578077,1.190885705867336,0.8772338188552028,70502178816.0,cell,False,False
ETTm1-H/tshort,native,0.8052814732899559,0.9773176243434534,0.8239710952014514,64674164736.0,cell,True,False
ETTm1-H/tshort,32,0.9861039323387842,0.9773176243434534,1.0089902277176608,704987136.0,cell,False,True
ETTm1-H/tshort,48,0.9651410869224413,0.9773176243434534,0.9875408596778431,821035008.0,cell,False,True
ETTm1-H/tshort,64,0.9627097242452548,0.9773176243434534,0.9850530679746905,937119744.0,cell,False,True
ETTm1-H/tshort,96,0.9120279598351476,0.9773176243434534,0.9331950403000597,1169399808.0,cell,False,True
ETTm1-H/tshort,128,0.8877982294254188,0.9773176243434534,0.9084029667651063,1401827328.0,cell,False,True
ETTm1-H/tshort,192,0.9263917857809224,0.9773176243434534,0.9478922335031642,1867124736.0,cell,False,False
ETTm1-H/tshort,256,0.8938626654236914,0.9773176243434534,0.9146081510851443,2333011968.0,cell,False,False
ETTm1-H/tshort,384,0.8456601664199468,0.9773176243434534,0.8652869296080156,3266555904.0,cell,False,True
ETTm1-H/tshort,512,0.8532162249229434,0.9773176243434534,0.8730183552108974,4202459136.0,cell,False,False
ETTm1-H/tshort,768,0.853492694600068,0.9773176243434534,0.8733012414192685,6081343488.0,cell,False,False
ETTm1-H/tshort,1024,0.8545473064345767,0.9773176243434534,0.8743803295358028,7969665024.0,cell,False,False
ETTm1-H/tshort,1536,0.8231191925968839,0.9773176243434534,0.8422228066846155,11774619648.0,cell,False,True
ETTm1-H/tshort,2048,0.8143760392362811,0.9773176243434534,0.8332767351692507,15617323008.0,cell,False,True
ETTm1-H/tshort,2560,0.8135386251749362,0.9773176243434534,0.8324198857269751,19497775104.0,cell,False,True
ETTm1-H/tshort,3072,0.8121911309978858,0.9773176243434534,0.8310411178182763,23415975936.0,cell,False,True
ETTm1-H/tshort,4096,0.8049816015395669,0.9773176243434534,0.8236642637856254,31365623808.0,cell,False,True
ETTm1-H/tshort,6144,0.8050135334410653,0.9773176243434534,0.8236969367884476,47717904384.0,cell,False,False
ETTm1-H/tshort,8192,0.8052814732898141,0.9773176243434534,0.8239710952013063,64674164736.0,cell,False,False
ETTm1-H/tmedium,native,1.276523594041964,1.5678007461285397,0.8142129012211258,68413280256.0,cell,True,False
ETTm1-H/tmedium,32,1.5304059651533062,1.5678007461285397,0.9761482566789341,3936485376.0,cell,False,True
ETTm1-H/tmedium,48,1.6078416177666042,1.5678007461285397,1.0255395156157054,4053528576.0,cell,False,False
ETTm1-H/tmedium,64,1.6445792953646963,1.5678007461285397,1.0489721346451393,4170608640.0,cell,False,False
ETTm1-H/tmedium,96,1.5448466343949045,1.5678007461285397,0.9853590376262309,4404879360.0,cell,False,False
ETTm1-H/tmedium,128,1.397815130693924,1.5678007461285397,0.8915770286151662,4639297536.0,cell,False,True
ETTm1-H/tmedium,192,1.43107838116517,1.5678007461285397,0.9127935324045571,5108576256.0,cell,False,False
ETTm1-H/tmedium,256,1.3428616994693072,1.5678007461285397,0.8565257433288718,5578444800.0,cell,False,True
ETTm1-H/tmedium,384,1.2720357357279313,1.5678007461285397,0.8113503829291075,6519951360.0,cell,False,True
ETTm1-H/tmedium,512,1.2542711032243732,1.5678007461285397,0.8000194580348406,7463817216.0,cell,False,True
ETTm1-H/tmedium,768,1.238251556013583,1.5678007461285397,0.7898016116341752,9358626816.0,cell,False,True
ETTm1-H/tmedium,1024,1.2130520056548544,1.5678007461285397,0.7737284273210823,11262873600.0,cell,False,True
ETTm1-H/tmedium,1536,1.212392270796869,1.5678007461285397,0.7733076245758262,15099678720.0,cell,False,True
ETTm1-H/tmedium,2048,1.2240368611758237,1.5678007461285397,0.7807349653317924,18974232576.0,cell,False,False
ETTm1-H/tmedium,2560,1.236685755631518,1.5678007461285397,0.7888028875386984,22886535168.0,cell,False,False
ETTm1-H/tmedium,3072,1.2290736139297804,1.5678007461285397,0.7839475883429717,26836586496.0,cell,False,False
ETTm1-H/tmedium,4096,1.2346293135228015,1.5678007461285397,0.7874912144107231,34849935360.0,cell,False,False
ETTm1-H/tmedium,6144,1.264689088364569,1.5678007461285397,0.8066644256213924,51329617920.0,cell,False,False
ETTm1-H/tmedium,8192,1.2765235993616015,1.5678007461285397,0.8142129046141829,68413280256.0,cell,False,False
ETTm1-H/tlong,native,1.403099639666803,1.4787012870437326,0.9488729413848859,70502178816.0,cell,True,False
ETTm1-H/tlong,32,1.5337354855788352,1.4787012870437326,1.0372179283384062,5743374336.0,cell,False,True
ETTm1-H/tlong,48,1.6433875246248022,1.4787012870437326,1.1113722149456673,5860970496.0,cell,False,False
ETTm1-H/tlong,64,1.5534076877027454,1.4787012870437326,1.0505216309159833,5978603520.0,cell,False,False
ETTm1-H/tlong,96,1.7608819647414171,1.4787012870437326,1.1908300751274987,6213980160.0,cell,False,False
ETTm1-H/tlong,128,1.5687902860110616,1.4787012870437326,1.0609244069486392,6449504256.0,cell,False,False
ETTm1-H/tlong,192,1.4596532410733407,1.4787012870437326,0.9871183949474519,6920994816.0,cell,False,True
ETTm1-H/tlong,256,1.441222655440076,1.4787012870437326,0.9746543592461564,7393075200.0,cell,False,True
ETTm1-H/tlong,384,1.4312038061051815,1.4787012870437326,0.9678789209458865,8339005440.0,cell,False,True
ETTm1-H/tlong,512,1.4371531752206397,1.4787012870437326,0.971902295489201,9287294976.0,cell,False,False
ETTm1-H/tlong,768,1.385486405887289,1.4787012870437326,0.9369616554924344,11190951936.0,cell,False,True
ETTm1-H/tlong,1024,1.3683671308563674,1.4787012870437326,0.9253844186421527,13104046080.0,cell,False,True
ETTm1-H/tlong,1536,1.3798615950656454,1.4787012870437326,0.9331577696968867,16958545920.0,cell,False,False
ETTm1-H/tlong,2048,1.3531414056951303,1.4787012870437326,0.9150877310726998,20850794496.0,cell,False,True
ETTm1-H/tlong,2560,1.3576369587400086,1.4787012870437326,0.9181279347191482,24780791808.0,cell,False,False
ETTm1-H/tlong,3072,1.3537084080984632,1.4787012870437326,0.915471177282087,28748537856.0,cell,False,False
ETTm1-H/tlong,4096,1.3328284190248774,1.4787012870437326,0.9013506857017153,36797276160.0,cell,False,True
ETTm1-H/tlong,6144,1.3874430201890455,1.4787012870437326,0.9382848533004705,53347737600.0,cell,False,False
ETTm1-H/tlong,8192,1.403099640528027,1.4787012870437326,0.948872941967305,70502178816.0,cell,False,False
ETTm1-D/tshort,native,1.7646841059486114,1.7783697877928102,0.9923043666518961,5255061504.0,cell,True,False
ETTm1-D/tshort,32,1.5795954732241244,1.7783697877928102,0.8882266692039394,585818112.0,cell,False,True
ETTm1-D/tshort,48,1.4623693458681948,1.7783697877928102,0.8223089235468776,701829120.0,cell,False,True
ETTm1-D/tshort,64,1.7517912725786435,1.7783697877928102,0.9850545621070441,817876992.0,cell,False,False
ETTm1-D/tshort,96,1.9343691844745352,1.7783697877928102,1.0877204492297077,1050083328.0,cell,False,False
ETTm1-D/tshort,128,1.8888247005647225,1.7783697877928102,1.0621102053859122,1282437120.0,cell,False,False
ETTm1-D/tshort,192,1.627073957668454,1.7783697877928102,0.9149244262003945,1747587072.0,cell,False,False
ETTm1-D/tshort,256,1.722892434155793,1.7783697877928102,0.9688043768974102,2213326848.0,cell,False,False
ETTm1-D/tshort,384,1.7623964858385,1.7783697877928102,0.9910180087044016,3146575872.0,cell,False,False
ETTm1-D/tshort,512,1.6362141513148016,1.7783697877928102,0.9200640735949286,4082184192.0,cell,False,False
ETTm1-W/tshort,native,1.6783017177237558,1.7689207877683926,0.9487715500483441,930803712.0,cell,True,False
ETTm1-W/tshort,32,1.5806373997286352,1.7689207877683926,0.8935603056158953,466685952.0,cell,False,True
ETTm1-W/tshort,48,1.5461108794064564,1.7689207877683926,0.8740418961082903,582660096.0,cell,False,True
ETTm1-W/tshort,64,1.563454442597062,1.7689207877683926,0.883846497484752,698671104.0,cell,False,False
ETTm2-15T/tshort,native,0.7525654504708219,1.067314800011479,0.7051016724051125,64674164736.0,cell,True,False
ETTm2-15T/tshort,32,1.2621006780595385,1.067314800011479,1.1825008685778222,704987136.0,cell,False,True
ETTm2-15T/tshort,48,1.3161600525512005,1.067314800011479,1.23315075602535,821035008.0,cell,False,False
ETTm2-15T/tshort,64,1.273457475079981,1.067314800011479,1.193141400331266,937119744.0,cell,False,False
ETTm2-15T/tshort,96,1.1415877112854977,1.067314800011479,1.0695885705634551,1169399808.0,cell,False,True
ETTm2-15T/tshort,128,1.0201831073592622,1.067314800011479,0.9558408703301876,1401827328.0,cell,False,True
ETTm2-15T/tshort,192,0.9348205111140673,1.067314800011479,0.8758620334919119,1867124736.0,cell,False,True
ETTm2-15T/tshort,256,0.8754274072589513,1.067314800011479,0.8202148112717411,2333011968.0,cell,False,True
ETTm2-15T/tshort,384,0.8135655741688347,1.067314800011479,0.7622545608475445,3266555904.0,cell,False,True
ETTm2-15T/tshort,512,0.8082456093432356,1.067314800011479,0.7572701224929542,4202459136.0,cell,False,True
ETTm2-15T/tshort,768,0.8216521967689642,1.067314800011479,0.7698311658004998,6081343488.0,cell,False,False
ETTm2-15T/tshort,1024,0.8095831770046519,1.067314800011479,0.7585233306948848,7969665024.0,cell,False,False
ETTm2-15T/tshort,1536,0.7729869048617204,1.067314800011479,0.724235159911028,11774619648.0,cell,False,True
ETTm2-15T/tshort,2048,0.7716955972412973,1.067314800011479,0.7230252941615705,15617323008.0,cell,False,True
ETTm2-15T/tshort,2560,0.7703968906994836,1.067314800011479,0.7218084961355338,19497775104.0,cell,False,True
ETTm2-15T/tshort,3072,0.7621741132704152,1.067314800011479,0.7141043235437361,23415975936.0,cell,False,True
ETTm2-15T/tshort,4096,0.7566720881269459,1.067314800011479,0.7089493072885412,31365623808.0,cell,False,True
ETTm2-15T/tshort,6144,0.749430700771035,1.067314800011479,0.702164629182482,47717904384.0,cell,False,True
ETTm2-15T/tshort,8192,0.7525654508242807,1.067314800011479,0.7051016727362789,64674164736.0,cell,False,False
ETTm2-15T/tmedium,native,0.9011511383397248,1.0512391501712754,0.857227528286882,68413280256.0,cell,True,False
ETTm2-15T/tmedium,32,1.145522619146372,1.0512391501712754,1.0896879353853357,3936485376.0,cell,False,True
ETTm2-15T/tmedium,48,1.2088482534739293,1.0512391501712754,1.1499269726369827,4053528576.0,cell,False,False
ETTm2-15T/tmedium,64,1.310023530324957,1.0512391501712754,1.2461707976833991,4170608640.0,cell,False,False
ETTm2-15T/tmedium,96,1.1248154725688544,1.0512391501712754,1.0699900896818686,4404879360.0,cell,False,True
ETTm2-15T/tmedium,128,1.147303210593668,1.0512391501712754,1.0913817378345747,4639297536.0,cell,False,False
ETTm2-15T/tmedium,192,1.081976160916449,1.0512391501712754,1.029238837556769,5108576256.0,cell,False,True
ETTm2-15T/tmedium,256,1.0374752668823262,1.0512391501712754,0.9869069913475856,5578444800.0,cell,False,True
ETTm2-15T/tmedium,384,1.0396240742518303,1.0512391501712754,0.9889510622606162,6519951360.0,cell,False,False
ETTm2-15T/tmedium,512,1.0284604886836122,1.0512391501712754,0.9783316084794292,7463817216.0,cell,False,True
ETTm2-15T/tmedium,768,1.00147675094929,1.0512391501712754,0.952663103144629,9358626816.0,cell,False,True
ETTm2-15T/tmedium,1024,0.9710687642188399,1.0512391501712754,0.9237372524231298,11262873600.0,cell,False,True
ETTm2-15T/tmedium,1536,0.9030512205017366,1.0512391501712754,0.8590349972740313,15099678720.0,cell,False,True
ETTm2-15T/tmedium,2048,0.8998085942547396,1.0512391501712754,0.855950422040633,18974232576.0,cell,False,True
ETTm2-15T/tmedium,2560,0.887903864674843,1.0512391501712754,0.8446259488434951,22886535168.0,cell,False,True
ETTm2-15T/tmedium,3072,0.8911025393259465,1.0512391501712754,0.8476687147551171,26836586496.0,cell,False,False
ETTm2-15T/tmedium,4096,0.9007501744323303,1.0512391501712754,0.8568461080293419,34849935360.0,cell,False,False
ETTm2-15T/tmedium,6144,0.8945008025709765,1.0512391501712754,0.8509013409795839,51329617920.0,cell,False,False
ETTm2-15T/tmedium,8192,0.9011511330803853,1.0512391501712754,0.8572275232838915,68413280256.0,cell,False,False
ETTm2-15T/tlong,native,0.9357798940910524,1.0126577751121104,0.9240830585510027,70502178816.0,cell,True,False
ETTm2-15T/tlong,32,1.119089021675982,1.0126577751121104,1.1051009029699974,5743374336.0,cell,False,True
ETTm2-15T/tlong,48,1.2594271879838317,1.0126577751121104,1.2436849041566898,5860970496.0,cell,False,False
ETTm2-15T/tlong,64,1.3993712711171045,1.0126577751121104,1.381879748034504,5978603520.0,cell,False,False
ETTm2-15T/tlong,96,1.1397463172852287,1.0126577751121104,1.1254999915040877,6213980160.0,cell,False,False
ETTm2-15T/tlong,128,1.090657111496012,1.0126577751121104,1.077024379114915,6449504256.0,cell,False,True
ETTm2-15T/tlong,192,1.126766830411097,1.0126577751121104,1.112682742485588,6920994816.0,cell,False,False
ETTm2-15T/tlong,256,1.0608889908264623,1.0126577751121104,1.047628346811451,7393075200.0,cell,False,True
ETTm2-15T/tlong,384,1.0964567008469626,1.0126577751121104,1.082751476159431,8339005440.0,cell,False,False
ETTm2-15T/tlong,512,1.0308943643277708,1.0126577751121104,1.0180086399017096,9287294976.0,cell,False,True
ETTm2-15T/tlong,768,0.9952572956092989,1.0126577751121104,0.9828170188088615,11190951936.0,cell,False,True
ETTm2-15T/tlong,1024,0.9784254450720068,1.0126577751121104,0.9661955589722167,13104046080.0,cell,False,True
ETTm2-15T/tlong,1536,0.9142026768479252,1.0126577751121104,0.9027755469973207,16958545920.0,cell,False,True
ETTm2-15T/tlong,2048,0.9159628010461202,1.0126577751121104,0.9045136704201128,20850794496.0,cell,False,False
ETTm2-15T/tlong,2560,0.9006550420143855,1.0126577751121104,0.8893972516180748,24780791808.0,cell,False,True
ETTm2-15T/tlong,3072,0.9016381115411514,1.0126577751121104,0.8903680332097701,28748537856.0,cell,False,False
ETTm2-15T/tlong,4096,0.9035321014244356,1.0126577751121104,0.8922383490556881,36797276160.0,cell,False,False
ETTm2-15T/tlong,6144,0.9250167835414226,1.0126577751121104,0.9134544821314534,53347737600.0,cell,False,False
ETTm2-15T/tlong,8192,0.935779899951281,1.0126577751121104,0.9240830643379809,70502178816.0,cell,False,False
ETTm2-H/tshort,native,0.745270826224183,0.9231678277377344,0.8072972257390117,64674164736.0,cell,True,False
ETTm2-H/tshort,32,0.8740862363283323,0.9231678277377344,0.9468335118115209,704987136.0,cell,False,True
ETTm2-H/tshort,48,0.8817128080232717,0.9231678277377344,0.9550948175739072,821035008.0,cell,False,False
ETTm2-H/tshort,64,0.867463758352687,0.9231678277377344,0.9396598671321196,937119744.0,cell,False,True
ETTm2-H/tshort,96,0.837382261567793,0.9231678277377344,0.907074787928688,1169399808.0,cell,False,True
ETTm2-H/tshort,128,0.8111739216125131,0.9231678277377344,0.8786852154502962,1401827328.0,cell,False,True
ETTm2-H/tshort,192,0.8210999860837073,0.9231678277377344,0.8894373930857739,1867124736.0,cell,False,False
ETTm2-H/tshort,256,0.8094387224011208,0.9231678277377344,0.8768056014091045,2333011968.0,cell,False,True
ETTm2-H/tshort,384,0.7572268417704402,0.9231678277377344,0.8202483004916449,3266555904.0,cell,False,True
ETTm2-H/tshort,512,0.7513255745823997,0.9231678277377344,0.8138558905627786,4202459136.0,cell,False,True
ETTm2-H/tshort,768,0.7480807079656654,0.9231678277377344,0.810340964544737,6081343488.0,cell,False,True
ETTm2-H/tshort,1024,0.752096449240931,0.9231678277377344,0.8146909225421971,7969665024.0,cell,False,False
ETTm2-H/tshort,1536,0.7426132210138908,0.9231678277377344,0.8044184369311255,11774619648.0,cell,False,True
ETTm2-H/tshort,2048,0.7463180796585962,0.9231678277377344,0.8084316385759275,15617323008.0,cell,False,False
ETTm2-H/tshort,2560,0.7431060499816001,0.9231678277377344,0.8049522824063485,19497775104.0,cell,False,False
ETTm2-H/tshort,3072,0.7433880494770164,0.9231678277377344,0.8052577517770776,23415975936.0,cell,False,False
ETTm2-H/tshort,4096,0.7389934969410114,0.9231678277377344,0.8004974553239677,31365623808.0,cell,False,True
ETTm2-H/tshort,6144,0.7412360796050718,0.9231678277377344,0.8029266806464704,47717904384.0,cell,False,False
ETTm2-H/tshort,8192,0.7452708288989794,0.9231678277377344,0.8072972286364226,64674164736.0,cell,False,False
ETTm2-H/tmedium,native,1.1100707841028672,1.2384249730532626,0.896356911606889,68413280256.0,cell,True,False
ETTm2-H/tmedium,32,1.1643903256817585,1.2384249730532626,0.9402187060319237,3936485376.0,cell,False,True
ETTm2-H/tmedium,48,1.24978517588234,1.2384249730532626,1.009173105417173,4053528576.0,cell,False,False
ETTm2-H/tmedium,64,1.4418148115130518,1.2384249730532626,1.1642326688215465,4170608640.0,cell,False,False
ETTm2-H/tmedium,96,1.3114685597166327,1.2384249730532626,1.0589810349861448,4404879360.0,cell,False,False
ETTm2-H/tmedium,128,1.3249111926878159,1.2384249730532626,1.069835655381954,4639297536.0,cell,False,False
ETTm2-H/tmedium,192,1.1560002024316764,1.2384249730532626,0.9334438723256906,5108576256.0,cell,False,True
ETTm2-H/tmedium,256,1.0930233821270012,1.2384249730532626,0.8825915222237626,5578444800.0,cell,False,True
ETTm2-H/tmedium,384,1.0318094045713628,1.2384249730532626,0.8331626275490057,6519951360.0,cell,False,True
ETTm2-H/tmedium,512,1.0317878102327795,1.2384249730532626,0.833145190611724,7463817216.0,cell,False,True
ETTm2-H/tmedium,768,1.0982917499513722,1.2384249730532626,0.8868456094224261,9358626816.0,cell,False,False
ETTm2-H/tmedium,1024,1.1066126443759892,1.2384249730532626,0.8935645424265807,11262873600.0,cell,False,False
ETTm2-H/tmedium,1536,1.0724191307034088,1.2384249730532626,0.8659540578057172,15099678720.0,cell,False,False
ETTm2-H/tmedium,2048,1.0850316614931168,1.2384249730532626,0.8761383895691608,18974232576.0,cell,False,False
ETTm2-H/tmedium,2560,1.1262097543745329,1.2384249730532626,0.9093887630495129,22886535168.0,cell,False,False
ETTm2-H/tmedium,3072,1.1067310922838516,1.2384249730532626,0.8936601864182958,26836586496.0,cell,False,False
ETTm2-H/tmedium,4096,1.1019900951470871,1.2384249730532626,0.8898319390557803,34849935360.0,cell,False,False
ETTm2-H/tmedium,6144,1.1033354298650546,1.2384249730532626,0.8909182662433294,51329617920.0,cell,False,False
ETTm2-H/tmedium,8192,1.110070767497597,1.2384249730532626,0.8963568981985109,68413280256.0,cell,False,False
ETTm2-H/tlong,native,1.1768308117772643,1.1284016697207502,1.0429183537706914,70502178816.0,cell,True,False
ETTm2-H/tlong,32,1.104051211169891,1.1284016697207502,0.9784203983348543,5743374336.0,cell,False,True
ETTm2-H/tlong,48,1.242550073967374,1.1284016697207502,1.1011593719768888,5860970496.0,cell,False,False
ETTm2-H/tlong,64,1.2976744975345258,1.1284016697207502,1.150011146168958,5978603520.0,cell,False,False
ETTm2-H/tlong,96,1.3744861444960015,1.1284016697207502,1.2180823383894415,6213980160.0,cell,False,False
ETTm2-H/tlong,128,1.2451368442738626,1.1284016697207502,1.1034517917560343,6449504256.0,cell,False,False
ETTm2-H/tlong,192,1.2757998184080912,1.1284016697207502,1.1306256031363533,6920994816.0,cell,False,False
ETTm2-H/tlong,256,1.2012502987646567,1.1284016697207502,1.0645591290749639,7393075200.0,cell,False,False
ETTm2-H/tlong,384,1.2103290291515112,1.1284016697207502,1.0726047839427921,8339005440.0,cell,False,False
ETTm2-H/tlong,512,1.1334248352628613,1.1284016697207502,1.0044515757791763,9287294976.0,cell,False,False
ETTm2-H/tlong,768,1.1636685936152151,1.1284016697207502,1.0312538742548942,11190951936.0,cell,False,False
ETTm2-H/tlong,1024,1.1405950180349682,1.1284016697207502,1.0108058580923898,13104046080.0,cell,False,False
ETTm2-H/tlong,1536,1.1329140620224483,1.1284016697207502,1.003998923807703,16958545920.0,cell,False,False
ETTm2-H/tlong,2048,1.1302064457254544,1.1284016697207502,1.0015994091936702,20850794496.0,cell,False,False
ETTm2-H/tlong,2560,1.1341381524296306,1.1284016697207502,1.0050837240521808,24780791808.0,cell,False,False
ETTm2-H/tlong,3072,1.1331056268319313,1.1284016697207502,1.004168690314279,28748537856.0,cell,False,False
ETTm2-H/tlong,4096,1.1060442541854962,1.1284016697207502,0.9801866514954849,36797276160.0,cell,False,False
ETTm2-H/tlong,6144,1.1067058421340707,1.1284016697207502,0.9807729568567117,53347737600.0,cell,False,False
ETTm2-H/tlong,8192,1.1768308028897143,1.1284016697207502,1.0429183458944624,70502178816.0,cell,False,False
ETTm2-D/tshort,native,1.4418655131027915,1.3901143157307532,1.037228015557004,5255061504.0,cell,True,False
ETTm2-D/tshort,32,1.5331694358026215,1.3901143157307532,1.1029088891848922,585818112.0,cell,False,True
ETTm2-D/tshort,48,1.609199283879574,1.3901143157307532,1.1576021235589193,701829120.0,cell,False,False
ETTm2-D/tshort,64,1.4950664249357053,1.3901143157307532,1.075498905390224,817876992.0,cell,False,True
ETTm2-D/tshort,96,1.4289455832269957,1.3901143157307532,1.0279338663423734,1050083328.0,cell,False,True
ETTm2-D/tshort,128,1.4089610002357287,1.3901143157307532,1.0135576508289308,1282437120.0,cell,False,True
ETTm2-D/tshort,192,1.3925995243835463,1.3901143157307532,1.001787772864915,1747587072.0,cell,False,True
ETTm2-D/tshort,256,1.4049382129373857,1.3901143157307532,1.010663797242344,2213326848.0,cell,False,False
ETTm2-D/tshort,384,1.3423701043853833,1.3901143157307532,0.9656544711430644,3146575872.0,cell,False,True
ETTm2-D/tshort,512,1.3733034438119187,1.3901143157307532,0.9879068421002504,4082184192.0,cell,False,False
ETTm2-W/tshort,native,0.8999293477557041,0.7785209533197451,1.1559474975185358,930803712.0,cell,True,False
ETTm2-W/tshort,32,1.0794459137311587,0.7785209533197451,1.3865341827066036,466685952.0,cell,False,True
ETTm2-W/tshort,48,0.7825631201385915,0.7785209533197451,1.0051921105033974,582660096.0,cell,False,True
ETTm2-W/tshort,64,0.8618784439818971,0.7785209533197451,1.1070716084219718,698671104.0,cell,False,False
LoopSeattle-5T/tshort,native,0.594466318053554,0.7623397118337274,0.7797918812646245,64674164736.0,cell,True,False
LoopSeattle-5T/tshort,32,0.8270430271935009,0.7623397118337274,1.0848746488676768,704987136.0,cell,False,True
LoopSeattle-5T/tshort,48,0.8546923474645484,0.7623397118337274,1.1211436767588514,821035008.0,cell,False,False
LoopSeattle-5T/tshort,64,0.8804775150436891,0.7623397118337274,1.1549674001972083,937119744.0,cell,False,False
LoopSeattle-5T/tshort,96,0.8920761860204265,0.7623397118337274,1.170181970285441,1169399808.0,cell,False,False
LoopSeattle-5T/tshort,128,0.8923767523148598,0.7623397118337274,1.1705762384703036,1401827328.0,cell,False,False
LoopSeattle-5T/tshort,192,0.8514309586521136,0.7623397118337274,1.1168655462065418,1867124736.0,cell,False,False
LoopSeattle-5T/tshort,256,0.8025426183645588,0.7623397118337274,1.052736209208002,2333011968.0,cell,False,True
LoopSeattle-5T/tshort,384,0.6543630482260753,0.7623397118337274,0.8583614864455563,3266555904.0,cell,False,True
LoopSeattle-5T/tshort,512,0.6231057242876532,0.7623397118337274,0.817359655564628,4202459136.0,cell,False,True
LoopSeattle-5T/tshort,768,0.617541253712085,0.7623397118337274,0.8100604548419168,6081343488.0,cell,False,True
LoopSeattle-5T/tshort,1024,0.6196477510229347,0.7623397118337274,0.8128236551293355,7969665024.0,cell,False,False
LoopSeattle-5T/tshort,1536,0.6172819180889372,0.7623397118337274,0.8097202710378696,11774619648.0,cell,False,True
LoopSeattle-5T/tshort,2048,0.6068326410244191,0.7623397118337274,0.7960134197453095,15617323008.0,cell,False,True
LoopSeattle-5T/tshort,2560,0.5865072560508232,0.7623397118337274,0.7693515724637277,19497775104.0,cell,False,True
LoopSeattle-5T/tshort,3072,0.5889882984701533,0.7623397118337274,0.7726060827310234,23415975936.0,cell,False,False
LoopSeattle-5T/tshort,4096,0.587881984813796,0.7623397118337274,0.7711548745108768,31365623808.0,cell,False,False
LoopSeattle-5T/tshort,6144,0.5921887279409174,0.7623397118337274,0.7768042497962885,47717904384.0,cell,False,False
LoopSeattle-5T/tshort,8192,0.5944663183725379,0.7623397118337274,0.779791881683052,64674164736.0,cell,False,False
LoopSeattle-5T/tmedium,native,0.8842769426777496,1.1532851467900649,0.7667461469862462,68413280256.0,cell,True,False
LoopSeattle-5T/tmedium,32,1.7915088452100205,1.1532851467900649,1.5533962699479151,3936485376.0,cell,False,True
LoopSeattle-5T/tmedium,48,1.8379567678821078,1.1532851467900649,1.5936707179466305,4053528576.0,cell,False,False
LoopSeattle-5T/tmedium,64,1.947024316000827,1.1532851467900649,1.6882419074068316,4170608640.0,cell,False,False
LoopSeattle-5T/tmedium,96,1.9911518266411186,1.1532851467900649,1.7265043533969768,4404879360.0,cell,False,False
LoopSeattle-5T/tmedium,128,1.8823975897121956,1.1532851467900649,1.6322048323881282,4639297536.0,cell,False,False
LoopSeattle-5T/tmedium,192,1.897881739856749,1.1532851467900649,1.6456309570439864,5108576256.0,cell,False,False
LoopSeattle-5T/tmedium,256,1.6422680047537683,1.1532851467900649,1.4239912907269185,5578444800.0,cell,False,True
LoopSeattle-5T/tmedium,384,1.19910156387459,1.1532851467900649,1.0397268769237564,6519951360.0,cell,False,True
LoopSeattle-5T/tmedium,512,1.1487111961171654,1.1532851467900649,0.9960339811141848,7463817216.0,cell,False,True
LoopSeattle-5T/tmedium,768,1.1432683578448322,1.1532851467900649,0.9913145600000898,9358626816.0,cell,False,True
LoopSeattle-5T/tmedium,1024,1.1388457314920362,1.1532851467900649,0.9874797526542175,11262873600.0,cell,False,True
LoopSeattle-5T/tmedium,1536,1.0934653096712883,1.1532851467900649,0.9481309221008586,15099678720.0,cell,False,True
LoopSeattle-5T/tmedium,2048,1.0351409167313026,1.1532851467900649,0.8975585262780911,18974232576.0,cell,False,True
LoopSeattle-5T/tmedium,2560,0.9744569209330425,1.1532851467900649,0.8449401465415951,22886535168.0,cell,False,True
LoopSeattle-5T/tmedium,3072,0.9665654394635975,1.1532851467900649,0.8380975356821652,26836586496.0,cell,False,True
LoopSeattle-5T/tmedium,4096,0.933979412097608,1.1532851467900649,0.8098425742299293,34849935360.0,cell,False,True
LoopSeattle-5T/tmedium,6144,0.8884414701664748,1.1532851467900649,0.770357159839673,51329617920.0,cell,False,True
LoopSeattle-5T/tmedium,8192,0.8842769423446842,1.1532851467900649,0.7667461466974491,68413280256.0,cell,False,True
LoopSeattle-5T/tlong,native,0.9560351324937272,1.2506857542807588,0.7644087487376247,70502178816.0,cell,True,False
LoopSeattle-5T/tlong,32,1.4476755358756763,1.2506857542807588,1.1575054172646284,5743374336.0,cell,False,True
LoopSeattle-5T/tlong,48,1.7309440161738183,1.2506857542807588,1.3839959480223274,5860970496.0,cell,False,False
LoopSeattle-5T/tlong,64,1.9941951462848804,1.2506857542807588,1.5944813790828674,5978603520.0,cell,False,False
LoopSeattle-5T/tlong,96,2.153886860212525,1.2506857542807588,1.7221647027163727,6213980160.0,cell,False,False
LoopSeattle-5T/tlong,128,1.963939419301396,1.2506857542807588,1.5702900689316743,6449504256.0,cell,False,False
LoopSeattle-5T/tlong,192,1.8320555269822867,1.2506857542807588,1.4648408049037551,6920994816.0,cell,False,False
LoopSeattle-5T/tlong,256,1.5270185169629968,1.2506857542807588,1.2209449989627097,7393075200.0,cell,False,False
LoopSeattle-5T/tlong,384,1.2340689590708096,1.2506857542807588,0.9867138526579723,8339005440.0,cell,False,True
LoopSeattle-5T/tlong,512,1.241091485412652,1.2506857542807588,0.9923287933557505,9287294976.0,cell,False,False
LoopSeattle-5T/tlong,768,1.1924938517805463,1.2506857542807588,0.953472003418095,11190951936.0,cell,False,True
LoopSeattle-5T/tlong,1024,1.1875969390994296,1.2506857542807588,0.9495566212652593,13104046080.0,cell,False,True
LoopSeattle-5T/tlong,1536,1.1079487545582325,1.2506857542807588,0.8858730106791605,16958545920.0,cell,False,True
LoopSeattle-5T/tlong,2048,1.1048879739659065,1.2506857542807588,0.8834257287925237,20850794496.0,cell,False,True
LoopSeattle-5T/tlong,2560,1.0484458331012612,1.2506857542807588,0.8382967739999555,24780791808.0,cell,False,True
LoopSeattle-5T/tlong,3072,1.0499736244957654,1.2506857542807588,0.8395183369619346,28748537856.0,cell,False,False
LoopSeattle-5T/tlong,4096,1.0133507486129705,1.2506857542807588,0.8102361005908519,36797276160.0,cell,False,True
LoopSeattle-5T/tlong,6144,0.9628653104543753,1.2506857542807588,0.7698698951025451,53347737600.0,cell,False,True
LoopSeattle-5T/tlong,8192,0.9560351317314097,1.2506857542807588,0.7644087481281051,70502178816.0,cell,False,True
LoopSeattle-H/tshort,native,0.8546820997586796,1.2928412613913995,0.6610881979732313,64079296188.63158,cell,True,False
LoopSeattle-H/tshort,32,1.2763793831848789,1.2928412613913995,0.9872668991173721,704987136.0,cell,False,True
LoopSeattle-H/tshort,48,1.3120899448141956,1.2928412613913995,1.0148886673079107,821035008.0,cell,False,False
LoopSeattle-H/tshort,64,1.3527574524421906,1.2928412613913995,1.0463445844745913,937119744.0,cell,False,False
LoopSeattle-H/tshort,96,1.2573410945567882,1.2928412613913995,0.9725409701138369,1169399808.0,cell,False,True
LoopSeattle-H/tshort,128,1.1627145320159897,1.2928412613913995,0.8993482546841343,1401827328.0,cell,False,True
LoopSeattle-H/tshort,192,1.0301033544758256,1.2928412613913995,0.7967748131485172,1867124736.0,cell,False,True
LoopSeattle-H/tshort,256,1.0325575960448998,1.2928412613913995,0.7986731448636056,2333011968.0,cell,False,False
LoopSeattle-H/tshort,384,0.9203202351948956,1.2928412613913995,0.7118586501520038,3266555904.0,cell,False,True
LoopSeattle-H/tshort,512,0.9040787631065593,1.2928412613913995,0.6992960312339963,4202459136.0,cell,False,True
LoopSeattle-H/tshort,768,0.8650781166021243,1.2928412613913995,0.6691294147520461,6081343488.0,cell,False,True
LoopSeattle-H/tshort,1024,0.8560963563106397,1.2928412613913995,0.6621821115063112,7969665024.0,cell,False,True
LoopSeattle-H/tshort,1536,0.8522385424002085,1.2928412613913995,0.6591981303899602,11774619648.0,cell,False,True
LoopSeattle-H/tshort,2048,0.8522785984851511,1.2928412613913995,0.6592291133776934,15617323008.0,cell,False,False
LoopSeattle-H/tshort,2560,0.8513142751157019,1.2928412613913995,0.6584832187359867,19497775104.0,cell,False,True
LoopSeattle-H/tshort,3072,0.8511983226988507,1.2928412613913995,0.6583935306819975,23415975936.0,cell,False,True
LoopSeattle-H/tshort,4096,0.8515020461290865,1.2928412613913995,0.6586284577680257,31365623808.0,cell,False,False
LoopSeattle-H/tshort,6144,0.853784105775412,1.2928412613913995,0.6603936084593561,47717904384.0,cell,False,False
LoopSeattle-H/tshort,8192,0.8550471373256789,1.2928412613913995,0.6613705509409935,64674164736.0,cell,False,False
LoopSeattle-H/tmedium,native,0.9157743423368454,1.4805126192799751,0.6185522030755931,66788683776.0,cell,True,False
LoopSeattle-H/tmedium,32,1.773907189857934,1.4805126192799751,1.1981709353620011,3936485376.0,cell,False,True
LoopSeattle-H/tmedium,48,2.6911292090699916,1.4805126192799751,1.8177009598059228,4053528576.0,cell,False,False
LoopSeattle-H/tmedium,64,2.457260101466139,1.4805126192799751,1.6597360059390713,4170608640.0,cell,False,False
LoopSeattle-H/tmedium,96,2.2161848056488,1.4805126192799751,1.4969036918622198,4404879360.0,cell,False,False
LoopSeattle-H/tmedium,128,1.8030834156149276,1.4805126192799751,1.2178777756665322,4639297536.0,cell,False,False
LoopSeattle-H/tmedium,192,1.3433098959813485,1.4805126192799751,0.9073275556642313,5108576256.0,cell,False,True
LoopSeattle-H/tmedium,256,1.1353984283513239,1.4805126192799751,0.7668954749629272,5578444800.0,cell,False,True
LoopSeattle-H/tmedium,384,1.0147413298800176,1.4805126192799751,0.6853986360302161,6519951360.0,cell,False,True
LoopSeattle-H/tmedium,512,1.0197361470888253,1.4805126192799751,0.6887723439903933,7463817216.0,cell,False,False
LoopSeattle-H/tmedium,768,0.9351844977891415,1.4805126192799751,0.6316626319902321,9358626816.0,cell,False,True
LoopSeattle-H/tmedium,1024,0.9247925257378025,1.4805126192799751,0.6246434604438301,11262873600.0,cell,False,True
LoopSeattle-H/tmedium,1536,0.9203155887001597,1.4805126192799751,0.6216195503606996,15099678720.0,cell,False,True
LoopSeattle-H/tmedium,2048,0.9144523644691341,1.4805126192799751,0.617659284061938,18974232576.0,cell,False,True
LoopSeattle-H/tmedium,2560,0.914453389378308,1.4805126192799751,0.6176599763283602,22886535168.0,cell,False,False
LoopSeattle-H/tmedium,3072,0.9132992015588748,1.4805126192799751,0.6168803897146409,26836586496.0,cell,False,True
LoopSeattle-H/tmedium,4096,0.9133311847371937,1.4805126192799751,0.6169019924878306,34849935360.0,cell,False,False
LoopSeattle-H/tmedium,6144,0.9135732826317201,1.4805126192799751,0.6170655155077454,51329617920.0,cell,False,False
LoopSeattle-H/tmedium,8192,0.9157778943009034,1.4805126192799751,0.6185546022203297,68413280256.0,cell,False,False
LoopSeattle-H/tlong,native,0.8859355689127725,1.5460268753677606,0.5730402123197443,66233880576.0,cell,True,False
LoopSeattle-H/tlong,32,1.7555498797048468,1.5460268753677606,1.1355235201116707,5743374336.0,cell,False,True
LoopSeattle-H/tlong,48,2.1411639309240558,1.5460268753677606,1.3849461254771054,5860970496.0,cell,False,False
LoopSeattle-H/tlong,64,3.4169893155333346,1.5460268753677606,2.210174590089528,5978603520.0,cell,False,False
LoopSeattle-H/tlong,96,2.8844438980882074,1.5460268753677606,1.8657139432987355,6213980160.0,cell,False,False
LoopSeattle-H/tlong,128,2.2304955130258537,1.5460268753677606,1.44272751564896,6449504256.0,cell,False,False
LoopSeattle-H/tlong,192,1.6651974516382495,1.5460268753677606,1.0770818270815254,6920994816.0,cell,False,True
LoopSeattle-H/tlong,256,1.1277614987155506,1.5460268753677606,0.7294578876239035,7393075200.0,cell,False,True
LoopSeattle-H/tlong,384,0.9873228488416788,1.5460268753677606,0.6386194603549953,8339005440.0,cell,False,True
LoopSeattle-H/tlong,512,0.9790184236976999,1.5460268753677606,0.6332479980109118,9287294976.0,cell,False,True
LoopSeattle-H/tlong,768,0.8904108823931195,1.5460268753677606,0.5759349313907065,11190951936.0,cell,False,True
LoopSeattle-H/tlong,1024,0.885002757414452,1.5460268753677606,0.5724368518522243,13104046080.0,cell,False,True
LoopSeattle-H/tlong,1536,0.8849621165474091,1.5460268753677606,0.5724105645556122,16958545920.0,cell,False,True
LoopSeattle-H/tlong,2048,0.8873747915965183,1.5460268753677606,0.5739711293087543,20850794496.0,cell,False,False
LoopSeattle-H/tlong,2560,0.886742048175804,1.5460268753677606,0.5735618586610084,24780791808.0,cell,False,False
LoopSeattle-H/tlong,3072,0.8866036366077277,1.5460268753677606,0.573472331389341,28748537856.0,cell,False,False
LoopSeattle-H/tlong,4096,0.8827536580418504,1.5460268753677606,0.5709820910014036,36797276160.0,cell,False,True
LoopSeattle-H/tlong,6144,0.8848445113167744,1.5460268753677606,0.5723344952242776,53347737600.0,cell,False,False
LoopSeattle-D/tshort,native,0.8859974357876432,1.7323957056549062,0.5114290187256642,2737993728.0,cell,True,True
LoopSeattle-D/tshort,32,1.0079303243625222,1.7323957056549062,0.5818129894183092,585818112.0,cell,False,True
LoopSeattle-D/tshort,48,0.9349759693818985,1.7323957056549062,0.5397011585343574,701829120.0,cell,False,True
LoopSeattle-D/tshort,64,0.9137338806795949,1.7323957056549062,0.5274394745363165,817876992.0,cell,False,True
LoopSeattle-D/tshort,96,0.9008548093759218,1.7323957056549062,0.5200052196131294,1050083328.0,cell,False,True
LoopSeattle-D/tshort,128,0.8942173017054665,1.7323957056549062,0.5161738157088199,1282437120.0,cell,False,True
LoopSeattle-D/tshort,192,0.889378852054736,1.7323957056549062,0.5133808916471077,1747587072.0,cell,False,True
LoopSeattle-D/tshort,256,0.8896927517760819,1.7323957056549062,0.5135620856551055,2213326848.0,cell,False,False
SZTaxi-15T/tshort,native,0.5474129757208207,0.7644167735543712,0.7161184770651615,21208006656.0,cell,True,False
SZTaxi-15T/tshort,32,0.657361921935038,0.7644167735543712,0.8599522468331621,704987136.0,cell,False,True
SZTaxi-15T/tshort,48,0.655913292436776,0.7644167735543712,0.8580571687182141,821035008.0,cell,False,True
SZTaxi-15T/tshort,64,0.6434116251211993,0.7644167735543712,0.8417026514599826,937119744.0,cell,False,True
SZTaxi-15T/tshort,96,0.6244943704799036,0.7644167735543712,0.8169553469845267,1169399808.0,cell,False,True
SZTaxi-15T/tshort,128,0.6015524040740148,0.7644167735543712,0.7869429673513407,1401827328.0,cell,False,True
SZTaxi-15T/tshort,192,0.5801480246653679,0.7644167735543712,0.7589420388668424,1867124736.0,cell,False,True
SZTaxi-15T/tshort,256,0.5701791522768198,0.7644167735543712,0.7459008907217082,2333011968.0,cell,False,True
SZTaxi-15T/tshort,384,0.5599237226888614,0.7644167735543712,0.7324848722056925,3266555904.0,cell,False,True
SZTaxi-15T/tshort,512,0.5541720483397111,0.7644167735543712,0.7249606072390746,4202459136.0,cell,False,True
SZTaxi-15T/tshort,768,0.5481579521814443,0.7644167735543712,0.71709304550269,6081343488.0,cell,False,True
SZTaxi-15T/tshort,1024,0.5453089904999916,0.7644167735543712,0.7133660711870878,7969665024.0,cell,False,True
SZTaxi-15T/tshort,1536,0.5447365015622807,0.7644167735543712,0.7126171486653476,11774619648.0,cell,False,True
SZTaxi-15T/tshort,2048,0.5468270532266332,0.7644167735543712,0.7153519809409815,15617323008.0,cell,False,False
SZTaxi-15T/tshort,2560,0.5472010330058534,0.7644167735543712,0.7158412163844705,19497775104.0,cell,False,False
SZTaxi-15T/tmedium,native,0.5388971527425392,0.7134840540400068,0.7553037095799228,22395432960.0,cell,True,False
SZTaxi-15T/tmedium,32,0.6492510324064291,0.7134840540400068,0.9099727299161531,3936485376.0,cell,False,True
SZTaxi-15T/tmedium,48,0.6374476102727238,0.7134840540400068,0.8934293719155503,4053528576.0,cell,False,True
SZTaxi-15T/tmedium,64,0.6505948588394134,0.7134840540400068,0.9118562007875413,4170608640.0,cell,False,False
SZTaxi-15T/tmedium,96,0.6198048016998381,0.7134840540400068,0.868701687431243,4404879360.0,cell,False,True
SZTaxi-15T/tmedium,128,0.5806940485469965,0.7134840540400068,0.8138851110391256,4639297536.0,cell,False,True
SZTaxi-15T/tmedium,192,0.5725575108960684,0.7134840540400068,0.8024811593952789,5108576256.0,cell,False,True
SZTaxi-15T/tmedium,256,0.5666725190068381,0.7134840540400068,0.7942329135432414,5578444800.0,cell,False,True
SZTaxi-15T/tmedium,384,0.554088345503047,0.7134840540400068,0.7765952754873732,6519951360.0,cell,False,True
SZTaxi-15T/tmedium,512,0.542525129270083,0.7134840540400068,0.7603885835963788,7463817216.0,cell,False,True
SZTaxi-15T/tmedium,768,0.535273414981085,0.7134840540400068,0.7502247765036539,9358626816.0,cell,False,True
SZTaxi-15T/tmedium,1024,0.5345152539041723,0.7134840540400068,0.7491621583938031,11262873600.0,cell,False,True
SZTaxi-15T/tmedium,1536,0.5334500696913224,0.7134840540400068,0.7476692249402542,15099678720.0,cell,False,True
SZTaxi-15T/tmedium,2048,0.5380034485449032,0.7134840540400068,0.7540511178890846,18974232576.0,cell,False,False
SZTaxi-15T/tlong,native,0.5100931181941971,0.6909431344941248,0.7382562945178732,22442803200.0,cell,True,False
SZTaxi-15T/tlong,32,0.616768634022498,0.6909431344941248,0.8926474600171926,5743374336.0,cell,False,True
SZTaxi-15T/tlong,48,0.641676232820574,0.6909431344941248,0.9286961557124065,5860970496.0,cell,False,False
SZTaxi-15T/tlong,64,0.5839405749337783,0.6909431344941248,0.8451355050532652,5978603520.0,cell,False,True
SZTaxi-15T/tlong,96,0.5626944063855953,0.6909431344941248,0.8143859867680326,6213980160.0,cell,False,True
SZTaxi-15T/tlong,128,0.5452528044492523,0.6909431344941248,0.7891428067354053,6449504256.0,cell,False,True
SZTaxi-15T/tlong,192,0.5328232229243222,0.6909431344941248,0.7711535093469444,6920994816.0,cell,False,True
SZTaxi-15T/tlong,256,0.5249976303872561,0.6909431344941248,0.7598275519035789,7393075200.0,cell,False,True
SZTaxi-15T/tlong,384,0.5154547971152945,0.6909431344941248,0.7460162369117187,8339005440.0,cell,False,True
SZTaxi-15T/tlong,512,0.5099148110699494,0.6909431344941248,0.737998231132703,9287294976.0,cell,False,True
SZTaxi-15T/tlong,768,0.5053332331502054,0.6909431344941248,0.7313673266616738,11190951936.0,cell,False,True
SZTaxi-15T/tlong,1024,0.504205110402163,0.6909431344941248,0.7297345978715276,13104046080.0,cell,False,True
SZTaxi-15T/tlong,1536,0.5129262456626427,0.6909431344941248,0.7423566717081319,16958545920.0,cell,False,False
SZTaxi-15T/tlong,2048,0.5098515558434052,0.6909431344941248,0.7379066820262914,20850794496.0,cell,False,False
SZTaxi-H/tshort,native,0.5650281959667691,0.7381672994945998,0.7654473401268607,5434454016.0,cell,True,False
SZTaxi-H/tshort,32,0.6358340555867161,0.7381672994945998,0.8613684946787157,704987136.0,cell,False,True
SZTaxi-H/tshort,48,0.6205942932651397,0.7381672994945998,0.8407230904024621,821035008.0,cell,False,True
SZTaxi-H/tshort,64,0.6137002325153801,0.7381672994945998,0.8313836618549231,937119744.0,cell,False,True
SZTaxi-H/tshort,96,0.5937515363294542,0.7381672994945998,0.8043590345115226,1169399808.0,cell,False,True
SZTaxi-H/tshort,128,0.578884521679045,0.7381672994945998,0.7842185939087105,1401827328.0,cell,False,True
SZTaxi-H/tshort,192,0.5663794663996656,0.7381672994945998,0.7672779148946967,1867124736.0,cell,False,True
SZTaxi-H/tshort,256,0.5615027275498109,0.7381672994945998,0.7606713653317538,2333011968.0,cell,False,True
SZTaxi-H/tshort,384,0.5586341261217865,0.7381672994945998,0.7567852524817422,3266555904.0,cell,False,True
SZTaxi-H/tshort,512,0.5638642012868298,0.7381672994945998,0.7638704690290264,4202459136.0,cell,False,False
MDense-H/tshort,native,0.8089382283726785,1.4875444172240992,0.5438077808004113,64674164736.0,cell,True,False
MDense-H/tshort,32,1.416795895296156,1.4875444172240992,0.952439388626817,704987136.0,cell,False,True
MDense-H/tshort,48,1.3719170499166555,1.4875444172240992,0.9222696371492453,821035008.0,cell,False,True
MDense-H/tshort,64,1.2459605821593727,1.4875444172240992,0.837595548564832,937119744.0,cell,False,True
MDense-H/tshort,96,1.1058905407079138,1.4875444172240992,0.7434336265209558,1169399808.0,cell,False,True
MDense-H/tshort,128,1.091431990519933,1.4875444172240992,0.7337138830157757,1401827328.0,cell,False,True
MDense-H/tshort,192,0.9205722472991185,1.4875444172240992,0.6188536198582861,1867124736.0,cell,False,True
MDense-H/tshort,256,0.9194881001130708,1.4875444172240992,0.6181248031765827,2333011968.0,cell,False,True
MDense-H/tshort,384,0.8294923366036606,1.4875444172240992,0.5576252560925696,3266555904.0,cell,False,True
MDense-H/tshort,512,0.8205540417381396,1.4875444172240992,0.5516164977912876,4202459136.0,cell,False,True
MDense-H/tshort,768,0.8161570223001662,1.4875444172240992,0.5486606066010409,6081343488.0,cell,False,True
MDense-H/tshort,1024,0.8073518449851773,1.4875444172240992,0.5427413364178889,7969665024.0,cell,False,True
MDense-H/tshort,1536,0.8046075180465667,1.4875444172240992,0.540896465833297,11774619648.0,cell,False,True
MDense-H/tshort,2048,0.8052364079748657,1.4875444172240992,0.5413192363543095,15617323008.0,cell,False,False
MDense-H/tshort,2560,0.8074109731101021,1.4875444172240992,0.5427810852309262,19497775104.0,cell,False,False
MDense-H/tshort,3072,0.8065497265842916,1.4875444172240992,0.5422021132581647,23415975936.0,cell,False,False
MDense-H/tshort,4096,0.8058790435762476,1.4875444172240992,0.5417512473880244,31365623808.0,cell,False,False
MDense-H/tshort,6144,0.8072439564765558,1.4875444172240992,0.5426688084937662,47717904384.0,cell,False,False
MDense-H/tshort,8192,0.8089382287225426,1.4875444172240992,0.543807781035607,64674164736.0,cell,False,False
MDense-H/tmedium,native,0.7334221584252633,1.569946511898904,0.4671637873434071,68413280256.0,cell,True,False
MDense-H/tmedium,32,1.4172308136427962,1.569946511898904,0.9027255405845688,3936485376.0,cell,False,True
MDense-H/tmedium,48,1.1228123469438482,1.569946511898904,0.7151914657180061,4053528576.0,cell,False,True
MDense-H/tmedium,64,1.0513299450354763,1.569946511898904,0.6696597222053488,4170608640.0,cell,False,True
MDense-H/tmedium,96,1.0502486186892703,1.569946511898904,0.6689709558441954,4404879360.0,cell,False,True
MDense-H/tmedium,128,0.9452598366975737,1.569946511898904,0.6020968418562551,4639297536.0,cell,False,True
MDense-H/tmedium,192,0.8638620269404019,1.569946511898904,0.5502493367723281,5108576256.0,cell,False,True
MDense-H/tmedium,256,0.8044139681149798,1.569946511898904,0.5123830410897334,5578444800.0,cell,False,True
MDense-H/tmedium,384,0.7390668184251572,1.569946511898904,0.4707592346768748,6519951360.0,cell,False,True
MDense-H/tmedium,512,0.7199741466911398,1.569946511898904,0.4585978829433536,7463817216.0,cell,False,True
MDense-H/tmedium,768,0.7004072993553496,1.569946511898904,0.44613449824362683,9358626816.0,cell,False,True
MDense-H/tmedium,1024,0.6983803525135186,1.569946511898904,0.4448434053137286,11262873600.0,cell,False,True
MDense-H/tmedium,1536,0.7079650329197037,1.569946511898904,0.45094850528595126,15099678720.0,cell,False,False
MDense-H/tmedium,2048,0.7224188563201902,1.569946511898904,0.4601550758862478,18974232576.0,cell,False,False
MDense-H/tmedium,2560,0.7236388096259537,1.569946511898904,0.46093214268216554,22886535168.0,cell,False,False
MDense-H/tmedium,3072,0.7246586305182428,1.569946511898904,0.461581732260256,26836586496.0,cell,False,False
MDense-H/tmedium,4096,0.7169121018547399,1.569946511898904,0.45664746946544704,34849935360.0,cell,False,False
MDense-H/tmedium,6144,0.7258818990918278,1.569946511898904,0.4623609107636723,51329617920.0,cell,False,False
MDense-H/tmedium,8192,0.733422161479054,1.569946511898904,0.467163789288563,68413280256.0,cell,False,False
MDense-H/tlong,native,0.7659297848351319,1.4779178744488215,0.5182492194437933,70502178816.0,cell,True,False
MDense-H/tlong,32,1.4985944310400054,1.4779178744488215,1.0139903285213971,5743374336.0,cell,False,True
MDense-H/tlong,48,1.2527544881912034,1.4779178744488215,0.8476482420637945,5860970496.0,cell,False,True
MDense-H/tlong,64,1.1716276501003418,1.4779178744488215,0.7927555856493661,5978603520.0,cell,False,True
MDense-H/tlong,96,1.0355920068394626,1.4779178744488215,0.7007101170798675,6213980160.0,cell,False,True
MDense-H/tlong,128,0.9520650967512562,1.4779178744488215,0.6441935057496492,6449504256.0,cell,False,True
MDense-H/tlong,192,0.8732790830823448,1.4779178744488215,0.590884715707243,6920994816.0,cell,False,True
MDense-H/tlong,256,0.7789598728319648,1.4779178744488215,0.5270657363978848,7393075200.0,cell,False,True
MDense-H/tlong,384,0.7481503172941262,1.4779178744488215,0.5062191412856031,8339005440.0,cell,False,True
MDense-H/tlong,512,0.723767447972442,1.4779178744488215,0.4897210193376717,9287294976.0,cell,False,True
MDense-H/tlong,768,0.7087407054720364,1.4779178744488215,0.4795535108717431,11190951936.0,cell,False,True
MDense-H/tlong,1024,0.7030300621787031,1.4779178744488215,0.47568953209994363,13104046080.0,cell,False,True
MDense-H/tlong,1536,0.7070784280503918,1.4779178744488215,0.47842876811682883,16958545920.0,cell,False,False
MDense-H/tlong,2048,0.7254594348561323,1.4779178744488215,0.49086586433409707,20850794496.0,cell,False,False
MDense-H/tlong,2560,0.7349382501573016,1.4779178744488215,0.4972794922257716,24780791808.0,cell,False,False
MDense-H/tlong,3072,0.7397592399154971,1.4779178744488215,0.5005415068759385,28748537856.0,cell,False,False
MDense-H/tlong,4096,0.737132029194926,1.4779178744488215,0.49876386363473274,36797276160.0,cell,False,False
MDense-H/tlong,6144,0.7552905796626509,1.4779178744488215,0.5110504397575751,53347737600.0,cell,False,False
MDense-H/tlong,8192,0.765929788281557,1.4779178744488215,0.5182492217757396,70502178816.0,cell,False,False
MDense-D/tshort,native,0.6375264823338532,1.6693368812171987,0.3819040299816536,5255061504.0,cell,True,True
MDense-D/tshort,32,0.7569377402983322,1.6693368812171987,0.4534361810459793,585818112.0,cell,False,True
MDense-D/tshort,48,0.7533177796208592,1.6693368812171987,0.4512676788591508,701829120.0,cell,False,True
MDense-D/tshort,64,0.733193466590642,1.6693368812171987,0.4392124051413956,817876992.0,cell,False,True
MDense-D/tshort,96,0.7513582139322033,1.6693368812171987,0.4500938201187705,1050083328.0,cell,False,False
MDense-D/tshort,128,0.7837779845309423,1.6693368812171987,0.4695145679399653,1282437120.0,cell,False,False
MDense-D/tshort,192,0.7371312960450088,1.6693368812171987,0.44157132352310385,1747587072.0,cell,False,False
MDense-D/tshort,256,0.7178419360509933,1.6693368812171987,0.4300162202895668,2213326848.0,cell,False,True
MDense-D/tshort,384,0.6763698217809899,1.6693368812171987,0.4051727541584142,3146575872.0,cell,False,True
MDense-D/tshort,512,0.6417854105171653,1.6693368812171987,0.38445529942955964,4082184192.0,cell,False,True
Solar-10T/tshort,native,0.9171303294094356,1.1057028063509833,0.829454645625916,64674164736.0,cell,True,False
Solar-10T/tshort,32,2.0590908453361605,1.1057028063509833,1.8622461962735972,704987136.0,cell,False,True
Solar-10T/tshort,48,2.836887126088249,1.1057028063509833,2.5656868281364713,821035008.0,cell,False,False
Solar-10T/tshort,64,2.189259067586456,1.1057028063509833,1.97997061688882,937119744.0,cell,False,False
Solar-10T/tshort,96,1.629645139972891,1.1057028063509833,1.4738545752190058,1169399808.0,cell,False,True
Solar-10T/tshort,128,0.8813146943909536,1.1057028063509833,0.7970629081601497,1401827328.0,cell,False,True
Solar-10T/tshort,192,0.8580527080915217,1.1057028063509833,0.7760247176393166,1867124736.0,cell,False,True
Solar-10T/tshort,256,0.9009251699316208,1.1057028063509833,0.8147986644845686,2333011968.0,cell,False,False
Solar-10T/tshort,384,0.9050883571255988,1.1057028063509833,0.8185638599512576,3266555904.0,cell,False,False
Solar-10T/tshort,512,0.8919915095206681,1.1057028063509833,0.8067190427637598,4202459136.0,cell,False,False
Solar-10T/tshort,768,0.81599948344047,1.1057028063509833,0.7379916906726628,6081343488.0,cell,False,True
Solar-10T/tshort,1024,0.8411474714629593,1.1057028063509833,0.7607355852147072,7969665024.0,cell,False,False
Solar-10T/tshort,1536,0.844446907151923,1.1057028063509833,0.7637196019595434,11774619648.0,cell,False,False
Solar-10T/tshort,2048,0.86808310348659,1.1057028063509833,0.785096228842377,15617323008.0,cell,False,False
Solar-10T/tshort,2560,0.8720453290899136,1.1057028063509833,0.788679674213561,19497775104.0,cell,False,False
Solar-10T/tshort,3072,0.878452555970739,1.1057028063509833,0.7944743840072084,23415975936.0,cell,False,False
Solar-10T/tshort,4096,0.893750848279657,1.1057028063509833,0.8083101925274065,31365623808.0,cell,False,False
Solar-10T/tshort,6144,0.9078671785323712,1.1057028063509833,0.8210770320177581,47717904384.0,cell,False,False
Solar-10T/tshort,8192,0.9171303294961058,1.1057028063509833,0.8294546457043007,64674164736.0,cell,False,False
Solar-10T/tmedium,native,0.7967069389114051,0.9270005404761702,0.8594460349528626,68413280256.0,cell,True,False
Solar-10T/tmedium,32,2.5106337228465114,0.9270005404761702,2.7083411640265926,3936485376.0,cell,False,True
Solar-10T/tmedium,48,2.4006218718238337,0.9270005404761702,2.5896660972718655,4053528576.0,cell,False,True
Solar-10T/tmedium,64,1.4631405163079574,0.9270005404761702,1.5783599387724083,4170608640.0,cell,False,True
Solar-10T/tmedium,96,1.3136106184313256,0.9270005404761702,1.4170548571164439,4404879360.0,cell,False,True
Solar-10T/tmedium,128,0.9367237002436759,0.9270005404761702,1.0104888393727487,4639297536.0,cell,False,True
Solar-10T/tmedium,192,0.8918865446938697,0.9270005404761702,0.9621208464837965,5108576256.0,cell,False,True
Solar-10T/tmedium,256,0.8635567805338347,0.9270005404761702,0.9315601694150615,5578444800.0,cell,False,True
Solar-10T/tmedium,384,0.8531659368041691,0.9270005404761702,0.9203510672884023,6519951360.0,cell,False,True
Solar-10T/tmedium,512,0.8549673864339739,0.9270005404761702,0.9222943775143915,7463817216.0,cell,False,False
Solar-10T/tmedium,768,0.8447568410916109,0.9270005404761702,0.9112797719165154,9358626816.0,cell,False,True
Solar-10T/tmedium,1024,0.8180491256262812,0.9270005404761702,0.882468876669776,11262873600.0,cell,False,True
Solar-10T/tmedium,1536,0.7988406528047165,0.9270005404761702,0.8617477745960945,15099678720.0,cell,False,True
Solar-10T/tmedium,2048,0.7964062221836287,0.9270005404761702,0.8591216373774071,18974232576.0,cell,False,True
Solar-10T/tmedium,2560,0.8039020067139462,0.9270005404761702,0.8672077001174214,22886535168.0,cell,False,False
Solar-10T/tmedium,3072,0.7926873464337382,0.9270005404761702,0.8551099075158687,26836586496.0,cell,False,True
Solar-10T/tmedium,4096,0.7934959019509852,0.9270005404761702,0.8559821351812719,34849935360.0,cell,False,False
Solar-10T/tmedium,6144,0.7965829201652025,0.9270005404761702,0.8593122499756296,51329617920.0,cell,False,False
Solar-10T/tmedium,8192,0.7967069388623605,0.9270005404761702,0.8594460348999559,68413280256.0,cell,False,False
Solar-10T/tlong,native,0.7641752076398968,0.8709317964102903,0.8774225614331559,70502178816.0,cell,True,False
Solar-10T/tlong,32,2.0178572872970855,0.8709317964102903,2.316894727708949,5743374336.0,cell,False,True
Solar-10T/tlong,48,2.0173704109658908,0.8709317964102903,2.316335698479334,5860970496.0,cell,False,True
Solar-10T/tlong,64,1.5475069344589423,0.8709317964102903,1.7768405526555398,5978603520.0,cell,False,True
Solar-10T/tlong,96,1.0202551199107937,0.8709317964102903,1.1714523733270132,6213980160.0,cell,False,True
Solar-10T/tlong,128,0.8521822414648872,0.8709317964102903,0.9784718447268972,6449504256.0,cell,False,True
Solar-10T/tlong,192,0.8314235553453111,0.8709317964102903,0.9546368140102132,6920994816.0,cell,False,True
Solar-10T/tlong,256,0.8268917752770759,0.8709317964102903,0.949433444369888,7393075200.0,cell,False,True
Solar-10T/tlong,384,0.8005142285174919,0.8709317964102903,0.9191468629540939,8339005440.0,cell,False,True
Solar-10T/tlong,512,0.7941722340360299,0.8709317964102903,0.911865013206959,9287294976.0,cell,False,True
Solar-10T/tlong,768,0.78267488456363,0.8709317964102903,0.898663807877462,11190951936.0,cell,False,True
Solar-10T/tlong,1024,0.7777599788989021,0.8709317964102903,0.893020535137868,13104046080.0,cell,False,True
Solar-10T/tlong,1536,0.7673381598661446,0.8709317964102903,0.8810542490570141,16958545920.0,cell,False,True
Solar-10T/tlong,2048,0.7545053937306762,0.8709317964102903,0.8663197242775066,20850794496.0,cell,False,True
Solar-10T/tlong,2560,0.754102043072478,0.8709317964102903,0.8658565988526906,24780791808.0,cell,False,True
Solar-10T/tlong,3072,0.7549029830276326,0.8709317964102903,0.8667762345330686,28748537856.0,cell,False,False
Solar-10T/tlong,4096,0.758463232086778,0.8709317964102903,0.8708640966065625,36797276160.0,cell,False,False
Solar-10T/tlong,6144,0.7654385176060452,0.8709317964102903,0.8788730882957132,53347737600.0,cell,False,False
Solar-10T/tlong,8192,0.7641752070889198,0.8709317964102903,0.8774225608005267,70502178816.0,cell,False,False
Solar-H/tshort,native,0.9079022604469176,0.9519362458316396,0.9537427158829817,64079296188.63158,cell,True,False
Solar-H/tshort,32,0.9891809660404465,0.9519362458316396,1.0391252254254368,704987136.0,cell,False,True
Solar-H/tshort,48,0.9269037887950837,0.9519362458316396,0.9737036412405047,821035008.0,cell,False,True
Solar-H/tshort,64,0.8806306669704215,0.9519362458316396,0.9250941655247894,937119744.0,cell,False,True
Solar-H/tshort,96,0.8996136513948972,0.9519362458316396,0.945035610666309,1169399808.0,cell,False,False
Solar-H/tshort,128,0.8991512487644062,0.9519362458316396,0.9445498610874735,1401827328.0,cell,False,False
Solar-H/tshort,192,0.8824190428843095,0.9519362458316396,0.9269728374649735,1867124736.0,cell,False,False
Solar-H/tshort,256,0.8800019410024661,0.9519362458316396,0.9244336948570231,2333011968.0,cell,False,True
Solar-H/tshort,384,0.868575220289158,0.9519362458316396,0.9124300330956986,3266555904.0,cell,False,True
Solar-H/tshort,512,0.8765927574271798,0.9519362458316396,0.9208523798370157,4202459136.0,cell,False,False
Solar-H/tshort,768,0.885792383586715,0.9519362458316396,0.9305164998868812,6081343488.0,cell,False,False
Solar-H/tshort,1024,0.8861604103322402,0.9519362458316396,0.930903108493431,7969665024.0,cell,False,False
Solar-H/tshort,1536,0.8874727433941904,0.9519362458316396,0.932281701931486,11774619648.0,cell,False,False
Solar-H/tshort,2048,0.8881829958804229,0.9519362458316396,0.9330278154336692,15617323008.0,cell,False,False
Solar-H/tshort,2560,0.8896733554038081,0.9519362458316396,0.9345934239814172,19497775104.0,cell,False,False
Solar-H/tshort,3072,0.8922140325573922,0.9519362458316396,0.937262381240592,23415975936.0,cell,False,False
Solar-H/tshort,4096,0.898160797222285,0.9519362458316396,0.9435094011339228,31365623808.0,cell,False,False
Solar-H/tshort,6144,0.9046162919998442,0.9519362458316396,0.9502908371868377,47717904384.0,cell,False,False
Solar-H/tshort,8192,0.9065432204487813,0.9519362458316396,0.9523150572513377,64674164736.0,cell,False,False
Solar-H/tmedium,native,0.8992929885909542,0.9349685908749716,0.9618429938372249,66788683776.0,cell,True,False
Solar-H/tmedium,32,0.9721342837251576,0.9349685908749716,1.039750739450408,3936485376.0,cell,False,True
Solar-H/tmedium,48,1.056061280496469,0.9349685908749716,1.1295152487509503,4053528576.0,cell,False,False
Solar-H/tmedium,64,0.9215950618290968,0.9349685908749716,0.9856962798789214,4170608640.0,cell,False,True
Solar-H/tmedium,96,0.8320893816363523,0.9349685908749716,0.8899650638078206,4404879360.0,cell,False,True
Solar-H/tmedium,128,0.8455033652247194,0.9349685908749716,0.9043120522727635,4639297536.0,cell,False,False
Solar-H/tmedium,192,0.8779502367604737,0.9349685908749716,0.9390157544638601,5108576256.0,cell,False,False
Solar-H/tmedium,256,0.9046065811418269,0.9349685908749716,0.9675261714356297,5578444800.0,cell,False,False
Solar-H/tmedium,384,0.9089847195371356,0.9349685908749716,0.9722088296960654,6519951360.0,cell,False,False
Solar-H/tmedium,512,0.9171028491974819,0.9349685908749716,0.980891612989084,7463817216.0,cell,False,False
Solar-H/tmedium,768,0.9008381981162322,0.9349685908749716,0.963495679863642,9358626816.0,cell,False,False
Solar-H/tmedium,1024,0.8964153878408649,0.9349685908749716,0.9587652425863553,11262873600.0,cell,False,False
Solar-H/tmedium,1536,0.9003836818928413,0.9349685908749716,0.9630095499253459,15099678720.0,cell,False,False
Solar-H/tmedium,2048,0.8980970156732722,0.9349685908749716,0.9605638354469277,18974232576.0,cell,False,False
Solar-H/tmedium,2560,0.895058950780435,0.9349685908749716,0.9573144590267059,22886535168.0,cell,False,False
Solar-H/tmedium,3072,0.895143718287393,0.9349685908749716,0.9574051225075815,26836586496.0,cell,False,False
Solar-H/tmedium,4096,0.8958506510449034,0.9349685908749716,0.958161225722609,34849935360.0,cell,False,False
Solar-H/tmedium,6144,0.8990294049897484,0.9349685908749716,0.9615610767720119,51329617920.0,cell,False,False
Solar-H/tmedium,8192,0.896842299599476,0.9349685908749716,0.9592218480411028,68413280256.0,cell,False,False
Solar-H/tlong,native,0.9050518739989676,1.071196647792778,0.8448979707543383,66233880576.0,cell,True,True
Solar-H/tlong,32,1.0893994080574099,1.071196647792778,1.016992921236394,5743374336.0,cell,False,True
Solar-H/tlong,48,1.108983358235382,1.071196647792778,1.0352752321625207,5860970496.0,cell,False,False
Solar-H/tlong,64,1.058333803035853,1.071196647792778,0.9879920789675462,5978603520.0,cell,False,True
Solar-H/tlong,96,1.0199895314661962,1.071196647792778,0.9521963437506129,6213980160.0,cell,False,True
Solar-H/tlong,128,0.9748114510461808,1.071196647792778,0.9100210059981043,6449504256.0,cell,False,True
Solar-H/tlong,192,0.9914902191537538,1.071196647792778,0.9255912265938651,6920994816.0,cell,False,False
Solar-H/tlong,256,0.9817241943770779,1.071196647792778,0.9164742966662006,7393075200.0,cell,False,False
Solar-H/tlong,384,0.9515236218047906,1.071196647792778,0.8882809928181011,8339005440.0,cell,False,True
Solar-H/tlong,512,0.9331284471701534,1.071196647792778,0.8711084459542356,9287294976.0,cell,False,True
Solar-H/tlong,768,0.9196048836579993,1.071196647792778,0.8584837205688269,11190951936.0,cell,False,True
Solar-H/tlong,1024,0.9190303203190445,1.071196647792778,0.8579473453475838,13104046080.0,cell,False,True
Solar-H/tlong,1536,0.9134990842892191,1.071196647792778,0.8527837406619058,16958545920.0,cell,False,True
Solar-H/tlong,2048,0.9130131278335291,1.071196647792778,0.852330083103612,20850794496.0,cell,False,True
Solar-H/tlong,2560,0.9142959404456549,1.071196647792778,0.8535276340992851,24780791808.0,cell,False,False
Solar-H/tlong,3072,0.9131166168291054,1.071196647792778,0.8524266937453552,28748537856.0,cell,False,False
Solar-H/tlong,4096,0.9095850436172213,1.071196647792778,0.8491298451049482,36797276160.0,cell,False,True
Solar-H/tlong,6144,0.9073079222891857,1.071196647792778,0.8470040717161613,53347737600.0,cell,False,True
Solar-D/tshort,native,0.9587785678146432,1.155861190610263,0.8294928280345103,2737993728.0,cell,True,False
Solar-D/tshort,32,0.9820386861030295,1.155861190610263,0.8496164540177528,585818112.0,cell,False,True
Solar-D/tshort,48,0.9921612595800041,1.155861190610263,0.8583740570579849,701829120.0,cell,False,False
Solar-D/tshort,64,0.9786366584219395,1.155861190610263,0.8466731700761112,817876992.0,cell,False,True
Solar-D/tshort,96,0.9763399716527742,1.155861190610263,0.8446861782229175,1050083328.0,cell,False,True
Solar-D/tshort,128,0.956886597710231,1.155861190610263,0.8278559791466147,1282437120.0,cell,False,True
Solar-D/tshort,192,0.9641461216595798,1.155861190610263,0.8341365983146619,1747587072.0,cell,False,False
Solar-D/tshort,256,0.9717755338978323,1.155861190610263,0.8407372284770298,2213326848.0,cell,False,False
Solar-W/tshort,native,1.070309753914611,1.4703506784640206,0.7279282212000566,582660096.0,cell,True,True
HierSales-D/tshort,native,0.7467950189532551,1.134803399686105,0.6580831703181573,12968546304.0,cell,True,False
HierSales-D/tshort,32,0.7933105590567954,1.134803399686105,0.699073125156508,585818112.0,cell,False,True
HierSales-D/tshort,48,0.7772043730058776,1.134803399686105,0.6848801944203358,701829120.0,cell,False,True
HierSales-D/tshort,64,0.7797389210362593,1.134803399686105,0.6871136632582708,817876992.0,cell,False,False
HierSales-D/tshort,96,0.7760872154328825,1.134803399686105,0.6838957440976594,1050083328.0,cell,False,True
HierSales-D/tshort,128,0.7641203078926722,1.134803399686105,0.6733503865991531,1282437120.0,cell,False,True
HierSales-D/tshort,192,0.7659474312930188,1.134803399686105,0.6749604658435862,1747587072.0,cell,False,False
HierSales-D/tshort,256,0.7645319564930373,1.134803399686105,0.673713135424614,2213326848.0,cell,False,False
HierSales-D/tshort,384,0.7571665526290534,1.134803399686105,0.6672226685595859,3146575872.0,cell,False,True
HierSales-D/tshort,512,0.7639528011502111,1.134803399686105,0.6732027779979564,4082184192.0,cell,False,False
HierSales-D/tshort,768,0.7515608479122603,1.134803399686105,0.6622828660190369,5960478720.0,cell,False,True
HierSales-D/tshort,1024,0.747672689322268,1.134803399686105,0.6588565821437262,7848210432.0,cell,False,True
HierSales-D/tshort,1536,0.746631500836723,1.134803399686105,0.6579390765336505,11651985408.0,cell,False,True
HierSales-W/tshort,native,0.7188936439918615,1.0250133777288335,0.7013504990390909,2035451904.0,cell,True,True
HierSales-W/tshort,32,0.806193974326494,1.0250133777288335,0.7865204414334698,466685952.0,cell,False,True
HierSales-W/tshort,48,0.7835230214193383,1.0250133777288335,0.7644027272653008,582660096.0,cell,False,True
HierSales-W/tshort,64,0.7616961025257422,1.0250133777288335,0.743108450168197,698671104.0,cell,False,True
HierSales-W/tshort,96,0.7446730693144238,1.0250133777288335,0.7265008296422708,930803712.0,cell,False,True
HierSales-W/tshort,128,0.7369409837103776,1.0250133777288335,0.7189574299442313,1163083776.0,cell,False,True
HierSales-W/tshort,192,0.7265228398098852,1.0250133777288335,0.7087935197681744,1628086272.0,cell,False,True
M4-Yearly/tshort,native,3.554006583440491,3.965954931783283,0.896128837712848,511877974.7150692,cell,True,False
M4-Yearly/tshort,32,3.4721463253586466,3.965954931783283,0.875488094313115,466685952.0,cell,False,True
M4-Yearly/tshort,48,3.4989184098770996,3.965954931783283,0.8822385705487124,582660096.0,cell,False,False
M4-Yearly/tshort,64,3.5003174649736857,3.965954931783283,0.8825913368107225,698671104.0,cell,False,False
M4-Yearly/tshort,96,3.5004386366247475,3.965954931783283,0.8826218897678656,930803712.0,cell,False,False
M4-Yearly/tshort,128,3.4998509279762047,3.965954931783283,0.8824737013343983,1163083776.0,cell,False,False
M4-Yearly/tshort,192,3.4998561373924337,3.965954931783283,0.8824750148682933,1628086272.0,cell,False,False
M4-Yearly/tshort,256,3.5000930911735075,3.965954931783283,0.8825347618359592,2093678592.0,cell,False,False
M4-Quarterly/tshort,native,1.23099905299463,1.602247174616002,0.7682953494922865,963734244.864,cell,True,False
M4-Quarterly/tshort,32,1.2539710773218284,1.602247174616002,0.7826327280760272,466685952.0,cell,False,True
M4-Quarterly/tshort,48,1.2596852323207948,1.602247174616002,0.7861990660852272,582660096.0,cell,False,False
M4-Quarterly/tshort,64,1.2366055844856438,1.602247174616002,0.7717945171487111,698671104.0,cell,False,True
M4-Quarterly/tshort,96,1.228725064304627,1.602247174616002,0.7668760998746064,930803712.0,cell,False,True
M4-Quarterly/tshort,128,1.2282798916565973,1.602247174616002,0.766598257195223,1163083776.0,cell,False,True
M4-Quarterly/tshort,192,1.2260336477875948,1.602247174616002,0.76519632377035,1628086272.0,cell,False,True
M4-Quarterly/tshort,256,1.2255960785142614,1.602247174616002,0.7649232265352507,2093678592.0,cell,False,True
M4-Quarterly/tshort,384,1.2256236640139062,1.602247174616002,0.7649404432918671,3026632704.0,cell,False,False
M4-Quarterly/tshort,512,1.2256389652598443,1.602247174616002,0.764949993157943,3961946112.0,cell,False,False
M4-Quarterly/tshort,768,1.2256240585346099,1.602247174616002,0.7649406895214813,5839650816.0,cell,False,False
M4-Monthly/tshort,native,0.941865530251238,1.259717038974429,0.7476802338230156,1987713487.104,cell,True,True
M4-Monthly/tshort,32,0.9897793635834263,1.259717038974429,0.785715627367582,585818112.0,cell,False,True
M4-Monthly/tshort,48,0.9582325342722026,1.259717038974429,0.760672837332046,701829120.0,cell,False,True
M4-Monthly/tshort,64,0.9450849628785158,1.259717038974429,0.7502359130173678,817876992.0,cell,False,True
M4-Monthly/tshort,96,0.9528979043571749,1.259717038974429,0.7564380530511485,1050083328.0,cell,False,False
M4-Monthly/tshort,128,0.9593195310888826,1.259717038974429,0.7615357269993677,1282437120.0,cell,False,False
M4-Monthly/tshort,192,0.9556268712708813,1.259717038974429,0.7586043863063756,1747587072.0,cell,False,False
M4-Monthly/tshort,256,0.9441780857599573,1.259717038974429,0.7495160076017064,2213326848.0,cell,False,False
M4-Monthly/tshort,384,0.9430247602339554,1.259717038974429,0.7486004642770399,3146575872.0,cell,False,False
M4-Monthly/tshort,512,0.942733978084258,1.259717038974429,0.7483696329548453,4082184192.0,cell,False,False
M4-Monthly/tshort,768,0.9428141457956962,1.259717038974429,0.7484332724143096,5960478720.0,cell,False,False
M4-Monthly/tshort,1024,0.9428333659137594,1.259717038974429,0.7484485299026729,7848210432.0,cell,False,False
M4-Monthly/tshort,1536,0.9428526172806106,1.259717038974429,0.7484638121972323,11651985408.0,cell,False,False
M4-Monthly/tshort,2048,0.9428490074541535,1.259717038974429,0.7484609466120687,15493509120.0,cell,False,False
M4-Monthly/tshort,2560,0.9428849395933836,1.259717038974429,0.7484894705885797,19372781568.0,cell,False,False
M4-Weekly/tshort,native,2.121178886396041,2.777295047362158,0.7637571270689125,7803073356.300836,cell,True,False
M4-Weekly/tshort,32,2.4346246728272076,2.777295047362158,0.876617223344558,466685952.0,cell,False,True
M4-Weekly/tshort,48,2.471847043122948,2.777295047362158,0.890019605756572,582660096.0,cell,False,False
M4-Weekly/tshort,64,2.246598998287641,2.777295047362158,0.8089162152294314,698671104.0,cell,False,True
M4-Weekly/tshort,96,2.2395796007905475,2.777295047362158,0.8063887929075717,930803712.0,cell,False,True
M4-Weekly/tshort,128,2.138562491028775,2.777295047362158,0.770016312476399,1163083776.0,cell,False,True
M4-Weekly/tshort,192,2.0916067971931844,2.777295047362158,0.7531093245493553,1628086272.0,cell,False,True
M4-Weekly/tshort,256,2.1011403596628067,2.777295047362158,0.7565420035795063,2093678592.0,cell,False,False
M4-Weekly/tshort,384,2.0646449377456526,2.777295047362158,0.7434013680709323,3026632704.0,cell,False,True
M4-Weekly/tshort,512,2.0240555849759247,2.777295047362158,0.7287866612869774,3961946112.0,cell,False,True
M4-Weekly/tshort,768,2.0617240403556094,2.777295047362158,0.7423496622419756,5839650816.0,cell,False,False
M4-Weekly/tshort,1024,2.0754490168332183,2.777295047362158,0.7472915125832437,7726792704.0,cell,False,False
M4-Weekly/tshort,1536,2.091852352035082,2.777295047362158,0.7531977396574766,11529388032.0,cell,False,False
M4-Weekly/tshort,2048,2.0960251056342476,2.777295047362158,0.7547001920537855,15369732096.0,cell,False,False
M4-Weekly/tshort,2560,2.0959116118755317,2.777295047362158,0.7546593271990327,19247824896.0,cell,False,False
M4-Daily/tshort,native,3.2383840837809483,3.278424296610481,0.9877867508269355,17991930527.523067,cell,True,False
M4-Daily/tshort,32,3.4441193815171043,3.278424296610481,1.05054107397811,466685952.0,cell,False,True
M4-Daily/tshort,48,3.4456178240854407,3.278424296610481,1.0509981357958513,582660096.0,cell,False,False
M4-Daily/tshort,64,3.4791900871569688,3.278424296610481,1.0612385012989494,698671104.0,cell,False,False
M4-Daily/tshort,96,3.41855125914637,3.278424296610481,1.0427421681448508,930803712.0,cell,False,True
M4-Daily/tshort,128,3.4026954690896543,3.278424296610481,1.0379057624138692,1163083776.0,cell,False,True
M4-Daily/tshort,192,3.339772099257585,3.278424296610481,1.0187125878460974,1628086272.0,cell,False,True
M4-Daily/tshort,256,3.267251236962674,3.278424296610481,0.9965919421536259,2093678592.0,cell,False,True
M4-Daily/tshort,384,3.227919000699197,3.278424296610481,0.9845946432365388,3026632704.0,cell,False,True
M4-Daily/tshort,512,3.2427044258200426,3.278424296610481,0.989104561350595,3961946112.0,cell,False,False
M4-Daily/tshort,768,3.2682608825480384,3.278424296610481,0.9968999088760566,5839650816.0,cell,False,False
M4-Daily/tshort,1024,3.276066643151999,3.278424296610481,0.9992808577398236,7726792704.0,cell,False,False
M4-Daily/tshort,1536,3.285170305965942,3.278424296610481,1.002057698682393,11529388032.0,cell,False,False
M4-Daily/tshort,2048,3.277107773350841,3.278424296610481,0.9995984280433131,15369732096.0,cell,False,False
M4-Daily/tshort,2560,3.271792714248531,3.278424296610481,0.997977204363448,19247824896.0,cell,False,False
M4-Daily/tshort,3072,3.2703036668526098,3.278424296610481,0.9975230083042433,23163666432.0,cell,False,False
M4-Daily/tshort,4096,3.265613927620235,3.278424296610481,0.9960925225561894,31108595712.0,cell,False,False
M4-Daily/tshort,6144,3.2578580569814957,3.278424296610481,0.9937267913581996,47451439104.0,cell,False,False
M4-Daily/tshort,8192,3.2575975641625905,3.278424296610481,0.9936473346450541,64398262272.0,cell,False,False
M4-Hourly/tshort,native,0.9387495126623386,1.1932101877276544,0.786742790429983,6726826429.217391,cell,True,False
M4-Hourly/tshort,32,1.6794084264402203,1.1932101877276544,1.4074707404556108,704987136.0,cell,False,True
M4-Hourly/tshort,48,1.5150024561887756,1.1932101877276544,1.2696861556922685,821035008.0,cell,False,True
M4-Hourly/tshort,64,1.3492183746426538,1.1932101877276544,1.1307466098760863,937119744.0,cell,False,True
M4-Hourly/tshort,96,1.173510639876749,1.1932101877276544,0.9834902952945607,1169399808.0,cell,False,True
M4-Hourly/tshort,128,1.0346155290007373,1.1932101877276544,0.8670857319539449,1401827328.0,cell,False,True
M4-Hourly/tshort,192,0.9504467669883766,1.1932101877276544,0.7965459704952774,1867124736.0,cell,False,True
M4-Hourly/tshort,256,0.9556956860882548,1.1932101877276544,0.8009449600059807,2333011968.0,cell,False,False
M4-Hourly/tshort,384,0.9340130094186877,1.1932101877276544,0.7827732439977059,3266555904.0,cell,False,True
M4-Hourly/tshort,512,0.9276454485077493,1.1932101877276544,0.777436748402521,4202459136.0,cell,False,True
M4-Hourly/tshort,768,0.9403527747801846,1.1932101877276544,0.7880864448291289,6081343488.0,cell,False,False
Hospital/tshort,native,0.7743787176226474,0.9205278266364826,0.8412333611381967,814718976.0,cell,True,False
Hospital/tshort,32,0.7774716094608217,0.9205278266364826,0.8445932724289562,466685952.0,cell,False,True
Hospital/tshort,48,0.7773415926027851,0.9205278266364826,0.8444520307909803,582660096.0,cell,False,True
Hospital/tshort,64,0.7719589384579143,0.9205278266364826,0.8386046745361037,698671104.0,cell,False,True
CovidDeaths-D/tshort,native,34.09834870969442,46.91239825526407,0.726851535582456,1747587072.0,cell,True,False
CovidDeaths-D/tshort,32,33.56149524322424,46.91239825526407,0.7154077917868606,585818112.0,cell,False,True
CovidDeaths-D/tshort,48,33.43409527313564,46.91239825526407,0.7126920924232215,701829120.0,cell,False,True
CovidDeaths-D/tshort,64,33.77579673156198,46.91239825526407,0.7199759122903502,817876992.0,cell,False,False
CovidDeaths-D/tshort,96,34.39938937393286,46.91239825526407,0.7332686166832855,1050083328.0,cell,False,False
CovidDeaths-D/tshort,128,34.23871434931924,46.91239825526407,0.7298436153917433,1282437120.0,cell,False,False
USBirths-D/tshort,native,0.3505667979867661,1.8648391912491091,0.1879876826011732,54578747596.8,cell,True,True
USBirths-D/tshort,32,0.5030227963007234,1.8648391912491091,0.269740575306007,585818112.0,cell,False,True
USBirths-D/tshort,48,0.49836109820573815,1.8648391912491091,0.2672407897390473,701829120.0,cell,False,True
USBirths-D/tshort,64,0.49462724032984445,1.8648391912491091,0.26523854853057466,817876992.0,cell,False,True
USBirths-D/tshort,96,0.48751028386999196,1.8648391912491091,0.2614221570190442,1050083328.0,cell,False,True
USBirths-D/tshort,128,0.4998896109060291,1.8648391912491091,0.26806043826824144,1282437120.0,cell,False,False
USBirths-D/tshort,192,0.5078092863107802,1.8648391912491091,0.27230727919796593,1747587072.0,cell,False,False
USBirths-D/tshort,256,0.4897849450888065,1.8648391912491091,0.2626419196824891,2213326848.0,cell,False,False
USBirths-D/tshort,384,0.44910795580006785,1.8648391912491091,0.24082932078408634,3146575872.0,cell,False,True
USBirths-D/tshort,512,0.38224629037757396,1.8648391912491091,0.20497547036296315,4082184192.0,cell,False,True
USBirths-D/tshort,768,0.3676066796284093,1.8648391912491091,0.19712513623342423,5960478720.0,cell,False,True
USBirths-D/tshort,1024,0.3633212473893429,1.8648391912491091,0.19482711919304022,7848210432.0,cell,False,True
USBirths-D/tshort,1536,0.35793028047445413,1.8648391912491091,0.19193627104903602,11651985408.0,cell,False,True
USBirths-D/tshort,2048,0.35433607669644485,1.8648391912491091,0.19000891785157248,15493509120.0,cell,False,True
USBirths-D/tshort,2560,0.353605467080398,1.8648391912491091,0.18961713628698756,19372781568.0,cell,False,True
USBirths-D/tshort,3072,0.35435509355150413,1.8648391912491091,0.19001911543598005,23289802752.0,cell,False,False
USBirths-D/tshort,4096,0.35728681489162084,1.8648391912491091,0.19159121953689878,31237091328.0,cell,False,False
USBirths-D/tshort,6144,0.3521093070001636,1.8648391912491091,0.1888148365030409,47584653312.0,cell,False,True
USBirths-W/tshort,native,1.1945270226137925,1.5634204337929731,0.7640472113542625,7490457600.0,cell,True,False
USBirths-W/tshort,32,1.4538498189820612,1.5634204337929731,0.9299160913836302,466685952.0,cell,False,True
USBirths-W/tshort,48,1.4899121334824699,1.5634204337929731,0.9529823848264751,582660096.0,cell,False,False
USBirths-W/tshort,64,1.4735670541297627,1.5634204337929731,0.9425276926659968,698671104.0,cell,False,False
USBirths-W/tshort,96,1.3294576020980975,1.5634204337929731,0.8503519420382241,930803712.0,cell,False,True
USBirths-W/tshort,128,1.0503232747244824,1.5634204337929731,0.6718111469071187,1163083776.0,cell,False,True
USBirths-W/tshort,192,1.0853069357900533,1.5634204337929731,0.6941875085750406,1628086272.0,cell,False,False
USBirths-W/tshort,256,1.1057628135417839,1.5634204337929731,0.7072715628125199,2093678592.0,cell,False,False
USBirths-W/tshort,384,1.1391978453860807,1.5634204337929731,0.7286573852833066,3026632704.0,cell,False,False
USBirths-W/tshort,512,1.1277172711902186,1.5634204337929731,0.7213141435373807,3961946112.0,cell,False,False
USBirths-W/tshort,768,1.1969949489380307,1.5634204337929731,0.7656257543174313,5839650816.0,cell,False,False
USBirths-W/tshort,1024,1.1859182894475104,1.5634204337929731,0.7585408657928215,7726792704.0,cell,False,False
USBirths-M/tshort,native,0.7164863394004986,0.7605310792868888,0.9420868639218679,1919016960.0,cell,True,False
USBirths-M/tshort,32,0.8024755642229989,0.7605310792868888,1.0551515724714884,466685952.0,cell,False,True
USBirths-M/tshort,48,0.6638247015959179,0.7605310792868888,0.8728436216155064,582660096.0,cell,False,True
USBirths-M/tshort,64,0.740827254157376,0.7605310792868888,0.9740920185037172,698671104.0,cell,False,False
USBirths-M/tshort,96,0.6186897117526639,0.7605310792868888,0.8134969478601423,930803712.0,cell,False,True
USBirths-M/tshort,128,0.518648058963083,0.7605310792868888,0.681955114114985,1163083776.0,cell,False,True
USBirths-M/tshort,192,0.44919624182993556,0.7605310792868888,0.5906349576813139,1628086272.0,cell,False,True
SaugeenDay-D/tshort,native,2.6217421391413587,3.413049305768806,0.7681524362129889,64536195072.0,cell,True,True
SaugeenDay-D/tshort,32,4.168377633027709,3.413049305768806,1.2213060110154963,585818112.0,cell,False,True
SaugeenDay-D/tshort,48,4.246711379041636,3.413049305768806,1.244257260469035,701829120.0,cell,False,False
SaugeenDay-D/tshort,64,3.577535288184558,3.413049305768806,1.0481932628801274,817876992.0,cell,False,True
SaugeenDay-D/tshort,96,3.524817777069721,3.413049305768806,1.0327473942764325,1050083328.0,cell,False,True
SaugeenDay-D/tshort,128,3.7065366137210214,3.413049305768806,1.085989765063211,1282437120.0,cell,False,False
SaugeenDay-D/tshort,192,3.5444121743729085,3.413049305768806,1.0384884180788336,1747587072.0,cell,False,False
SaugeenDay-D/tshort,256,3.672648879704601,3.413049305768806,1.0760608917946233,2213326848.0,cell,False,False
SaugeenDay-D/tshort,384,3.5812493774225307,3.413049305768806,1.049281465512212,3146575872.0,cell,False,False
SaugeenDay-D/tshort,512,3.4314588234726844,3.413049305768806,1.005393862219559,4082184192.0,cell,False,True
SaugeenDay-D/tshort,768,3.2280722553622905,3.413049305768806,0.9458029949658614,5960478720.0,cell,False,True
SaugeenDay-D/tshort,1024,3.14139219394976,3.413049305768806,0.9204063324371302,7848210432.0,cell,False,True
SaugeenDay-D/tshort,1536,2.804466851988479,3.413049305768806,0.8216895218150854,11651985408.0,cell,False,True
SaugeenDay-D/tshort,2048,2.802397877122045,3.413049305768806,0.8210833263924358,15493509120.0,cell,False,True
SaugeenDay-D/tshort,2560,2.728596916939849,3.413049305768806,0.7994601520487614,19372781568.0,cell,False,True
SaugeenDay-D/tshort,3072,2.695975449120523,3.413049305768806,0.789902286077066,23289802752.0,cell,False,True
SaugeenDay-D/tshort,4096,2.679485486184955,3.413049305768806,0.7850708402178761,31237091328.0,cell,False,True
SaugeenDay-D/tshort,6144,2.6335501454175194,3.413049305768806,0.7716121009345628,47584653312.0,cell,False,True
SaugeenDay-D/tshort,8192,2.6217421613971057,3.413049305768806,0.7681524427337699,64536195072.0,cell,False,False
SaugeenDay-W/tshort,native,1.2232308856858132,1.990658004828632,0.6144857040831162,25012368384.0,cell,True,False
SaugeenDay-W/tshort,32,1.7191485422648771,1.990658004828632,0.8636081828695994,466685952.0,cell,False,True
SaugeenDay-W/tshort,48,1.6262275882902333,1.990658004828632,0.816929670664464,582660096.0,cell,False,True
SaugeenDay-W/tshort,64,1.5424369836692606,1.990658004828632,0.7748377571274695,698671104.0,cell,False,True
SaugeenDay-W/tshort,96,1.5959583433675586,1.990658004828632,0.8017240226579997,930803712.0,cell,False,False
SaugeenDay-W/tshort,128,1.4633889309136958,1.990658004828632,0.7351282477271496,1163083776.0,cell,False,True
SaugeenDay-W/tshort,192,1.3947154925737544,1.990658004828632,0.7006303891430211,1628086272.0,cell,False,True
SaugeenDay-W/tshort,256,1.3084711783284537,1.990658004828632,0.6573058632645917,2093678592.0,cell,False,True
SaugeenDay-W/tshort,384,1.2431184061536669,1.990658004828632,0.6244761295703739,3026632704.0,cell,False,True
SaugeenDay-W/tshort,512,1.2464071739443052,1.990658004828632,0.6261282304247955,3961946112.0,cell,False,False
SaugeenDay-W/tshort,768,1.227229026077746,1.990658004828632,0.6164941557519789,5839650816.0,cell,False,True
SaugeenDay-W/tshort,1024,1.2186709484261764,1.990658004828632,0.6121950357470303,7726792704.0,cell,False,True
SaugeenDay-W/tshort,1536,1.2321739629175965,1.990658004828632,0.618978227263939,11529388032.0,cell,False,False
SaugeenDay-W/tshort,2048,1.2060094738557585,1.990658004828632,0.6058345888296263,15369732096.0,cell,False,True
SaugeenDay-W/tshort,2560,1.2165267841716825,1.990658004828632,0.6111179224260616,19247824896.0,cell,False,False
SaugeenDay-W/tshort,3072,1.223162571831911,1.990658004828632,0.614451386860501,23163666432.0,cell,False,False
SaugeenDay-M/tshort,native,0.7224722292036612,0.9763741730697156,0.7399542604985259,5621257947.428572,cell,True,True
SaugeenDay-M/tshort,32,0.9373552706876003,0.9763741730697156,0.9600369372128719,466685952.0,cell,False,True
SaugeenDay-M/tshort,48,0.846176788265715,0.9763741730697156,0.8666521622600271,582660096.0,cell,False,True
SaugeenDay-M/tshort,64,0.8453845615801983,0.9763741730697156,0.8658407656588389,698671104.0,cell,False,True
SaugeenDay-M/tshort,96,0.8036025897920576,0.9763741730697156,0.8230477740572909,930803712.0,cell,False,True
SaugeenDay-M/tshort,128,0.8124101053589035,0.9763741730697156,0.8320684095982281,1163083776.0,cell,False,False
SaugeenDay-M/tshort,192,0.7915766760015327,0.9763741730697156,0.8107308630592096,1628086272.0,cell,False,True
SaugeenDay-M/tshort,256,0.7588337529101254,0.9763741730697156,0.7771956426544506,2093678592.0,cell,False,True
SaugeenDay-M/tshort,384,0.7670612689081133,0.9763741730697156,0.7856222440793128,3026632704.0,cell,False,False
SaugeenDay-M/tshort,512,0.7470935219847706,0.9763741730697156,0.7651713273364372,3961946112.0,cell,False,True
SaugeenDay-M/tshort,768,0.7453370117012496,0.9763741730697156,0.763372313872164,5839650816.0,cell,False,False
Electricity-15T/tshort,native,0.9904738124304449,1.7170601412372184,0.5768428190970436,64674164736.0,cell,True,False
Electricity-15T/tshort,32,2.622762903992586,1.7170601412372184,1.5274729411066337,704987136.0,cell,False,True
Electricity-15T/tshort,48,2.4886077381939438,1.7170601412372184,1.4493422090625148,821035008.0,cell,False,True
Electricity-15T/tshort,64,2.20741194939459,1.7170601412372184,1.2855763734659005,937119744.0,cell,False,True
Electricity-15T/tshort,96,1.669657093623987,1.7170601412372184,0.97239290198707,1169399808.0,cell,False,True
Electricity-15T/tshort,128,1.4847578135265542,1.7170601412372184,0.8647092654871832,1401827328.0,cell,False,True
Electricity-15T/tshort,192,1.3116395344635323,1.7170601412372184,0.7638867754034739,1867124736.0,cell,False,True
Electricity-15T/tshort,256,1.2157683247734967,1.7170601412372184,0.7080522665312593,2333011968.0,cell,False,True
Electricity-15T/tshort,384,1.1136724988036901,1.7170601412372184,0.6485925985104047,3266555904.0,cell,False,True
Electricity-15T/tshort,512,1.0786270309402683,1.7170601412372184,0.6281824410431364,4202459136.0,cell,False,True
Electricity-15T/tshort,768,0.9710455453967272,1.7170601412372184,0.5655279754482249,6081343488.0,cell,False,True
Electricity-15T/tshort,1024,0.9643718853079377,1.7170601412372184,0.5616412973240791,7969665024.0,cell,False,True
Electricity-15T/tshort,1536,0.9768501143717123,1.7170601412372184,0.5689085029181612,11774619648.0,cell,False,False
Electricity-15T/tshort,2048,0.9784933920462932,1.7170601412372184,0.5698655326896384,15617323008.0,cell,False,False
Electricity-15T/tshort,2560,0.9780654575999106,1.7170601412372184,0.5696163076123651,19497775104.0,cell,False,False
Electricity-15T/tshort,3072,0.9780720335352497,1.7170601412372184,0.5696201373764959,23415975936.0,cell,False,False
Electricity-15T/tshort,4096,0.9793619194367805,1.7170601412372184,0.570371355036584,31365623808.0,cell,False,False
Electricity-15T/tshort,6144,0.986004547082006,1.7170601412372184,0.5742399601516263,47717904384.0,cell,False,False
Electricity-15T/tshort,8192,0.9904738117134182,1.7170601412372184,0.5768428186794539,64674164736.0,cell,False,False
Electricity-15T/tmedium,native,0.8410251629871667,1.1507882041044135,0.7308253247535536,68413280256.0,cell,True,False
Electricity-15T/tmedium,32,2.7277870286171653,1.1507882041044135,2.3703640851446086,3936485376.0,cell,False,True
Electricity-15T/tmedium,48,2.4851020855915036,1.1507882041044135,2.1594782399820507,4053528576.0,cell,False,True
Electricity-15T/tmedium,64,2.2823416060047785,1.1507882041044135,1.9832855410444377,4170608640.0,cell,False,True
Electricity-15T/tmedium,96,1.6779160054397255,1.1507882041044135,1.4580580505215923,4404879360.0,cell,False,True
Electricity-15T/tmedium,128,1.320556114893749,1.1507882041044135,1.1475231586349595,4639297536.0,cell,False,True
Electricity-15T/tmedium,192,1.2651723281312677,1.1507882041044135,1.099396329940549,5108576256.0,cell,False,True
Electricity-15T/tmedium,256,1.1336890228651697,1.1507882041044135,0.9851413308041761,5578444800.0,cell,False,True
Electricity-15T/tmedium,384,1.0223281041321763,1.1507882041044135,0.8883720744494339,6519951360.0,cell,False,True
Electricity-15T/tmedium,512,0.9520623493049918,1.1507882041044135,0.827313267471248,7463817216.0,cell,False,True
Electricity-15T/tmedium,768,0.8747235021130435,1.1507882041044135,0.760108158037461,9358626816.0,cell,False,True
Electricity-15T/tmedium,1024,0.855579790058732,1.1507882041044135,0.7434728536556179,11262873600.0,cell,False,True
Electricity-15T/tmedium,1536,0.8344390773977752,1.1507882041044135,0.7251022163953853,15099678720.0,cell,False,True
Electricity-15T/tmedium,2048,0.8278596287865723,1.1507882041044135,0.7193848753696982,18974232576.0,cell,False,True
Electricity-15T/tmedium,2560,0.8280870129492196,1.1507882041044135,0.7195824653013957,22886535168.0,cell,False,False
Electricity-15T/tmedium,3072,0.8274897686443555,1.1507882041044135,0.7190634781387415,26836586496.0,cell,False,True
Electricity-15T/tmedium,4096,0.8305036028126447,1.1507882041044135,0.721682408501027,34849935360.0,cell,False,False
Electricity-15T/tmedium,6144,0.837363356955001,1.1507882041044135,0.7276433265204247,51329617920.0,cell,False,False
Electricity-15T/tmedium,8192,0.841025163070021,1.1507882041044135,0.7308253248255514,68413280256.0,cell,False,False
Electricity-15T/tlong,native,0.8989791738347097,1.1635317075319347,0.7726297169344962,70502178816.0,cell,True,False
Electricity-15T/tlong,32,3.3962191105290755,1.1635317075319347,2.918888319539725,5743374336.0,cell,False,True
Electricity-15T/tlong,48,2.7104263976500302,1.1635317075319347,2.329482196406443,5860970496.0,cell,False,True
Electricity-15T/tlong,64,2.204360087294989,1.1635317075319347,1.894542342959302,5978603520.0,cell,False,True
Electricity-15T/tlong,96,1.6919490992211206,1.1635317075319347,1.4541495416657417,6213980160.0,cell,False,True
Electricity-15T/tlong,128,1.3189165316260685,1.1635317075319347,1.133545844164173,6449504256.0,cell,False,True
Electricity-15T/tlong,192,1.2448620123711027,1.1635317075319347,1.0698995174026538,6920994816.0,cell,False,True
Electricity-15T/tlong,256,1.1557121303269269,1.1635317075319347,0.9932794464006532,7393075200.0,cell,False,True
Electricity-15T/tlong,384,1.0549507436681524,1.1635317075319347,0.9066798410727436,8339005440.0,cell,False,True
Electricity-15T/tlong,512,1.0019067385210225,1.1635317075319347,0.8610910489463596,9287294976.0,cell,False,True
Electricity-15T/tlong,768,0.9254055915467828,1.1635317075319347,0.7953419623688114,11190951936.0,cell,False,True
Electricity-15T/tlong,1024,0.9026167546043611,1.1635317075319347,0.7757560440866521,13104046080.0,cell,False,True
Electricity-15T/tlong,1536,0.8887202645239581,1.1635317075319347,0.7638126737509352,16958545920.0,cell,False,True
Electricity-15T/tlong,2048,0.8802070380483151,1.1635317075319347,0.7564959616918361,20850794496.0,cell,False,True
Electricity-15T/tlong,2560,0.8824929170433805,1.1635317075319347,0.7584605656474207,24780791808.0,cell,False,False
Electricity-15T/tlong,3072,0.8837501060493195,1.1635317075319347,0.7595410596277745,28748537856.0,cell,False,False
Electricity-15T/tlong,4096,0.8860337711622203,1.1635317075319347,0.7615037608572449,36797276160.0,cell,False,False
Electricity-15T/tlong,6144,0.8951537382949442,1.1635317075319347,0.7693419375684487,53347737600.0,cell,False,False
Electricity-15T/tlong,8192,0.8989791744855535,1.1635317075319347,0.7726297174938654,70502178816.0,cell,False,False
Electricity-H/tshort,native,1.0323033431821842,1.3577726051465433,0.7602917743879275,64674164736.0,cell,True,False
Electricity-H/tshort,32,1.4700307106298838,1.3577726051465433,1.082678134068867,704987136.0,cell,False,True
Electricity-H/tshort,48,1.3990561408504176,1.3577726051465433,1.0304053385282572,821035008.0,cell,False,True
Electricity-H/tshort,64,1.3759469135671138,1.3577726051465433,1.013385384527337,937119744.0,cell,False,True
Electricity-H/tshort,96,1.3443391852882907,1.3577726051465433,0.9901062815619242,1169399808.0,cell,False,True
Electricity-H/tshort,128,1.1890116051375639,1.3577726051465433,0.8757074642916624,1401827328.0,cell,False,True
Electricity-H/tshort,192,1.0216781606345742,1.3577726051465433,0.7524663237142756,1867124736.0,cell,False,True
Electricity-H/tshort,256,1.0234998024907351,1.3577726051465433,0.753807963580374,2333011968.0,cell,False,False
Electricity-H/tshort,384,0.9879409380593289,1.3577726051465433,0.7276188474525167,3266555904.0,cell,False,True
Electricity-H/tshort,512,0.9855403263079112,1.3577726051465433,0.7258507960554578,4202459136.0,cell,False,True
Electricity-H/tshort,768,0.9869113562799692,1.3577726051465433,0.7268605601108388,6081343488.0,cell,False,False
Electricity-H/tshort,1024,0.9815846104916486,1.3577726051465433,0.7229374099691067,7969665024.0,cell,False,True
Electricity-H/tshort,1536,0.9865286887777086,1.3577726051465433,0.7265787253611833,11774619648.0,cell,False,False
Electricity-H/tshort,2048,0.9943195384245737,1.3577726051465433,0.7323166888591462,15617323008.0,cell,False,False
Electricity-H/tshort,2560,1.0009083929530698,1.3577726051465433,0.7371693825307681,19497775104.0,cell,False,False
Electricity-H/tshort,3072,1.0036002853603303,1.3577726051465433,0.7391519622330373,23415975936.0,cell,False,False
Electricity-H/tshort,4096,1.011498209209408,1.3577726051465433,0.7449687859184917,31365623808.0,cell,False,False
Electricity-H/tshort,6144,1.0272091243734724,1.3577726051465433,0.7565398804482483,47717904384.0,cell,False,False
Electricity-H/tshort,8192,1.0323033439372202,1.3577726051465433,0.7602917749440118,64674164736.0,cell,False,False
Electricity-H/tmedium,native,1.1046574064628,1.3924537851702354,0.7933171055495745,68413280256.0,cell,True,False
Electricity-H/tmedium,32,1.5183838507394798,1.3924537851702354,1.0904375189398825,3936485376.0,cell,False,True
Electricity-H/tmedium,48,1.4685201166446555,1.3924537851702354,1.0546275447591393,4053528576.0,cell,False,True
Electricity-H/tmedium,64,1.5871805324684756,1.3924537851702354,1.1398443161073628,4170608640.0,cell,False,False
Electricity-H/tmedium,96,1.563668360949839,1.3924537851702354,1.1229588928573824,4404879360.0,cell,False,False
Electricity-H/tmedium,128,1.4587641192256697,1.3924537851702354,1.0476212099544313,4639297536.0,cell,False,True
Electricity-H/tmedium,192,1.2282896305034385,1.3924537851702354,0.8821044142253333,5108576256.0,cell,False,True
Electricity-H/tmedium,256,1.223933081779554,1.3924537851702354,0.878975729618144,5578444800.0,cell,False,True
Electricity-H/tmedium,384,1.1566815285985184,1.3924537851702354,0.8306785768528091,6519951360.0,cell,False,True
Electricity-H/tmedium,512,1.1228465731664823,1.3924537851702354,0.8063797772858996,7463817216.0,cell,False,True
Electricity-H/tmedium,768,1.1052235250963214,1.3924537851702354,0.7937236674330282,9358626816.0,cell,False,True
Electricity-H/tmedium,1024,1.1016737364506257,1.3924537851702354,0.7911743629724414,11262873600.0,cell,False,True
Electricity-H/tmedium,1536,1.0731317592760106,1.3924537851702354,0.7706767511460455,15099678720.0,cell,False,True
Electricity-H/tmedium,2048,1.0736319044290106,1.3924537851702354,0.7710359337331637,18974232576.0,cell,False,False
Electricity-H/tmedium,2560,1.0744793700633468,1.3924537851702354,0.7716445468471943,22886535168.0,cell,False,False
Electricity-H/tmedium,3072,1.0804112230634102,1.3924537851702354,0.7759045467575958,26836586496.0,cell,False,False
Electricity-H/tmedium,4096,1.0858888258177446,1.3924537851702354,0.7798383238155286,34849935360.0,cell,False,False
Electricity-H/tmedium,6144,1.1038847273441066,1.3924537851702354,0.7927622008720027,51329617920.0,cell,False,False
Electricity-H/tmedium,8192,1.104657407440292,1.3924537851702354,0.7933171062515667,68413280256.0,cell,False,False
Electricity-H/tlong,native,1.2485707431269315,1.5240786163496851,0.8192298807507572,70502178816.0,cell,True,False
Electricity-H/tlong,32,1.5845258642834696,1.5240786163496851,1.039661502553301,5743374336.0,cell,False,True
Electricity-H/tlong,48,1.5802933964206411,1.5240786163496851,1.0368844359260128,5860970496.0,cell,False,True
Electricity-H/tlong,64,1.711560982920673,1.5240786163496851,1.123013579850642,5978603520.0,cell,False,False
Electricity-H/tlong,96,1.611331256077499,1.5240786163496851,1.0572494350303216,6213980160.0,cell,False,False
Electricity-H/tlong,128,1.5379250162342173,1.5240786163496851,1.0090850955692139,6449504256.0,cell,False,True
Electricity-H/tlong,192,1.3589288222238294,1.5240786163496851,0.8916395831854098,6920994816.0,cell,False,True
Electricity-H/tlong,256,1.3298771784905534,1.5240786163496851,0.8725778081420348,7393075200.0,cell,False,True
Electricity-H/tlong,384,1.2966071044860967,1.5240786163496851,0.8507481770143823,8339005440.0,cell,False,True
Electricity-H/tlong,512,1.2603288208939978,1.5240786163496851,0.8269447569001437,9287294976.0,cell,False,True
Electricity-H/tlong,768,1.2344645914524164,1.5240786163496851,0.8099743531662938,11190951936.0,cell,False,True
Electricity-H/tlong,1024,1.220901065716502,1.5240786163496851,0.8010748609810414,13104046080.0,cell,False,True
Electricity-H/tlong,1536,1.2012805109176021,1.5240786163496851,0.7882011452892007,16958545920.0,cell,False,True
Electricity-H/tlong,2048,1.1985926537848894,1.5240786163496851,0.7864375504825559,20850794496.0,cell,False,True
Electricity-H/tlong,2560,1.2056815450140257,1.5240786163496851,0.7910888139758492,24780791808.0,cell,False,False
Electricity-H/tlong,3072,1.2140950510033046,1.5240786163496851,0.7966092024249898,28748537856.0,cell,False,False
Electricity-H/tlong,4096,1.2321542233163207,1.5240786163496851,0.8084584417747744,36797276160.0,cell,False,False
Electricity-H/tlong,6144,1.2497305003939438,1.5240786163496851,0.8199908370784498,53347737600.0,cell,False,False
Electricity-H/tlong,8192,1.2485707415363068,1.5240786163496851,0.8192298797070939,70502178816.0,cell,False,False
Electricity-D/tshort,native,1.379112040359435,1.987041399842847,0.6940529978230486,10459398144.0,cell,True,False
Electricity-D/tshort,32,1.7332203347207182,1.987041399842847,0.8722618133964379,585818112.0,cell,False,True
Electricity-D/tshort,48,1.7406752085889245,1.987041399842847,0.8760135590162302,701829120.0,cell,False,False
Electricity-D/tshort,64,1.687638468572279,1.987041399842847,0.8493222479943058,817876992.0,cell,False,True
Electricity-D/tshort,96,1.712580248033899,1.987041399842847,0.8618744673207842,1050083328.0,cell,False,False
Electricity-D/tshort,128,1.6993250234933155,1.987041399842847,0.855203632711283,1282437120.0,cell,False,False
Electricity-D/tshort,192,1.663668576869028,1.987041399842847,0.8372591416568401,1747587072.0,cell,False,True
Electricity-D/tshort,256,1.605420496142142,1.987041399842847,0.8079451672567634,2213326848.0,cell,False,True
Electricity-D/tshort,384,1.4838687957224992,1.987041399842847,0.7467729639854795,3146575872.0,cell,False,True
Electricity-D/tshort,512,1.4212653520508134,1.987041399842847,0.7152671062430908,4082184192.0,cell,False,True
Electricity-D/tshort,768,1.3732466660884586,1.987041399842847,0.6911011850065466,5960478720.0,cell,False,True
Electricity-D/tshort,1024,1.3663535543277834,1.987041399842847,0.6876321522218143,7848210432.0,cell,False,True
Electricity-W/tshort,native,1.44829282472927,2.0896995064573947,0.6930627203834285,1666867200.0,cell,True,False
Electricity-W/tshort,32,2.1352950668863286,2.0896995064573947,1.021819194715814,466685952.0,cell,False,True
Electricity-W/tshort,48,1.8957732827983367,2.0896995064573947,0.9071989905439489,582660096.0,cell,False,True
Electricity-W/tshort,64,1.7821452866410215,2.0896995064573947,0.8528237103631418,698671104.0,cell,False,True
Electricity-W/tshort,96,1.546509929911615,2.0896995064573947,0.7400633082090196,930803712.0,cell,False,True
Electricity-W/tshort,128,1.4235756097814076,2.0896995064573947,0.6812346011387795,1163083776.0,cell,False,True
Electricity-W/tshort,192,1.4436847719338795,2.0896995064573947,0.6908575933873455,1628086272.0,cell,False,False
KDDCup2018-H/tshort,native,0.9927414829849498,1.340425278558367,0.7406168018948788,64674164736.0,cell,True,False
KDDCup2018-H/tshort,32,1.2166256113707785,1.340425278558367,0.9076415006730285,704987136.0,cell,False,True
KDDCup2018-H/tshort,48,1.2163611820231346,1.340425278558367,0.9074442279478168,821035008.0,cell,False,True
KDDCup2018-H/tshort,64,1.1996656985653067,1.340425278558367,0.8949888649187161,937119744.0,cell,False,True
KDDCup2018-H/tshort,96,1.1323655663031724,1.340425278558367,0.8447808202491051,1169399808.0,cell,False,True
KDDCup2018-H/tshort,128,1.0844082591522752,1.340425278558367,0.8090031398979292,1401827328.0,cell,False,True
KDDCup2018-H/tshort,192,1.0478779298128655,1.340425278558367,0.7817503493666298,1867124736.0,cell,False,True
KDDCup2018-H/tshort,256,1.038399282910075,1.340425278558367,0.7746789765311483,2333011968.0,cell,False,True
KDDCup2018-H/tshort,384,1.0192813795205362,1.340425278558367,0.7604164109891881,3266555904.0,cell,False,True
KDDCup2018-H/tshort,512,1.0061127860536137,1.340425278558367,0.7505922203553876,4202459136.0,cell,False,True
KDDCup2018-H/tshort,768,0.9838393236709052,1.340425278558367,0.7339755071830848,6081343488.0,cell,False,True
KDDCup2018-H/tshort,1024,0.9809547615905705,1.340425278558367,0.7318235318910066,7969665024.0,cell,False,True
KDDCup2018-H/tshort,1536,0.9795703551216272,1.340425278558367,0.7307907205205494,11774619648.0,cell,False,True
KDDCup2018-H/tshort,2048,0.9756159331623349,1.340425278558367,0.7278405956441032,15617323008.0,cell,False,True
KDDCup2018-H/tshort,2560,0.9775716652488224,1.340425278558367,0.7292996341431317,19497775104.0,cell,False,False
KDDCup2018-H/tshort,3072,0.9769907504343939,1.340425278558367,0.7288662531679136,23415975936.0,cell,False,False
KDDCup2018-H/tshort,4096,0.9766595341459802,1.340425278558367,0.7286191552552497,31365623808.0,cell,False,False
KDDCup2018-H/tshort,6144,0.9861146111561124,1.340425278558367,0.7356729441992341,47717904384.0,cell,False,False
KDDCup2018-H/tshort,8192,0.9927414830844039,1.340425278558367,0.7406168019690748,64674164736.0,cell,False,False
KDDCup2018-H/tmedium,native,1.1108073106253766,1.4289997072062277,0.7773320771332175,68413280256.0,cell,True,False
KDDCup2018-H/tmedium,32,1.4146754829307195,1.4289997072062277,0.9899760481382374,3936485376.0,cell,False,True
KDDCup2018-H/tmedium,48,1.3771012111705192,1.4289997072062277,0.9636819407491882,4053528576.0,cell,False,True
KDDCup2018-H/tmedium,64,1.4289890445192859,1.4289997072062277,0.9999925383561046,4170608640.0,cell,False,False
KDDCup2018-H/tmedium,96,1.461539887430143,1.4289997072062277,1.0227712994340168,4404879360.0,cell,False,False
KDDCup2018-H/tmedium,128,1.2874447933302355,1.4289997072062277,0.9009412576068754,4639297536.0,cell,False,True
KDDCup2018-H/tmedium,192,1.1295193152318477,1.4289997072062277,0.7904265546982647,5108576256.0,cell,False,True
KDDCup2018-H/tmedium,256,1.1449864672875651,1.4289997072062277,0.8012503162271993,5578444800.0,cell,False,False
KDDCup2018-H/tmedium,384,1.1209659104292697,1.4289997072062277,0.7844409657863536,6519951360.0,cell,False,True
KDDCup2018-H/tmedium,512,1.1063150706997666,1.4289997072062277,0.7741884516286381,7463817216.0,cell,False,True
KDDCup2018-H/tmedium,768,1.1032376229697216,1.4289997072062277,0.7720348838465554,9358626816.0,cell,False,True
KDDCup2018-H/tmedium,1024,1.1007899154912766,1.4289997072062277,0.7703220021250955,11262873600.0,cell,False,True
KDDCup2018-H/tmedium,1536,1.1146718794154602,1.4289997072062277,0.7800364645243382,15099678720.0,cell,False,False
KDDCup2018-H/tmedium,2048,1.115272343586221,1.4289997072062277,0.7804566634703091,18974232576.0,cell,False,False
KDDCup2018-H/tmedium,2560,1.1153977598865765,1.4289997072062277,0.7805444285690163,22886535168.0,cell,False,False
KDDCup2018-H/tmedium,3072,1.1159231750879275,1.4289997072062277,0.7809121089811965,26836586496.0,cell,False,False
KDDCup2018-H/tmedium,4096,1.1104292497884236,1.4289997072062277,0.777067513862108,34849935360.0,cell,False,False
KDDCup2018-H/tmedium,6144,1.1030200603031635,1.4289997072062277,0.7718826356232276,51329617920.0,cell,False,False
KDDCup2018-H/tmedium,8192,1.1108073105391505,1.4289997072062277,0.7773320770728773,68413280256.0,cell,False,False
KDDCup2018-H/tlong,native,1.0583364963090205,1.3355336658089667,0.7924446409727599,70500160580.26666,cell,True,False
KDDCup2018-H/tlong,32,1.1969587490268365,1.3355336658089667,0.8962400422169876,5743374336.0,cell,False,True
KDDCup2018-H/tlong,48,1.1889636584860779,1.3355336658089667,0.8902536034281789,5860970496.0,cell,False,True
KDDCup2018-H/tlong,64,1.201580664753594,1.3355336658089667,0.8997007679516383,5978603520.0,cell,False,False
KDDCup2018-H/tlong,96,1.0946699893697578,1.3355336658089667,0.8196498653642612,6213980160.0,cell,False,True
KDDCup2018-H/tlong,128,1.0832989651627973,1.3355336658089667,0.811135647791114,6449504256.0,cell,False,True
KDDCup2018-H/tlong,192,1.096439614771321,1.3355336658089667,0.8209748977815393,6920994816.0,cell,False,False
KDDCup2018-H/tlong,256,1.0938921366906098,1.3355336658089667,0.8190674370069223,7393075200.0,cell,False,False
KDDCup2018-H/tlong,384,1.1005503811899322,1.3355336658089667,0.8240528931356447,8339005440.0,cell,False,False
KDDCup2018-H/tlong,512,1.1002142225108051,1.3355336658089667,0.8238011895000621,9287294976.0,cell,False,False
KDDCup2018-H/tlong,768,1.07836987845786,1.3355336658089667,0.8074449233779996,11190951936.0,cell,False,True
KDDCup2018-H/tlong,1024,1.0724275974834356,1.3355336658089667,0.8029955552141316,13104046080.0,cell,False,True
KDDCup2018-H/tlong,1536,1.070134528661386,1.3355336658089667,0.8012785870232468,16958545920.0,cell,False,True
KDDCup2018-H/tlong,2048,1.0575873112266936,1.3355336658089667,0.7918836778899812,20850794496.0,cell,False,True
KDDCup2018-H/tlong,2560,1.0632418418651446,1.3355336658089667,0.7961175888599648,24780791808.0,cell,False,False
KDDCup2018-H/tlong,3072,1.0586004382582885,1.3355336658089667,0.7926422712953981,28748537856.0,cell,False,False
KDDCup2018-H/tlong,4096,1.0527091862306652,1.3355336658089667,0.7882311117878205,36797276160.0,cell,False,True
KDDCup2018-H/tlong,6144,1.0486794517992095,1.3355336658089667,0.7852137902970777,53347737600.0,cell,False,True
KDDCup2018-H/tlong,8192,1.0583213006165342,1.3355336658089667,0.7924332629799204,70502178816.0,cell,False,False
KDDCup2018-D/tshort,native,1.195184195260051,1.4970343738270926,0.7983679040078573,3378544776.5333333,cell,True,False
KDDCup2018-D/tshort,32,1.2342374064054769,1.4970343738270926,0.824454954397748,585818112.0,cell,False,True
KDDCup2018-D/tshort,48,1.252543696304828,1.4970343738270926,0.8366833241796335,701829120.0,cell,False,False
KDDCup2018-D/tshort,64,1.27036358310888,1.4970343738270926,0.8485867828547315,817876992.0,cell,False,False
KDDCup2018-D/tshort,96,1.2528892961837548,1.4970343738270926,0.8369141805213242,1050083328.0,cell,False,False
KDDCup2018-D/tshort,128,1.2438166830913733,1.4970343738270926,0.8308537898910223,1282437120.0,cell,False,False
KDDCup2018-D/tshort,192,1.226848459946564,1.4970343738270926,0.8195192317529678,1747587072.0,cell,False,True
KDDCup2018-D/tshort,256,1.231753860438326,1.4970343738270926,0.8227959771487475,2213326848.0,cell,False,False
KDDCup2018-D/tshort,384,1.1935392645686491,1.4970343738270926,0.7972691111409996,3146575872.0,cell,False,True
CarParts/tshort,native,0.8381165150808788,1.2014638390969912,0.6975794758091091,582660096.0,cell,True,True
TempRain/tshort,native,1.3250385850542976,2.011535765322217,0.6587198735897429,5255061504.0,cell,True,True
TempRain/tshort,32,1.5348992597579196,2.011535765322217,0.7630484559204705,585818112.0,cell,False,True
TempRain/tshort,48,1.4900725605149507,2.011535765322217,0.7407636424879893,701829120.0,cell,False,True
TempRain/tshort,64,1.4806395823608496,2.011535765322217,0.7360742015559808,817876992.0,cell,False,True
TempRain/tshort,96,1.4412281551930326,2.011535765322217,0.7164814963964462,1050083328.0,cell,False,True
TempRain/tshort,128,1.4269439710332446,2.011535765322217,0.7093803628217717,1282437120.0,cell,False,True
TempRain/tshort,192,1.4034140395558525,2.011535765322217,0.6976828668671706,1747587072.0,cell,False,True
TempRain/tshort,256,1.3899162639460239,2.011535765322217,0.690972682617642,2213326848.0,cell,False,True
TempRain/tshort,384,1.340956808235473,2.011535765322217,0.6666333412275532,3146575872.0,cell,False,True
TempRain/tshort,512,1.3284329139639064,2.011535765322217,0.6604073051373819,4082184192.0,cell,False,True
