cell,window,mase,naive_mase,normalized_mase,flops,flops_weighting,is_native,within_cell_pareto
JenaWeather-10T/tshort,native,0.2851258147342194,0.7428874675800381,0.3838075444495235,15975831552.0,cell,True,False
JenaWeather-10T/tshort,32,0.42730598198501624,0.7428874675800381,0.5751961106262419,265445376.0,cell,False,True
JenaWeather-10T/tshort,48,0.3671936554433256,0.7428874675800381,0.4942789742293835,303562752.0,cell,False,True
JenaWeather-10T/tshort,64,0.3819333908325181,0.7428874675800381,0.514120115764867,360830976.0,cell,False,False
JenaWeather-10T/tshort,96,0.3534584387925879,0.7428874675800381,0.475790014258797,456523776.0,cell,False,True
JenaWeather-10T/tshort,128,0.3597593045318854,0.7428874675800381,0.4842716026746342,571760640.0,cell,False,False
JenaWeather-10T/tshort,192,0.3328022035972776,0.7428874675800381,0.44798467886580917,764805120.0,cell,False,True
JenaWeather-10T/tshort,256,0.31938703068888885,0.7428874675800381,0.4299265294234868,978573312.0,cell,False,True
JenaWeather-10T/tshort,384,0.3045722355562915,0.7428874675800381,0.409984350050268,1390804992.0,cell,False,True
JenaWeather-10T/tshort,512,0.30073635710568697,0.7428874675800381,0.40482087830252145,1828478976.0,cell,False,True
JenaWeather-10T/tshort,768,0.2863910968259955,0.7428874675800381,0.38551073927645707,2680553472.0,cell,False,True
JenaWeather-10T/tshort,1024,0.30389716724550925,0.7428874675800381,0.4090756413423647,3575371776.0,cell,False,False
JenaWeather-10T/tshort,1536,0.29995397239354826,0.7428874675800381,0.40376771110522397,5411045376.0,cell,False,False
JenaWeather-10T/tshort,2048,0.2917470133993694,0.7428874675800381,0.3927203326632197,7358668800.0,cell,False,False
JenaWeather-10T/tshort,2560,0.28893522152160667,0.7428874675800381,0.38893538272063666,9372948480.0,cell,False,False
JenaWeather-10T/tshort,3072,0.2859443194968792,0.7428874675800381,0.3849093328069528,11476008960.0,cell,False,True
JenaWeather-10T/tshort,4096,0.2851258145331404,0.7428874675800381,0.38380754417885127,15975831552.0,cell,False,True
JenaWeather-10T/tmedium,native,0.6137923931904328,0.7160100391723763,0.8572399262724094,17977989120.0,cell,True,False
JenaWeather-10T/tmedium,32,0.8171497858147349,0.7160100391723763,1.141254648830433,1668636672.0,cell,False,True
JenaWeather-10T/tmedium,48,0.6891028855503117,0.7160100391723763,0.9624207034119716,1708523520.0,cell,False,True
JenaWeather-10T/tmedium,64,0.6563652404231387,0.7160100391723763,0.9166983764387159,1768445952.0,cell,False,True
JenaWeather-10T/tmedium,96,0.6454476288127937,0.7160100391723763,0.9014505293233815,1868562432.0,cell,False,True
JenaWeather-10T/tmedium,128,0.6536067614900146,0.7160100391723763,0.9128458062480624,1989107712.0,cell,False,False
JenaWeather-10T/tmedium,192,0.6772670493933213,0.7160100391723763,0.9458904377600106,2190999552.0,cell,False,False
JenaWeather-10T/tmedium,256,0.6535547621543464,0.7160100391723763,0.9127731824958476,2414499840.0,cell,False,False
JenaWeather-10T/tmedium,384,0.6357182922539014,0.7160100391723763,0.8878622609659458,2845310976.0,cell,False,True
JenaWeather-10T/tmedium,512,0.6063211528992559,0.7160100391723763,0.8468053794330763,3302449152.0,cell,False,True
JenaWeather-10T/tmedium,768,0.6344708487686341,0.7160100391723763,0.886120045889312,4191682560.0,cell,False,False
JenaWeather-10T/tmedium,1024,0.6879813451914073,0.7160100391723763,0.9608543282251086,5124544512.0,cell,False,False
JenaWeather-10T/tmedium,1536,0.6454718657898479,0.7160100391723763,0.9014843793753755,7035420672.0,cell,False,False
JenaWeather-10T/tmedium,2048,0.6471420140663217,0.7160100391723763,0.9038169559945585,9059131392.0,cell,False,False
JenaWeather-10T/tmedium,2560,0.6419437519498679,0.7160100391723763,0.8965569151682281,11148613632.0,cell,False,False
JenaWeather-10T/tmedium,3072,0.6175866136142165,0.7160100391723763,0.8625390425085021,13326876672.0,cell,False,False
JenaWeather-10T/tmedium,4096,0.6137923929898133,0.7160100391723763,0.8572399259922184,17977989120.0,cell,False,False
JenaWeather-10T/tlong,native,0.6254494734222188,0.7614923703210493,0.8213469993908487,19117824000.0,cell,True,True
JenaWeather-10T/tlong,32,0.8056849094396569,0.7614923703210493,1.0580341193700677,2475712512.0,cell,False,True
JenaWeather-10T/tlong,48,0.7598189532296792,0.7614923703210493,0.9978024506133074,2516582400.0,cell,False,True
JenaWeather-10T/tlong,64,0.7466274611921563,0.7614923703210493,0.9804792408850717,2577979392.0,cell,False,True
JenaWeather-10T/tlong,96,0.7173628692930095,0.7614923703210493,0.942048662930878,2680553472.0,cell,False,True
JenaWeather-10T/tlong,128,0.72675774653843,0.7614923703210493,0.9543861171347323,2804047872.0,cell,False,False
JenaWeather-10T/tlong,192,0.7349963865636677,0.7614923703210493,0.9652051881410043,3010854912.0,cell,False,False
JenaWeather-10T/tlong,256,0.6790831114569783,0.7614923703210493,0.8917792717616766,3239761920.0,cell,False,True
JenaWeather-10T/tlong,384,0.6847031836575324,0.7614923703210493,0.899159611236627,3680894976.0,cell,False,False
JenaWeather-10T/tlong,512,0.6977307660308157,0.7614923703210493,0.9162675730245973,4148846592.0,cell,False,False
JenaWeather-10T/tlong,768,0.6791159088180634,0.7614923703210493,0.8918223416102573,5058723840.0,cell,False,False
JenaWeather-10T/tlong,1024,0.7262783569083029,0.7614923703210493,0.9537565774980779,6012721152.0,cell,False,False
JenaWeather-10T/tlong,1536,0.6956051436740771,0.7614923703210493,0.9134761828024701,7965376512.0,cell,False,False
JenaWeather-10T/tlong,2048,0.6604537653999378,0.7614923703210493,0.8673150134406297,10031357952.0,cell,False,True
JenaWeather-10T/tlong,2560,0.6481683977693756,0.7614923703210493,0.851181736064019,12162619392.0,cell,False,True
JenaWeather-10T/tlong,3072,0.6374317692067603,0.7614923703210493,0.8370822795480085,14382661632.0,cell,False,True
JenaWeather-10T/tlong,4096,0.6254494744477493,0.7614923703210493,0.8213470007375865,19117824000.0,cell,False,False
JenaWeather-H/tshort,native,0.5202211599982309,0.7229102185557323,0.7196207034361138,15975831552.0,cell,True,False
JenaWeather-H/tshort,32,0.6305151866871648,0.7229102185557323,0.8721901703739101,265445376.0,cell,False,True
JenaWeather-H/tshort,48,0.5950678557415289,0.7229102185557323,0.8231559610962291,303562752.0,cell,False,True
JenaWeather-H/tshort,64,0.5930726309748442,0.7229102185557323,0.8203959713831623,360830976.0,cell,False,True
JenaWeather-H/tshort,96,0.5658546725896441,0.7229102185557323,0.7827454337554364,456523776.0,cell,False,True
JenaWeather-H/tshort,128,0.5471789735381337,0.7229102185557323,0.7569113833130154,571760640.0,cell,False,True
JenaWeather-H/tshort,192,0.5398492868452337,0.7229102185557323,0.7467722450012848,764805120.0,cell,False,True
JenaWeather-H/tshort,256,0.5348415346311973,0.7229102185557323,0.7398450331767775,978573312.0,cell,False,True
JenaWeather-H/tshort,384,0.5321942346297628,0.7229102185557323,0.7361830293297114,1390804992.0,cell,False,True
JenaWeather-H/tshort,512,0.5371045965464295,0.7229102185557323,0.7429755213856086,1828478976.0,cell,False,False
JenaWeather-H/tshort,768,0.5311397047318402,0.7229102185557323,0.7347243006095263,2680553472.0,cell,False,True
JenaWeather-H/tshort,1024,0.5336208131812411,0.7229102185557323,0.7381564120747063,3575371776.0,cell,False,False
JenaWeather-H/tshort,1536,0.5263483543672589,0.7229102185557323,0.7280964369528834,5411045376.0,cell,False,True
JenaWeather-H/tshort,2048,0.5239297142178044,0.7229102185557323,0.724750737739658,7358668800.0,cell,False,True
JenaWeather-H/tshort,2560,0.5232468237503959,0.7229102185557323,0.7238060969670143,9372948480.0,cell,False,True
JenaWeather-H/tshort,3072,0.524021036643313,0.7229102185557323,0.7248770638354366,11476008960.0,cell,False,False
JenaWeather-H/tshort,4096,0.5202211595079905,0.7229102185557323,0.7196207027579655,15975831552.0,cell,False,True
JenaWeather-H/tmedium,native,0.7847649549881168,0.8886133410507664,0.8831343383390451,17977989120.0,cell,True,False
JenaWeather-H/tmedium,32,0.7716026397166897,0.8886133410507664,0.8683221420064277,1668636672.0,cell,False,True
JenaWeather-H/tmedium,48,0.7939981188612385,0.8886133410507664,0.893524868670498,1708523520.0,cell,False,False
JenaWeather-H/tmedium,64,0.8947508337362448,0.8886133410507664,1.0069068203254983,1768445952.0,cell,False,False
JenaWeather-H/tmedium,96,0.8798489498378684,0.8886133410507664,0.9901370024418784,1868562432.0,cell,False,False
JenaWeather-H/tmedium,128,0.8893701442014526,0.8886133410507664,1.0008516675540695,1989107712.0,cell,False,False
JenaWeather-H/tmedium,192,0.8457932050571544,0.8886133410507664,0.951812409272431,2190999552.0,cell,False,False
JenaWeather-H/tmedium,256,0.8768280652021663,0.8886133410507664,0.9867374533960246,2414499840.0,cell,False,False
JenaWeather-H/tmedium,384,0.7975694176331696,0.8886133410507664,0.8975438256306851,2845310976.0,cell,False,False
JenaWeather-H/tmedium,512,0.8544263357292464,0.8886133410507664,0.9615276929321199,3302449152.0,cell,False,False
JenaWeather-H/tmedium,768,0.8141559113756196,0.8886133410507664,0.9162094172622904,4191682560.0,cell,False,False
JenaWeather-H/tmedium,1024,0.9102959233435408,0.8886133410507664,1.0244004690129176,5124544512.0,cell,False,False
JenaWeather-H/tmedium,1536,0.8462590693381435,0.8886133410507664,0.9523366691045401,7035420672.0,cell,False,False
JenaWeather-H/tmedium,2048,0.8069340215347883,0.8886133410507664,0.9080822718468372,9059131392.0,cell,False,False
JenaWeather-H/tmedium,2560,0.799671984294607,0.8886133410507664,0.8999099466017603,11148613632.0,cell,False,False
JenaWeather-H/tmedium,3072,0.7977101698123884,0.8886133410507664,0.897702220933475,13326876672.0,cell,False,False
JenaWeather-H/tmedium,4096,0.7847649594103558,0.8886133410507664,0.8831343433156067,17977989120.0,cell,False,False
JenaWeather-H/tlong,native,0.9851971669707404,1.267717847392006,0.7771423026011055,19117824000.0,cell,True,False
JenaWeather-H/tlong,32,1.2901627619891902,1.267717847392006,1.0177049764214952,2475712512.0,cell,False,True
JenaWeather-H/tlong,48,1.3764101711512613,1.267717847392006,1.0857385765948322,2516582400.0,cell,False,False
JenaWeather-H/tlong,64,1.3242447927261842,1.267717847392006,1.044589531850851,2577979392.0,cell,False,False
JenaWeather-H/tlong,96,1.2499890577605117,1.267717847392006,0.9860151928380857,2680553472.0,cell,False,True
JenaWeather-H/tlong,128,1.3576381580614536,1.267717847392006,1.0709308548857577,2804047872.0,cell,False,False
JenaWeather-H/tlong,192,1.1556064770911862,1.267717847392006,0.9115644143281099,3010854912.0,cell,False,True
JenaWeather-H/tlong,256,1.2304182204563512,1.267717847392006,0.970577343363597,3239761920.0,cell,False,False
JenaWeather-H/tlong,384,1.1792605172735893,1.267717847392006,0.930223172056468,3680894976.0,cell,False,False
JenaWeather-H/tlong,512,1.102886142507364,1.267717847392006,0.8699776095889635,4148846592.0,cell,False,True
JenaWeather-H/tlong,768,1.087963463292828,1.267717847392006,0.8582063158068057,5058723840.0,cell,False,True
JenaWeather-H/tlong,1024,1.0713206754338134,1.267717847392006,0.8450781675415961,6012721152.0,cell,False,True
JenaWeather-H/tlong,1536,1.005467043423444,1.267717847392006,0.7931315674792513,7965376512.0,cell,False,True
JenaWeather-H/tlong,2048,0.989926136538902,1.267717847392006,0.7808726039279269,10031357952.0,cell,False,True
JenaWeather-H/tlong,2560,0.9571001456589373,1.267717847392006,0.7549788366771971,12162619392.0,cell,False,True
JenaWeather-H/tlong,3072,1.0018090640174833,1.267717847392006,0.7902460836048338,14382661632.0,cell,False,False
JenaWeather-H/tlong,4096,0.9851971554066666,1.267717847392006,0.7771422934791437,19117824000.0,cell,False,False
JenaWeather-D/tshort,native,0.9940872122141295,1.5734140297468562,0.6318026872901765,1125215232.0,cell,True,True
JenaWeather-D/tshort,32,1.2838583178627299,1.5734140297468562,0.8159697915425907,208361472.0,cell,False,True
JenaWeather-D/tshort,48,1.270423408078335,1.5734140297468562,0.8074310919184642,246405120.0,cell,False,True
JenaWeather-D/tshort,64,1.2525944310700932,1.5734140297468562,0.7960996961947905,303562752.0,cell,False,True
JenaWeather-D/tshort,96,1.233340728057872,1.5734140297468562,0.7838628007253133,399071232.0,cell,False,True
JenaWeather-D/tshort,128,1.196881840527472,1.5734140297468562,0.7606909674753797,514086912.0,cell,False,True
JenaWeather-D/tshort,192,1.07777100052257,1.5734140297468562,0.684988807870215,706762752.0,cell,False,True
JenaWeather-D/tshort,256,1.1118489393368283,1.5734140297468562,0.7066474038722736,920125440.0,cell,False,False
BizITObsApp/tshort,native,1.226660122949015,2.242330238675541,0.5470470414177514,16030586880.0,cell,True,False
BizITObsApp/tshort,32,3.242751706323276,2.242330238675541,1.446152600715337,303562752.0,cell,False,True
BizITObsApp/tshort,48,3.6878776196924106,2.242330238675541,1.6446630188917664,341729280.0,cell,False,False
BizITObsApp/tshort,64,3.4456911676058946,2.242330238675541,1.536656424720532,399071232.0,cell,False,False
BizITObsApp/tshort,96,3.1215233620044405,2.242330238675541,1.392089045656453,494886912.0,cell,False,True
BizITObsApp/tshort,128,2.924862999109017,2.242330238675541,1.3043854775096027,610271232.0,cell,False,True
BizITObsApp/tshort,192,3.4565548199465708,2.242330238675541,1.5415012295371024,803561472.0,cell,False,False
BizITObsApp/tshort,256,2.1286776613576377,2.242330238675541,0.9493149691523433,1017600000.0,cell,False,True
BizITObsApp/tshort,384,1.8169758268953142,2.242330238675541,0.81030697243263,1430347776.0,cell,False,True
BizITObsApp/tshort,512,1.6313531236209298,2.242330238675541,0.7275258101966764,1868562432.0,cell,False,True
BizITObsApp/tshort,768,1.2925808182250706,2.242330238675541,0.5764453406241129,2721669120.0,cell,False,True
BizITObsApp/tshort,1024,1.17612954073231,2.242330238675541,0.5245121884575774,3617544192.0,cell,False,True
BizITObsApp/tshort,1536,1.2743251320400923,2.242330238675541,0.5683039500875605,5455306752.0,cell,False,False
BizITObsApp/tshort,2048,1.2506803566475753,2.242330238675541,0.5577592163169973,7405043712.0,cell,False,False
BizITObsApp/tshort,2560,1.228062489113426,2.242330238675541,0.5476724471408795,9421412352.0,cell,False,False
BizITObsApp/tshort,3072,1.2208429086230042,2.242330238675541,0.5444527695189578,11526561792.0,cell,False,False
BizITObsApp/tshort,4096,1.2266601249623348,2.242330238675541,0.5470470423156208,16030586880.0,cell,False,False
BizITObsApp/tmedium,native,2.552926133886221,2.6914183385868085,0.948543040405489,18545448960.0,cell,True,False
BizITObsApp/tmedium,32,6.76289860666775,2.6914183385868085,2.5127638129339513,2069716992.0,cell,False,True
BizITObsApp/tmedium,48,9.400668685023794,2.6914183385868085,3.492830731754556,2110095360.0,cell,False,False
BizITObsApp/tmedium,64,8.13000678493914,2.6914183385868085,3.020714642677209,2170755072.0,cell,False,False
BizITObsApp/tmedium,96,10.941831033943542,2.6914183385868085,4.0654516160014,2272100352.0,cell,False,False
BizITObsApp/tmedium,128,7.593395425418668,2.6914183385868085,2.8213359909726097,2394120192.0,cell,False,False
BizITObsApp/tmedium,192,5.046917774482812,2.6914183385868085,1.8751888928321758,2598469632.0,cell,False,True
BizITObsApp/tmedium,256,2.931053956758946,2.6914183385868085,1.0890369270122324,2824673280.0,cell,False,True
BizITObsApp/tmedium,384,2.7482936376472664,2.6914183385868085,1.0211320916726463,3260645376.0,cell,False,True
BizITObsApp/tmedium,512,2.808091403109085,2.6914183385868085,1.0433500295548772,3723190272.0,cell,False,False
BizITObsApp/tmedium,768,2.298698632129016,2.6914183385868085,0.8540844799831456,4622745600.0,cell,False,True
BizITObsApp/tmedium,1024,2.415564189103495,2.6914183385868085,0.8975060303601271,5566175232.0,cell,False,False
BizITObsApp/tmedium,1536,2.4103294354780607,2.6914183385868085,0.8955610508114692,7497940992.0,cell,False,False
BizITObsApp/tmedium,2048,2.5001208842787612,2.6914183385868085,0.9289231809245633,9542787072.0,cell,False,False
BizITObsApp/tmedium,2560,2.578267287128543,2.6914183385868085,0.957958579000514,11653158912.0,cell,False,False
BizITObsApp/tmedium,3072,2.5350789319037155,2.6914183385868085,0.9419118891917848,13852311552.0,cell,False,False
BizITObsApp/tmedium,4096,2.552925988105883,2.6914183385868085,0.948542986240614,18545448960.0,cell,False,False
BizITObsApp/tlong,native,3.351325326177784,3.2063450561622804,1.0452166773931164,19985602560.0,cell,True,False
BizITObsApp/tlong,32,9.095751896388212,3.2063450561622804,2.836797580131642,3093921792.0,cell,False,True
BizITObsApp/tlong,48,8.846201132349439,3.2063450561622804,2.758967290606452,3135528960.0,cell,False,True
BizITObsApp/tlong,64,7.299511850847153,3.2063450561622804,2.2765833754599205,3198031872.0,cell,False,True
BizITObsApp/tlong,96,8.61898338626389,3.2063450561622804,2.6881022582703786,3302449152.0,cell,False,False
BizITObsApp/tlong,128,6.78827371321422,3.2063450561622804,2.11713761130226,3428155392.0,cell,False,True
BizITObsApp/tlong,192,4.992461541239742,3.2063450561622804,1.5570568525195756,3638648832.0,cell,False,True
BizITObsApp/tlong,256,3.6724233052651027,3.2063450561622804,1.1453612262370407,3871610880.0,cell,False,True
BizITObsApp/tlong,384,3.742733723774507,3.2063450561622804,1.1672897514824052,4320485376.0,cell,False,False
BizITObsApp/tlong,512,3.1917623502878714,3.2063450561622804,0.9954519224790287,4796547072.0,cell,False,True
BizITObsApp/tlong,768,3.0947553181009373,3.2063450561622804,0.9651972148640463,5721907200.0,cell,False,True
BizITObsApp/tlong,1024,2.9231482215996443,3.2063450561622804,0.9116761204417598,6691756032.0,cell,False,True
BizITObsApp/tlong,1536,3.1616710222240414,3.2063450561622804,0.9860669911828798,8675745792.0,cell,False,False
BizITObsApp/tlong,2048,3.2665833312108035,3.2063450561622804,1.0187872091098713,10773430272.0,cell,False,False
BizITObsApp/tlong,2560,3.32599239299761,3.2063450561622804,1.0373158018677306,12936026112.0,cell,False,False
BizITObsApp/tlong,3072,3.2969657688165124,3.2063450561622804,1.0282629321133319,15187402752.0,cell,False,False
BizITObsApp/tlong,4096,3.3513254202743763,3.2063450561622804,1.0452167067401115,19985602560.0,cell,False,False
BizITObsService/tshort,native,0.7828472422266848,1.225305042620374,0.6388998779867323,16030586880.0,cell,True,False
BizITObsService/tshort,32,2.087137299256174,1.225305042620374,1.7033613889262464,303562752.0,cell,False,True
BizITObsService/tshort,48,2.09132121634104,1.225305042620374,1.7067759811619223,341729280.0,cell,False,False
BizITObsService/tshort,64,2.572009190983718,1.225305042620374,2.0990766393022855,399071232.0,cell,False,False
BizITObsService/tshort,96,2.396795781948837,1.225305042620374,1.9560808929857771,494886912.0,cell,False,False
BizITObsService/tshort,128,2.3813808590496945,1.225305042620374,1.943500415175797,610271232.0,cell,False,False
BizITObsService/tshort,192,2.3481365254058395,1.225305042620374,1.9163689397574306,803561472.0,cell,False,False
BizITObsService/tshort,256,2.086978054178388,1.225305042620374,1.7032314253071912,1017600000.0,cell,False,True
BizITObsService/tshort,384,1.130007280264709,1.225305042620374,0.9222252753062485,1430347776.0,cell,False,True
BizITObsService/tshort,512,0.992216726437601,1.225305042620374,0.8097711932333989,1868562432.0,cell,False,True
BizITObsService/tshort,768,0.8591691390214882,1.225305042620374,0.70118795657946,2721669120.0,cell,False,True
BizITObsService/tshort,1024,0.8081309661590687,1.225305042620374,0.6595345143041618,3617544192.0,cell,False,True
BizITObsService/tshort,1536,0.8209830866615981,1.225305042620374,0.6700234293542824,5455306752.0,cell,False,False
BizITObsService/tshort,2048,0.8143592708686408,1.225305042620374,0.6646175789231179,7405043712.0,cell,False,False
BizITObsService/tshort,2560,0.7924718440830114,1.225305042620374,0.6467547398550423,9421412352.0,cell,False,True
BizITObsService/tshort,3072,0.7819952913253034,1.225305042620374,0.638204581002106,11526561792.0,cell,False,True
BizITObsService/tshort,4096,0.7828472421713866,1.225305042620374,0.6388998779416022,16030586880.0,cell,False,False
BizITObsService/tmedium,native,1.1349948964688226,1.3205790727650968,0.8594675774259481,18545448960.0,cell,True,False
BizITObsService/tmedium,32,3.88246780468509,1.3205790727650968,2.9399737469379836,2069716992.0,cell,False,True
BizITObsService/tmedium,48,4.412516119222681,1.3205790727650968,3.3413494202838807,2110095360.0,cell,False,False
BizITObsService/tmedium,64,4.328221616071488,1.3205790727650968,3.27751795052214,2170755072.0,cell,False,False
BizITObsService/tmedium,96,4.987234744462542,1.3205790727650968,3.7765513987890267,2272100352.0,cell,False,False
BizITObsService/tmedium,128,4.166149953727087,1.3205790727650968,3.1547902277474282,2394120192.0,cell,False,False
BizITObsService/tmedium,192,2.686219913817243,1.3205790727650968,2.034122733894834,2598469632.0,cell,False,True
BizITObsService/tmedium,256,1.6666736389347794,1.3205790727650968,1.2620778818227159,2824673280.0,cell,False,True
BizITObsService/tmedium,384,1.6218108545008152,1.3205790727650968,1.2281058271694278,3260645376.0,cell,False,True
BizITObsService/tmedium,512,1.4289104390109957,1.3205790727650968,1.0820332295733486,3723190272.0,cell,False,True
BizITObsService/tmedium,768,1.1942677791535095,1.3205790727650968,0.9043515861968718,4622745600.0,cell,False,True
BizITObsService/tmedium,1024,1.1029352547391977,1.3205790727650968,0.8351906201495491,5566175232.0,cell,False,True
BizITObsService/tmedium,1536,1.1465133201145854,1.3205790727650968,0.8681898295676884,7497940992.0,cell,False,False
BizITObsService/tmedium,2048,1.1139031902064105,1.3205790727650968,0.8434960186625269,9542787072.0,cell,False,False
BizITObsService/tmedium,2560,1.1241883322591157,1.3205790727650968,0.8512843762586909,11653158912.0,cell,False,False
BizITObsService/tmedium,3072,1.0948895705121506,1.3205790727650968,0.8290980775726017,13852311552.0,cell,False,True
BizITObsService/tmedium,4096,1.1349948834584613,1.3205790727650968,0.8594675675739358,18545448960.0,cell,False,False
BizITObsService/tlong,native,1.3291486400508674,1.367193469742303,0.972173046073277,19985602560.0,cell,True,False
BizITObsService/tlong,32,4.382055851730488,1.367193469742303,3.205146856469732,3093921792.0,cell,False,True
BizITObsService/tlong,48,4.584634344028411,1.367193469742303,3.3533179067133427,3135528960.0,cell,False,False
BizITObsService/tlong,64,4.857959661691415,1.367193469742303,3.5532349804209296,3198031872.0,cell,False,False
BizITObsService/tlong,96,3.9789844808621075,1.367193469742303,2.910330226790866,3302449152.0,cell,False,True
BizITObsService/tlong,128,3.9830910240077286,1.367193469742303,2.9133338566622076,3428155392.0,cell,False,False
BizITObsService/tlong,192,2.2423979081676086,1.367193469742303,1.6401467369429943,3638648832.0,cell,False,True
BizITObsService/tlong,256,1.9320470210326053,1.367193469742303,1.4131482220996634,3871610880.0,cell,False,True
BizITObsService/tlong,384,1.9649019043428848,1.367193469742303,1.4371791175342885,4320485376.0,cell,False,False
BizITObsService/tlong,512,1.5235955246524242,1.367193469742303,1.1143964320862365,4796547072.0,cell,False,True
BizITObsService/tlong,768,1.3627710707099454,1.367193469742303,0.9967653451174023,5721907200.0,cell,False,True
BizITObsService/tlong,1024,1.3273524831930508,1.367193469742303,0.9708592913651338,6691756032.0,cell,False,True
BizITObsService/tlong,1536,1.3380417308769192,1.367193469742303,0.9786776783896735,8675745792.0,cell,False,False
BizITObsService/tlong,2048,1.3353498152841885,1.367193469742303,0.9767087430105145,10773430272.0,cell,False,False
BizITObsService/tlong,2560,1.3313430973418932,1.367193469742303,0.9737781278262198,12936026112.0,cell,False,False
BizITObsService/tlong,3072,1.3086595533316805,1.367193469742303,0.9571868080808964,15187402752.0,cell,False,True
BizITObsService/tlong,4096,1.3291486517341706,1.367193469742303,0.9721730546187415,19985602560.0,cell,False,False
BizITObsL2C-5T/tshort,native,0.2819710199502145,0.9860210805885202,0.2859685512828146,15975831552.0,cell,True,False
BizITObsL2C-5T/tshort,32,0.3115295306807671,0.9860210805885202,0.31594611597434247,265445376.0,cell,False,True
BizITObsL2C-5T/tshort,48,0.2995153458846632,0.9860210805885202,0.3037616048795766,303562752.0,cell,False,True
BizITObsL2C-5T/tshort,64,0.2989735717183645,0.9860210805885202,0.30321214992677237,360830976.0,cell,False,True
BizITObsL2C-5T/tshort,96,0.3054284295093778,0.9860210805885202,0.30975851888184647,456523776.0,cell,False,False
BizITObsL2C-5T/tshort,128,0.32470685102797703,0.9860210805885202,0.3293102525091769,571760640.0,cell,False,False
BizITObsL2C-5T/tshort,192,0.3220441347391801,0.9860210805885202,0.3266097866254174,764805120.0,cell,False,False
BizITObsL2C-5T/tshort,256,0.31645336207817826,0.9860210805885202,0.32093975302160754,978573312.0,cell,False,False
BizITObsL2C-5T/tshort,384,0.30926090677585916,0.9860210805885202,0.3136453295615876,1390804992.0,cell,False,False
BizITObsL2C-5T/tshort,512,0.3118650839076697,0.9860210805885202,0.3162864263728811,1828478976.0,cell,False,False
BizITObsL2C-5T/tshort,768,0.30861344279071024,0.9860210805885202,0.31298868641480776,2680553472.0,cell,False,False
BizITObsL2C-5T/tshort,1024,0.3171472464594145,0.9860210805885202,0.32164347467106974,3575371776.0,cell,False,False
BizITObsL2C-5T/tshort,1536,0.3043747270344056,0.9860210805885202,0.30868987796156994,5411045376.0,cell,False,False
BizITObsL2C-5T/tshort,2048,0.27546096256263447,0.9860210805885202,0.2793662001609761,7358668800.0,cell,False,True
BizITObsL2C-5T/tshort,2560,0.2801087744198828,0.9860210805885202,0.2840799045114695,9372948480.0,cell,False,False
BizITObsL2C-5T/tshort,3072,0.2789686863612221,0.9860210805885202,0.2829236533104503,11476008960.0,cell,False,False
BizITObsL2C-5T/tshort,4096,0.2819710206322183,0.9860210805885202,0.28596855197448723,15975831552.0,cell,False,False
BizITObsL2C-5T/tmedium,native,0.4910989160708993,1.2435997989335994,0.3949010899583789,17977989120.0,cell,True,False
BizITObsL2C-5T/tmedium,32,0.8492883378656665,1.2435997989335994,0.6829273682690691,1668636672.0,cell,False,True
BizITObsL2C-5T/tmedium,48,0.933818136770822,1.2435997989335994,0.7508992342806596,1708523520.0,cell,False,False
BizITObsL2C-5T/tmedium,64,0.9256672536797227,1.2435997989335994,0.744344968914833,1768445952.0,cell,False,False
BizITObsL2C-5T/tmedium,96,0.9611064481331116,1.2435997989335994,0.7728422350641027,1868562432.0,cell,False,False
BizITObsL2C-5T/tmedium,128,1.0038824599577276,1.2435997989335994,0.8072391623242203,1989107712.0,cell,False,False
BizITObsL2C-5T/tmedium,192,0.8810314466704579,1.2435997989335994,0.7084525483406736,2190999552.0,cell,False,False
BizITObsL2C-5T/tmedium,256,0.9389465923901817,1.2435997989335994,0.7550231137021242,2414499840.0,cell,False,False
BizITObsL2C-5T/tmedium,384,0.911675162267062,1.2435997989335994,0.7330936874136146,2845310976.0,cell,False,False
BizITObsL2C-5T/tmedium,512,0.9157876379852918,1.2435997989335994,0.7364005999121179,3302449152.0,cell,False,False
BizITObsL2C-5T/tmedium,768,1.0028011813618358,1.2435997989335994,0.8063696875970461,4191682560.0,cell,False,False
BizITObsL2C-5T/tmedium,1024,1.0583632252373139,1.2435997989335994,0.851048083269933,5124544512.0,cell,False,False
BizITObsL2C-5T/tmedium,1536,0.7052285633790607,1.2435997989335994,0.5670864244138685,7035420672.0,cell,False,True
BizITObsL2C-5T/tmedium,2048,0.5454734402697546,1.2435997989335994,0.4386245806227246,9059131392.0,cell,False,True
BizITObsL2C-5T/tmedium,2560,0.5263105795275104,1.2435997989335994,0.4232153945174545,11148613632.0,cell,False,True
BizITObsL2C-5T/tmedium,3072,0.5520922158929537,1.2435997989335994,0.4439468520068746,13326876672.0,cell,False,False
BizITObsL2C-5T/tmedium,4096,0.49109890783821775,1.2435997989335994,0.394901083338338,17977989120.0,cell,False,True
BizITObsL2C-5T/tlong,native,0.4760492636821865,1.4542830442631411,0.32734292375896606,19117824000.0,cell,True,True
BizITObsL2C-5T/tlong,32,1.2367184698760025,1.4542830442631411,0.8503973657360664,2475712512.0,cell,False,True
BizITObsL2C-5T/tlong,48,1.2496757031349186,1.4542830442631411,0.85930707097538,2516582400.0,cell,False,False
BizITObsL2C-5T/tlong,64,1.260491602059395,1.4542830442631411,0.8667443432224455,2577979392.0,cell,False,False
BizITObsL2C-5T/tlong,96,1.2600416021027576,1.4542830442631411,0.8664349124287548,2680553472.0,cell,False,False
BizITObsL2C-5T/tlong,128,1.2720579880024567,1.4542830442631411,0.8746976683943843,2804047872.0,cell,False,False
BizITObsL2C-5T/tlong,192,1.2805572301601018,1.4542830442631411,0.8805419517277924,3010854912.0,cell,False,False
BizITObsL2C-5T/tlong,256,1.3055011662089455,1.4542830442631411,0.8976940021125113,3239761920.0,cell,False,False
BizITObsL2C-5T/tlong,384,1.2477755847602972,1.4542830442631411,0.8580005038788873,3680894976.0,cell,False,False
BizITObsL2C-5T/tlong,512,1.298224345257811,1.4542830442631411,0.892690285002668,4148846592.0,cell,False,False
BizITObsL2C-5T/tlong,768,1.5028647777243747,1.4542830442631411,1.0334059684274521,5058723840.0,cell,False,False
BizITObsL2C-5T/tlong,1024,1.4050637748816708,1.4542830442631411,0.966155646539626,6012721152.0,cell,False,False
BizITObsL2C-5T/tlong,1536,0.7056669416553111,1.4542830442631411,0.48523356195276257,7965376512.0,cell,False,True
BizITObsL2C-5T/tlong,2048,0.5161065055233207,1.4542830442631411,0.35488724671532046,10031357952.0,cell,False,True
BizITObsL2C-5T/tlong,2560,0.5236731288157439,1.4542830442631411,0.36009023888542935,12162619392.0,cell,False,False
BizITObsL2C-5T/tlong,3072,0.5431310779794754,1.4542830442631411,0.37346999273767234,14382661632.0,cell,False,False
BizITObsL2C-5T/tlong,4096,0.4760492668040154,1.4542830442631411,0.3273429259056107,19117824000.0,cell,False,False
BizITObsL2C-H/tshort,native,0.4443502294784897,1.214064126760004,0.3660022726018069,9108422656.0,cell,True,False
BizITObsL2C-H/tshort,32,1.0806613892879837,1.214064126760004,0.8901188705509034,265445376.0,cell,False,True
BizITObsL2C-H/tshort,48,1.046954858219913,1.214064126760004,0.862355484478354,303562752.0,cell,False,True
BizITObsL2C-H/tshort,64,1.1318031366418702,1.214064126760004,0.932243290692012,360830976.0,cell,False,False
BizITObsL2C-H/tshort,96,1.0390848075946264,1.214064126760004,0.8558730833828784,456523776.0,cell,False,True
BizITObsL2C-H/tshort,128,0.7441662766819587,1.214064126760004,0.6129546704159107,571760640.0,cell,False,True
BizITObsL2C-H/tshort,192,0.558750649602077,1.214064126760004,0.46023157861786546,764805120.0,cell,False,True
BizITObsL2C-H/tshort,256,0.5923716814707342,1.214064126760004,0.4879245407337812,978573312.0,cell,False,False
BizITObsL2C-H/tshort,384,0.5148939937007673,1.214064126760004,0.4241077405646394,1390804992.0,cell,False,True
BizITObsL2C-H/tshort,512,0.47620178254757367,1.214064126760004,0.39223775091553226,1828478976.0,cell,False,True
BizITObsL2C-H/tshort,768,0.4535396981457281,1.214064126760004,0.37357145158064925,2680553472.0,cell,False,True
BizITObsL2C-H/tshort,1024,0.44726763094406036,1.214064126760004,0.36840527702411563,3575371776.0,cell,False,True
BizITObsL2C-H/tshort,1536,0.43397805462320127,1.214064126760004,0.3574589225211412,5411045376.0,cell,False,True
BizITObsL2C-H/tshort,2048,0.43783653701778075,1.214064126760004,0.36063707621955965,7358668800.0,cell,False,False
BizITObsL2C-H/tshort,2560,0.4438677659748065,1.214064126760004,0.36560487719817963,9372948480.0,cell,False,False
BizITObsL2C-H/tmedium,native,0.4716119624074557,1.5102861226255864,0.31226663301889623,9591422976.0,cell,True,False
BizITObsL2C-H/tmedium,32,1.229800207309478,1.5102861226255864,0.8142829288343774,1668636672.0,cell,False,True
BizITObsL2C-H/tmedium,48,0.944616137594788,1.5102861226255864,0.6254550865849192,1708523520.0,cell,False,True
BizITObsL2C-H/tmedium,64,1.0479491110396246,1.5102861226255864,0.693874554854412,1768445952.0,cell,False,False
BizITObsL2C-H/tmedium,96,0.8428052643742551,1.5102861226255864,0.5580434407415886,1868562432.0,cell,False,True
BizITObsL2C-H/tmedium,128,0.704367203894544,1.5102861226255864,0.4663799748553758,1989107712.0,cell,False,True
BizITObsL2C-H/tmedium,192,0.6252967972729488,1.5102861226255864,0.41402538757748064,2190999552.0,cell,False,True
BizITObsL2C-H/tmedium,256,0.560097152741097,1.5102861226255864,0.3708549951895109,2414499840.0,cell,False,True
BizITObsL2C-H/tmedium,384,0.5355904069358663,1.5102861226255864,0.3546284368982738,2845310976.0,cell,False,True
BizITObsL2C-H/tmedium,512,0.49235628934153197,1.5102861226255864,0.3260019952282853,3302449152.0,cell,False,True
BizITObsL2C-H/tmedium,768,0.4963607352742928,1.5102861226255864,0.32865344376692335,4191682560.0,cell,False,False
BizITObsL2C-H/tmedium,1024,0.48016857588732037,1.5102861226255864,0.3179321909232417,5124544512.0,cell,False,True
BizITObsL2C-H/tmedium,1536,0.4739339172191868,1.5102861226255864,0.3138040601176068,7035420672.0,cell,False,True
BizITObsL2C-H/tmedium,2048,0.4702348620660681,1.5102861226255864,0.31135481881312604,9059131392.0,cell,False,True
BizITObsL2C-H/tlong,native,0.5373478800701222,1.4260541525613812,0.3768074859604557,9591422976.0,cell,True,True
BizITObsL2C-H/tlong,32,1.283616767030613,1.4260541525613812,0.9001178284324393,2475712512.0,cell,False,True
BizITObsL2C-H/tlong,48,1.0282947364418507,1.4260541525613812,0.7210769202522203,2516582400.0,cell,False,True
BizITObsL2C-H/tlong,64,0.9126884512851904,1.4260541525613812,0.6400096725961505,2577979392.0,cell,False,True
BizITObsL2C-H/tlong,96,0.9210698568400224,1.4260541525613812,0.6458870129059682,2680553472.0,cell,False,False
BizITObsL2C-H/tlong,128,0.7680245472718435,1.4260541525613812,0.538566186909782,2804047872.0,cell,False,True
BizITObsL2C-H/tlong,192,0.6910867783005833,1.4260541525613812,0.48461468104791133,3010854912.0,cell,False,True
BizITObsL2C-H/tlong,256,0.6752988895592322,1.4260541525613812,0.4735436507416681,3239761920.0,cell,False,True
BizITObsL2C-H/tlong,384,0.6303254705271041,1.4260541525613812,0.4420066863484507,3680894976.0,cell,False,True
BizITObsL2C-H/tlong,512,0.635723487545268,1.4260541525613812,0.445791968280745,4148846592.0,cell,False,False
BizITObsL2C-H/tlong,768,0.6009145499477269,1.4260541525613812,0.42138270055762267,5058723840.0,cell,False,True
BizITObsL2C-H/tlong,1024,0.5522167523866002,1.4260541525613812,0.38723406919347775,6012721152.0,cell,False,True
BizITObsL2C-H/tlong,1536,0.5452099704969386,1.4260541525613812,0.38232066399278714,7965376512.0,cell,False,True
BitbrainsFS-5T/tshort,native,0.7392658801152032,1.1360241737534569,0.6507483706730001,15975831552.0,cell,True,False
BitbrainsFS-5T/tshort,32,1.057656930425067,1.1360241737534569,0.9310162185462459,265445376.0,cell,False,True
BitbrainsFS-5T/tshort,48,1.023018605256146,1.1360241737534569,0.9005253839590955,303562752.0,cell,False,True
BitbrainsFS-5T/tshort,64,1.0087693364925445,1.1360241737534569,0.8879822804822377,360830976.0,cell,False,True
BitbrainsFS-5T/tshort,96,0.9706954594999161,1.1360241737534569,0.8544672568830205,456523776.0,cell,False,True
BitbrainsFS-5T/tshort,128,0.9518411786251216,1.1360241737534569,0.8378705318217048,571760640.0,cell,False,True
BitbrainsFS-5T/tshort,192,0.7885854618725789,1.1360241737534569,0.6941625716177057,764805120.0,cell,False,True
BitbrainsFS-5T/tshort,256,0.7760649805634419,1.1360241737534569,0.6831412556999563,978573312.0,cell,False,True
BitbrainsFS-5T/tshort,384,0.764559141503559,1.1360241737534569,0.6730130917702511,1390804992.0,cell,False,True
BitbrainsFS-5T/tshort,512,0.7444115578544749,1.1360241737534569,0.6552779201827347,1828478976.0,cell,False,True
BitbrainsFS-5T/tshort,768,0.736956791324662,1.1360241737534569,0.6487157653430343,2680553472.0,cell,False,True
BitbrainsFS-5T/tshort,1024,0.7333439290592582,1.1360241737534569,0.645535496517005,3575371776.0,cell,False,True
BitbrainsFS-5T/tshort,1536,0.7340673228177057,1.1360241737534569,0.6461722732469027,5411045376.0,cell,False,False
BitbrainsFS-5T/tshort,2048,0.732391902095582,1.1360241737534569,0.6446974624454846,7358668800.0,cell,False,True
BitbrainsFS-5T/tshort,2560,0.7343553469444191,1.1360241737534569,0.6464258102167735,9372948480.0,cell,False,False
BitbrainsFS-5T/tshort,3072,0.7366744039428178,1.1360241737534569,0.6484671901908778,11476008960.0,cell,False,False
BitbrainsFS-5T/tshort,4096,0.7392658811090306,1.1360241737534569,0.6507483715478295,15975831552.0,cell,False,False
BitbrainsFS-5T/tmedium,native,1.0268457181133486,1.2202713595882653,0.8414896490398817,17977989120.0,cell,True,False
BitbrainsFS-5T/tmedium,32,1.4099155810122304,1.2202713595882653,1.1554115155894122,1668636672.0,cell,False,True
BitbrainsFS-5T/tmedium,48,1.5199534437187263,1.2202713595882653,1.2455864277856832,1708523520.0,cell,False,False
BitbrainsFS-5T/tmedium,64,1.479380375461964,1.2202713595882653,1.212337209947405,1768445952.0,cell,False,False
BitbrainsFS-5T/tmedium,96,1.3368361790894172,1.2202713595882653,1.0955236870760308,1868562432.0,cell,False,True
BitbrainsFS-5T/tmedium,128,1.2944198922512569,1.2202713595882653,1.0607639703090386,1989107712.0,cell,False,True
BitbrainsFS-5T/tmedium,192,1.1474404427172848,1.2202713595882653,0.9403158024658101,2190999552.0,cell,False,True
BitbrainsFS-5T/tmedium,256,1.175954116020412,1.2202713595882653,0.963682468477498,2414499840.0,cell,False,False
BitbrainsFS-5T/tmedium,384,1.1399528888179271,1.2202713595882653,0.9341798280036346,2845310976.0,cell,False,True
BitbrainsFS-5T/tmedium,512,1.0960790097008564,1.2202713595882653,0.8982256291507874,3302449152.0,cell,False,True
BitbrainsFS-5T/tmedium,768,1.0727310870987927,1.2202713595882653,0.8790922434340716,4191682560.0,cell,False,True
BitbrainsFS-5T/tmedium,1024,1.0799858552803536,1.2202713595882653,0.8850374523620339,5124544512.0,cell,False,False
BitbrainsFS-5T/tmedium,1536,1.051967550248654,1.2202713595882653,0.8620767356234609,7035420672.0,cell,False,True
BitbrainsFS-5T/tmedium,2048,1.0354849266116266,1.2202713595882653,0.8485693927627803,9059131392.0,cell,False,True
BitbrainsFS-5T/tmedium,2560,1.019529061888022,1.2202713595882653,0.8354937234878836,11148613632.0,cell,False,True
BitbrainsFS-5T/tmedium,3072,1.0206216573493536,1.2202713595882653,0.8363890943844852,13326876672.0,cell,False,False
BitbrainsFS-5T/tmedium,4096,1.0268457206015291,1.2202713595882653,0.8414896510789204,17977989120.0,cell,False,False
BitbrainsFS-5T/tlong,native,0.947932844330626,1.1366422318753115,0.8339764419686045,19117824000.0,cell,True,False
BitbrainsFS-5T/tlong,32,2.411413306134963,1.1366422318753115,2.121523588083161,2475712512.0,cell,False,True
BitbrainsFS-5T/tlong,48,2.813866588775772,1.1366422318753115,2.475595671061121,2516582400.0,cell,False,False
BitbrainsFS-5T/tlong,64,2.825744844689107,1.1366422318753115,2.486045974226205,2577979392.0,cell,False,False
BitbrainsFS-5T/tlong,96,2.6681907280626573,1.1366422318753115,2.347432334676225,2680553472.0,cell,False,False
BitbrainsFS-5T/tlong,128,2.3413697709721295,1.1366422318753115,2.0599003849339423,2804047872.0,cell,False,True
BitbrainsFS-5T/tlong,192,1.8261277624301577,1.1366422318753115,1.606598550730677,3010854912.0,cell,False,True
BitbrainsFS-5T/tlong,256,1.9416824426506898,1.1366422318753115,1.7082617451642341,3239761920.0,cell,False,False
BitbrainsFS-5T/tlong,384,1.1316611688752314,1.1366422318753115,0.995617738932802,3680894976.0,cell,False,True
BitbrainsFS-5T/tlong,512,1.0729980667823624,1.1366422318753115,0.9440068622226498,4148846592.0,cell,False,True
BitbrainsFS-5T/tlong,768,1.0991648269516805,1.1366422318753115,0.9670279672243057,5058723840.0,cell,False,False
BitbrainsFS-5T/tlong,1024,1.1091683680535198,1.1366422318753115,0.9758289257152943,6012721152.0,cell,False,False
BitbrainsFS-5T/tlong,1536,1.093748420970246,1.1366422318753115,0.9622626982332898,7965376512.0,cell,False,False
BitbrainsFS-5T/tlong,2048,1.0772430067882468,1.1366422318753115,0.9477414938304168,10031357952.0,cell,False,False
BitbrainsFS-5T/tlong,2560,0.9892426671227003,1.1366422318753115,0.8703201758486299,12162619392.0,cell,False,True
BitbrainsFS-5T/tlong,3072,0.9594158831287377,1.1366422318753115,0.8440790393172587,14382661632.0,cell,False,True
BitbrainsFS-5T/tlong,4096,0.9479328437068872,1.1366422318753115,0.8339764414198491,19117824000.0,cell,False,True
BitbrainsFS-H/tshort,native,1.0929886612852668,1.298512456963805,0.8417236626600442,2292504576.0,cell,True,False
BitbrainsFS-H/tshort,32,1.239801670231378,1.298512456963805,0.9547861197498984,265445376.0,cell,False,True
BitbrainsFS-H/tshort,48,1.1710154779775026,1.298512456963805,0.901813048998839,303562752.0,cell,False,True
BitbrainsFS-H/tshort,64,1.1461509294206982,1.298512456963805,0.8826645622643005,360830976.0,cell,False,True
BitbrainsFS-H/tshort,96,1.1106128136793418,1.298512456963805,0.8552962335657435,456523776.0,cell,False,True
BitbrainsFS-H/tshort,128,1.1010048339099656,1.298512456963805,0.8478970132364739,571760640.0,cell,False,True
BitbrainsFS-H/tshort,192,1.0783766472845244,1.298512456963805,0.8304707756181221,764805120.0,cell,False,True
BitbrainsFS-H/tshort,256,1.0840082496292314,1.298512456963805,0.834807740053469,978573312.0,cell,False,False
BitbrainsFS-H/tshort,384,1.0829497247627193,1.298512456963805,0.833992557372059,1390804992.0,cell,False,False
BitbrainsFS-H/tshort,512,1.0860204046381914,1.298512456963805,0.8363573247325908,1828478976.0,cell,False,False
BitbrainsRnD-5T/tshort,native,1.755608108638694,1.970812637671696,0.8908041663020576,15975831552.0,cell,True,False
BitbrainsRnD-5T/tshort,32,2.295977137126015,1.970812637671696,1.1649900620885334,265445376.0,cell,False,True
BitbrainsRnD-5T/tshort,48,2.3815135752565637,1.970812637671696,1.2083916703873316,303562752.0,cell,False,False
BitbrainsRnD-5T/tshort,64,2.1236648680315438,1.970812637671696,1.0775579714875516,360830976.0,cell,False,True
BitbrainsRnD-5T/tshort,96,2.134206541149605,1.970812637671696,1.0829068681388918,456523776.0,cell,False,False
BitbrainsRnD-5T/tshort,128,2.225909765632324,1.970812637671696,1.1294375340834013,571760640.0,cell,False,False
BitbrainsRnD-5T/tshort,192,1.910793851868732,1.970812637671696,0.9695461736667826,764805120.0,cell,False,True
BitbrainsRnD-5T/tshort,256,1.8137676018501818,1.970812637671696,0.9203145784537662,978573312.0,cell,False,True
BitbrainsRnD-5T/tshort,384,1.802975102811477,1.970812637671696,0.9148384114998872,1390804992.0,cell,False,True
BitbrainsRnD-5T/tshort,512,1.7764536842163343,1.970812637671696,0.9013813136062615,1828478976.0,cell,False,True
BitbrainsRnD-5T/tshort,768,1.7486512211045904,1.970812637671696,0.8872742074408628,2680553472.0,cell,False,True
BitbrainsRnD-5T/tshort,1024,1.7453109095169597,1.970812637671696,0.8855793169556988,3575371776.0,cell,False,True
BitbrainsRnD-5T/tshort,1536,1.7475952776437256,1.970812637671696,0.8867384165489837,5411045376.0,cell,False,False
BitbrainsRnD-5T/tshort,2048,1.7479349494185308,1.970812637671696,0.8869107676737494,7358668800.0,cell,False,False
BitbrainsRnD-5T/tshort,2560,1.7516495064895836,1.970812637671696,0.8887955521530296,9372948480.0,cell,False,False
BitbrainsRnD-5T/tshort,3072,1.7540943456173275,1.970812637671696,0.8900360755193868,11476008960.0,cell,False,False
BitbrainsRnD-5T/tshort,4096,1.7556080912355867,1.970812637671696,0.8908041574716354,15975831552.0,cell,False,False
BitbrainsRnD-5T/tmedium,native,4.469059732548637,4.542392314855541,0.9838559557995299,17977989120.0,cell,True,False
BitbrainsRnD-5T/tmedium,32,4.85770026963108,4.542392314855541,1.069414513965328,1668636672.0,cell,False,True
BitbrainsRnD-5T/tmedium,48,5.002268424593456,4.542392314855541,1.1012409492315154,1708523520.0,cell,False,False
BitbrainsRnD-5T/tmedium,64,4.836955674031382,4.542392314855541,1.0648476262634767,1768445952.0,cell,False,True
BitbrainsRnD-5T/tmedium,96,5.421056736348991,4.542392314855541,1.1934364890984528,1868562432.0,cell,False,False
BitbrainsRnD-5T/tmedium,128,4.865710907627722,4.542392314855541,1.0711780423973492,1989107712.0,cell,False,False
BitbrainsRnD-5T/tmedium,192,4.726667526564416,4.542392314855541,1.0405678767785462,2190999552.0,cell,False,True
BitbrainsRnD-5T/tmedium,256,4.646770772793822,4.542392314855541,1.0229787413114713,2414499840.0,cell,False,True
BitbrainsRnD-5T/tmedium,384,4.66558822265334,4.542392314855541,1.0271213711318805,2845310976.0,cell,False,False
BitbrainsRnD-5T/tmedium,512,4.510914365804711,4.542392314855541,0.993070182655099,3302449152.0,cell,False,True
BitbrainsRnD-5T/tmedium,768,4.481591206038214,4.542392314855541,0.9866147385335956,4191682560.0,cell,False,True
BitbrainsRnD-5T/tmedium,1024,4.480440898886227,4.542392314855541,0.9863615003559454,5124544512.0,cell,False,True
BitbrainsRnD-5T/tmedium,1536,4.477235768418625,4.542392314855541,0.9856558962941561,7035420672.0,cell,False,True
BitbrainsRnD-5T/tmedium,2048,4.47425590676241,4.542392314855541,0.9849998847809125,9059131392.0,cell,False,True
BitbrainsRnD-5T/tmedium,2560,4.46054522619221,4.542392314855541,0.9819815015986935,11148613632.0,cell,False,True
BitbrainsRnD-5T/tmedium,3072,4.46281818663093,4.542392314855541,0.9824818900022417,13326876672.0,cell,False,False
BitbrainsRnD-5T/tmedium,4096,4.4690596176578765,4.542392314855541,0.9838559305065228,17977989120.0,cell,False,False
BitbrainsRnD-5T/tlong,native,3.428898486255983,3.501257904408163,0.979333308163024,19117824000.0,cell,True,False
BitbrainsRnD-5T/tlong,32,3.825748782459469,3.501257904408163,1.0926783707200676,2475712512.0,cell,False,True
BitbrainsRnD-5T/tlong,48,4.080109869163061,3.501257904408163,1.1653268569636388,2516582400.0,cell,False,False
BitbrainsRnD-5T/tlong,64,3.7637001731729645,3.501257904408163,1.0749565658771898,2577979392.0,cell,False,True
BitbrainsRnD-5T/tlong,96,4.291480761436343,3.501257904408163,1.2256968434211235,2680553472.0,cell,False,False
BitbrainsRnD-5T/tlong,128,3.816026240079861,3.501257904408163,1.089901499479772,2804047872.0,cell,False,False
BitbrainsRnD-5T/tlong,192,3.714827777316994,3.501257904408163,1.0609980409155069,3010854912.0,cell,False,True
BitbrainsRnD-5T/tlong,256,3.5764162334131866,3.501257904408163,1.021466093346165,3239761920.0,cell,False,True
BitbrainsRnD-5T/tlong,384,3.552586067471369,3.501257904408163,1.014659920652684,3680894976.0,cell,False,True
BitbrainsRnD-5T/tlong,512,3.528638022770386,3.501257904408163,1.0078200804138853,4148846592.0,cell,False,True
BitbrainsRnD-5T/tlong,768,3.442209298439979,3.501257904408163,0.9831350310144704,5058723840.0,cell,False,True
BitbrainsRnD-5T/tlong,1024,3.4380403658356102,3.501257904408163,0.9819443353507434,6012721152.0,cell,False,True
BitbrainsRnD-5T/tlong,1536,3.433686935566701,3.501257904408163,0.9807009450071106,7965376512.0,cell,False,True
BitbrainsRnD-5T/tlong,2048,3.4204099489395303,3.501257904408163,0.9769088831283056,10031357952.0,cell,False,True
BitbrainsRnD-5T/tlong,2560,3.405485996850072,3.501257904408163,0.9726464287485044,12162619392.0,cell,False,True
BitbrainsRnD-5T/tlong,3072,3.4117986655854766,3.501257904408163,0.9744494003969102,14382661632.0,cell,False,False
BitbrainsRnD-5T/tlong,4096,3.4288984340685946,3.501257904408163,0.9793332932576986,19117824000.0,cell,False,False
BitbrainsRnD-H/tshort,native,5.849054184879001,6.0373618687533925,0.9688096079102057,2272198656.0,cell,True,True
BitbrainsRnD-H/tshort,32,5.9862783191696955,6.0373618687533925,0.9915387630070541,265445376.0,cell,False,True
BitbrainsRnD-H/tshort,48,5.985314532967638,6.0373618687533925,0.9913791260293461,303562752.0,cell,False,True
BitbrainsRnD-H/tshort,64,6.00907159752599,6.0373618687533925,0.9953141335831103,360830976.0,cell,False,False
BitbrainsRnD-H/tshort,96,5.973217891846947,6.0373618687533925,0.9893754957378943,456523776.0,cell,False,True
BitbrainsRnD-H/tshort,128,5.939626867206568,6.0373618687533925,0.9838116376537481,571760640.0,cell,False,True
BitbrainsRnD-H/tshort,192,5.883377885365762,6.0373618687533925,0.9744948229483178,764805120.0,cell,False,True
BitbrainsRnD-H/tshort,256,5.860555495526231,6.0373618687533925,0.9707146304841806,978573312.0,cell,False,True
BitbrainsRnD-H/tshort,384,5.855950444933908,6.0373618687533925,0.9699518717341781,1390804992.0,cell,False,True
BitbrainsRnD-H/tshort,512,5.852214355624327,6.0373618687533925,0.969333043611763,1828478976.0,cell,False,True
Restaurant/tshort,native,0.6919705457831584,1.0060757450046092,0.6877916988049327,1162050076.550186,cell,True,True
Restaurant/tshort,32,0.7594762933572429,1.0060757450046092,0.754889775574267,208361472.0,cell,False,True
Restaurant/tshort,48,0.7397284354323942,1.0060757450046092,0.7352611760151372,246405120.0,cell,False,True
Restaurant/tshort,64,0.723735542435813,1.0060757450046092,0.719364864951095,303562752.0,cell,False,True
Restaurant/tshort,96,0.7258584938391851,1.0060757450046092,0.7214749957378802,399071232.0,cell,False,False
Restaurant/tshort,128,0.7082020609151063,1.0060757450046092,0.7039251909525578,514086912.0,cell,False,True
Restaurant/tshort,192,0.6980652422332646,1.0060757450046092,0.6938495890585917,706762752.0,cell,False,True
Restaurant/tshort,256,0.6958050836553382,1.0060757450046092,0.6916030796986866,920125440.0,cell,False,True
Restaurant/tshort,384,0.6928178748965697,1.0060757450046092,0.6886339108527019,1331582976.0,cell,False,False
ETTm1-15T/tshort,native,0.6982691528410548,0.9341549587802876,0.74748749795513,15975831552.0,cell,True,False
ETTm1-15T/tshort,32,2.094902223831464,0.9341549587802876,2.2425639388209713,265445376.0,cell,False,True
ETTm1-15T/tshort,48,1.6136473442054422,0.9341549587802876,1.7273872273957178,303562752.0,cell,False,True
ETTm1-15T/tshort,64,1.127329303090004,0.9341549587802876,1.2067904714245068,360830976.0,cell,False,True
ETTm1-15T/tshort,96,0.9105391298506667,0.9341549587802876,0.9747195808279433,456523776.0,cell,False,True
ETTm1-15T/tshort,128,0.8510241425073581,0.9341549587802876,0.9110096076763622,571760640.0,cell,False,True
ETTm1-15T/tshort,192,0.8008995160749782,0.9341549587802876,0.857351886373007,764805120.0,cell,False,True
ETTm1-15T/tshort,256,0.7786521009504527,0.9341549587802876,0.8335363353068609,978573312.0,cell,False,True
ETTm1-15T/tshort,384,0.7412335148899794,0.9341549587802876,0.7934802549865999,1390804992.0,cell,False,True
ETTm1-15T/tshort,512,0.7458780697260387,0.9341549587802876,0.7984521868833417,1828478976.0,cell,False,False
ETTm1-15T/tshort,768,0.79688611142142,0.9341549587802876,0.8530555920421409,2680553472.0,cell,False,False
ETTm1-15T/tshort,1024,0.7558982538255926,0.9341549587802876,0.8091786557688008,3575371776.0,cell,False,False
ETTm1-15T/tshort,1536,0.71673128894923,0.9341549587802876,0.7672509600388521,5411045376.0,cell,False,True
ETTm1-15T/tshort,2048,0.7022147252778609,0.9341549587802876,0.7517111788334693,7358668800.0,cell,False,True
ETTm1-15T/tshort,2560,0.6972692872638484,0.9341549587802876,0.7464171556443512,9372948480.0,cell,False,True
ETTm1-15T/tshort,3072,0.6946807440267208,0.9341549587802876,0.7436461558088341,11476008960.0,cell,False,True
ETTm1-15T/tshort,4096,0.6982691583601079,0.9341549587802876,0.7474875038632003,15975831552.0,cell,False,False
ETTm1-15T/tmedium,native,1.007015189641721,1.188305978388322,0.8474376195662312,17977989120.0,cell,True,False
ETTm1-15T/tmedium,32,1.8081971104068477,1.188305978388322,1.5216595248130222,1668636672.0,cell,False,True
ETTm1-15T/tmedium,48,1.4933524278429156,1.188305978388322,1.2567069887743243,1708523520.0,cell,False,True
ETTm1-15T/tmedium,64,1.259489643642322,1.188305978388322,1.0599034815515656,1768445952.0,cell,False,True
ETTm1-15T/tmedium,96,1.1355593327744284,1.188305978388322,0.9556118991461837,1868562432.0,cell,False,True
ETTm1-15T/tmedium,128,1.1882669767535954,1.188305978388322,0.9999671787944889,1989107712.0,cell,False,False
ETTm1-15T/tmedium,192,1.1566045626791945,1.188305978388322,0.9733221777171199,2190999552.0,cell,False,False
ETTm1-15T/tmedium,256,1.170467524628317,1.188305978388322,0.9849883329004209,2414499840.0,cell,False,False
ETTm1-15T/tmedium,384,1.1508662027496384,1.188305978388322,0.968493152168213,2845310976.0,cell,False,False
ETTm1-15T/tmedium,512,1.1635041005104618,1.188305978388322,0.9791283740644825,3302449152.0,cell,False,False
ETTm1-15T/tmedium,768,1.2721767195864786,1.188305978388322,1.0705800885660013,4191682560.0,cell,False,False
ETTm1-15T/tmedium,1024,1.2341326627298865,1.188305978388322,1.038564717484396,5124544512.0,cell,False,False
ETTm1-15T/tmedium,1536,1.1036053673375628,1.188305978388322,0.9287215476559015,7035420672.0,cell,False,True
ETTm1-15T/tmedium,2048,1.0470720672228457,1.188305978388322,0.8811468479212489,9059131392.0,cell,False,True
ETTm1-15T/tmedium,2560,1.038284131322088,1.188305978388322,0.8737515002072901,11148613632.0,cell,False,True
ETTm1-15T/tmedium,3072,1.012712577968322,1.188305978388322,0.8522321661141903,13326876672.0,cell,False,True
ETTm1-15T/tmedium,4096,1.0070151871474784,1.188305978388322,0.847437617467241,17977989120.0,cell,False,True
ETTm1-15T/tlong,native,1.018317239699724,1.190885705867336,0.8550923356310433,19117824000.0,cell,True,False
ETTm1-15T/tlong,32,1.8427668594849984,1.190885705867336,1.5473918701063671,2475712512.0,cell,False,True
ETTm1-15T/tlong,48,1.5016332403806723,1.190885705867336,1.2609381681065817,2516582400.0,cell,False,True
ETTm1-15T/tlong,64,1.290881627776033,1.190885705867336,1.0839676901116793,2577979392.0,cell,False,True
ETTm1-15T/tlong,96,1.160124639956264,1.190885705867336,0.9741695901130424,2680553472.0,cell,False,True
ETTm1-15T/tlong,128,1.1906435798274508,1.190885705867336,0.9997966840657401,2804047872.0,cell,False,False
ETTm1-15T/tlong,192,1.181024289081696,1.190885705867336,0.9917192584166102,3010854912.0,cell,False,False
ETTm1-15T/tlong,256,1.1389158641684838,1.190885705867336,0.9563603447057901,3239761920.0,cell,False,True
ETTm1-15T/tlong,384,1.2240053598159053,1.190885705867336,1.0278109425492246,3680894976.0,cell,False,False
ETTm1-15T/tlong,512,1.219159596698743,1.190885705867336,1.0237419012522404,4148846592.0,cell,False,False
ETTm1-15T/tlong,768,1.2742752377309519,1.190885705867336,1.0700231193075596,5058723840.0,cell,False,False
ETTm1-15T/tlong,1024,1.214802286295922,1.190885705867336,1.0200830191434427,6012721152.0,cell,False,False
ETTm1-15T/tlong,1536,1.091141242420245,1.190885705867336,0.916243462361112,7965376512.0,cell,False,True
ETTm1-15T/tlong,2048,1.0585447907258811,1.190885705867336,0.8888718585759919,10031357952.0,cell,False,True
ETTm1-15T/tlong,2560,1.0493923285213902,1.190885705867336,0.8811864340559075,12162619392.0,cell,False,True
ETTm1-15T/tlong,3072,1.0348674060615555,1.190885705867336,0.8689896947817082,14382661632.0,cell,False,True
ETTm1-15T/tlong,4096,1.0183172377972538,1.190885705867336,0.8550923340335178,19117824000.0,cell,False,True
ETTm1-H/tshort,native,0.8149886251790134,0.9773176243434534,0.8339035385006076,15975831552.0,cell,True,False
ETTm1-H/tshort,32,1.0984969083968568,0.9773176243434534,1.123991710611798,265445376.0,cell,False,True
ETTm1-H/tshort,48,1.008139286503548,0.9773176243434534,1.0315369961539371,303562752.0,cell,False,True
ETTm1-H/tshort,64,0.9387409923720084,0.9773176243434534,0.960528050440756,360830976.0,cell,False,True
ETTm1-H/tshort,96,0.902848429704359,0.9773176243434534,0.9238024642304782,456523776.0,cell,False,True
ETTm1-H/tshort,128,0.918447371664775,0.9773176243434534,0.9397634390168431,571760640.0,cell,False,False
ETTm1-H/tshort,192,0.9238506621906344,0.9773176243434534,0.9452921334671138,764805120.0,cell,False,False
ETTm1-H/tshort,256,0.8750819704004932,0.9773176243434534,0.8953915785447536,978573312.0,cell,False,True
ETTm1-H/tshort,384,0.8228721893708713,0.9773176243434534,0.8419700708085193,1390804992.0,cell,False,True
ETTm1-H/tshort,512,0.8206937501367284,0.9773176243434534,0.8397410725996655,1828478976.0,cell,False,True
ETTm1-H/tshort,768,0.8045251459110241,0.9773176243434534,0.8231972143667126,2680553472.0,cell,False,True
ETTm1-H/tshort,1024,0.8035658844118108,0.9773176243434534,0.8222156895529574,3575371776.0,cell,False,True
ETTm1-H/tshort,1536,0.814172340414914,0.9773176243434534,0.8330683087413493,5411045376.0,cell,False,False
ETTm1-H/tshort,2048,0.8081089283841675,0.9773176243434534,0.8268641721539017,7358668800.0,cell,False,False
ETTm1-H/tshort,2560,0.813900239415904,0.9773176243434534,0.832789892602898,9372948480.0,cell,False,False
ETTm1-H/tshort,3072,0.8147148771024252,0.9773176243434534,0.8336234370578735,11476008960.0,cell,False,False
ETTm1-H/tshort,4096,0.8149886258851716,0.9773176243434534,0.833903539223155,15975831552.0,cell,False,False
ETTm1-H/tmedium,native,1.2240259439546328,1.5678007461285397,0.7807280019334027,17977989120.0,cell,True,False
ETTm1-H/tmedium,32,1.72731723541459,1.5678007461285397,1.1017453842141316,1668636672.0,cell,False,True
ETTm1-H/tmedium,48,1.7444313410179397,1.5678007461285397,1.1126613795315279,1708523520.0,cell,False,False
ETTm1-H/tmedium,64,1.576715451835008,1.5678007461285397,1.005686121612381,1768445952.0,cell,False,True
ETTm1-H/tmedium,96,1.6010613683001031,1.5678007461285397,1.0212148273648267,1868562432.0,cell,False,False
ETTm1-H/tmedium,128,1.3267634553771004,1.5678007461285397,0.8462577012119388,1989107712.0,cell,False,True
ETTm1-H/tmedium,192,1.3270585091282219,1.5678007461285397,0.8464458971621257,2190999552.0,cell,False,False
ETTm1-H/tmedium,256,1.2903877475132162,1.5678007461285397,0.8230559595660639,2414499840.0,cell,False,True
ETTm1-H/tmedium,384,1.263695630902435,1.5678007461285397,0.8060307625334093,2845310976.0,cell,False,True
ETTm1-H/tmedium,512,1.1976438100163145,1.5678007461285397,0.7639005230567245,3302449152.0,cell,False,True
ETTm1-H/tmedium,768,1.2447886780410773,1.5678007461285397,0.7939712244141389,4191682560.0,cell,False,False
ETTm1-H/tmedium,1024,1.2197168862915317,1.5678007461285397,0.7779795291611186,5124544512.0,cell,False,False
ETTm1-H/tmedium,1536,1.2256127495978753,1.5678007461285397,0.7817401239439075,7035420672.0,cell,False,False
ETTm1-H/tmedium,2048,1.222821673505776,1.5678007461285397,0.7799598747005062,9059131392.0,cell,False,False
ETTm1-H/tmedium,2560,1.2227730576009694,1.5678007461285397,0.7799288657187038,11148613632.0,cell,False,False
ETTm1-H/tmedium,3072,1.2164052828645688,1.5678007461285397,0.7758672687637814,13326876672.0,cell,False,False
ETTm1-H/tmedium,4096,1.2240259419111486,1.5678007461285397,0.7807280006299946,17977989120.0,cell,False,False
ETTm1-H/tlong,native,1.3455026347981214,1.4787012870437326,0.9099218662939651,19117824000.0,cell,True,False
ETTm1-H/tlong,32,1.6788001345314651,1.4787012870437326,1.1353206690499178,2475712512.0,cell,False,True
ETTm1-H/tlong,48,1.7820479080265168,1.4787012870437326,1.2051439487073448,2516582400.0,cell,False,False
ETTm1-H/tlong,64,1.4950358407774063,1.4787012870437326,1.0110465540787688,2577979392.0,cell,False,True
ETTm1-H/tlong,96,1.8034328001532183,1.4787012870437326,1.2196058906249412,2680553472.0,cell,False,False
ETTm1-H/tlong,128,1.438553454422298,1.4787012870437326,0.9728492610554905,2804047872.0,cell,False,True
ETTm1-H/tlong,192,1.4088599501058723,1.4787012870437326,0.9527684613858087,3010854912.0,cell,False,True
ETTm1-H/tlong,256,1.4302756597110635,1.4787012870437326,0.9672512442120862,3239761920.0,cell,False,False
ETTm1-H/tlong,384,1.3391607622283843,1.4787012870437326,0.9056330537898414,3680894976.0,cell,False,True
ETTm1-H/tlong,512,1.4734526902404692,1.4787012870437326,0.9964505361229808,4148846592.0,cell,False,False
ETTm1-H/tlong,768,1.3561570705337607,1.4787012870437326,0.9171271320423571,5058723840.0,cell,False,False
ETTm1-H/tlong,1024,1.3576246495140025,1.4787012870437326,0.9181196103698601,6012721152.0,cell,False,False
ETTm1-H/tlong,1536,1.3831152177584656,1.4787012870437326,0.9353580942122761,7965376512.0,cell,False,False
ETTm1-H/tlong,2048,1.3664644252667886,1.4787012870437326,0.9240976776308002,10031357952.0,cell,False,False
ETTm1-H/tlong,2560,1.3378860003920752,1.4787012870437326,0.9047709717402221,12162619392.0,cell,False,True
ETTm1-H/tlong,3072,1.3403556063785855,1.4787012870437326,0.9064410899771838,14382661632.0,cell,False,False
ETTm1-H/tlong,4096,1.3455026449394174,1.4787012870437326,0.9099218731522103,19117824000.0,cell,False,False
ETTm1-D/tshort,native,1.5471145199374856,1.7783697877928102,0.8699622151462983,2272202752.0,cell,True,True
ETTm1-D/tshort,32,1.7210509796331128,1.7783697877928102,0.9677689035468616,208361472.0,cell,False,True
ETTm1-D/tshort,48,1.6142677496998148,1.7783697877928102,0.9077233322228964,246405120.0,cell,False,True
ETTm1-D/tshort,64,1.7183684568725361,1.7783697877928102,0.9662604868053097,303562752.0,cell,False,False
ETTm1-D/tshort,96,1.783169431128358,1.7783697877928102,1.0026989006271325,399071232.0,cell,False,False
ETTm1-D/tshort,128,1.7381758935928724,1.7783697877928102,0.9773984609523626,514086912.0,cell,False,False
ETTm1-D/tshort,192,1.6818933595025949,1.7783697877928102,0.9457500746175208,706762752.0,cell,False,False
ETTm1-D/tshort,256,1.766265079966254,1.7783697877928102,0.9931933684941985,920125440.0,cell,False,False
ETTm1-D/tshort,384,1.8237605334363372,1.7783697877928102,1.0255237948570093,1331582976.0,cell,False,False
ETTm1-D/tshort,512,1.7474702546353693,1.7783697877928102,0.9826247986388752,1768445952.0,cell,False,False
ETTm1-W/tshort,native,1.4788463004154533,1.7689207877683926,0.8360161238656215,332184576.0,cell,True,False
ETTm1-W/tshort,32,1.4773887179245377,1.7689207877683926,0.8351921285228145,151388160.0,cell,False,True
ETTm1-W/tshort,48,1.5855911361256843,1.7689207877683926,0.8963607342338995,189358080.0,cell,False,False
ETTm1-W/tshort,64,1.3645015107285758,1.7689207877683926,0.7713751345813412,246405120.0,cell,False,True
ETTm2-15T/tshort,native,0.7398958902062445,1.067314800011479,0.6932311724697221,15975831552.0,cell,True,False
ETTm2-15T/tshort,32,1.225633992951108,1.067314800011479,1.1483341118645842,265445376.0,cell,False,True
ETTm2-15T/tshort,48,1.0937925186907673,1.067314800011479,1.024807787429729,303562752.0,cell,False,True
ETTm2-15T/tshort,64,0.9974314500599326,1.067314800011479,0.9345241441880177,360830976.0,cell,False,True
ETTm2-15T/tshort,96,0.9031486178320436,1.067314800011479,0.8461876644288361,456523776.0,cell,False,True
ETTm2-15T/tshort,128,0.9083607473334818,1.067314800011479,0.8510710685579479,571760640.0,cell,False,False
ETTm2-15T/tshort,192,0.8704239040803364,1.067314800011479,0.8155268755487838,764805120.0,cell,False,True
ETTm2-15T/tshort,256,0.8379233993283312,1.067314800011479,0.7850761549632024,978573312.0,cell,False,True
ETTm2-15T/tshort,384,0.8175194290075842,1.067314800011479,0.7659590488193285,1390804992.0,cell,False,True
ETTm2-15T/tshort,512,0.831750083103349,1.067314800011479,0.7792921854867969,1828478976.0,cell,False,False
ETTm2-15T/tshort,768,0.8345230459809536,1.067314800011479,0.7818902595297829,2680553472.0,cell,False,False
ETTm2-15T/tshort,1024,0.8184566855450496,1.067314800011479,0.7668371932406888,3575371776.0,cell,False,False
ETTm2-15T/tshort,1536,0.7641655639704394,1.067314800011479,0.7159701748370967,5411045376.0,cell,False,True
ETTm2-15T/tshort,2048,0.7428831353341645,1.067314800011479,0.6960300141309526,7358668800.0,cell,False,True
ETTm2-15T/tshort,2560,0.7424474755613069,1.067314800011479,0.6956218311161073,9372948480.0,cell,False,True
ETTm2-15T/tshort,3072,0.7368263597406802,1.067314800011479,0.6903552351497007,11476008960.0,cell,False,True
ETTm2-15T/tshort,4096,0.7398958866508664,1.067314800011479,0.6932311691385792,15975831552.0,cell,False,False
ETTm2-15T/tmedium,native,0.9169560577001448,1.0512391501712754,0.8722620895071761,17977989120.0,cell,True,False
ETTm2-15T/tmedium,32,1.1183664248429974,1.0512391501712754,1.0638553793024024,1668636672.0,cell,False,True
ETTm2-15T/tmedium,48,1.058222860823892,1.0512391501712754,1.0066433129430907,1708523520.0,cell,False,True
ETTm2-15T/tmedium,64,1.0518464013562574,1.0512391501712754,1.0005776527490278,1768445952.0,cell,False,True
ETTm2-15T/tmedium,96,0.9416392137458484,1.0512391501712754,0.8957421473433802,1868562432.0,cell,False,True
ETTm2-15T/tmedium,128,1.0098276620940942,1.0512391501712754,0.960606976946745,1989107712.0,cell,False,False
ETTm2-15T/tmedium,192,1.0692367057437209,1.0512391501712754,1.0171203246849332,2190999552.0,cell,False,False
ETTm2-15T/tmedium,256,1.021898069469162,1.0512391501712754,0.972089052526884,2414499840.0,cell,False,False
ETTm2-15T/tmedium,384,1.05074256269359,1.0512391501712754,0.9995276170245329,2845310976.0,cell,False,False
ETTm2-15T/tmedium,512,1.08817033776676,1.0512391501712754,1.035131099892415,3302449152.0,cell,False,False
ETTm2-15T/tmedium,768,1.2063011547048201,1.0512391501712754,1.147504023711713,4191682560.0,cell,False,False
ETTm2-15T/tmedium,1024,1.119020148022693,1.0512391501712754,1.0644772389235828,5124544512.0,cell,False,False
ETTm2-15T/tmedium,1536,0.9799391582175,1.0512391501712754,0.9321752886180478,7035420672.0,cell,False,False
ETTm2-15T/tmedium,2048,0.931490166947617,1.0512391501712754,0.8860877820197735,9059131392.0,cell,False,True
ETTm2-15T/tmedium,2560,0.9228753119632015,1.0512391501712754,0.877892829441179,11148613632.0,cell,False,True
ETTm2-15T/tmedium,3072,0.9147256943994732,1.0512391501712754,0.8701404378351391,13326876672.0,cell,False,True
ETTm2-15T/tmedium,4096,0.9169560631139151,1.0512391501712754,0.8722620946570702,17977989120.0,cell,False,False
ETTm2-15T/tlong,native,0.950542910400208,1.0126577751121104,0.9386615436739961,19117824000.0,cell,True,True
ETTm2-15T/tlong,32,1.0540986706564843,1.0126577751121104,1.0409229026457492,2475712512.0,cell,False,True
ETTm2-15T/tlong,48,1.0155105793838275,1.0126577751121104,1.002817145477801,2516582400.0,cell,False,True
ETTm2-15T/tlong,64,1.0348398234629477,1.0126577751121104,1.0219047825395717,2577979392.0,cell,False,False
ETTm2-15T/tlong,96,0.9525923633369453,1.0126577751121104,0.9406853793538342,2680553472.0,cell,False,True
ETTm2-15T/tlong,128,0.9653201426517938,1.0126577751121104,0.9532540670464156,2804047872.0,cell,False,False
ETTm2-15T/tlong,192,1.018530020864213,1.0126577751121104,1.0057988452727304,3010854912.0,cell,False,False
ETTm2-15T/tlong,256,1.0149585222504922,1.0126577751121104,1.0022719888149054,3239761920.0,cell,False,False
ETTm2-15T/tlong,384,1.1493716992388985,1.0126577751121104,1.1350050604328323,3680894976.0,cell,False,False
ETTm2-15T/tlong,512,1.144927317843623,1.0126577751121104,1.1306162318428545,4148846592.0,cell,False,False
ETTm2-15T/tlong,768,1.1411646050677882,1.0126577751121104,1.126900551315523,5058723840.0,cell,False,False
ETTm2-15T/tlong,1024,1.0570302632602733,1.0126577751121104,1.0438178516362553,6012721152.0,cell,False,False
ETTm2-15T/tlong,1536,0.9832603669258183,1.0126577751121104,0.970970046437418,7965376512.0,cell,False,False
ETTm2-15T/tlong,2048,0.9709734034177581,1.0126577751121104,0.9588366645486551,10031357952.0,cell,False,False
ETTm2-15T/tlong,2560,0.9902389791646303,1.0126577751121104,0.9778614291042221,12162619392.0,cell,False,False
ETTm2-15T/tlong,3072,0.955915292387267,1.0126577751121104,0.943966773258062,14382661632.0,cell,False,False
ETTm2-15T/tlong,4096,0.950542912373727,1.0126577751121104,0.9386615456228471,19117824000.0,cell,False,False
ETTm2-H/tshort,native,0.7207217449387867,0.9231678277377344,0.7807050064828935,15975831552.0,cell,True,False
ETTm2-H/tshort,32,0.9276980149362563,0.9231678277377344,1.0049072195351774,265445376.0,cell,False,True
ETTm2-H/tshort,48,0.8533359407750681,0.9231678277377344,0.9243562385251308,303562752.0,cell,False,True
ETTm2-H/tshort,64,0.8194355766225792,0.9231678277377344,0.8876344603891191,360830976.0,cell,False,True
ETTm2-H/tshort,96,0.7953455537468512,0.9231678277377344,0.8615395054395282,456523776.0,cell,False,True
ETTm2-H/tshort,128,0.8111790281847875,0.9231678277377344,0.8786907470255103,571760640.0,cell,False,False
ETTm2-H/tshort,192,0.8111590947535906,0.9231678277377344,0.87866915460147,764805120.0,cell,False,False
ETTm2-H/tshort,256,0.7710376414840856,0.9231678277377344,0.8352085268975946,978573312.0,cell,False,True
ETTm2-H/tshort,384,0.7378449219553664,0.9231678277377344,0.7992532882818172,1390804992.0,cell,False,True
ETTm2-H/tshort,512,0.7288899561205651,0.9231678277377344,0.7895530305759719,1828478976.0,cell,False,True
ETTm2-H/tshort,768,0.7185977848154855,0.9231678277377344,0.7784042762586764,2680553472.0,cell,False,True
ETTm2-H/tshort,1024,0.721242592631934,0.9231678277377344,0.7812692025884096,3575371776.0,cell,False,False
ETTm2-H/tshort,1536,0.714847737379964,0.9231678277377344,0.7743421249110592,5411045376.0,cell,False,True
ETTm2-H/tshort,2048,0.7168831075834527,0.9231678277377344,0.7765468921725837,7358668800.0,cell,False,False
ETTm2-H/tshort,2560,0.7275173972148619,0.9231678277377344,0.7880662381808484,9372948480.0,cell,False,False
ETTm2-H/tshort,3072,0.7308751914546615,0.9231678277377344,0.7917034904105195,11476008960.0,cell,False,False
ETTm2-H/tshort,4096,0.720721743940391,0.9231678277377344,0.7807050054014048,15975831552.0,cell,False,False
ETTm2-H/tmedium,native,1.041287477312812,1.2384249730532626,0.8408159557260705,17977989120.0,cell,True,True
ETTm2-H/tmedium,32,1.381035191621339,1.2384249730532626,1.1151545080817287,1668636672.0,cell,False,True
ETTm2-H/tmedium,48,1.2191218973721203,1.2384249730532626,0.9844132054010897,1708523520.0,cell,False,True
ETTm2-H/tmedium,64,1.1990921630729283,1.2384249730532626,0.9682396504946428,1768445952.0,cell,False,True
ETTm2-H/tmedium,96,1.2240311630443146,1.2384249730532626,0.9883773257790006,1868562432.0,cell,False,False
ETTm2-H/tmedium,128,1.1823196695921867,1.2384249730532626,0.9546962434690318,1989107712.0,cell,False,True
ETTm2-H/tmedium,192,1.2088801090624832,1.2384249730532626,0.9761431942720452,2190999552.0,cell,False,False
ETTm2-H/tmedium,256,1.1334649316867522,1.2384249730532626,0.9152471537232185,2414499840.0,cell,False,True
ETTm2-H/tmedium,384,1.067224554738514,1.2384249730532626,0.8617595558553182,2845310976.0,cell,False,True
ETTm2-H/tmedium,512,1.1068625502445644,1.2384249730532626,0.8937663357317973,3302449152.0,cell,False,False
ETTm2-H/tmedium,768,1.12642072635178,1.2384249730532626,0.9095591181229632,4191682560.0,cell,False,False
ETTm2-H/tmedium,1024,1.1509369971149892,1.2384249730532626,0.9293554491859308,5124544512.0,cell,False,False
ETTm2-H/tmedium,1536,1.089036203811033,1.2384249730532626,0.8793719664147918,7035420672.0,cell,False,False
ETTm2-H/tmedium,2048,1.0525510226346768,1.2384249730532626,0.84991101240447,9059131392.0,cell,False,True
ETTm2-H/tmedium,2560,1.045773394066957,1.2384249730532626,0.8444382314809634,11148613632.0,cell,False,True
ETTm2-H/tmedium,3072,1.0495104123870589,1.2384249730532626,0.8474557887827099,13326876672.0,cell,False,False
ETTm2-H/tmedium,4096,1.0412874917221246,1.2384249730532626,0.8408159673612626,17977989120.0,cell,False,False
ETTm2-H/tlong,native,1.0974195463702416,1.1284016697207502,0.9725433556313544,19117824000.0,cell,True,False
ETTm2-H/tlong,32,1.111052541542563,1.1284016697207502,0.9846250420894178,2475712512.0,cell,False,True
ETTm2-H/tlong,48,1.1157269101524325,1.1284016697207502,0.9887675108000732,2516582400.0,cell,False,False
ETTm2-H/tlong,64,1.1156848654505178,1.1284016697207502,0.9887302503962269,2577979392.0,cell,False,False
ETTm2-H/tlong,96,1.1411704605252,1.1284016697207502,1.0113158205513908,2680553472.0,cell,False,False
ETTm2-H/tlong,128,1.193505980100585,1.1284016697207502,1.0576960422222226,2804047872.0,cell,False,False
ETTm2-H/tlong,192,1.3435519579280322,1.1284016697207502,1.1906681760410067,3010854912.0,cell,False,False
ETTm2-H/tlong,256,1.1060423459625945,1.1284016697207502,0.980184960410694,3239761920.0,cell,False,True
ETTm2-H/tlong,384,1.0580041509476512,1.1284016697207502,0.9376130675253959,3680894976.0,cell,False,True
ETTm2-H/tlong,512,1.1383287163691076,1.1284016697207502,1.0087974405876359,4148846592.0,cell,False,False
ETTm2-H/tlong,768,1.1624594874541807,1.1284016697207502,1.030182353187991,5058723840.0,cell,False,False
ETTm2-H/tlong,1024,1.1542674095190835,1.1284016697207502,1.0229224579264709,6012721152.0,cell,False,False
ETTm2-H/tlong,1536,1.203846598011287,1.1284016697207502,1.066859993489027,7965376512.0,cell,False,False
ETTm2-H/tlong,2048,1.1586783326797085,1.1284016697207502,1.0268314588425336,10031357952.0,cell,False,False
ETTm2-H/tlong,2560,1.144402345059758,1.1284016697207502,1.014179946528232,12162619392.0,cell,False,False
ETTm2-H/tlong,3072,1.1132454427800094,1.1284016697207502,0.9865684114553893,14382661632.0,cell,False,False
ETTm2-H/tlong,4096,1.0974195618810783,1.1284016697207502,0.9725433693772013,19117824000.0,cell,False,False
ETTm2-D/tshort,native,1.389650062465475,1.3901143157307532,0.9996660323111384,2272202752.0,cell,True,False
ETTm2-D/tshort,32,1.48859858322902,1.3901143157307532,1.070846164508777,208361472.0,cell,False,True
ETTm2-D/tshort,48,1.4841439751795957,1.3901143157307532,1.0676416740585921,246405120.0,cell,False,True
ETTm2-D/tshort,64,1.4254363346515688,1.3901143157307532,1.0254094346926048,303562752.0,cell,False,True
ETTm2-D/tshort,96,1.4343064331820212,1.3901143157307532,1.0317902757716995,399071232.0,cell,False,False
ETTm2-D/tshort,128,1.3249873554468818,1.3901143157307532,0.953149924760227,514086912.0,cell,False,True
ETTm2-D/tshort,192,1.3880876315746877,1.3901143157307532,0.9985420737466472,706762752.0,cell,False,False
ETTm2-D/tshort,256,1.4765951308336753,1.3901143157307532,1.0622112973906475,920125440.0,cell,False,False
ETTm2-D/tshort,384,1.2968028787896837,1.3901143157307532,0.9328749902902642,1331582976.0,cell,False,True
ETTm2-D/tshort,512,1.333597971072827,1.3901143157307532,0.9593441028422064,1768445952.0,cell,False,False
ETTm2-W/tshort,native,0.9696232849911304,0.7785209533197451,1.2454684499582094,332184576.0,cell,True,False
ETTm2-W/tshort,32,1.1696187472486528,0.7785209533197451,1.502360010043661,151388160.0,cell,False,True
ETTm2-W/tshort,48,0.9429728873538102,0.7785209533197451,1.2112363621464706,189358080.0,cell,False,True
ETTm2-W/tshort,64,1.0748407190383404,0.7785209533197451,1.3806188702501039,246405120.0,cell,False,False
LoopSeattle-5T/tshort,native,0.5529586309336407,0.7623397118337274,0.7253441246075943,15975831552.0,cell,True,False
LoopSeattle-5T/tshort,32,0.8271227208620741,0.7623397118337274,1.0849791871297352,265445376.0,cell,False,True
LoopSeattle-5T/tshort,48,0.8130984783373076,0.7623397118337274,1.0665828707538867,303562752.0,cell,False,True
LoopSeattle-5T/tshort,64,0.809636281826036,0.7623397118337274,1.0620413304700365,360830976.0,cell,False,True
LoopSeattle-5T/tshort,96,0.8144145393199537,0.7623397118337274,1.0683092152722384,456523776.0,cell,False,False
LoopSeattle-5T/tshort,128,0.8220414476982335,0.7623397118337274,1.078313821171535,571760640.0,cell,False,False
LoopSeattle-5T/tshort,192,0.7748079488853293,0.7623397118337274,1.0163552243941365,764805120.0,cell,False,True
LoopSeattle-5T/tshort,256,0.6349235247749483,0.7623397118337274,0.832861669042148,978573312.0,cell,False,True
LoopSeattle-5T/tshort,384,0.5721489637163442,0.7623397118337274,0.7505170658630658,1390804992.0,cell,False,True
LoopSeattle-5T/tshort,512,0.5846237449396962,0.7623397118337274,0.7668808745820753,1828478976.0,cell,False,False
LoopSeattle-5T/tshort,768,0.5648381509480388,0.7623397118337274,0.74092709874628,2680553472.0,cell,False,True
LoopSeattle-5T/tshort,1024,0.5546250436742305,0.7623397118337274,0.7275300434502339,3575371776.0,cell,False,True
LoopSeattle-5T/tshort,1536,0.5665430709128104,0.7623397118337274,0.7431635294848422,5411045376.0,cell,False,False
LoopSeattle-5T/tshort,2048,0.5459941001418467,0.7623397118337274,0.7162083932745885,7358668800.0,cell,False,True
LoopSeattle-5T/tshort,2560,0.5732917286213238,0.7623397118337274,0.7520160890508135,9372948480.0,cell,False,False
LoopSeattle-5T/tshort,3072,0.5559361729350895,0.7623397118337274,0.7292499187768192,11476008960.0,cell,False,False
LoopSeattle-5T/tshort,4096,0.5529586306644421,0.7623397118337274,0.7253441242544727,15975831552.0,cell,False,False
LoopSeattle-5T/tmedium,native,0.7753471466863185,1.1532851467900649,0.6722944007770671,17977989120.0,cell,True,False
LoopSeattle-5T/tmedium,32,1.5882204303232696,1.1532851467900649,1.3771272739822922,1668636672.0,cell,False,True
LoopSeattle-5T/tmedium,48,1.508613536636782,1.1532851467900649,1.3081010718257333,1708523520.0,cell,False,True
LoopSeattle-5T/tmedium,64,1.4617634317812989,1.1532851467900649,1.267477896381325,1768445952.0,cell,False,True
LoopSeattle-5T/tmedium,96,1.3927266738103927,1.1532851467900649,1.207616934707574,1868562432.0,cell,False,True
LoopSeattle-5T/tmedium,128,1.2919956866821682,1.1532851467900649,1.1202742793299436,1989107712.0,cell,False,True
LoopSeattle-5T/tmedium,192,1.146258775534765,1.1532851467900649,0.9939075160424494,2190999552.0,cell,False,True
LoopSeattle-5T/tmedium,256,1.0338249880311359,1.1532851467900649,0.896417499963975,2414499840.0,cell,False,True
LoopSeattle-5T/tmedium,384,1.0022607448720549,1.1532851467900649,0.8690485155918675,2845310976.0,cell,False,True
LoopSeattle-5T/tmedium,512,0.9810492354481335,1.1532851467900649,0.8506562649997573,3302449152.0,cell,False,True
LoopSeattle-5T/tmedium,768,0.9267006689442561,1.1532851467900649,0.8035312615648778,4191682560.0,cell,False,True
LoopSeattle-5T/tmedium,1024,0.8896890378125926,1.1532851467900649,0.7714389110870468,5124544512.0,cell,False,True
LoopSeattle-5T/tmedium,1536,0.8530103736517343,1.1532851467900649,0.7396352723573312,7035420672.0,cell,False,True
LoopSeattle-5T/tmedium,2048,0.8205676035613463,1.1532851467900649,0.711504527605536,9059131392.0,cell,False,True
LoopSeattle-5T/tmedium,2560,0.8127549642500111,1.1532851467900649,0.7047302798550295,11148613632.0,cell,False,True
LoopSeattle-5T/tmedium,3072,0.8095531631088374,1.1532851467900649,0.7019540357057961,13326876672.0,cell,False,True
LoopSeattle-5T/tmedium,4096,0.7753471464700786,1.1532851467900649,0.672294400589568,17977989120.0,cell,False,True
LoopSeattle-5T/tlong,native,0.8298102354132817,1.2506857542807588,0.6634841986270859,19117824000.0,cell,True,True
LoopSeattle-5T/tlong,32,1.379093459688012,1.2506857542807588,1.1026698393003584,2475712512.0,cell,False,True
LoopSeattle-5T/tlong,48,1.394396086055135,1.2506857542807588,1.114905228017905,2516582400.0,cell,False,False
LoopSeattle-5T/tlong,64,1.3667102015511916,1.2506857542807588,1.0927686646092454,2577979392.0,cell,False,True
LoopSeattle-5T/tlong,96,1.279583961565679,1.2506857542807588,1.0231058898576317,2680553472.0,cell,False,True
LoopSeattle-5T/tlong,128,1.2176475587614752,1.2506857542807588,0.9735839355280071,2804047872.0,cell,False,True
LoopSeattle-5T/tlong,192,1.1628316495713933,1.2506857542807588,0.9297552527414144,3010854912.0,cell,False,True
LoopSeattle-5T/tlong,256,1.0760359882916828,1.2506857542807588,0.8603567959487048,3239761920.0,cell,False,True
LoopSeattle-5T/tlong,384,1.0497908391009558,1.2506857542807588,0.8393721888234562,3680894976.0,cell,False,True
LoopSeattle-5T/tlong,512,1.0561562775620472,1.2506857542807588,0.8444617474430409,4148846592.0,cell,False,False
LoopSeattle-5T/tlong,768,1.042713197511687,1.2506857542807588,0.8337131801036047,5058723840.0,cell,False,True
LoopSeattle-5T/tlong,1024,0.981667463483287,1.2506857542807588,0.7849033701098018,6012721152.0,cell,False,True
LoopSeattle-5T/tlong,1536,0.9114008848326992,1.2506857542807588,0.7287209290688894,7965376512.0,cell,False,True
LoopSeattle-5T/tlong,2048,0.8804085568765728,1.2506857542807588,0.7039406612437797,10031357952.0,cell,False,True
LoopSeattle-5T/tlong,2560,0.8825856987474943,1.2506857542807588,0.7056814197544365,12162619392.0,cell,False,False
LoopSeattle-5T/tlong,3072,0.8718719593572031,1.2506857542807588,0.6971151277393393,14382661632.0,cell,False,True
LoopSeattle-5T/tlong,4096,0.8298102358383709,1.2506857542807588,0.6634841989669708,19117824000.0,cell,False,False
LoopSeattle-H/tshort,native,0.8353352473668054,1.2928412613913995,0.6461235979332756,15975831552.0,cell,True,False
LoopSeattle-H/tshort,32,1.2481538015796458,1.2928412613913995,0.9654346893572537,265445376.0,cell,False,True
LoopSeattle-H/tshort,48,1.247316671130082,1.2928412613913995,0.9647871771880777,303562752.0,cell,False,True
LoopSeattle-H/tshort,64,1.270823434123722,1.2928412613913995,0.9829694271638721,360830976.0,cell,False,False
LoopSeattle-H/tshort,96,1.1505821401317906,1.2928412613913995,0.88996396888934,456523776.0,cell,False,True
LoopSeattle-H/tshort,128,1.0991586624852538,1.2928412613913995,0.8501884147032112,571760640.0,cell,False,True
LoopSeattle-H/tshort,192,0.949473669018832,1.2928412613913995,0.7344085444774374,764805120.0,cell,False,True
LoopSeattle-H/tshort,256,0.9595991553217315,1.2928412613913995,0.7422405085439324,978573312.0,cell,False,False
LoopSeattle-H/tshort,384,0.8868864061339496,1.2928412613913995,0.6859979122103919,1390804992.0,cell,False,True
LoopSeattle-H/tshort,512,0.8729251329825899,1.2928412613913995,0.6751990047433343,1828478976.0,cell,False,True
LoopSeattle-H/tshort,768,0.8417978781226225,1.2928412613913995,0.6511223792599651,2680553472.0,cell,False,True
LoopSeattle-H/tshort,1024,0.8391242677575717,1.2928412613913995,0.6490543679387814,3575371776.0,cell,False,True
LoopSeattle-H/tshort,1536,0.8313128230922241,1.2928412613913995,0.6430122923192729,5411045376.0,cell,False,True
LoopSeattle-H/tshort,2048,0.8327872173298637,1.2928412613913995,0.6441527217607441,7358668800.0,cell,False,False
LoopSeattle-H/tshort,2560,0.8311768503597227,1.2928412613913995,0.6429071187480372,9372948480.0,cell,False,True
LoopSeattle-H/tshort,3072,0.8361305446097352,1.2928412613913995,0.6467387525285689,11476008960.0,cell,False,False
LoopSeattle-H/tshort,4096,0.8353352472048559,1.2928412613913995,0.6461235978080091,15975831552.0,cell,False,False
LoopSeattle-H/tmedium,native,0.9164583193775728,1.4805126192799751,0.6190141897090201,17977989120.0,cell,True,False
LoopSeattle-H/tmedium,32,1.481641206714502,1.4805126192799751,1.0007622950455335,1668636672.0,cell,False,True
LoopSeattle-H/tmedium,48,1.3321959997937047,1.4805126192799751,0.8998207664326414,1708523520.0,cell,False,True
LoopSeattle-H/tmedium,64,1.3440883170759734,1.4805126192799751,0.9078533337525014,1768445952.0,cell,False,False
LoopSeattle-H/tmedium,96,1.24774532889365,1.4805126192799751,0.8427792594570872,1868562432.0,cell,False,True
LoopSeattle-H/tmedium,128,1.2729364929911275,1.4805126192799751,0.8597944228332217,1989107712.0,cell,False,False
LoopSeattle-H/tmedium,192,1.1075065949126175,1.4805126192799751,0.7480561668236483,2190999552.0,cell,False,True
LoopSeattle-H/tmedium,256,1.0660623178516322,1.4805126192799751,0.7200629727628364,2414499840.0,cell,False,True
LoopSeattle-H/tmedium,384,1.086295295957743,1.4805126192799751,0.7337291704315538,2845310976.0,cell,False,False
LoopSeattle-H/tmedium,512,1.0029199182215283,1.4805126192799751,0.6774139613273159,3302449152.0,cell,False,True
LoopSeattle-H/tmedium,768,0.9199190304593816,1.4805126192799751,0.6213516983778026,4191682560.0,cell,False,True
LoopSeattle-H/tmedium,1024,0.916327070364614,1.4805126192799751,0.6189255386490767,5124544512.0,cell,False,True
LoopSeattle-H/tmedium,1536,0.9146675028302147,1.4805126192799751,0.6178045974880304,7035420672.0,cell,False,True
LoopSeattle-H/tmedium,2048,0.91548343714727,1.4805126192799751,0.6183557135720339,9059131392.0,cell,False,False
LoopSeattle-H/tmedium,2560,0.9164199199368612,1.4805126192799751,0.6189882531244807,11148613632.0,cell,False,False
LoopSeattle-H/tmedium,3072,0.9241133447592813,1.4805126192799751,0.6241847132709412,13326876672.0,cell,False,False
LoopSeattle-H/tmedium,4096,0.9164583182754061,1.4805126192799751,0.6190141889645707,17977989120.0,cell,False,False
LoopSeattle-H/tlong,native,0.8705124190982736,1.5460268753677606,0.5630642215654891,19117824000.0,cell,True,False
LoopSeattle-H/tlong,32,1.5482388641361562,1.5460268753677606,1.001430756996297,2475712512.0,cell,False,True
LoopSeattle-H/tlong,48,1.4515024401482666,1.5460268753677606,0.9388597722811196,2516582400.0,cell,False,True
LoopSeattle-H/tlong,64,1.5417725219564953,1.5460268753677606,0.9972482021632041,2577979392.0,cell,False,False
LoopSeattle-H/tlong,96,1.1716778524222422,1.5460268753677606,0.7578638321817851,2680553472.0,cell,False,True
LoopSeattle-H/tlong,128,1.1594879307297505,1.5460268753677606,0.7499791557335882,2804047872.0,cell,False,True
LoopSeattle-H/tlong,192,1.0517545272567066,1.5460268753677606,0.6802951125972637,3010854912.0,cell,False,True
LoopSeattle-H/tlong,256,1.0103231637921362,1.5460268753677606,0.6534965076540509,3239761920.0,cell,False,True
LoopSeattle-H/tlong,384,0.9318645527153643,1.5460268753677606,0.6027479648396781,3680894976.0,cell,False,True
LoopSeattle-H/tlong,512,0.8830154939752598,1.5460268753677606,0.5711514515329579,4148846592.0,cell,False,True
LoopSeattle-H/tlong,768,0.8680398205019872,1.5460268753677606,0.5614648971063343,5058723840.0,cell,False,True
LoopSeattle-H/tlong,1024,0.8572026098663749,1.5460268753677606,0.5544551802584079,6012721152.0,cell,False,True
LoopSeattle-H/tlong,1536,0.8624529658959338,1.5460268753677606,0.5578512117978403,7965376512.0,cell,False,False
LoopSeattle-H/tlong,2048,0.8664858674358343,1.5460268753677606,0.5604597702932682,10031357952.0,cell,False,False
LoopSeattle-H/tlong,2560,0.8728684947146937,1.5460268753677606,0.5645881767139789,12162619392.0,cell,False,False
LoopSeattle-H/tlong,3072,0.8727402568163893,1.5460268753677606,0.5645052299681314,14382661632.0,cell,False,False
LoopSeattle-H/tlong,4096,0.8705124179967548,1.5460268753677606,0.5630642208530056,19117824000.0,cell,False,False
LoopSeattle-D/tshort,native,0.8805219463022985,1.7323957056549062,0.5082683727673121,1125215232.0,cell,True,True
LoopSeattle-D/tshort,32,0.8853984398627927,1.7323957056549062,0.5110832571176809,208361472.0,cell,False,True
LoopSeattle-D/tshort,48,0.891024534186931,1.7323957056549062,0.5143308375092586,246405120.0,cell,False,False
LoopSeattle-D/tshort,64,0.9045402953920946,1.7323957056549062,0.5221326123353248,303562752.0,cell,False,False
LoopSeattle-D/tshort,96,0.9134855791825891,1.7323957056549062,0.5272961461407338,399071232.0,cell,False,False
LoopSeattle-D/tshort,128,0.8991292580475388,1.7323957056549062,0.5190091704294756,514086912.0,cell,False,False
LoopSeattle-D/tshort,192,0.893960807457531,1.7323957056549062,0.5160257581679831,706762752.0,cell,False,False
LoopSeattle-D/tshort,256,0.8886726936971848,1.7323957056549062,0.5129732720973442,920125440.0,cell,False,False
SZTaxi-15T/tshort,native,0.5487756521533518,0.7644167735543712,0.7179011125065515,10279059456.0,cell,True,False
SZTaxi-15T/tshort,32,0.6229578935343811,0.7644167735543712,0.8149453479909433,265445376.0,cell,False,True
SZTaxi-15T/tshort,48,0.6159182615516938,0.7644167735543712,0.8057361937360535,303562752.0,cell,False,True
SZTaxi-15T/tshort,64,0.6036507623241617,0.7644167735543712,0.7896880121001497,360830976.0,cell,False,True
SZTaxi-15T/tshort,96,0.5822681962806721,0.7644167735543712,0.7617156195739295,456523776.0,cell,False,True
SZTaxi-15T/tshort,128,0.5727735636627557,0.7644167735543712,0.7492948656784225,571760640.0,cell,False,True
SZTaxi-15T/tshort,192,0.564084606578003,0.7644167735543712,0.7379280859512444,764805120.0,cell,False,True
SZTaxi-15T/tshort,256,0.5593639044667236,0.7644167735543712,0.7317525253479243,978573312.0,cell,False,True
SZTaxi-15T/tshort,384,0.5523922779345839,0.7644167735543712,0.722632334931742,1390804992.0,cell,False,True
SZTaxi-15T/tshort,512,0.5510117714316123,0.7644167735543712,0.7208263744259925,1828478976.0,cell,False,True
SZTaxi-15T/tshort,768,0.5477167468806874,0.7644167735543712,0.7165158665133995,2680553472.0,cell,False,True
SZTaxi-15T/tshort,1024,0.5452272198045618,0.7644167735543712,0.7132590998355179,3575371776.0,cell,False,True
SZTaxi-15T/tshort,1536,0.5440114375881814,0.7644167735543712,0.711668629481594,5411045376.0,cell,False,True
SZTaxi-15T/tshort,2048,0.5452066323354794,0.7644167735543712,0.7132321675784108,7358668800.0,cell,False,False
SZTaxi-15T/tshort,2560,0.5479068085835456,0.7644167735543712,0.7167645027409569,9372948480.0,cell,False,False
SZTaxi-15T/tmedium,native,0.5425409628418545,0.7134840540400068,0.7604107755033764,10873208832.0,cell,True,False
SZTaxi-15T/tmedium,32,0.5989770256614296,0.7134840540400068,0.839510038479211,1668636672.0,cell,False,True
SZTaxi-15T/tmedium,48,0.5980880020075934,0.7134840540400068,0.8382640069122794,1708523520.0,cell,False,True
SZTaxi-15T/tmedium,64,0.6242338640920904,0.7134840540400068,0.8749093417819931,1768445952.0,cell,False,False
SZTaxi-15T/tmedium,96,0.5732991659862564,0.7134840540400068,0.8035206431594757,1868562432.0,cell,False,True
SZTaxi-15T/tmedium,128,0.5601387713110146,0.7134840540400068,0.7850753890564263,1989107712.0,cell,False,True
SZTaxi-15T/tmedium,192,0.5555277440690324,0.7134840540400068,0.7786126976817938,2190999552.0,cell,False,True
SZTaxi-15T/tmedium,256,0.5527632448171569,0.7134840540400068,0.7747380501178827,2414499840.0,cell,False,True
SZTaxi-15T/tmedium,384,0.5470250127326828,0.7134840540400068,0.7666954988485415,2845310976.0,cell,False,True
SZTaxi-15T/tmedium,512,0.5480991359986407,0.7134840540400068,0.7682009610377465,3302449152.0,cell,False,False
SZTaxi-15T/tmedium,768,0.5399296415786107,0.7134840540400068,0.7567508180755158,4191682560.0,cell,False,True
SZTaxi-15T/tmedium,1024,0.5343740305600104,0.7134840540400068,0.7489642235648994,5124544512.0,cell,False,True
SZTaxi-15T/tmedium,1536,0.5320193349101412,0.7134840540400068,0.7456639456728623,7035420672.0,cell,False,True
SZTaxi-15T/tmedium,2048,0.5396773967351582,0.7134840540400068,0.7563972785086199,9059131392.0,cell,False,False
SZTaxi-15T/tlong,native,0.5207477139980912,0.6909431344941248,0.7536766602064257,10873208832.0,cell,True,False
SZTaxi-15T/tlong,32,0.5865398624517347,0.6909431344941248,0.8488974463595631,2475712512.0,cell,False,True
SZTaxi-15T/tlong,48,0.5768067556951673,0.6909431344941248,0.8348107491037989,2516582400.0,cell,False,True
SZTaxi-15T/tlong,64,0.5479164697770315,0.6909431344941248,0.7929979218596469,2577979392.0,cell,False,True
SZTaxi-15T/tlong,96,0.5377548218454519,0.6909431344941248,0.7782909982008432,2680553472.0,cell,False,True
SZTaxi-15T/tlong,128,0.5290644181864704,0.6909431344941248,0.7657134021221961,2804047872.0,cell,False,True
SZTaxi-15T/tlong,192,0.5195204835242475,0.6909431344941248,0.7519004930913965,3010854912.0,cell,False,True
SZTaxi-15T/tlong,256,0.5171508366063111,0.6909431344941248,0.748470909961272,3239761920.0,cell,False,True
SZTaxi-15T/tlong,384,0.5141471738896949,0.6909431344941248,0.7441237175996092,3680894976.0,cell,False,True
SZTaxi-15T/tlong,512,0.5121954838573565,0.6909431344941248,0.7412990422610701,4148846592.0,cell,False,True
SZTaxi-15T/tlong,768,0.5049608162839173,0.6909431344941248,0.7308283288083111,5058723840.0,cell,False,True
SZTaxi-15T/tlong,1024,0.5019352190624242,0.6909431344941248,0.7264493907011855,6012721152.0,cell,False,True
SZTaxi-15T/tlong,1536,0.5124674406926614,0.6909431344941248,0.7416926446021717,7965376512.0,cell,False,False
SZTaxi-15T/tlong,2048,0.5213650497479717,0.6909431344941248,0.7545701284515838,10031357952.0,cell,False,False
SZTaxi-H/tshort,native,0.5741730850898152,0.7381672994945998,0.7778359803840318,2353496064.0,cell,True,False
SZTaxi-H/tshort,32,0.6153950712206631,0.7381672994945998,0.8336796707765366,265445376.0,cell,False,True
SZTaxi-H/tshort,48,0.5978232198543881,0.7381672994945998,0.8098749704351562,303562752.0,cell,False,True
SZTaxi-H/tshort,64,0.589932945834968,0.7381672994945998,0.7991859653480679,360830976.0,cell,False,True
SZTaxi-H/tshort,96,0.5775764313980561,0.7381672994945998,0.7824465155710701,456523776.0,cell,False,True
SZTaxi-H/tshort,128,0.5680431939497286,0.7381672994945998,0.7695317773337428,571760640.0,cell,False,True
SZTaxi-H/tshort,192,0.5584631394934637,0.7381672994945998,0.7565536157939075,764805120.0,cell,False,True
SZTaxi-H/tshort,256,0.5557654756902803,0.7381672994945998,0.7528990732463978,978573312.0,cell,False,True
SZTaxi-H/tshort,384,0.5540367512592242,0.7381672994945998,0.7505571591135993,1390804992.0,cell,False,True
SZTaxi-H/tshort,512,0.5636690802946773,0.7381672994945998,0.7636061373629041,1828478976.0,cell,False,False
MDense-H/tshort,native,0.7866162592926402,1.4875444172240992,0.5288018631138032,15975831552.0,cell,True,True
MDense-H/tshort,32,1.4198487538213658,1.4875444172240992,0.954491669210752,265445376.0,cell,False,True
MDense-H/tshort,48,1.3146230317914922,1.4875444172240992,0.8837538002695107,303562752.0,cell,False,True
MDense-H/tshort,64,1.2076069441391215,1.4875444172240992,0.8118123601261145,360830976.0,cell,False,True
MDense-H/tshort,96,1.160163599545453,1.4875444172240992,0.7799186270420279,456523776.0,cell,False,True
MDense-H/tshort,128,1.0399147602035808,1.4875444172240992,0.6990814850047715,571760640.0,cell,False,True
MDense-H/tshort,192,0.9167474520061646,1.4875444172240992,0.6162824056823146,764805120.0,cell,False,True
MDense-H/tshort,256,0.877767914591726,1.4875444172240992,0.5900784571056542,978573312.0,cell,False,True
MDense-H/tshort,384,0.8090073217941236,1.4875444172240992,0.5438542287724147,1390804992.0,cell,False,True
MDense-H/tshort,512,0.803306410608871,1.4875444172240992,0.5400217978753992,1828478976.0,cell,False,True
MDense-H/tshort,768,0.8051943862059934,1.4875444172240992,0.5412909872691825,2680553472.0,cell,False,False
MDense-H/tshort,1024,0.7908341883870811,1.4875444172240992,0.5316373610294297,3575371776.0,cell,False,True
MDense-H/tshort,1536,0.787224160792545,1.4875444172240992,0.5292105241883002,5411045376.0,cell,False,True
MDense-H/tshort,2048,0.7879766359607407,1.4875444172240992,0.5297163747427326,7358668800.0,cell,False,False
MDense-H/tshort,2560,0.7869779250582019,1.4875444172240992,0.5290449925029992,9372948480.0,cell,False,True
MDense-H/tshort,3072,0.790014590141989,1.4875444172240992,0.5310863870648194,11476008960.0,cell,False,False
MDense-H/tshort,4096,0.786616259530373,1.4875444172240992,0.5288018632736187,15975831552.0,cell,False,False
MDense-H/tmedium,native,0.6961199642007595,1.569946511898904,0.4434036184830135,17977989120.0,cell,True,False
MDense-H/tmedium,32,1.3089398575538402,1.569946511898904,0.8337480593339659,1668636672.0,cell,False,True
MDense-H/tmedium,48,1.1468258325676561,1.569946511898904,0.7304872005992937,1708523520.0,cell,False,True
MDense-H/tmedium,64,1.047296221736939,1.569946511898904,0.6670903841623231,1768445952.0,cell,False,True
MDense-H/tmedium,96,0.9567250562313663,1.569946511898904,0.6093997782600724,1868562432.0,cell,False,True
MDense-H/tmedium,128,0.8845635416678581,1.569946511898904,0.5634354641789345,1989107712.0,cell,False,True
MDense-H/tmedium,192,0.7753852575525977,1.569946511898904,0.4938927865859218,2190999552.0,cell,False,True
MDense-H/tmedium,256,0.7610368972778951,1.569946511898904,0.48475339223971076,2414499840.0,cell,False,True
MDense-H/tmedium,384,0.7283497533178177,1.569946511898904,0.46393284599030943,2845310976.0,cell,False,True
MDense-H/tmedium,512,0.7159707250912813,1.569946511898904,0.4560478460029127,3302449152.0,cell,False,True
MDense-H/tmedium,768,0.7021021585155811,1.569946511898904,0.4472140631507022,4191682560.0,cell,False,True
MDense-H/tmedium,1024,0.6948549840559805,1.569946511898904,0.44259787119468774,5124544512.0,cell,False,True
MDense-H/tmedium,1536,0.698621388947429,1.569946511898904,0.44499693693540077,7035420672.0,cell,False,False
MDense-H/tmedium,2048,0.6956605764547191,1.569946511898904,0.44311100485410415,9059131392.0,cell,False,False
MDense-H/tmedium,2560,0.6959024373899956,1.569946511898904,0.4432650616537743,11148613632.0,cell,False,False
MDense-H/tmedium,3072,0.6979906144501923,1.569946511898904,0.44459515605149424,13326876672.0,cell,False,False
MDense-H/tmedium,4096,0.6961199646516424,1.569946511898904,0.4434036187702099,17977989120.0,cell,False,False
MDense-H/tlong,native,0.6991403321612595,1.4779178744488215,0.4730576334777727,19117824000.0,cell,True,False
MDense-H/tlong,32,1.3473737315481653,1.4779178744488215,0.9116702320490293,2475712512.0,cell,False,True
MDense-H/tlong,48,1.1948509520291457,1.4779178744488215,0.8084691123143473,2516582400.0,cell,False,True
MDense-H/tlong,64,1.088416862954294,1.4779178744488215,0.7364528718215896,2577979392.0,cell,False,True
MDense-H/tlong,96,0.9609378071628356,1.4779178744488215,0.6501970263545329,2680553472.0,cell,False,True
MDense-H/tlong,128,0.9328107253774635,1.4779178744488215,0.6311654669751852,2804047872.0,cell,False,True
MDense-H/tlong,192,0.7570688672809653,1.4779178744488215,0.5122536782115235,3010854912.0,cell,False,True
MDense-H/tlong,256,0.7522058485062202,1.4779178744488215,0.5089632255694517,3239761920.0,cell,False,True
MDense-H/tlong,384,0.7201398965553222,1.4779178744488215,0.48726651798828335,3680894976.0,cell,False,True
MDense-H/tlong,512,0.7098235637650298,1.4779178744488215,0.48028620266180433,4148846592.0,cell,False,True
MDense-H/tlong,768,0.6990533233022196,1.4779178744488215,0.47299876088373743,5058723840.0,cell,False,True
MDense-H/tlong,1024,0.7019227365521795,1.4779178744488215,0.47494028503712116,6012721152.0,cell,False,False
MDense-H/tlong,1536,0.7024833426558201,1.4779178744488215,0.47531960659032296,7965376512.0,cell,False,False
MDense-H/tlong,2048,0.6923761010269912,1.4779178744488215,0.4684807681111562,10031357952.0,cell,False,True
MDense-H/tlong,2560,0.6965280281692563,1.4779178744488215,0.47129007654029575,12162619392.0,cell,False,False
MDense-H/tlong,3072,0.6991947961764655,1.4779178744488215,0.47309448533276927,14382661632.0,cell,False,False
MDense-H/tlong,4096,0.6991403353086276,1.4779178744488215,0.4730576356073688,19117824000.0,cell,False,False
MDense-D/tshort,native,0.6780195236080676,1.6693368812171987,0.40616099197046973,2292508672.0,cell,True,False
MDense-D/tshort,32,0.757365710697939,1.6693368812171987,0.45369255254559826,208361472.0,cell,False,True
MDense-D/tshort,48,0.7787727711347068,1.6693368812171987,0.46651624360378585,246405120.0,cell,False,False
MDense-D/tshort,64,0.7620199945822644,1.6693368812171987,0.45648065597558524,303562752.0,cell,False,False
MDense-D/tshort,96,0.8510682925234254,1.6693368812171987,0.5098241715613856,399071232.0,cell,False,False
MDense-D/tshort,128,0.8034348889410896,1.6693368812171987,0.4812898450762462,514086912.0,cell,False,False
MDense-D/tshort,192,0.834884994845887,1.6693368812171987,0.5001297247066929,706762752.0,cell,False,False
MDense-D/tshort,256,0.7262802079766548,1.6693368812171987,0.4350710849011416,920125440.0,cell,False,True
MDense-D/tshort,384,0.6869136576597297,1.6693368812171987,0.41148893634870504,1331582976.0,cell,False,True
MDense-D/tshort,512,0.6751668559463567,1.6693368812171987,0.4044521291915974,1768445952.0,cell,False,True
Solar-10T/tshort,native,1.0134905417034512,1.1057028063509833,0.9166030292065107,15975831552.0,cell,True,False
Solar-10T/tshort,32,1.5646640661268107,1.1057028063509833,1.4150855520485488,265445376.0,cell,False,True
Solar-10T/tshort,48,1.6971845594469375,1.1057028063509833,1.5349373716866557,303562752.0,cell,False,False
Solar-10T/tshort,64,1.301656279082184,1.1057028063509833,1.1772207428665955,360830976.0,cell,False,True
Solar-10T/tshort,96,1.1275075548369642,1.1057028063509833,1.0197202615031253,456523776.0,cell,False,True
Solar-10T/tshort,128,0.982654347966271,1.1057028063509833,0.8887147091624067,571760640.0,cell,False,True
Solar-10T/tshort,192,0.982952045207309,1.1057028063509833,0.8889839471885093,764805120.0,cell,False,False
Solar-10T/tshort,256,1.0408540559826491,1.1057028063509833,0.9413506504678716,978573312.0,cell,False,False
Solar-10T/tshort,384,1.0757690869280714,1.1057028063509833,0.9729278796698558,1390804992.0,cell,False,False
Solar-10T/tshort,512,1.033878383613714,1.1057028063509833,0.9350418373502164,1828478976.0,cell,False,False
Solar-10T/tshort,768,0.8859781024340602,1.1057028063509833,0.8012805044403805,2680553472.0,cell,False,True
Solar-10T/tshort,1024,1.247001180099316,1.1057028063509833,1.127790553606934,3575371776.0,cell,False,False
Solar-10T/tshort,1536,1.0320299003601,1.1057028063509833,0.9333700651135931,5411045376.0,cell,False,False
Solar-10T/tshort,2048,0.9915887193135726,1.1057028063509833,0.896794973855581,7358668800.0,cell,False,False
Solar-10T/tshort,2560,1.0073263031493798,1.1057028063509833,0.911028078579032,9372948480.0,cell,False,False
Solar-10T/tshort,3072,1.027271795606928,1.1057028063509833,0.929066824924781,11476008960.0,cell,False,False
Solar-10T/tshort,4096,1.0134905401328174,1.1057028063509833,0.9166030277860261,15975831552.0,cell,False,False
Solar-10T/tmedium,native,0.8336479601309409,0.9270005404761702,0.8992960885467477,17977989120.0,cell,True,True
Solar-10T/tmedium,32,2.4700953449496925,0.9270005404761702,2.664610469030454,1668636672.0,cell,False,True
Solar-10T/tmedium,48,2.1982843425546337,0.9270005404761702,2.3713948876722832,1708523520.0,cell,False,True
Solar-10T/tmedium,64,1.5016528176236175,0.9270005404761702,1.6199050076629589,1768445952.0,cell,False,True
Solar-10T/tmedium,96,1.2739823785092594,0.9270005404761702,1.374305971660875,1868562432.0,cell,False,True
Solar-10T/tmedium,128,1.0083913982771298,0.9270005404761702,1.087800226911574,1989107712.0,cell,False,True
Solar-10T/tmedium,192,1.0184017509446808,0.9270005404761702,1.0985988750573552,2190999552.0,cell,False,False
Solar-10T/tmedium,256,0.9362990786920781,0.9270005404761702,1.0100307797136034,2414499840.0,cell,False,True
Solar-10T/tmedium,384,0.9145293001325596,0.9270005404761702,0.9865466741397966,2845310976.0,cell,False,True
Solar-10T/tmedium,512,0.9551028398478775,0.9270005404761702,1.0303152998781122,3302449152.0,cell,False,False
Solar-10T/tmedium,768,0.8828214807758846,0.9270005404761702,0.9523419267074081,4191682560.0,cell,False,True
Solar-10T/tmedium,1024,0.9391009065432078,0.9270005404761702,1.0130532459677122,5124544512.0,cell,False,False
Solar-10T/tmedium,1536,0.9157929149102357,0.9270005404761702,0.9879097960825595,7035420672.0,cell,False,False
Solar-10T/tmedium,2048,0.8498572111776944,0.9270005404761702,0.9167817860614733,9059131392.0,cell,False,True
Solar-10T/tmedium,2560,0.8500297948686502,0.9270005404761702,0.9169679603768272,11148613632.0,cell,False,False
Solar-10T/tmedium,3072,0.8371090779340266,0.9270005404761702,0.9030297625328575,13326876672.0,cell,False,True
Solar-10T/tmedium,4096,0.8336479612943168,0.9270005404761702,0.8992960898017371,17977989120.0,cell,False,False
Solar-10T/tlong,native,0.8210862709845963,0.8709317964102903,0.9427675902623585,19117824000.0,cell,True,True
Solar-10T/tlong,32,2.0178599556125603,0.8709317964102903,2.3168977914568636,2475712512.0,cell,False,True
Solar-10T/tlong,48,1.8460443775435322,0.8709317964102903,2.119619911860323,2516582400.0,cell,False,True
Solar-10T/tlong,64,1.2835041086658037,0.8709317964102903,1.473713686830597,2577979392.0,cell,False,True
Solar-10T/tlong,96,1.0852234915007921,0.8709317964102903,1.2460487675082543,2680553472.0,cell,False,True
Solar-10T/tlong,128,0.9002568013347143,0.8709317964102903,1.033670839720507,2804047872.0,cell,False,True
Solar-10T/tlong,192,0.9841396410221355,0.8709317964102903,1.1299847417196762,3010854912.0,cell,False,False
Solar-10T/tlong,256,0.9477164462549218,0.8709317964102903,1.0881637921145075,3239761920.0,cell,False,False
Solar-10T/tlong,384,1.0503621536373455,0.8709317964102903,1.2060211350264296,3680894976.0,cell,False,False
Solar-10T/tlong,512,1.0496706558662152,0.8709317964102903,1.205227160373098,4148846592.0,cell,False,False
Solar-10T/tlong,768,0.9756794094574488,0.8709317964102903,1.1202707416113358,5058723840.0,cell,False,False
Solar-10T/tlong,1024,0.9901751834544412,0.8709317964102903,1.1369147245922528,6012721152.0,cell,False,False
Solar-10T/tlong,1536,0.9358056227325244,0.8709317964102903,1.074487837726931,7965376512.0,cell,False,False
Solar-10T/tlong,2048,0.8371749085838891,0.8709317964102903,0.9612404921194329,10031357952.0,cell,False,True
Solar-10T/tlong,2560,0.8390096487404942,0.8709317964102903,0.963347132575284,12162619392.0,cell,False,False
Solar-10T/tlong,3072,0.8215039178784384,0.8709317964102903,0.9432471305611091,14382661632.0,cell,False,True
Solar-10T/tlong,4096,0.8210862716784917,0.8709317964102903,0.942767591059086,19117824000.0,cell,False,False
Solar-H/tshort,native,0.8682413019569842,0.9519362458316396,0.912079255053959,15975831552.0,cell,True,False
Solar-H/tshort,32,1.0158358441441233,0.9519362458316396,1.0671259221321687,265445376.0,cell,False,True
Solar-H/tshort,48,0.9308837230234278,0.9519362458316396,0.9778845244096996,303562752.0,cell,False,True
Solar-H/tshort,64,0.8599953762489703,0.9519362458316396,0.9034169882854423,360830976.0,cell,False,True
Solar-H/tshort,96,0.9304253124040972,0.9519362458316396,0.9774029684007359,456523776.0,cell,False,False
Solar-H/tshort,128,0.9024571393637949,0.9519362458316396,0.948022667815723,571760640.0,cell,False,False
Solar-H/tshort,192,0.8786132087590192,0.9519362458316396,0.9229748448032218,764805120.0,cell,False,False
Solar-H/tshort,256,0.9220562691092444,0.9519362458316396,0.9686113677746443,978573312.0,cell,False,False
Solar-H/tshort,384,0.8344871161284034,0.9519362458316396,0.8766208028977517,1390804992.0,cell,False,True
Solar-H/tshort,512,0.8410396787487807,0.9519362458316396,0.8835042077991511,1828478976.0,cell,False,False
Solar-H/tshort,768,0.8623967661538374,0.9519362458316396,0.9059396256105599,2680553472.0,cell,False,False
Solar-H/tshort,1024,0.8534977767306443,0.9519362458316396,0.8965913216015884,3575371776.0,cell,False,False
Solar-H/tshort,1536,0.8589096825159879,0.9519362458316396,0.902276477313477,5411045376.0,cell,False,False
Solar-H/tshort,2048,0.8558273748176978,0.9519362458316396,0.8990385423028217,7358668800.0,cell,False,False
Solar-H/tshort,2560,0.8651888651588775,0.9519362458316396,0.9088726991407108,9372948480.0,cell,False,False
Solar-H/tshort,3072,0.8692166536060403,0.9519362458316396,0.9131038527130217,11476008960.0,cell,False,False
Solar-H/tshort,4096,0.8682413012406853,0.9519362458316396,0.9120792543014938,15975831552.0,cell,False,False
Solar-H/tmedium,native,0.8426630747777336,0.9349685908749716,0.9012742064299125,17977989120.0,cell,True,False
Solar-H/tmedium,32,1.153983267201371,0.9349685908749716,1.234248164552179,1668636672.0,cell,False,True
Solar-H/tmedium,48,1.0805390654456266,0.9349685908749716,1.155695577360974,1708523520.0,cell,False,True
Solar-H/tmedium,64,1.045860637138372,0.9349685908749716,1.118605103257666,1768445952.0,cell,False,True
Solar-H/tmedium,96,1.0349293182724928,0.9349685908749716,1.1069134603804978,1868562432.0,cell,False,True
Solar-H/tmedium,128,0.9885150569860971,0.9349685908749716,1.0572708715926116,1989107712.0,cell,False,True
Solar-H/tmedium,192,1.0453992176343823,0.9349685908749716,1.1181115898835343,2190999552.0,cell,False,False
Solar-H/tmedium,256,0.9792017677449224,0.9349685908749716,1.0473097998175063,2414499840.0,cell,False,True
Solar-H/tmedium,384,0.9056401137415082,0.9349685908749716,0.9686315910291522,2845310976.0,cell,False,True
Solar-H/tmedium,512,0.8564101703315342,0.9349685908749716,0.9159774763450395,3302449152.0,cell,False,True
Solar-H/tmedium,768,0.8888496047926182,0.9349685908749716,0.9506732241783717,4191682560.0,cell,False,False
Solar-H/tmedium,1024,0.8792351681982763,0.9349685908749716,0.9403900588526313,5124544512.0,cell,False,False
Solar-H/tmedium,1536,0.8380681754455523,0.9349685908749716,0.8963597105024277,7035420672.0,cell,False,True
Solar-H/tmedium,2048,0.8353829240486866,0.9349685908749716,0.8934876873959052,9059131392.0,cell,False,True
Solar-H/tmedium,2560,0.8552030400701882,0.9349685908749716,0.9146863845659923,11148613632.0,cell,False,False
Solar-H/tmedium,3072,0.8323684809122592,0.9349685908749716,0.8902635757349922,13326876672.0,cell,False,True
Solar-H/tmedium,4096,0.8426630761103737,0.9349685908749716,0.9012742078552439,17977989120.0,cell,False,False
Solar-H/tlong,native,0.8921950909343855,1.071196647792778,0.8328957085263209,19117824000.0,cell,True,False
Solar-H/tlong,32,1.2336375431810875,1.071196647792778,1.1516443276059745,2475712512.0,cell,False,True
Solar-H/tlong,48,1.2472626304761132,1.071196647792778,1.1643638290374814,2516582400.0,cell,False,False
Solar-H/tlong,64,1.0833838653346446,1.071196647792778,1.011377199104365,2577979392.0,cell,False,True
Solar-H/tlong,96,1.135292890117913,1.071196647792778,1.0598361117514759,2680553472.0,cell,False,False
Solar-H/tlong,128,0.9751724920514858,1.071196647792778,0.910358050560416,2804047872.0,cell,False,True
Solar-H/tlong,192,1.1483319194870394,1.071196647792778,1.072008507357823,3010854912.0,cell,False,False
Solar-H/tlong,256,1.1339075670259762,1.071196647792778,1.0585428635931744,3239761920.0,cell,False,False
Solar-H/tlong,384,1.021981342782541,1.071196647792778,0.9540557701411352,3680894976.0,cell,False,False
Solar-H/tlong,512,0.9233479698789053,1.071196647792778,0.8619780240924785,4148846592.0,cell,False,True
Solar-H/tlong,768,0.9435594479510755,1.071196647792778,0.8808461545275544,5058723840.0,cell,False,False
Solar-H/tlong,1024,0.9178582872174964,1.071196647792778,0.8568532109475526,6012721152.0,cell,False,True
Solar-H/tlong,1536,0.905698050709937,1.071196647792778,0.845501199594067,7965376512.0,cell,False,True
Solar-H/tlong,2048,0.8868095002589291,1.071196647792778,0.8278680689360052,10031357952.0,cell,False,True
Solar-H/tlong,2560,0.902115087391821,1.071196647792778,0.8421563764698546,12162619392.0,cell,False,False
Solar-H/tlong,3072,0.8810313941208244,1.071196647792778,0.82247400226299,14382661632.0,cell,False,True
Solar-H/tlong,4096,0.892195088266238,1.071196647792778,0.8328957060355107,19117824000.0,cell,False,False
Solar-D/tshort,native,1.0240445156735245,1.155861190610263,0.8859580406301705,1125215232.0,cell,True,False
Solar-D/tshort,32,0.9858838587655734,1.155861190610263,0.8529431274053365,208361472.0,cell,False,True
Solar-D/tshort,48,0.9897077988542311,1.155861190610263,0.8562514313087133,246405120.0,cell,False,False
Solar-D/tshort,64,0.9651701807384635,1.155861190610263,0.8350225689547377,303562752.0,cell,False,True
Solar-D/tshort,96,0.9600497650271846,1.155861190610263,0.8305926116615308,399071232.0,cell,False,True
Solar-D/tshort,128,0.9561533338450795,1.155861190610263,0.827221591669028,514086912.0,cell,False,True
Solar-D/tshort,192,0.9613724346399911,1.155861190610263,0.8317369269335991,706762752.0,cell,False,False
Solar-D/tshort,256,0.9815449942847163,1.155861190610263,0.8491893336833012,920125440.0,cell,False,False
Solar-W/tshort,native,0.9275895028514454,1.4703506784640206,0.6308627706557987,189358080.0,cell,True,True
HierSales-D/tshort,native,0.7458449045811465,1.134803399686105,0.6572459201192494,5990891520.0,cell,True,False
HierSales-D/tshort,32,0.7959613848228105,1.134803399686105,0.701409059087221,208361472.0,cell,False,True
HierSales-D/tshort,48,0.7781918048014781,1.134803399686105,0.6857503291025843,246405120.0,cell,False,True
HierSales-D/tshort,64,0.7742741620074955,1.134803399686105,0.6822980634545732,303562752.0,cell,False,True
HierSales-D/tshort,96,0.7629678756943764,1.134803399686105,0.6723348519271434,399071232.0,cell,False,True
HierSales-D/tshort,128,0.7604052690806252,1.134803399686105,0.6700766575875248,514086912.0,cell,False,True
HierSales-D/tshort,192,0.7571414216713361,1.134803399686105,0.6672005229106355,706762752.0,cell,False,True
HierSales-D/tshort,256,0.7537192373565681,1.134803399686105,0.6641848601837572,920125440.0,cell,False,True
HierSales-D/tshort,384,0.748600799904315,1.134803399686105,0.6596744423848073,1331582976.0,cell,False,True
HierSales-D/tshort,512,0.747823174956809,1.134803399686105,0.6589891915759701,1768445952.0,cell,False,True
HierSales-D/tshort,768,0.7459002756317448,1.134803399686105,0.6572947136376805,2618972160.0,cell,False,True
HierSales-D/tshort,1024,0.7462016030554685,1.134803399686105,0.6575602463491679,3512205312.0,cell,False,False
HierSales-D/tshort,1536,0.7458448852996802,1.134803399686105,0.6572459031282303,5344745472.0,cell,False,True
HierSales-W/tshort,native,0.7041526543840577,1.0250133777288335,0.6869692334594493,808422912.0,cell,True,True
HierSales-W/tshort,32,0.8006789402535754,1.0250133777288335,0.7811399906093659,151388160.0,cell,False,True
HierSales-W/tshort,48,0.7544583833191478,1.0250133777288335,0.7360473528558563,189358080.0,cell,False,True
HierSales-W/tshort,64,0.7407143732964128,1.0250133777288335,0.722638737591548,246405120.0,cell,False,True
HierSales-W/tshort,96,0.7240177265619839,1.0250133777288335,0.7063495387408713,341729280.0,cell,False,True
HierSales-W/tshort,128,0.7107027185516617,1.0250133777288335,0.6933594565627977,456523776.0,cell,False,True
HierSales-W/tshort,192,0.707394609062029,1.0250133777288335,0.6901320747924616,648830976.0,cell,False,True
M4-Yearly/tshort,native,2.984589143671305,3.965954931783283,0.7525524608846956,123739248.58918776,cell,True,True
M4-Yearly/tshort,32,2.977238765151427,3.965954931783283,0.7506990917349426,132421632.0,cell,False,True
M4-Yearly/tshort,48,2.9848780985285797,3.965954931783283,0.752625319720019,170366976.0,cell,False,False
M4-Yearly/tshort,64,2.986676699168565,3.965954931783283,0.753078829825636,227377152.0,cell,False,False
M4-Yearly/tshort,96,2.9865137695309323,3.965954931783283,0.75303774775576,322639872.0,cell,False,False
M4-Yearly/tshort,128,2.985583736201253,3.965954931783283,0.7528032434949511,437360640.0,cell,False,False
M4-Yearly/tshort,192,2.984873867741646,3.965954931783283,0.7526242529436672,629544960.0,cell,False,False
M4-Yearly/tshort,256,2.984721384833014,3.965954931783283,0.7525858049755851,842366976.0,cell,False,False
M4-Quarterly/tshort,native,1.1421732307584425,1.602247174616002,0.7128570727747908,338275345.408,cell,True,True
M4-Quarterly/tshort,32,1.1595867822658525,1.602247174616002,0.7237252782447636,151388160.0,cell,False,True
M4-Quarterly/tshort,48,1.1718873011895916,1.602247174616002,0.7314023202883466,189358080.0,cell,False,False
M4-Quarterly/tshort,64,1.1591790883429909,1.602247174616002,0.7234708269158298,246405120.0,cell,False,True
M4-Quarterly/tshort,96,1.1470753379864722,1.602247174616002,0.7159165927450505,341729280.0,cell,False,False
M4-Quarterly/tshort,128,1.1442519164503688,1.602247174616002,0.7141544292157062,456523776.0,cell,False,False
M4-Quarterly/tshort,192,1.1431048328764462,1.602247174616002,0.7134385074827203,648830976.0,cell,False,False
M4-Quarterly/tshort,256,1.1430193132053785,1.602247174616002,0.7133851326524054,861788160.0,cell,False,False
M4-Quarterly/tshort,384,1.1431182168976315,1.602247174616002,0.7134468607639103,1272471552.0,cell,False,False
M4-Quarterly/tshort,512,1.1431658520772379,1.602247174616002,0.7134765909955256,1708523520.0,cell,False,False
M4-Quarterly/tshort,768,1.1431920187454783,1.602247174616002,0.7134929222262215,2557501440.0,cell,False,False
M4-Monthly/tshort,native,0.9167207917500698,1.259717038974429,0.7277196095532675,756231434.24,cell,True,True
M4-Monthly/tshort,32,0.9470840523509242,1.259717038974429,0.751822848345349,170366976.0,cell,False,True
M4-Monthly/tshort,48,0.9312571407759159,1.259717038974429,0.7392589859180427,208361472.0,cell,False,True
M4-Monthly/tshort,64,0.9233369531695315,1.259717038974429,0.732971710790898,265445376.0,cell,False,True
M4-Monthly/tshort,96,0.9301930543635846,1.259717038974429,0.7384142831955983,360830976.0,cell,False,False
M4-Monthly/tshort,128,0.9315167326078277,1.259717038974429,0.739465057459413,475699200.0,cell,False,False
M4-Monthly/tshort,192,0.9263129778886229,1.259717038974429,0.7353341657129289,668129280.0,cell,False,False
M4-Monthly/tshort,256,0.9190854896304044,1.259717038974429,0.7295967754620971,881221632.0,cell,False,False
M4-Monthly/tshort,384,0.9181655057684827,1.259717038974429,0.7288664655325985,1292163072.0,cell,False,False
M4-Monthly/tshort,512,0.9178917828471409,1.259717038974429,0.7286491763217098,1728485376.0,cell,False,False
M4-Monthly/tshort,768,0.9177789485380924,1.259717038974429,0.7285596051675874,2577979392.0,cell,False,False
M4-Monthly/tshort,1024,0.9177339906144428,1.259717038974429,0.7285239162610644,3470155776.0,cell,False,False
M4-Monthly/tshort,1536,0.9177358223040308,1.259717038974429,0.7285253703094985,5300606976.0,cell,False,False
M4-Monthly/tshort,2048,0.9177358065135343,1.259717038974429,0.7285253577745433,7242946560.0,cell,False,False
M4-Monthly/tshort,2560,0.9177358057311024,1.259717038974429,0.7285253571534261,9252003840.0,cell,False,False
M4-Weekly/tshort,native,2.003622149374981,2.777295047362158,0.7214293458946675,3551145316.545961,cell,True,False
M4-Weekly/tshort,32,2.9922289211805233,2.777295047362158,1.0773896435751424,170366976.0,cell,False,True
M4-Weekly/tshort,48,2.7598400805230576,2.777295047362158,0.9937151197328931,208361472.0,cell,False,True
M4-Weekly/tshort,64,2.231266045868639,2.777295047362158,0.8033953929338077,265445376.0,cell,False,True
M4-Weekly/tshort,96,2.1906254620944146,2.777295047362158,0.7887622397825701,360830976.0,cell,False,True
M4-Weekly/tshort,128,2.0438978842074826,2.777295047362158,0.7359311305972884,475699200.0,cell,False,True
M4-Weekly/tshort,192,1.9258189093515232,2.777295047362158,0.6934153111246295,668129280.0,cell,False,True
M4-Weekly/tshort,256,1.9200578122408793,2.777295047362158,0.6913409556771895,881221632.0,cell,False,True
M4-Weekly/tshort,384,1.9565707256588827,2.777295047362158,0.7044878892205603,1292163072.0,cell,False,False
M4-Weekly/tshort,512,1.9590187523384355,2.777295047362158,0.7053693320049264,1728485376.0,cell,False,False
M4-Weekly/tshort,768,1.9531826756445059,2.777295047362158,0.7032679792158257,2577979392.0,cell,False,False
M4-Weekly/tshort,1024,1.9706376257103633,2.777295047362158,0.7095528534435157,3470155776.0,cell,False,False
M4-Weekly/tshort,1536,2.010718288263122,2.777295047362158,0.723984399919223,5300606976.0,cell,False,False
M4-Weekly/tshort,2048,2.0127275377076392,2.777295047362158,0.7247078554434842,7242946560.0,cell,False,False
M4-Weekly/tshort,2560,2.013203347181452,2.777295047362158,0.7248791766267573,9252003840.0,cell,False,False
M4-Daily/tshort,native,3.449624259938489,3.278424296610481,1.0522201972163914,8774887921.10149,cell,True,False
M4-Daily/tshort,32,3.5371772671883925,3.278424296610481,1.0789260166371488,170366976.0,cell,False,True
M4-Daily/tshort,48,3.518517874922728,3.278424296610481,1.0732344433148806,208361472.0,cell,False,True
M4-Daily/tshort,64,3.5289500305725596,3.278424296610481,1.0764165072291265,265445376.0,cell,False,False
M4-Daily/tshort,96,3.47270190955212,3.278424296610481,1.0592594476384587,360830976.0,cell,False,True
M4-Daily/tshort,128,3.5882504709818472,3.278424296610481,1.0945045992648639,475699200.0,cell,False,False
M4-Daily/tshort,192,3.602292261501118,3.278424296610481,1.098787690545571,668129280.0,cell,False,False
M4-Daily/tshort,256,3.5873148636373573,3.278424296610481,1.0942192160258921,881221632.0,cell,False,False
M4-Daily/tshort,384,3.4121451683957646,3.278424296610481,1.0407881529927459,1292163072.0,cell,False,True
M4-Daily/tshort,512,3.2339573107428388,3.278424296610481,0.986436476232312,1728485376.0,cell,False,True
M4-Daily/tshort,768,3.30223580687486,3.278424296610481,1.007263095960153,2577979392.0,cell,False,False
M4-Daily/tshort,1024,3.3096775187216387,3.278424296610481,1.0095330010040098,3470155776.0,cell,False,False
M4-Daily/tshort,1536,3.3640804302474168,3.278424296610481,1.0261272263402559,5300606976.0,cell,False,False
M4-Daily/tshort,2048,3.3779874146550175,3.278424296610481,1.0303691984431282,7242946560.0,cell,False,False
M4-Daily/tshort,2560,3.353135984657092,3.278424296610481,1.0227889014011562,9252003840.0,cell,False,False
M4-Daily/tshort,3072,3.409475307249983,3.278424296610481,1.0399737797133195,11349841920.0,cell,False,False
M4-Daily/tshort,4096,3.441799690231479,3.278424296610481,1.0498335111138328,15839158272.0,cell,False,False
M4-Hourly/tshort,native,0.7140815391097938,1.1932101877276544,0.5984541084665799,2981398631.884058,cell,True,False
M4-Hourly/tshort,32,1.4618577437921678,1.1932101877276544,1.2251468842854292,265445376.0,cell,False,True
M4-Hourly/tshort,48,1.5257140190608105,1.1932101877276544,1.2786632520850123,303562752.0,cell,False,False
M4-Hourly/tshort,64,1.0110279509682514,1.1932101877276544,0.8473175651421898,360830976.0,cell,False,True
M4-Hourly/tshort,96,1.0819644711258876,1.1932101877276544,0.9067677113840078,456523776.0,cell,False,False
M4-Hourly/tshort,128,0.8420192934528152,1.1932101877276544,0.7056755818154336,571760640.0,cell,False,True
M4-Hourly/tshort,192,0.7536528935890737,1.1932101877276544,0.6316178837060785,764805120.0,cell,False,True
M4-Hourly/tshort,256,0.7058634639491149,1.1932101877276544,0.5915667425647437,978573312.0,cell,False,True
M4-Hourly/tshort,384,0.7093422378603945,1.1932101877276544,0.5944822170947631,1390804992.0,cell,False,False
M4-Hourly/tshort,512,0.7138157467862756,1.1932101877276544,0.5982313544822007,1828478976.0,cell,False,False
M4-Hourly/tshort,768,0.7083539843107306,1.1932101877276544,0.5936539861930927,2680553472.0,cell,False,False
Hospital/tshort,native,0.7401915649781365,0.9205278266364826,0.8040947199637877,265445376.0,cell,True,True
Hospital/tshort,32,0.7827964798999638,0.9205278266364826,0.8503778563220892,151388160.0,cell,False,True
Hospital/tshort,48,0.7517642157354674,0.9205278266364826,0.8166664754528272,189358080.0,cell,False,True
Hospital/tshort,64,0.7472222244717207,0.9205278266364826,0.8117323592508839,246405120.0,cell,False,True
CovidDeaths-D/tshort,native,35.86890623932235,46.91239825526407,0.7645933180424745,687439872.0,cell,True,False
CovidDeaths-D/tshort,32,34.319779573075934,46.91239825526407,0.7315716281724073,208361472.0,cell,False,True
CovidDeaths-D/tshort,48,34.84575381179277,46.91239825526407,0.7427834667967056,246405120.0,cell,False,False
CovidDeaths-D/tshort,64,35.39087690011402,46.91239825526407,0.7544034885520436,303562752.0,cell,False,False
CovidDeaths-D/tshort,96,34.91173771192493,46.91239825526407,0.7441900011583283,399071232.0,cell,False,False
CovidDeaths-D/tshort,128,36.5033574498071,46.91239825526407,0.7781174872190857,514086912.0,cell,False,False
USBirths-D/tshort,native,0.4175462611819815,1.8648391912491091,0.2239047008135324,15893790720.0,cell,True,True
USBirths-D/tshort,32,0.5164627747315228,1.8648391912491091,0.27694761948111196,208361472.0,cell,False,True
USBirths-D/tshort,48,0.5064651479893201,1.8648391912491091,0.2715864994504319,246405120.0,cell,False,True
USBirths-D/tshort,64,0.5121310861225454,1.8648391912491091,0.2746247979588573,303562752.0,cell,False,False
USBirths-D/tshort,96,0.5088256629473379,1.8648391912491091,0.27285230026001095,399071232.0,cell,False,False
USBirths-D/tshort,128,0.5115496465677535,1.8648391912491091,0.274313007238499,514086912.0,cell,False,False
USBirths-D/tshort,192,0.5135278539405747,1.8648391912491091,0.27537379970902626,706762752.0,cell,False,False
USBirths-D/tshort,256,0.5144725019071693,1.8648391912491091,0.2758803570417054,920125440.0,cell,False,False
USBirths-D/tshort,384,0.4758102579559876,1.8648391912491091,0.25514814370523803,1331582976.0,cell,False,True
USBirths-D/tshort,512,0.4451410993288949,1.8648391912491091,0.23870213657979264,1768445952.0,cell,False,True
USBirths-D/tshort,768,0.41905839064470907,1.8648391912491091,0.22471556400743317,2618972160.0,cell,False,True
USBirths-D/tshort,1024,0.42432571252849083,1.8648391912491091,0.22754010883065387,3512205312.0,cell,False,False
USBirths-D/tshort,1536,0.41754626155048924,1.8648391912491091,0.2239047010111407,5344745472.0,cell,False,True
USBirths-D/tshort,2048,0.41754626155048924,1.8648391912491091,0.2239047010111407,7289198592.0,cell,False,False
USBirths-D/tshort,2560,0.41754626155048924,1.8648391912491091,0.2239047010111407,9300344832.0,cell,False,False
USBirths-D/tshort,3072,0.41754626155048924,1.8648391912491091,0.2239047010111407,11400271872.0,cell,False,False
USBirths-D/tshort,4096,0.41754626155048924,1.8648391912491091,0.2239047010111407,15893790720.0,cell,False,False
USBirths-W/tshort,native,0.965686066440936,1.5634204337929731,0.6176752238667563,3310096237.714286,cell,True,False
USBirths-W/tshort,32,1.6549932507557674,1.5634204337929731,1.0585720993428696,151388160.0,cell,False,True
USBirths-W/tshort,48,1.4637222307667421,1.5634204337929731,0.9362307151222555,189358080.0,cell,False,True
USBirths-W/tshort,64,1.1263994050043222,1.5634204337929731,0.7204712057342082,246405120.0,cell,False,True
USBirths-W/tshort,96,1.1396943566584408,1.5634204337929731,0.7289749654182646,341729280.0,cell,False,False
USBirths-W/tshort,128,1.0181726256095094,1.5634204337929731,0.6512468454434535,456523776.0,cell,False,True
USBirths-W/tshort,192,0.9963549661464585,1.5634204337929731,0.6372917640133614,648830976.0,cell,False,True
USBirths-W/tshort,256,0.9860037247428258,1.5634204337929731,0.6306708697357295,861788160.0,cell,False,True
USBirths-W/tshort,384,0.959365349904319,1.5634204337929731,0.6136323468517217,1272471552.0,cell,False,True
USBirths-W/tshort,512,0.9863122163099538,1.5634204337929731,0.6308681881028558,1708523520.0,cell,False,False
USBirths-W/tshort,768,1.01210265477206,1.5634204337929731,0.6473643511979847,2557501440.0,cell,False,False
USBirths-W/tshort,1024,1.0088577987398852,1.5634204337929731,0.6452888659593132,3449149440.0,cell,False,False
USBirths-M/tshort,native,0.6679024341689376,0.7605310792868888,0.8782053125234482,745451520.0,cell,True,False
USBirths-M/tshort,32,0.6879999406194478,0.7605310792868888,0.9046309340369761,151388160.0,cell,False,True
USBirths-M/tshort,48,0.5534056657730463,0.7605310792868888,0.7276568714219366,189358080.0,cell,False,True
USBirths-M/tshort,64,0.5899758109156935,0.7605310792868888,0.775741882197482,246405120.0,cell,False,False
USBirths-M/tshort,96,0.6454590795333734,0.7605310792868888,0.8486952040652797,341729280.0,cell,False,False
USBirths-M/tshort,128,0.6932823719911688,0.7605310792868888,0.9115766480460264,456523776.0,cell,False,False
USBirths-M/tshort,192,0.6760468400084267,0.7605310792868888,0.8889141527816606,648830976.0,cell,False,False
SaugeenDay-D/tshort,native,2.755925006358511,3.413049305768806,0.8074670945129302,15893790720.0,cell,True,False
SaugeenDay-D/tshort,32,3.287596943036252,3.413049305768806,0.9632433195381879,208361472.0,cell,False,True
SaugeenDay-D/tshort,48,3.59011154867045,3.413049305768806,1.0518780208074843,246405120.0,cell,False,False
SaugeenDay-D/tshort,64,3.6086265916524356,3.413049305768806,1.0573028012086028,303562752.0,cell,False,False
SaugeenDay-D/tshort,96,3.5860181463714897,3.413049305768806,1.0506786820542933,399071232.0,cell,False,False
SaugeenDay-D/tshort,128,3.485966695636554,3.413049305768806,1.0213642943113954,514086912.0,cell,False,False
SaugeenDay-D/tshort,192,3.227531685068703,3.413049305768806,0.9456446115833905,706762752.0,cell,False,True
SaugeenDay-D/tshort,256,3.311367017298997,3.413049305768806,0.9702077880041337,920125440.0,cell,False,False
SaugeenDay-D/tshort,384,3.090665813152029,3.413049305768806,0.9055438513378996,1331582976.0,cell,False,True
SaugeenDay-D/tshort,512,2.98286361980899,3.413049305768806,0.8739585492560253,1768445952.0,cell,False,True
SaugeenDay-D/tshort,768,3.037690597186544,3.413049305768806,0.8900224769833174,2618972160.0,cell,False,False
SaugeenDay-D/tshort,1024,2.9689581900651727,3.413049305768806,0.8698843538670769,3512205312.0,cell,False,True
SaugeenDay-D/tshort,1536,2.891335262528633,3.413049305768806,0.8471413693443101,5344745472.0,cell,False,True
SaugeenDay-D/tshort,2048,2.749816792089652,3.413049305768806,0.8056774296936923,7289198592.0,cell,False,True
SaugeenDay-D/tshort,2560,2.7933765136901747,3.413049305768806,0.8184401288808669,9300344832.0,cell,False,False
SaugeenDay-D/tshort,3072,2.785560831018937,3.413049305768806,0.8161501875495104,11400271872.0,cell,False,False
SaugeenDay-D/tshort,4096,2.7559250639037236,3.413049305768806,0.8074671113732821,15893790720.0,cell,False,False
SaugeenDay-W/tshort,native,1.1265617366143998,1.990658004828632,0.5659242993431115,12333466521.6,cell,True,True
SaugeenDay-W/tshort,32,1.4244976601783392,1.990658004828632,0.7155913555834362,151388160.0,cell,False,True
SaugeenDay-W/tshort,48,1.3579182521716626,1.990658004828632,0.6821454257224664,189358080.0,cell,False,True
SaugeenDay-W/tshort,64,1.2973850932872684,1.990658004828632,0.6517368076988971,246405120.0,cell,False,True
SaugeenDay-W/tshort,96,1.4292263701180183,1.990658004828632,0.7179668062777337,341729280.0,cell,False,False
SaugeenDay-W/tshort,128,1.3521421279644807,1.990658004828632,0.6792438101796805,456523776.0,cell,False,False
SaugeenDay-W/tshort,192,1.3117085564386004,1.990658004828632,0.6589321486949841,648830976.0,cell,False,False
SaugeenDay-W/tshort,256,1.2430339141885685,1.990658004828632,0.6244336853308846,861788160.0,cell,False,True
SaugeenDay-W/tshort,384,1.2509158473609878,1.990658004828632,0.6283931465508935,1272471552.0,cell,False,False
SaugeenDay-W/tshort,512,1.215116757583632,1.990658004828632,0.6104096005623209,1708523520.0,cell,False,True
SaugeenDay-W/tshort,768,1.1828325562877242,1.990658004828632,0.5941917463565268,2557501440.0,cell,False,True
SaugeenDay-W/tshort,1024,1.1642299836429753,1.990658004828632,0.5848468098583309,3449149440.0,cell,False,True
SaugeenDay-W/tshort,1536,1.1466077435256246,1.990658004828632,0.5759943399340117,5278556160.0,cell,False,True
SaugeenDay-W/tshort,2048,1.152034022287119,1.990658004828632,0.578720211855925,7219838976.0,cell,False,False
SaugeenDay-W/tshort,2560,1.1380584001819325,1.990658004828632,0.5716996075776982,9227851776.0,cell,False,True
SaugeenDay-W/tshort,3072,1.1270133609320268,1.990658004828632,0.5661511712199138,11324645376.0,cell,False,True
SaugeenDay-M/tshort,native,0.7111360072785958,0.9763741730697156,0.728343730193915,2434990080.0,cell,True,True
SaugeenDay-M/tshort,32,0.9508158808658995,0.9763741730697156,0.9738232606834929,151388160.0,cell,False,True
SaugeenDay-M/tshort,48,0.8014921131589293,0.9763741730697156,0.8208862291379974,189358080.0,cell,False,True
SaugeenDay-M/tshort,64,0.8299824397538816,0.9763741730697156,0.8500659507864909,246405120.0,cell,False,False
SaugeenDay-M/tshort,96,0.8720398578117425,0.9763741730697156,0.8931410537725035,341729280.0,cell,False,False
SaugeenDay-M/tshort,128,0.7822597212719723,0.9763741730697156,0.8011884611946991,456523776.0,cell,False,True
SaugeenDay-M/tshort,192,0.7598044471739568,0.9763741730697156,0.7781898253055336,648830976.0,cell,False,True
SaugeenDay-M/tshort,256,0.7533126904195775,0.9763741730697156,0.7715409841814702,861788160.0,cell,False,True
SaugeenDay-M/tshort,384,0.7256810937359734,0.9763741730697156,0.7432407715726806,1272471552.0,cell,False,True
SaugeenDay-M/tshort,512,0.7192733113158984,0.9763741730697156,0.7366779367529834,1708523520.0,cell,False,True
SaugeenDay-M/tshort,768,0.7135122836757011,0.9763741730697156,0.73077750657048,2557501440.0,cell,False,False
Electricity-15T/tshort,native,1.0224935670266482,1.7170601412372184,0.5954908290456827,15975831552.0,cell,True,False
Electricity-15T/tshort,32,2.5335023148434126,1.7170601412372184,1.475488396706892,265445376.0,cell,False,True
Electricity-15T/tshort,48,2.5775950697279786,1.7170601412372184,1.5011676107458336,303562752.0,cell,False,False
Electricity-15T/tshort,64,1.8904367017848074,1.7170601412372184,1.1009729108397237,360830976.0,cell,False,True
Electricity-15T/tshort,96,1.3928568349084438,1.7170601412372184,0.8111869825973762,456523776.0,cell,False,True
Electricity-15T/tshort,128,1.3328094080790018,1.7170601412372184,0.7762159146730022,571760640.0,cell,False,True
Electricity-15T/tshort,192,1.26444506813284,1.7170601412372184,0.7364011532069873,764805120.0,cell,False,True
Electricity-15T/tshort,256,1.2406562095299714,1.7170601412372184,0.722546741220155,978573312.0,cell,False,True
Electricity-15T/tshort,384,1.168619825312121,1.7170601412372184,0.6805934150157829,1390804992.0,cell,False,True
Electricity-15T/tshort,512,1.1507734876308937,1.7170601412372184,0.6701998724411075,1828478976.0,cell,False,True
Electricity-15T/tshort,768,1.0068849629244285,1.7170601412372184,0.5864005218820832,2680553472.0,cell,False,True
Electricity-15T/tshort,1024,1.0099479816953314,1.7170601412372184,0.5881843957822112,3575371776.0,cell,False,False
Electricity-15T/tshort,1536,1.0176280523807206,1.7170601412372184,0.5926571981616638,5411045376.0,cell,False,False
Electricity-15T/tshort,2048,1.022094421865557,1.7170601412372184,0.5952583705828104,7358668800.0,cell,False,False
Electricity-15T/tshort,2560,1.0267317852774933,1.7170601412372184,0.5979591282910378,9372948480.0,cell,False,False
Electricity-15T/tshort,3072,1.0232180169154563,1.7170601412372184,0.5959127419836221,11476008960.0,cell,False,False
Electricity-15T/tshort,4096,1.0224935670725677,1.7170601412372184,0.5954908290724258,15975831552.0,cell,False,False
Electricity-15T/tmedium,native,0.828997817975305,1.1507882041044135,0.7203739272079716,17977989120.0,cell,True,False
Electricity-15T/tmedium,32,2.0263398052352426,1.1507882041044135,1.7608277509346006,1668636672.0,cell,False,True
Electricity-15T/tmedium,48,2.008686196100734,1.1507882041044135,1.7454873007357323,1708523520.0,cell,False,True
Electricity-15T/tmedium,64,1.6449560310187663,1.1507882041044135,1.4294168337421678,1768445952.0,cell,False,True
Electricity-15T/tmedium,96,1.2236235925941386,1.1507882041044135,1.0632917405913178,1868562432.0,cell,False,True
Electricity-15T/tmedium,128,1.2065736966253717,1.1507882041044135,1.0484758987987477,1989107712.0,cell,False,True
Electricity-15T/tmedium,192,1.1740145814568914,1.1507882041044135,1.0201830165356565,2190999552.0,cell,False,True
Electricity-15T/tmedium,256,1.0903759549909389,1.1507882041044135,0.9475035902366676,2414499840.0,cell,False,True
Electricity-15T/tmedium,384,0.9927140964502552,1.1507882041044135,0.86263840114943,2845310976.0,cell,False,True
Electricity-15T/tmedium,512,0.9431310901222835,1.1507882041044135,0.8195522744832646,3302449152.0,cell,False,True
Electricity-15T/tmedium,768,0.8883790764156839,1.1507882041044135,0.7719744373875067,4191682560.0,cell,False,True
Electricity-15T/tmedium,1024,0.8764507356639503,1.1507882041044135,0.7616090715372227,5124544512.0,cell,False,True
Electricity-15T/tmedium,1536,0.8530102284505274,1.1507882041044135,0.7412399826555156,7035420672.0,cell,False,True
Electricity-15T/tmedium,2048,0.8443099809093083,1.1507882041044135,0.733679731768177,9059131392.0,cell,False,True
Electricity-15T/tmedium,2560,0.8405407344691045,1.1507882041044135,0.7304043710834217,11148613632.0,cell,False,True
Electricity-15T/tmedium,3072,0.8339207666746463,1.1507882041044135,0.724651820118051,13326876672.0,cell,False,True
Electricity-15T/tmedium,4096,0.8289978173013689,1.1507882041044135,0.7203739266223415,17977989120.0,cell,False,True
Electricity-15T/tlong,native,0.8774406762284187,1.1635317075319347,0.7541184056682324,19117824000.0,cell,True,True
Electricity-15T/tlong,32,2.0507915947988002,1.1635317075319347,1.7625575491611718,2475712512.0,cell,False,True
Electricity-15T/tlong,48,2.039104555209585,1.1635317075319347,1.7525130961277384,2516582400.0,cell,False,True
Electricity-15T/tlong,64,1.502056264820124,1.1635317075319347,1.2909457087390102,2577979392.0,cell,False,True
Electricity-15T/tlong,96,1.2055026025070572,1.1635317075319347,1.036071982141467,2680553472.0,cell,False,True
Electricity-15T/tlong,128,1.1555186348980224,1.1635317075319347,0.9931131463096012,2804047872.0,cell,False,True
Electricity-15T/tlong,192,1.1390308020975204,1.1635317075319347,0.9789426405178203,3010854912.0,cell,False,True
Electricity-15T/tlong,256,1.095085048055967,1.1635317075319347,0.9411733612132018,3239761920.0,cell,False,True
Electricity-15T/tlong,384,1.0342825608547426,1.1635317075319347,0.8889165238553289,3680894976.0,cell,False,True
Electricity-15T/tlong,512,0.9949551517252145,1.1635317075319347,0.8551164916989653,4148846592.0,cell,False,True
Electricity-15T/tlong,768,0.9513985990463999,1.1635317075319347,0.8176817123999928,5058723840.0,cell,False,True
Electricity-15T/tlong,1024,0.9365946181010745,1.1635317075319347,0.8049583969548749,6012721152.0,cell,False,True
Electricity-15T/tlong,1536,0.9078161514647649,1.1635317075319347,0.7802246776672811,7965376512.0,cell,False,True
Electricity-15T/tlong,2048,0.8976370334261095,1.1635317075319347,0.7714762112758948,10031357952.0,cell,False,True
Electricity-15T/tlong,2560,0.8930888143223787,1.1635317075319347,0.7675672339147378,12162619392.0,cell,False,True
Electricity-15T/tlong,3072,0.8841713875374133,1.1635317075319347,0.7599031309708816,14382661632.0,cell,False,True
Electricity-15T/tlong,4096,0.8774406767502765,1.1635317075319347,0.7541184061167443,19117824000.0,cell,False,False
Electricity-H/tshort,native,0.9466136333190328,1.3577726051465433,0.6971812730135806,15975831552.0,cell,True,False
Electricity-H/tshort,32,1.5712922451885862,1.3577726051465433,1.157257289794117,265445376.0,cell,False,True
Electricity-H/tshort,48,1.3093994713316375,1.3577726051465433,0.9643731699759217,303562752.0,cell,False,True
Electricity-H/tshort,64,1.2506345871381948,1.3577726051465433,0.9210928121526025,360830976.0,cell,False,True
Electricity-H/tshort,96,1.1989595669391904,1.3577726051465433,0.8830341416483267,456523776.0,cell,False,True
Electricity-H/tshort,128,1.0888108724848973,1.3577726051465433,0.8019095895423393,571760640.0,cell,False,True
Electricity-H/tshort,192,0.9827229704966056,1.3577726051465433,0.7237758125120967,764805120.0,cell,False,True
Electricity-H/tshort,256,0.9647966601916402,1.3577726051465433,0.7105730786839012,978573312.0,cell,False,True
Electricity-H/tshort,384,0.9435414418328291,1.3577726051465433,0.6949186029062602,1390804992.0,cell,False,True
Electricity-H/tshort,512,0.9267218777898056,1.3577726051465433,0.6825309880882339,1828478976.0,cell,False,True
Electricity-H/tshort,768,0.94333525651184,1.3577726051465433,0.6947667473450214,2680553472.0,cell,False,False
Electricity-H/tshort,1024,0.9233259642647182,1.3577726051465433,0.6800298965857132,3575371776.0,cell,False,True
Electricity-H/tshort,1536,0.9541871483481402,1.3577726051465433,0.7027591694893237,5411045376.0,cell,False,False
Electricity-H/tshort,2048,0.9404137985904147,1.3577726051465433,0.6926150925610379,7358668800.0,cell,False,False
Electricity-H/tshort,2560,0.9484750614435256,1.3577726051465433,0.6985522154802626,9372948480.0,cell,False,False
Electricity-H/tshort,3072,0.9462342580819061,1.3577726051465433,0.6969018630183511,11476008960.0,cell,False,False
Electricity-H/tshort,4096,0.9466136342210807,1.3577726051465433,0.6971812736779393,15975831552.0,cell,False,False
Electricity-H/tmedium,native,1.0810320924857293,1.3924537851702354,0.7763504282862551,17977989120.0,cell,True,False
Electricity-H/tmedium,32,1.528487925443618,1.3924537851702354,1.097693827775226,1668636672.0,cell,False,True
Electricity-H/tmedium,48,1.4148508903092856,1.3924537851702354,1.0160846308707558,1708523520.0,cell,False,True
Electricity-H/tmedium,64,1.3959634917501287,1.3924537851702354,1.0025205192569204,1768445952.0,cell,False,True
Electricity-H/tmedium,96,1.2777691174439965,1.3924537851702354,0.9176384387419952,1868562432.0,cell,False,True
Electricity-H/tmedium,128,1.2319502456020675,1.3924537851702354,0.8847333094444169,1989107712.0,cell,False,True
Electricity-H/tmedium,192,1.1535380000635678,1.3924537851702354,0.8284210308082441,2190999552.0,cell,False,True
Electricity-H/tmedium,256,1.1515630207967762,1.3924537851702354,0.8270026862370812,2414499840.0,cell,False,True
Electricity-H/tmedium,384,1.1060477508897755,1.3924537851702354,0.7943155906998772,2845310976.0,cell,False,True
Electricity-H/tmedium,512,1.0944181725669937,1.3924537851702354,0.7859637312366491,3302449152.0,cell,False,True
Electricity-H/tmedium,768,1.0817371666352182,1.3924537851702354,0.7768567820029803,4191682560.0,cell,False,True
Electricity-H/tmedium,1024,1.1019636279901486,1.3924537851702354,0.791382550520646,5124544512.0,cell,False,False
Electricity-H/tmedium,1536,1.0732838626565386,1.3924537851702354,0.7707859852061973,7035420672.0,cell,False,True
Electricity-H/tmedium,2048,1.0749905718886643,1.3924537851702354,0.7720116698574959,9059131392.0,cell,False,False
Electricity-H/tmedium,2560,1.0746948453978764,1.3924537851702354,0.7717992919000101,11148613632.0,cell,False,False
Electricity-H/tmedium,3072,1.0726135750110382,1.3924537851702354,0.7703046136499999,13326876672.0,cell,False,True
Electricity-H/tmedium,4096,1.0810320922114216,1.3924537851702354,0.7763504280892591,17977989120.0,cell,False,False
Electricity-H/tlong,native,1.213185053899965,1.5240786163496851,0.7960121222654903,19117824000.0,cell,True,False
Electricity-H/tlong,32,1.6244741847955366,1.5240786163496851,1.0658729591563383,2475712512.0,cell,False,True
Electricity-H/tlong,48,1.4821076635492543,1.5240786163496851,0.9724614253161328,2516582400.0,cell,False,True
Electricity-H/tlong,64,1.5190822849171324,1.5240786163496851,0.9967217364124434,2577979392.0,cell,False,False
Electricity-H/tlong,96,1.3996595285622706,1.5240786163496851,0.9183643898335047,2680553472.0,cell,False,True
Electricity-H/tlong,128,1.359307052588044,1.5240786163496851,0.8918877530371203,2804047872.0,cell,False,True
Electricity-H/tlong,192,1.3022566311261365,1.5240786163496851,0.8544550242724135,3010854912.0,cell,False,True
Electricity-H/tlong,256,1.3505721558518071,1.5240786163496851,0.8861564891491998,3239761920.0,cell,False,False
Electricity-H/tlong,384,1.2657716802489736,1.5240786163496851,0.8305160026984818,3680894976.0,cell,False,True
Electricity-H/tlong,512,1.2555986973434479,1.5240786163496851,0.8238411613901699,4148846592.0,cell,False,True
Electricity-H/tlong,768,1.2434323366473956,1.5240786163496851,0.815858396875573,5058723840.0,cell,False,True
Electricity-H/tlong,1024,1.2650751475955018,1.5240786163496851,0.830058983850504,6012721152.0,cell,False,False
Electricity-H/tlong,1536,1.1931126336882583,1.5240786163496851,0.7828419222532482,7965376512.0,cell,False,True
Electricity-H/tlong,2048,1.218978007360616,1.5240786163496851,0.7998130767559652,10031357952.0,cell,False,False
Electricity-H/tlong,2560,1.2086693056950106,1.5240786163496851,0.7930491857368158,12162619392.0,cell,False,False
Electricity-H/tlong,3072,1.209327673926147,1.5240786163496851,0.7934811636046722,14382661632.0,cell,False,False
Electricity-H/tlong,4096,1.2131850525970307,1.5240786163496851,0.7960121214105907,19117824000.0,cell,False,False
Electricity-D/tshort,native,1.4771973615209415,1.987041399842847,0.7434154928215243,4753330176.0,cell,True,False
Electricity-D/tshort,32,1.7407051935975282,1.987041399842847,0.8760286492949764,208361472.0,cell,False,True
Electricity-D/tshort,48,1.7372633892619778,1.987041399842847,0.8742965241687346,246405120.0,cell,False,True
Electricity-D/tshort,64,1.7123662262451669,1.987041399842847,0.8617667585489645,303562752.0,cell,False,True
Electricity-D/tshort,96,1.7843454431201209,1.987041399842847,0.897991075204192,399071232.0,cell,False,False
Electricity-D/tshort,128,1.7354565326335638,1.987041399842847,0.8733872040969148,514086912.0,cell,False,False
Electricity-D/tshort,192,1.728063082919037,1.987041399842847,0.8696663708444665,706762752.0,cell,False,False
Electricity-D/tshort,256,1.6567182522723807,1.987041399842847,0.8337613158957881,920125440.0,cell,False,True
Electricity-D/tshort,384,1.526354548402861,1.987041399842847,0.7681543769161422,1331582976.0,cell,False,True
Electricity-D/tshort,512,1.4540826528622857,1.987041399842847,0.7317827665680683,1768445952.0,cell,False,True
Electricity-D/tshort,768,1.4450300527268747,1.987041399842847,0.7272269479846574,2618972160.0,cell,False,True
Electricity-D/tshort,1024,1.4304808871068202,1.987041399842847,0.7199049235813383,3512205312.0,cell,False,True
Electricity-W/tshort,native,1.395837317168749,2.0896995064573947,0.6679607823304081,655271936.0,cell,True,False
Electricity-W/tshort,32,2.1180008040568405,2.0896995064573947,1.0135432379210465,151388160.0,cell,False,True
Electricity-W/tshort,48,1.848670509595866,2.0896995064573947,0.8846585376908387,189358080.0,cell,False,True
Electricity-W/tshort,64,1.434670883785455,2.0896995064573947,0.6865441080653791,246405120.0,cell,False,True
Electricity-W/tshort,96,1.446841500262826,2.0896995064573947,0.6923682069081852,341729280.0,cell,False,False
Electricity-W/tshort,128,1.3504457342221967,2.0896995064573947,0.6462391985303031,456523776.0,cell,False,True
Electricity-W/tshort,192,1.4143089873027055,2.0896995064573947,0.676800172911148,648830976.0,cell,False,False
KDDCup2018-H/tshort,native,0.9663965528487534,1.340425278558367,0.7209626439514158,15975831552.0,cell,True,False
KDDCup2018-H/tshort,32,1.1755906123779734,1.340425278558367,0.8770280829397115,265445376.0,cell,False,True
KDDCup2018-H/tshort,48,1.1661847584828238,1.340425278558367,0.8700110160090836,303562752.0,cell,False,True
KDDCup2018-H/tshort,64,1.1247329297030004,1.340425278558367,0.8390866299631826,360830976.0,cell,False,True
KDDCup2018-H/tshort,96,1.0859925752801516,1.340425278558367,0.8101850902484778,456523776.0,cell,False,True
KDDCup2018-H/tshort,128,1.0577449714308715,1.340425278558367,0.7891114770444203,571760640.0,cell,False,True
KDDCup2018-H/tshort,192,1.0282804501712928,1.340425278558367,0.767130004648385,764805120.0,cell,False,True
KDDCup2018-H/tshort,256,1.018080988656709,1.340425278558367,0.7595208811278606,978573312.0,cell,False,True
KDDCup2018-H/tshort,384,1.0011420330677678,1.340425278558367,0.7468838801253437,1390804992.0,cell,False,True
KDDCup2018-H/tshort,512,0.9782477114466493,1.340425278558367,0.7298039861638232,1828478976.0,cell,False,True
KDDCup2018-H/tshort,768,0.9760214469854432,1.340425278558367,0.7281431218867779,2680553472.0,cell,False,True
KDDCup2018-H/tshort,1024,0.9705968520267764,1.340425278558367,0.724096201073332,3575371776.0,cell,False,True
KDDCup2018-H/tshort,1536,0.9685636879018911,1.340425278558367,0.7225793958045803,5411045376.0,cell,False,True
KDDCup2018-H/tshort,2048,0.9659380999448216,1.340425278558367,0.7206206234663763,7358668800.0,cell,False,True
KDDCup2018-H/tshort,2560,0.965111119307044,1.340425278558367,0.7200036695406289,9372948480.0,cell,False,True
KDDCup2018-H/tshort,3072,0.9650015494862596,1.340425278558367,0.7199219269604664,11476008960.0,cell,False,True
KDDCup2018-H/tshort,4096,0.9663965531985048,1.340425278558367,0.7209626442123416,15975831552.0,cell,False,False
KDDCup2018-H/tmedium,native,1.0858402631746662,1.4289997072062277,0.7598603818453841,17977989120.0,cell,True,False
KDDCup2018-H/tmedium,32,1.3634246791881988,1.4289997072062277,0.9541112376109357,1668636672.0,cell,False,True
KDDCup2018-H/tmedium,48,1.3111459076128995,1.4289997072062277,0.9175270652617985,1708523520.0,cell,False,True
KDDCup2018-H/tmedium,64,1.2570563866619489,1.4289997072062277,0.8796757482334007,1768445952.0,cell,False,True
KDDCup2018-H/tmedium,96,1.2284122218354245,1.4289997072062277,0.8596308422183216,1868562432.0,cell,False,True
KDDCup2018-H/tmedium,128,1.154613047712947,1.4289997072062277,0.8079869029296574,1989107712.0,cell,False,True
KDDCup2018-H/tmedium,192,1.1050354058564444,1.4289997072062277,0.7732929547038528,2190999552.0,cell,False,True
KDDCup2018-H/tmedium,256,1.1030827377540586,1.4289997072062277,0.7719264966895238,2414499840.0,cell,False,True
KDDCup2018-H/tmedium,384,1.0988777971849588,1.4289997072062277,0.7689839204609249,2845310976.0,cell,False,True
KDDCup2018-H/tmedium,512,1.0922884549963594,1.4289997072062277,0.7643727633309617,3302449152.0,cell,False,True
KDDCup2018-H/tmedium,768,1.074184931818534,1.4289997072062277,0.751704095110435,4191682560.0,cell,False,True
KDDCup2018-H/tmedium,1024,1.0826938055316833,1.4289997072062277,0.7576585216020854,5124544512.0,cell,False,False
KDDCup2018-H/tmedium,1536,1.0809933993431702,1.4289997072062277,0.756468594004523,7035420672.0,cell,False,False
KDDCup2018-H/tmedium,2048,1.0782434346834102,1.4289997072062277,0.7545441956677758,9059131392.0,cell,False,False
KDDCup2018-H/tmedium,2560,1.077614823212682,1.4289997072062277,0.7541042995169521,11148613632.0,cell,False,False
KDDCup2018-H/tmedium,3072,1.0839499475264165,1.4289997072062277,0.7585375574678023,13326876672.0,cell,False,False
KDDCup2018-H/tmedium,4096,1.0858402632921944,1.4289997072062277,0.7598603819276292,17977989120.0,cell,False,False
KDDCup2018-H/tlong,native,1.0625586251712815,1.3355336658089667,0.795606020554834,19117824000.0,cell,True,False
KDDCup2018-H/tlong,32,1.1502082718356679,1.3355336658089667,0.8612349514521279,2475712512.0,cell,False,True
KDDCup2018-H/tlong,48,1.1260228036124567,1.3355336658089667,0.843125735007508,2516582400.0,cell,False,True
KDDCup2018-H/tlong,64,1.1249454929743083,1.3355336658089667,0.8423190832055142,2577979392.0,cell,False,True
KDDCup2018-H/tlong,96,1.040662669582228,1.3355336658089667,0.779211109554376,2680553472.0,cell,False,True
KDDCup2018-H/tlong,128,1.038888209344217,1.3355336658089667,0.7778824569839174,2804047872.0,cell,False,True
KDDCup2018-H/tlong,192,1.0634001115196168,1.3355336658089667,0.7962360955352543,3010854912.0,cell,False,False
KDDCup2018-H/tlong,256,1.022708928129667,1.3355336658089667,0.765767987967706,3239761920.0,cell,False,True
KDDCup2018-H/tlong,384,1.021703282665927,1.3355336658089667,0.7650149964935966,3680894976.0,cell,False,True
KDDCup2018-H/tlong,512,1.0252717539960263,1.3355336658089667,0.7676869406171002,4148846592.0,cell,False,False
KDDCup2018-H/tlong,768,1.0328946407052346,1.3355336658089667,0.7733946864451253,5058723840.0,cell,False,False
KDDCup2018-H/tlong,1024,1.0493995097832631,1.3355336658089667,0.785752944046989,6012721152.0,cell,False,False
KDDCup2018-H/tlong,1536,1.061415932841422,1.3355336658089667,0.7947504132728062,7965376512.0,cell,False,False
KDDCup2018-H/tlong,2048,1.0529033256390046,1.3355336658089667,0.7883764764561245,10031357952.0,cell,False,False
KDDCup2018-H/tlong,2560,1.05906113539077,1.3355336658089667,0.7929872248853193,12162619392.0,cell,False,False
KDDCup2018-H/tlong,3072,1.056847525342826,1.3355336658089667,0.7913297525919473,14382661632.0,cell,False,False
KDDCup2018-H/tlong,4096,1.062558625553195,1.3355336658089667,0.7956060208407971,19117824000.0,cell,False,False
KDDCup2018-D/tshort,native,1.201030074761954,1.4970343738270926,0.8022728774701288,1419765646.2222223,cell,True,False
KDDCup2018-D/tshort,32,1.2426184561902507,1.4970343738270926,0.8300533894980378,208361472.0,cell,False,True
KDDCup2018-D/tshort,48,1.2514724898971825,1.4970343738270926,0.8359677718674264,246405120.0,cell,False,False
KDDCup2018-D/tshort,64,1.2672534977502545,1.4970343738270926,0.8465092852280908,303562752.0,cell,False,False
KDDCup2018-D/tshort,96,1.238541676944631,1.4970343738270926,0.8273301525992097,399071232.0,cell,False,True
KDDCup2018-D/tshort,128,1.2195803501422535,1.4970343738270926,0.8146642264629222,514086912.0,cell,False,True
KDDCup2018-D/tshort,192,1.2238872423332023,1.4970343738270926,0.8175411758945765,706762752.0,cell,False,False
KDDCup2018-D/tshort,256,1.2571559244019728,1.4970343738270926,0.8397642341291852,920125440.0,cell,False,False
KDDCup2018-D/tshort,384,1.196541170221456,1.4970343738270926,0.7992743460943779,1331582976.0,cell,False,True
CarParts/tshort,native,0.8557283200249525,1.2014638390969912,0.7122380983751536,170366976.0,cell,True,True
TempRain/tshort,native,1.3366155908031605,2.011535765322217,0.6644751805290697,2272202752.0,cell,True,False
TempRain/tshort,32,1.4917911001225965,2.011535765322217,0.7416179845470631,208361472.0,cell,False,True
TempRain/tshort,48,1.4590998818760843,2.011535765322217,0.7253661143043902,246405120.0,cell,False,True
TempRain/tshort,64,1.4520440701159618,2.011535765322217,0.721858440276535,303562752.0,cell,False,True
TempRain/tshort,96,1.4689742516442876,2.011535765322217,0.7302749853960367,399071232.0,cell,False,False
TempRain/tshort,128,1.4533556745041034,2.011535765322217,0.7225104815729181,514086912.0,cell,False,False
TempRain/tshort,192,1.4097659957797768,2.011535765322217,0.7008406313640434,706762752.0,cell,False,True
TempRain/tshort,256,1.3773648814377069,2.011535765322217,0.6847329812289339,920125440.0,cell,False,True
TempRain/tshort,384,1.3366625033856958,2.011535765322217,0.6644985023030814,1331582976.0,cell,False,True
TempRain/tshort,512,1.3362822086408082,2.011535765322217,0.6643094453887358,1768445952.0,cell,False,True
