cell,window,mase,naive_mase,normalized_mase,flops,flops_weighting,is_native,within_cell_pareto
JenaWeather-10T/tshort,native,0.2558389224744821,0.7428874675800381,0.3443844911099112,31399280640.0,cell,True,True
JenaWeather-10T/tshort,32,0.3629686953571744,0.7428874675800381,0.4885917601215536,705871872.0,cell,False,True
JenaWeather-10T/tshort,48,0.366539532211484,0.7428874675800381,0.4933984596691198,941359104.0,cell,False,False
JenaWeather-10T/tshort,64,0.34689903890608087,0.7428874675800381,0.4669604133128094,941359104.0,cell,False,True
JenaWeather-10T/tshort,96,0.33936301780411926,0.7428874675800381,0.4568161836268379,1176944640.0,cell,False,True
JenaWeather-10T/tshort,128,0.3260157455307454,0.7428874675800381,0.43884943515435026,1412628480.0,cell,False,True
JenaWeather-10T/tshort,192,0.319821332194896,0.7428874675800381,0.43051114220127656,1884291072.0,cell,False,True
JenaWeather-10T/tshort,256,0.3202544315796959,0.7428874675800381,0.4310941368050363,2356346880.0,cell,False,False
JenaWeather-10T/tshort,384,0.3037671897328993,0.7428874675800381,0.4089006787561289,3301638144.0,cell,False,True
JenaWeather-10T/tshort,512,0.2931777359985698,0.7428874675800381,0.3946462267745593,4248502272.0,cell,False,True
JenaWeather-10T/tshort,768,0.285141467211885,0.7428874675800381,0.3838286142324296,6146949120.0,cell,False,True
JenaWeather-10T/tshort,1024,0.28578217382737,0.7428874675800381,0.38469106870022685,8051687424.0,cell,False,False
JenaWeather-10T/tshort,1536,0.2710379741361255,0.7428874675800381,0.3648439177726795,11880038400.0,cell,False,True
JenaWeather-10T/tshort,2048,0.26167641401667824,0.7428874675800381,0.35224233203057154,15733555200.0,cell,False,True
JenaWeather-10T/tshort,2560,0.25635126198404345,0.7428874675800381,0.34507415075813536,19612237824.0,cell,False,True
JenaWeather-10T/tshort,3072,0.25625916179913455,0.7428874675800381,0.34495017480090334,23516086272.0,cell,False,True
JenaWeather-10T/tshort,4096,0.25583892311259837,0.7428874675800381,0.3443844919688788,31399280640.0,cell,False,False
JenaWeather-10T/tmedium,native,0.5845436073349565,0.7160100391723763,0.8163902394589613,34630582272.0,cell,True,False
JenaWeather-10T/tmedium,32,0.7218843911788267,0.7160100391723763,1.0082042872097723,3774873600.0,cell,False,True
JenaWeather-10T/tmedium,48,0.746405505411859,0.7160100391723763,1.0424511732749115,4011638784.0,cell,False,False
JenaWeather-10T/tmedium,64,0.7354145186335014,0.7160100391723763,1.0271008483115047,4011638784.0,cell,False,False
JenaWeather-10T/tmedium,96,0.7554775995414098,0.7160100391723763,1.0551215181488984,4248502272.0,cell,False,False
JenaWeather-10T/tmedium,128,0.6640239979492897,0.7160100391723763,0.9273948151855854,4485464064.0,cell,False,True
JenaWeather-10T/tmedium,192,0.650062018976298,0.7160100391723763,0.9078951179618844,4959682560.0,cell,False,True
JenaWeather-10T/tmedium,256,0.6149897386177863,0.7160100391723763,0.8589121729754549,5434294272.0,cell,False,True
JenaWeather-10T/tmedium,384,0.6312390944140719,0.7160100391723763,0.8816064857745715,6384697344.0,cell,False,False
JenaWeather-10T/tmedium,512,0.6197954995344137,0.7160100391723763,0.8656240354546212,7336673280.0,cell,False,False
JenaWeather-10T/tmedium,768,0.6101086913858702,0.7160100391723763,0.8520951634855349,9245343744.0,cell,False,True
JenaWeather-10T/tmedium,1024,0.5992327024291944,0.7160100391723763,0.8369054477529912,11160305664.0,cell,False,True
JenaWeather-10T/tmedium,1536,0.590675256280066,0.7160100391723763,0.8249538748965272,15009103872.0,cell,False,True
JenaWeather-10T/tmedium,2048,0.5940780076610007,0.7160100391723763,0.829706254325268,18883067904.0,cell,False,False
JenaWeather-10T/tmedium,2560,0.5969332915030718,0.7160100391723763,0.8336940250070471,22782197760.0,cell,False,False
JenaWeather-10T/tmedium,3072,0.5824682204530369,0.7160100391723763,0.8134916950693903,26706493440.0,cell,False,True
JenaWeather-10T/tmedium,4096,0.5845436032240011,0.7160100391723763,0.816390233717484,34630582272.0,cell,False,False
JenaWeather-10T/tlong,native,0.6482221041067636,0.7614923703210493,0.8512522638059652,36627333120.0,cell,True,False
JenaWeather-10T/tlong,32,0.7384848886444016,0.7614923703210493,0.9697863267271508,5671747584.0,cell,False,True
JenaWeather-10T/tlong,48,0.7467625468028501,0.7614923703210493,0.9806566367671038,5909299200.0,cell,False,False
JenaWeather-10T/tlong,64,0.7598478377095449,0.7614923703210493,0.9978403820240365,5909299200.0,cell,False,False
JenaWeather-10T/tlong,96,0.7174875242204315,0.7614923703210493,0.9422123611270522,6146949120.0,cell,False,True
JenaWeather-10T/tlong,128,0.6983149487410055,0.7614923703210493,0.9170347280650917,6384697344.0,cell,False,True
JenaWeather-10T/tlong,192,0.6773901387710659,0.7614923703210493,0.8895560417571545,6860488704.0,cell,False,True
JenaWeather-10T/tlong,256,0.6496907307702328,0.7614923703210493,0.8531808801922988,7336673280.0,cell,False,True
JenaWeather-10T/tlong,384,0.6359082941740872,0.7614923703210493,0.8350816356912215,8290222080.0,cell,False,True
JenaWeather-10T/tlong,512,0.6718661703621006,0.7614923703210493,0.8823019068186306,9245343744.0,cell,False,False
JenaWeather-10T/tlong,768,0.6646326657481286,0.7614923703210493,0.8728027904835289,11160305664.0,cell,False,False
JenaWeather-10T/tlong,1024,0.6465071004639288,0.7614923703210493,0.8490001025110178,13081559040.0,cell,False,False
JenaWeather-10T/tlong,1536,0.6453691918301554,0.7614923703210493,0.8475057886109407,16942940160.0,cell,False,False
JenaWeather-10T/tlong,2048,0.6385750992752474,0.7614923703210493,0.8385837129346688,20829487104.0,cell,False,False
JenaWeather-10T/tlong,2560,0.6378721145503119,0.7614923703210493,0.8376605458061012,24741199872.0,cell,False,False
JenaWeather-10T/tlong,3072,0.6304932793007347,0.7614923703210493,0.8279705797116724,28678078464.0,cell,False,True
JenaWeather-10T/tlong,4096,0.648222099654395,0.7614923703210493,0.8512522579590667,36627333120.0,cell,False,False
JenaWeather-H/tshort,native,0.529031797846014,0.7229102185557323,0.7318084379868653,31399280640.0,cell,True,False
JenaWeather-H/tshort,32,0.6805533326719563,0.7229102185557323,0.9414078196758667,705871872.0,cell,False,True
JenaWeather-H/tshort,48,0.6223639600611441,0.7229102185557323,0.860914597810687,941359104.0,cell,False,True
JenaWeather-H/tshort,64,0.6226821157483822,0.7229102185557323,0.8613547018223215,941359104.0,cell,False,False
JenaWeather-H/tshort,96,0.5788218873275984,0.7229102185557323,0.8006829513130952,1176944640.0,cell,False,True
JenaWeather-H/tshort,128,0.565555129446142,0.7229102185557323,0.7823310764316451,1412628480.0,cell,False,True
JenaWeather-H/tshort,192,0.5568539253143138,0.7229102185557323,0.7702947212820225,1884291072.0,cell,False,True
JenaWeather-H/tshort,256,0.5514703441948031,0.7229102185557323,0.7628476262191441,2356346880.0,cell,False,True
JenaWeather-H/tshort,384,0.5437291750317704,0.7229102185557323,0.7521392851771564,3301638144.0,cell,False,True
JenaWeather-H/tshort,512,0.5420624930202179,0.7229102185557323,0.7498337678822393,4248502272.0,cell,False,True
JenaWeather-H/tshort,768,0.5386724557347351,0.7229102185557323,0.7451443373022489,6146949120.0,cell,False,True
JenaWeather-H/tshort,1024,0.531144895039789,0.7229102185557323,0.734731480350268,8051687424.0,cell,False,True
JenaWeather-H/tshort,1536,0.5273750640855372,0.7229102185557323,0.7295166820841938,11880038400.0,cell,False,True
JenaWeather-H/tshort,2048,0.5278244850063347,0.7229102185557323,0.7301383649837596,15733555200.0,cell,False,False
JenaWeather-H/tshort,2560,0.5227420777523653,0.7229102185557323,0.7231078830186224,19612237824.0,cell,False,True
JenaWeather-H/tshort,3072,0.52411054316173,0.7229102185557323,0.725000877991219,23516086272.0,cell,False,False
JenaWeather-H/tshort,4096,0.5290317997473193,0.7229102185557323,0.7318084406169366,31399280640.0,cell,False,False
JenaWeather-H/tmedium,native,0.8292400887329439,0.8886133410507664,0.9331843788800032,34630582272.0,cell,True,False
JenaWeather-H/tmedium,32,0.7977143640076488,0.8886133410507664,0.8977069408662811,3774873600.0,cell,False,True
JenaWeather-H/tmedium,48,0.7752107348822663,0.8886133410507664,0.872382507745828,4011638784.0,cell,False,True
JenaWeather-H/tmedium,64,0.7868001705971746,0.8886133410507664,0.8854246658808882,4011638784.0,cell,False,False
JenaWeather-H/tmedium,96,0.8032225393370237,0.8886133410507664,0.9039055596298274,4248502272.0,cell,False,False
JenaWeather-H/tmedium,128,0.7799902140206063,0.8886133410507664,0.8777610890899797,4485464064.0,cell,False,False
JenaWeather-H/tmedium,192,0.7812411332796589,0.8886133410507664,0.8791688096375617,4959682560.0,cell,False,False
JenaWeather-H/tmedium,256,0.7830971484188987,0.8886133410507664,0.8812574741370672,5434294272.0,cell,False,False
JenaWeather-H/tmedium,384,0.72208998018663,0.8886133410507664,0.8126031276244108,6384697344.0,cell,False,True
JenaWeather-H/tmedium,512,0.7984241149468218,0.8886133410507664,0.8985056582683107,7336673280.0,cell,False,False
JenaWeather-H/tmedium,768,0.7751070074180633,0.8886133410507664,0.8722657781634425,9245343744.0,cell,False,False
JenaWeather-H/tmedium,1024,0.8334332628710367,0.8886133410507664,0.9379031625673316,11160305664.0,cell,False,False
JenaWeather-H/tmedium,1536,0.8405560314152095,0.8886133410507664,0.9459187619457411,15009103872.0,cell,False,False
JenaWeather-H/tmedium,2048,0.8211978594274371,0.8886133410507664,0.9241340653927028,18883067904.0,cell,False,False
JenaWeather-H/tmedium,2560,0.8010216202830379,0.8886133410507664,0.9014287579070632,22782197760.0,cell,False,False
JenaWeather-H/tmedium,3072,0.812746448725923,0.8886133410507664,0.9146232800926303,26706493440.0,cell,False,False
JenaWeather-H/tmedium,4096,0.8292401003733342,0.8886133410507664,0.933184391979503,34630582272.0,cell,False,False
JenaWeather-H/tlong,native,1.0389933703673575,1.267717847392006,0.8195777731652286,36627333120.0,cell,True,False
JenaWeather-H/tlong,32,1.34764161125346,1.267717847392006,1.063045388235147,5671747584.0,cell,False,True
JenaWeather-H/tlong,48,1.2790470041212023,1.267717847392006,1.0089366547552383,5909299200.0,cell,False,False
JenaWeather-H/tlong,64,1.245913503630443,1.267717847392006,0.9828003180625564,5909299200.0,cell,False,True
JenaWeather-H/tlong,96,1.3138399652606374,1.267717847392006,1.0363820056359665,6146949120.0,cell,False,False
JenaWeather-H/tlong,128,1.2634482744797157,1.267717847392006,0.9966320795111674,6384697344.0,cell,False,False
JenaWeather-H/tlong,192,1.1771422273103131,1.267717847392006,0.9285522245600405,6860488704.0,cell,False,True
JenaWeather-H/tlong,256,1.1700521600340898,1.267717847392006,0.9229594443599279,7336673280.0,cell,False,True
JenaWeather-H/tlong,384,1.1530420225449227,1.267717847392006,0.9095415237049801,8290222080.0,cell,False,True
JenaWeather-H/tlong,512,1.144784523426206,1.267717847392006,0.9030278510169255,9245343744.0,cell,False,True
JenaWeather-H/tlong,768,1.0567421617075796,1.267717847392006,0.8335783580562085,11160305664.0,cell,False,True
JenaWeather-H/tlong,1024,1.0739332752910946,1.267717847392006,0.8471390361036788,13081559040.0,cell,False,False
JenaWeather-H/tlong,1536,1.050147495098969,1.267717847392006,0.8283763593447624,16942940160.0,cell,False,True
JenaWeather-H/tlong,2048,1.0210846144644345,1.267717847392006,0.8054510051783572,20829487104.0,cell,False,True
JenaWeather-H/tlong,2560,1.0170807839968417,1.267717847392006,0.802292707394801,24741199872.0,cell,False,True
JenaWeather-H/tlong,3072,1.0259645218261966,1.267717847392006,0.8093003691135586,28678078464.0,cell,False,False
JenaWeather-H/tlong,4096,1.038993375995916,1.267717847392006,0.8195777776051428,36627333120.0,cell,False,False
JenaWeather-D/tshort,native,1.224916819875913,1.5734140297468562,0.7785088963983547,2710659072.0,cell,True,False
JenaWeather-D/tshort,32,1.3461564944033737,1.5734140297468562,0.8555640593976109,470482944.0,cell,False,True
JenaWeather-D/tshort,48,1.3422320545084014,1.5734140297468562,0.8530698399354878,705871872.0,cell,False,True
JenaWeather-D/tshort,64,1.3665835955439294,1.5734140297468562,0.8685467205118265,705871872.0,cell,False,False
JenaWeather-D/tshort,96,1.3562852856408927,1.5734140297468562,0.8620015202604384,941359104.0,cell,False,False
JenaWeather-D/tshort,128,1.3646786333857972,1.5734140297468562,0.8673360015770025,1176944640.0,cell,False,False
JenaWeather-D/tshort,192,1.270431992194139,1.5734140297468562,0.8074365476444471,1648410624.0,cell,False,True
JenaWeather-D/tshort,256,1.2088404823774253,1.5734140297468562,0.7682914093322998,2120269824.0,cell,False,True
BizITObsApp/tshort,native,1.105060560063002,2.242330238675541,0.492817936003806,31399280640.0,cell,True,False
BizITObsApp/tshort,32,3.4061118572949844,2.242330238675541,1.5190054518048353,705871872.0,cell,False,True
BizITObsApp/tshort,48,3.742499483780016,2.242330238675541,1.6690224389029191,941359104.0,cell,False,False
BizITObsApp/tshort,64,4.050222778445694,2.242330238675541,1.8062561475503298,941359104.0,cell,False,False
BizITObsApp/tshort,96,2.7099546848090497,2.242330238675541,1.20854396826478,1176944640.0,cell,False,True
BizITObsApp/tshort,128,2.9795472754561345,2.242330238675541,1.3287727311816655,1412628480.0,cell,False,False
BizITObsApp/tshort,192,3.485438487465903,2.242330238675541,1.5543823239544852,1884291072.0,cell,False,False
BizITObsApp/tshort,256,1.7829866799924614,2.242330238675541,0.795149014734602,2356346880.0,cell,False,True
BizITObsApp/tshort,384,2.039068497589243,2.242330238675541,0.9093524505978401,3301638144.0,cell,False,False
BizITObsApp/tshort,512,1.8062429497543195,2.242330238675541,0.8055204887310436,4248502272.0,cell,False,False
BizITObsApp/tshort,768,1.1359554244840475,2.242330238675541,0.5065959531255365,6146949120.0,cell,False,True
BizITObsApp/tshort,1024,1.0619918264589652,2.242330238675541,0.47361080368172853,8051687424.0,cell,False,True
BizITObsApp/tshort,1536,1.0310603704078016,2.242330238675541,0.4598164679868072,11880038400.0,cell,False,True
BizITObsApp/tshort,2048,1.0940501499370412,2.242330238675541,0.48790768240420057,15733555200.0,cell,False,False
BizITObsApp/tshort,2560,1.0708280524675693,2.242330238675541,0.4775514480418667,19612237824.0,cell,False,False
BizITObsApp/tshort,3072,1.105424677621458,2.242330238675541,0.4929803195600619,23516086272.0,cell,False,False
BizITObsApp/tshort,4096,1.1050605652502858,2.242330238675541,0.49281793831715126,31399280640.0,cell,False,False
BizITObsApp/tmedium,native,2.4292987596029616,2.6914183385868085,0.9026091279732162,35628171264.0,cell,True,False
BizITObsApp/tmedium,32,6.54562107333382,2.6914183385868085,2.4320340615538605,4722524160.0,cell,False,True
BizITObsApp/tmedium,48,6.321795373705076,2.6914183385868085,2.34887133043185,4959682560.0,cell,False,True
BizITObsApp/tmedium,64,6.438649580443443,2.6914183385868085,2.3922886636137752,4959682560.0,cell,False,False
BizITObsApp/tmedium,96,7.251870746957411,2.6914183385868085,2.6944420504934112,5196939264.0,cell,False,False
BizITObsApp/tmedium,128,7.501049234024963,2.6914183385868085,2.7870246429113514,5434294272.0,cell,False,False
BizITObsApp/tmedium,192,6.9929966402820565,2.6914183385868085,2.5982570379430094,5909299200.0,cell,False,False
BizITObsApp/tmedium,256,6.89857353682939,2.6914183385868085,2.5631740104927894,6384697344.0,cell,False,False
BizITObsApp/tmedium,384,7.005264835152966,2.6914183385868085,2.60281530177551,7336673280.0,cell,False,False
BizITObsApp/tmedium,512,5.163328609811837,2.6914183385868085,1.918441490787702,8290222080.0,cell,False,True
BizITObsApp/tmedium,768,3.2396066520795044,2.6914183385868085,1.203680084078098,10202038272.0,cell,False,True
BizITObsApp/tmedium,1024,2.000913063257423,2.6914183385868085,0.7434418628164838,12120145920.0,cell,False,True
BizITObsApp/tmedium,1536,2.2139297860257536,2.6914183385868085,0.8225885044642405,15975235584.0,cell,False,False
BizITObsApp/tmedium,2048,2.4928492319820577,2.6914183385868085,0.9262213890134173,19855491072.0,cell,False,False
BizITObsApp/tmedium,2560,2.3883496780046873,2.6914183385868085,0.8873944432060107,23760912384.0,cell,False,False
BizITObsApp/tmedium,3072,2.4457239478597224,2.6914183385868085,0.9087119281292801,27691499520.0,cell,False,False
BizITObsApp/tmedium,4096,2.429298679582446,2.6914183385868085,0.9026090982414892,35628171264.0,cell,False,False
BizITObsApp/tlong,native,3.2935390043843733,3.2063450561622804,1.027194187367487,38129025024.0,cell,True,False
BizITObsApp/tlong,32,7.267618420730667,3.2063450561622804,2.2666364017069895,7098531840.0,cell,False,True
BizITObsApp/tlong,48,7.284618955140469,3.2063450561622804,2.271938555440297,7336673280.0,cell,False,False
BizITObsApp/tlong,64,7.281691582663304,3.2063450561622804,2.271025561852305,7336673280.0,cell,False,False
BizITObsApp/tlong,96,7.282872155272926,3.2063450561622804,2.2713937607170385,7574913024.0,cell,False,False
BizITObsApp/tlong,128,7.4793522346556,3.2063450561622804,2.332672280633371,7813251072.0,cell,False,False
BizITObsApp/tlong,192,7.627468222873487,3.2063450561622804,2.3788669308109065,8290222080.0,cell,False,False
BizITObsApp/tlong,256,7.542398914453076,3.2063450561622804,2.3523353794867856,8767586304.0,cell,False,False
BizITObsApp/tlong,384,7.162610709816292,3.2063450561622804,2.2338864296749525,9723494400.0,cell,False,True
BizITObsApp/tlong,512,3.266392986771056,3.2063450561622804,1.0187278441830112,10680975360.0,cell,False,True
BizITObsApp/tlong,768,5.374459394115964,3.2063450561622804,1.6761949509416587,12600655872.0,cell,False,False
BizITObsApp/tlong,1024,2.965292142524099,3.2063450561622804,0.9248200335846881,14526627840.0,cell,False,True
BizITObsApp/tlong,1536,3.128665911645932,3.2063450561622804,0.9757733047579964,18397446144.0,cell,False,False
BizITObsApp/tlong,2048,3.173972690735559,3.2063450561622804,0.98990365514014,22293430272.0,cell,False,False
BizITObsApp/tlong,2560,3.1884890992238546,3.2063450561622804,0.9944310557267976,26214580224.0,cell,False,False
BizITObsApp/tlong,3072,3.2225374735258643,3.2063450561622804,1.0050501169025658,30160896000.0,cell,False,False
BizITObsApp/tlong,4096,3.2935389435527282,3.2063450561622804,1.0271941683952168,38129025024.0,cell,False,False
BizITObsService/tshort,native,0.7045342419526208,1.225305042620374,0.5749868134435653,31399280640.0,cell,True,False
BizITObsService/tshort,32,2.1052173292537675,1.225305042620374,1.7181169227473827,705871872.0,cell,False,True
BizITObsService/tshort,48,2.357587256995971,1.225305042620374,1.9240819020495963,941359104.0,cell,False,False
BizITObsService/tshort,64,2.8010829371331054,1.225305042620374,2.2860290619084163,941359104.0,cell,False,False
BizITObsService/tshort,96,2.230982666901505,1.225305042620374,1.820756945658561,1176944640.0,cell,False,False
BizITObsService/tshort,128,2.075549842909459,1.225305042620374,1.6939045957656353,1412628480.0,cell,False,True
BizITObsService/tshort,192,1.9973575917386361,1.225305042620374,1.630090077379581,1884291072.0,cell,False,True
BizITObsService/tshort,256,1.3357837981290415,1.225305042620374,1.0901642869863681,2356346880.0,cell,False,True
BizITObsService/tshort,384,1.32861320490388,1.225305042620374,1.0843121987505875,3301638144.0,cell,False,True
BizITObsService/tshort,512,1.2331171701475905,1.225305042620374,1.0063756593301125,4248502272.0,cell,False,True
BizITObsService/tshort,768,0.833746243573493,1.225305042620374,0.6804397391448634,6146949120.0,cell,False,True
BizITObsService/tshort,1024,0.7862573777128238,1.225305042620374,0.6416829690273488,8051687424.0,cell,False,True
BizITObsService/tshort,1536,0.7160169677087651,1.225305042620374,0.5843581335285524,11880038400.0,cell,False,True
BizITObsService/tshort,2048,0.7178119142812373,1.225305042620374,0.5858230312560877,15733555200.0,cell,False,False
BizITObsService/tshort,2560,0.6895915866124397,1.225305042620374,0.5627917641942571,19612237824.0,cell,False,True
BizITObsService/tshort,3072,0.7132450512019581,1.225305042620374,0.5820959078701327,23516086272.0,cell,False,False
BizITObsService/tshort,4096,0.7045342364668186,1.225305042620374,0.5749868089664742,31399280640.0,cell,False,False
BizITObsService/tmedium,native,1.0291901655277051,1.3205790727650968,0.7793476261688242,35628171264.0,cell,True,False
BizITObsService/tmedium,32,3.648910213941579,1.3205790727650968,2.7631137651615982,4722524160.0,cell,False,True
BizITObsService/tmedium,48,3.6345547423921474,1.3205790727650968,2.7522431767617888,4959682560.0,cell,False,True
BizITObsService/tmedium,64,3.7200126482006852,1.3205790727650968,2.816955625694969,4959682560.0,cell,False,False
BizITObsService/tmedium,96,4.223595133430096,1.3205790727650968,3.1982902202035612,5196939264.0,cell,False,False
BizITObsService/tmedium,128,4.197791950734677,1.3205790727650968,3.178750926247168,5434294272.0,cell,False,False
BizITObsService/tmedium,192,3.8107239116277625,1.3205790727650968,2.8856461458598397,5909299200.0,cell,False,False
BizITObsService/tmedium,256,3.5904390990089756,1.3205790727650968,2.7188368898585744,6384697344.0,cell,False,True
BizITObsService/tmedium,384,3.554773773640715,1.3205790727650968,2.6918295518628397,7336673280.0,cell,False,True
BizITObsService/tmedium,512,2.7800160553400097,1.3205790727650968,2.10514925813497,8290222080.0,cell,False,True
BizITObsService/tmedium,768,1.7119307430942876,1.3205790727650968,1.2963485325492539,10202038272.0,cell,False,True
BizITObsService/tmedium,1024,0.9648010059510249,1.3205790727650968,0.7305893496637612,12120145920.0,cell,False,True
BizITObsService/tmedium,1536,1.0066060721740333,1.3205790727650968,0.7622459668896232,15975235584.0,cell,False,False
BizITObsService/tmedium,2048,1.043539862856431,1.3205790727650968,0.790213842077183,19855491072.0,cell,False,False
BizITObsService/tmedium,2560,1.036380738009018,1.3205790727650968,0.7847926408821475,23760912384.0,cell,False,False
BizITObsService/tmedium,3072,1.0216965304371364,1.3205790727650968,0.7736731192459799,27691499520.0,cell,False,False
BizITObsService/tmedium,4096,1.0291901787203686,1.3205790727650968,0.7793476361588836,35628171264.0,cell,False,False
BizITObsService/tlong,native,1.290669545753949,1.367193469742303,0.9440284599934655,38129025024.0,cell,True,False
BizITObsService/tlong,32,3.819629250263942,1.367193469742303,2.793773767061577,7098531840.0,cell,False,True
BizITObsService/tlong,48,3.8286879543181107,1.367193469742303,2.8003995330959017,7336673280.0,cell,False,False
BizITObsService/tlong,64,3.805291798198815,1.367193469742303,2.783286990769536,7336673280.0,cell,False,True
BizITObsService/tlong,96,3.794667749029326,1.367193469742303,2.7755162915930023,7574913024.0,cell,False,True
BizITObsService/tlong,128,4.026683542890822,1.367193469742303,2.945218531251321,7813251072.0,cell,False,False
BizITObsService/tlong,192,4.113977352937493,1.367193469742303,3.0090674392358827,8290222080.0,cell,False,False
BizITObsService/tlong,256,3.967272907088925,1.367193469742303,2.901764084520314,8767586304.0,cell,False,False
BizITObsService/tlong,384,3.3588615637869204,1.367193469742303,2.456756587946561,9723494400.0,cell,False,True
BizITObsService/tlong,512,1.4595939718992164,1.367193469742303,1.067584072190112,10680975360.0,cell,False,True
BizITObsService/tlong,768,2.0893414849109204,1.367193469742303,1.528197384752527,12600655872.0,cell,False,False
BizITObsService/tlong,1024,1.30779834082758,1.367193469742303,0.9565568953998016,14526627840.0,cell,False,True
BizITObsService/tlong,1536,1.2804056757406093,1.367193469742303,0.9365212049922591,18397446144.0,cell,False,True
BizITObsService/tlong,2048,1.2877490002959822,1.367193469742303,0.941892298928772,22293430272.0,cell,False,False
BizITObsService/tlong,2560,1.2878197608844903,1.367193469742303,0.9419440550189481,26214580224.0,cell,False,False
BizITObsService/tlong,3072,1.2829907628722308,1.367193469742303,0.9384120033239017,30160896000.0,cell,False,False
BizITObsService/tlong,4096,1.290669546867768,1.367193469742303,0.9440284608081411,38129025024.0,cell,False,False
BizITObsL2C-5T/tshort,native,0.2225801556209836,0.9860210805885202,0.22573569673392133,31399280640.0,cell,True,True
BizITObsL2C-5T/tshort,32,0.29588652974824525,0.9860210805885202,0.30008134265409553,705871872.0,cell,False,True
BizITObsL2C-5T/tshort,48,0.29210649267951705,0.9860210805885202,0.2962477156220324,941359104.0,cell,False,False
BizITObsL2C-5T/tshort,64,0.2911667260354453,0.9860210805885202,0.2952946258123188,941359104.0,cell,False,True
BizITObsL2C-5T/tshort,96,0.28712829077199,0.9860210805885202,0.29119893724849527,1176944640.0,cell,False,True
BizITObsL2C-5T/tshort,128,0.291526157490558,0.9860210805885202,0.2956591529630955,1412628480.0,cell,False,False
BizITObsL2C-5T/tshort,192,0.2886922394500844,0.9860210805885202,0.29278505818331435,1884291072.0,cell,False,False
BizITObsL2C-5T/tshort,256,0.2785239510666125,0.9860210805885202,0.28247261295911813,2356346880.0,cell,False,True
BizITObsL2C-5T/tshort,384,0.28111093731916725,0.9860210805885202,0.28509627517434244,3301638144.0,cell,False,False
BizITObsL2C-5T/tshort,512,0.2742542132998148,0.9860210805885202,0.27814234269324384,4248502272.0,cell,False,True
BizITObsL2C-5T/tshort,768,0.2683521354431531,0.9860210805885202,0.27215659048890056,6146949120.0,cell,False,True
BizITObsL2C-5T/tshort,1024,0.2607251682375144,0.9860210805885202,0.26442149500687856,8051687424.0,cell,False,True
BizITObsL2C-5T/tshort,1536,0.26879771436303,0.9860210805885202,0.27260848642565977,11880038400.0,cell,False,False
BizITObsL2C-5T/tshort,2048,0.24798926098303264,0.9860210805885202,0.2515050295223068,15733555200.0,cell,False,True
BizITObsL2C-5T/tshort,2560,0.2357137977182677,0.9860210805885202,0.23905553578791508,19612237824.0,cell,False,True
BizITObsL2C-5T/tshort,3072,0.229471647415323,0.9860210805885202,0.23272488989622786,23516086272.0,cell,False,True
BizITObsL2C-5T/tshort,4096,0.22258015576339268,0.9860210805885202,0.22573569687834935,31399280640.0,cell,False,False
BizITObsL2C-5T/tmedium,native,0.6623054763272814,1.2435997989335994,0.5325712314325041,34630582272.0,cell,True,False
BizITObsL2C-5T/tmedium,32,0.8719337669547422,1.2435997989335994,0.7011369475151372,3774873600.0,cell,False,True
BizITObsL2C-5T/tmedium,48,0.8655238729033481,1.2435997989335994,0.6959826413976139,4011638784.0,cell,False,True
BizITObsL2C-5T/tmedium,64,0.8816006510280382,1.2435997989335994,0.708910255360302,4011638784.0,cell,False,False
BizITObsL2C-5T/tmedium,96,0.8498510772099037,1.2435997989335994,0.6833798766602088,4248502272.0,cell,False,True
BizITObsL2C-5T/tmedium,128,0.9201811046015034,1.2435997989335994,0.7399334620273893,4485464064.0,cell,False,False
BizITObsL2C-5T/tmedium,192,0.9095381172608199,1.2435997989335994,0.7313752527467108,4959682560.0,cell,False,False
BizITObsL2C-5T/tmedium,256,0.9133281152675371,1.2435997989335994,0.7344228553677205,5434294272.0,cell,False,False
BizITObsL2C-5T/tmedium,384,0.9115106783379054,1.2435997989335994,0.7329614230555006,6384697344.0,cell,False,False
BizITObsL2C-5T/tmedium,512,0.8582556760235123,1.2435997989335994,0.6901381592048149,7336673280.0,cell,False,False
BizITObsL2C-5T/tmedium,768,0.8495684094149661,1.2435997989335994,0.6831525786217403,9245343744.0,cell,False,True
BizITObsL2C-5T/tmedium,1024,0.8638286292671103,1.2435997989335994,0.6946194668154924,11160305664.0,cell,False,False
BizITObsL2C-5T/tmedium,1536,0.9416922515131838,1.2435997989335994,0.7572309454542332,15009103872.0,cell,False,False
BizITObsL2C-5T/tmedium,2048,0.8308221801405006,1.2435997989335994,0.6680784130497125,18883067904.0,cell,False,True
BizITObsL2C-5T/tmedium,2560,0.7656973283317314,1.2435997989335994,0.6157103989469325,22782197760.0,cell,False,True
BizITObsL2C-5T/tmedium,3072,0.7070231017193266,1.2435997989335994,0.5685294435763071,26706493440.0,cell,False,True
BizITObsL2C-5T/tmedium,4096,0.6623054755376845,1.2435997989335994,0.5325712307975755,34630582272.0,cell,False,True
BizITObsL2C-5T/tlong,native,0.959083598370968,1.4542830442631411,0.6594889503486705,36627333120.0,cell,True,True
BizITObsL2C-5T/tlong,32,1.2415662260237934,1.4542830442631411,0.8537307994626813,5671747584.0,cell,False,True
BizITObsL2C-5T/tlong,48,1.251939243076312,1.4542830442631411,0.8608635354822878,5909299200.0,cell,False,False
BizITObsL2C-5T/tlong,64,1.253356405902007,1.4542830442631411,0.8618380107271759,5909299200.0,cell,False,False
BizITObsL2C-5T/tlong,96,1.2646763971274868,1.4542830442631411,0.8696219089649604,6146949120.0,cell,False,False
BizITObsL2C-5T/tlong,128,1.2630948698718907,1.4542830442631411,0.8685344127847395,6384697344.0,cell,False,False
BizITObsL2C-5T/tlong,192,1.2760247685312396,1.4542830442631411,0.8774253220959323,6860488704.0,cell,False,False
BizITObsL2C-5T/tlong,256,1.3268226865673245,1.4542830442631411,0.9123551923412554,7336673280.0,cell,False,False
BizITObsL2C-5T/tlong,384,1.2726217625088792,1.4542830442631411,0.87508533330504,8290222080.0,cell,False,False
BizITObsL2C-5T/tlong,512,1.3097254441563484,1.4542830442631411,0.9005987172324921,9245343744.0,cell,False,False
BizITObsL2C-5T/tlong,768,1.268317922175716,1.4542830442631411,0.8721259091749568,11160305664.0,cell,False,False
BizITObsL2C-5T/tlong,1024,1.4467205501205198,1.4542830442631411,0.9947998471326102,13081559040.0,cell,False,False
BizITObsL2C-5T/tlong,1536,1.5144316541216154,1.4542830442631411,1.0413596308474808,16942940160.0,cell,False,False
BizITObsL2C-5T/tlong,2048,1.4174362123766435,1.4542830442631411,0.9746632321460041,20829487104.0,cell,False,False
BizITObsL2C-5T/tlong,2560,1.252399463059656,1.4542830442631411,0.8611799938121565,24741199872.0,cell,False,False
BizITObsL2C-5T/tlong,3072,1.1099207286346122,1.4542830442631411,0.7632081890887953,28678078464.0,cell,False,True
BizITObsL2C-5T/tlong,4096,0.9590835989538405,1.4542830442631411,0.6594889507494677,36627333120.0,cell,False,False
BizITObsL2C-H/tshort,native,0.4314484425689719,1.214064126760004,0.3553753323725877,19247849472.0,cell,True,True
BizITObsL2C-H/tshort,32,1.007020401566244,1.214064126760004,0.8294622824032355,705871872.0,cell,False,True
BizITObsL2C-H/tshort,48,1.0288360913833894,1.214064126760004,0.8474314236835774,941359104.0,cell,False,False
BizITObsL2C-H/tshort,64,1.08878030737424,1.214064126760004,0.8968062587269492,941359104.0,cell,False,False
BizITObsL2C-H/tshort,96,1.139676601672176,1.214064126760004,0.9387285041636577,1176944640.0,cell,False,False
BizITObsL2C-H/tshort,128,1.0811179346914337,1.214064126760004,0.8904949177409875,1412628480.0,cell,False,False
BizITObsL2C-H/tshort,192,1.032347582970206,1.214064126760004,0.8503237680906127,1884291072.0,cell,False,False
BizITObsL2C-H/tshort,256,0.8359942586012005,1.214064126760004,0.6885915168519428,2356346880.0,cell,False,True
BizITObsL2C-H/tshort,384,0.6083927254363721,1.214064126760004,0.5011207497416148,3301638144.0,cell,False,True
BizITObsL2C-H/tshort,512,0.5301983819158206,1.214064126760004,0.4367136547644901,4248502272.0,cell,False,True
BizITObsL2C-H/tshort,768,0.495357217196922,1.214064126760004,0.40801569396411635,6146949120.0,cell,False,True
BizITObsL2C-H/tshort,1024,0.46061832067940683,1.214064126760004,0.3794019694072237,8051687424.0,cell,False,True
BizITObsL2C-H/tshort,1536,0.4333884752508132,1.214064126760004,0.3569732979487708,11880038400.0,cell,False,True
BizITObsL2C-H/tshort,2048,0.44309714546511003,1.214064126760004,0.3649701327125213,15733555200.0,cell,False,False
BizITObsL2C-H/tshort,2560,0.4449864405128244,1.214064126760004,0.36652630672843295,19612237824.0,cell,False,False
BizITObsL2C-H/tmedium,native,0.4863107180595234,1.5102861226255864,0.32199906413368024,20098842624.0,cell,True,True
BizITObsL2C-H/tmedium,32,1.4322059431424075,1.5102861226255864,0.948301068047001,3774873600.0,cell,False,True
BizITObsL2C-H/tmedium,48,1.4326575367562844,1.5102861226255864,0.9486000800071267,4011638784.0,cell,False,False
BizITObsL2C-H/tmedium,64,1.452780875605031,1.5102861226255864,0.9619242697399721,4011638784.0,cell,False,False
BizITObsL2C-H/tmedium,96,1.4334479738384884,1.5102861226255864,0.9491234491027983,4248502272.0,cell,False,False
BizITObsL2C-H/tmedium,128,1.427838337037011,1.5102861226255864,0.9454091616459783,4485464064.0,cell,False,True
BizITObsL2C-H/tmedium,192,1.343728268816755,1.5102861226255864,0.8897176824221389,4959682560.0,cell,False,True
BizITObsL2C-H/tmedium,256,1.0510291943496926,1.5102861226255864,0.6959139586891723,5434294272.0,cell,False,True
BizITObsL2C-H/tmedium,384,0.8788080290552193,1.5102861226255864,0.5818818142402304,6384697344.0,cell,False,True
BizITObsL2C-H/tmedium,512,0.7193972604581794,1.5102861226255864,0.47633176898131674,7336673280.0,cell,False,True
BizITObsL2C-H/tmedium,768,0.5683136272186939,1.5102861226255864,0.3762953381513551,9245343744.0,cell,False,True
BizITObsL2C-H/tmedium,1024,0.5290382621866557,1.5102861226255864,0.3502900902425951,11160305664.0,cell,False,True
BizITObsL2C-H/tmedium,1536,0.5100995517509368,1.5102861226255864,0.3377502740104268,15009103872.0,cell,False,True
BizITObsL2C-H/tmedium,2048,0.4959681964108393,1.5102861226255864,0.3283935335038461,18883067904.0,cell,False,True
BizITObsL2C-H/tlong,native,0.5663935770705891,1.4260541525613812,0.39717536396024766,20098842624.0,cell,True,False
BizITObsL2C-H/tlong,32,1.3770801013214655,1.4260541525613812,0.9656576497098993,5671747584.0,cell,False,True
BizITObsL2C-H/tlong,48,1.3661906067607135,1.4260541525613812,0.9580215479944117,5909299200.0,cell,False,False
BizITObsL2C-H/tlong,64,1.2217808644996309,1.4260541525613812,0.856756289587707,5909299200.0,cell,False,True
BizITObsL2C-H/tlong,96,1.2616703692736264,1.4260541525613812,0.8847282320993912,6146949120.0,cell,False,False
BizITObsL2C-H/tlong,128,1.2488188523179318,1.4260541525613812,0.8757162903490646,6384697344.0,cell,False,False
BizITObsL2C-H/tlong,192,1.2293711388679744,1.4260541525613812,0.8620788605116165,6860488704.0,cell,False,False
BizITObsL2C-H/tlong,256,1.0312935879099527,1.4260541525613812,0.7231798217884037,7336673280.0,cell,False,True
BizITObsL2C-H/tlong,384,0.8313156351071356,1.4260541525613812,0.5829481535564291,8290222080.0,cell,False,True
BizITObsL2C-H/tlong,512,0.6657704852774378,1.4260541525613812,0.4668619940425307,9245343744.0,cell,False,True
BizITObsL2C-H/tlong,768,0.6204575440282056,1.4260541525613812,0.4350869445692382,11160305664.0,cell,False,True
BizITObsL2C-H/tlong,1024,0.5867616464507699,1.4260541525613812,0.411458180179812,13081559040.0,cell,False,True
BizITObsL2C-H/tlong,1536,0.5608609169623412,1.4260541525613812,0.3932956654941617,16942940160.0,cell,False,True
BitbrainsFS-5T/tshort,native,0.6135734426703888,1.1360241737534569,0.5401059738395569,31399280640.0,cell,True,True
BitbrainsFS-5T/tshort,32,0.9451392346861947,1.1360241737534569,0.8319710588230065,705871872.0,cell,False,True
BitbrainsFS-5T/tshort,48,0.8020119102214778,1.1360241737534569,0.7059813767620869,941359104.0,cell,False,False
BitbrainsFS-5T/tshort,64,0.7532748612052256,1.1360241737534569,0.6630799578114466,941359104.0,cell,False,True
BitbrainsFS-5T/tshort,96,0.7280863283889917,1.1360241737534569,0.6409074253969202,1176944640.0,cell,False,True
BitbrainsFS-5T/tshort,128,0.7249948016818631,1.1360241737534569,0.6381860689517366,1412628480.0,cell,False,True
BitbrainsFS-5T/tshort,192,0.7840020652824731,1.1360241737534569,0.6901279773757872,1884291072.0,cell,False,False
BitbrainsFS-5T/tshort,256,0.7514487113241398,1.1360241737534569,0.6614724657146436,2356346880.0,cell,False,False
BitbrainsFS-5T/tshort,384,0.6864654106655838,1.1360241737534569,0.6042700732304684,3301638144.0,cell,False,True
BitbrainsFS-5T/tshort,512,0.6811621045255866,1.1360241737534569,0.5996017692783836,4248502272.0,cell,False,True
BitbrainsFS-5T/tshort,768,0.6442351747680353,1.1360241737534569,0.5670963608454418,6146949120.0,cell,False,True
BitbrainsFS-5T/tshort,1024,0.632696757102707,1.1360241737534569,0.5569395191761268,8051687424.0,cell,False,True
BitbrainsFS-5T/tshort,1536,0.6259773693731702,1.1360241737534569,0.5510246910547006,11880038400.0,cell,False,True
BitbrainsFS-5T/tshort,2048,0.6189516974079778,1.1360241737534569,0.5448402522658857,15733555200.0,cell,False,True
BitbrainsFS-5T/tshort,2560,0.616166416918201,1.1360241737534569,0.5423884730219861,19612237824.0,cell,False,True
BitbrainsFS-5T/tshort,3072,0.6161672594429356,1.1360241737534569,0.5423892146653015,23516086272.0,cell,False,False
BitbrainsFS-5T/tshort,4096,0.6135734438199516,1.1360241737534569,0.5401059748514744,31399280640.0,cell,False,False
BitbrainsFS-5T/tmedium,native,0.916598363574243,1.2202713595882653,0.7511430604120011,34630582272.0,cell,True,True
BitbrainsFS-5T/tmedium,32,1.1140669185909673,1.2202713595882653,0.9129665380058312,3774873600.0,cell,False,True
BitbrainsFS-5T/tmedium,48,1.1020653458771077,1.2202713595882653,0.9031313709181523,4011638784.0,cell,False,False
BitbrainsFS-5T/tmedium,64,1.0855137464050975,1.2202713595882653,0.8895675030604367,4011638784.0,cell,False,True
BitbrainsFS-5T/tmedium,96,1.0724045631645232,1.2202713595882653,0.878824660382397,4248502272.0,cell,False,True
BitbrainsFS-5T/tmedium,128,1.0558775364544108,1.2202713595882653,0.8652809296537756,4485464064.0,cell,False,True
BitbrainsFS-5T/tmedium,192,1.0567542006873571,1.2202713595882653,0.8659993470992543,4959682560.0,cell,False,False
BitbrainsFS-5T/tmedium,256,1.0423916111539309,1.2202713595882653,0.8542293506795462,5434294272.0,cell,False,True
BitbrainsFS-5T/tmedium,384,1.0219022712689245,1.2202713595882653,0.8374385445002389,6384697344.0,cell,False,True
BitbrainsFS-5T/tmedium,512,0.9810516390877989,1.2202713595882653,0.8039618658417239,7336673280.0,cell,False,True
BitbrainsFS-5T/tmedium,768,0.9549997606954443,1.2202713595882653,0.7826126157854537,9245343744.0,cell,False,True
BitbrainsFS-5T/tmedium,1024,0.9479339735591255,1.2202713595882653,0.7768222749069273,11160305664.0,cell,False,True
BitbrainsFS-5T/tmedium,1536,0.9330809007010521,1.2202713595882653,0.7646503323784353,15009103872.0,cell,False,True
BitbrainsFS-5T/tmedium,2048,0.9324497336238002,1.2202713595882653,0.7641330973615741,18883067904.0,cell,False,True
BitbrainsFS-5T/tmedium,2560,0.9273515639923058,1.2202713595882653,0.7599551990675302,22782197760.0,cell,False,True
BitbrainsFS-5T/tmedium,3072,0.925771282518558,1.2202713595882653,0.7586601744311402,26706493440.0,cell,False,True
BitbrainsFS-5T/tmedium,4096,0.9165983682130616,1.2202713595882653,0.7511430642134659,34630582272.0,cell,False,False
BitbrainsFS-5T/tlong,native,0.8309532845318638,1.1366422318753115,0.7310596608405964,36627333120.0,cell,True,True
BitbrainsFS-5T/tlong,32,1.0863003810692722,1.1366422318753115,0.9557100295992154,5671747584.0,cell,False,True
BitbrainsFS-5T/tlong,48,1.0603795727817868,1.1366422318753115,0.9329053092038457,5909299200.0,cell,False,False
BitbrainsFS-5T/tlong,64,1.035280227231226,1.1366422318753115,0.9108232988344526,5909299200.0,cell,False,True
BitbrainsFS-5T/tlong,96,0.993318498562684,1.1366422318753115,0.8739060283936819,6146949120.0,cell,False,True
BitbrainsFS-5T/tlong,128,0.9627987072748565,1.1366422318753115,0.8470551949194814,6384697344.0,cell,False,True
BitbrainsFS-5T/tlong,192,0.9542269788336674,1.1366422318753115,0.8395139227400668,6860488704.0,cell,False,True
BitbrainsFS-5T/tlong,256,0.9456424630023873,1.1366422318753115,0.8319614004155031,7336673280.0,cell,False,True
BitbrainsFS-5T/tlong,384,0.9061536534935802,1.1366422318753115,0.7972197654476948,8290222080.0,cell,False,True
BitbrainsFS-5T/tlong,512,0.8809489466516228,1.1366422318753115,0.775045059867406,9245343744.0,cell,False,True
BitbrainsFS-5T/tlong,768,0.8609501034872313,1.1366422318753115,0.7574503914629108,11160305664.0,cell,False,True
BitbrainsFS-5T/tlong,1024,0.8499425934648625,1.1366422318753115,0.747766156869403,13081559040.0,cell,False,True
BitbrainsFS-5T/tlong,1536,0.8365944402737984,1.1366422318753115,0.7360226611442429,16942940160.0,cell,False,True
BitbrainsFS-5T/tlong,2048,0.8398948346264168,1.1366422318753115,0.7389262963075899,20829487104.0,cell,False,False
BitbrainsFS-5T/tlong,2560,0.8352295632468036,1.1366422318753115,0.7348218637528395,24741199872.0,cell,False,True
BitbrainsFS-5T/tlong,3072,0.8440289959001704,1.1366422318753115,0.7425634665251111,28678078464.0,cell,False,False
BitbrainsFS-5T/tlong,4096,0.8309532860112931,1.1366422318753115,0.7310596621421751,36627333120.0,cell,False,False
BitbrainsFS-H/tshort,native,0.9427248588624486,1.298512456963805,0.7260037081713775,5434343424.0,cell,True,False
BitbrainsFS-H/tshort,32,1.3564129866798689,1.298512456963805,1.0445898916144767,705871872.0,cell,False,True
BitbrainsFS-H/tshort,48,1.155632709233813,1.298512456963805,0.8899665944953082,941359104.0,cell,False,False
BitbrainsFS-H/tshort,64,1.0304433314107313,1.298512456963805,0.7935567547962724,941359104.0,cell,False,True
BitbrainsFS-H/tshort,96,1.0079011230618982,1.298512456963805,0.7761967300788033,1176944640.0,cell,False,True
BitbrainsFS-H/tshort,128,0.9853195470594557,1.298512456963805,0.7588063878596436,1412628480.0,cell,False,True
BitbrainsFS-H/tshort,192,1.208040029231689,1.298512456963805,0.9303260994941401,1884291072.0,cell,False,False
BitbrainsFS-H/tshort,256,1.1429855234834663,1.298512456963805,0.8802268452287371,2356346880.0,cell,False,False
BitbrainsFS-H/tshort,384,0.9555784234389001,1.298512456963805,0.7359023922444636,3301638144.0,cell,False,True
BitbrainsFS-H/tshort,512,0.9427018897119258,1.298512456963805,0.7259860193533768,4248502272.0,cell,False,True
BitbrainsRnD-5T/tshort,native,1.5798161562620106,1.970812637671696,0.8016064673344059,31399280640.0,cell,True,False
BitbrainsRnD-5T/tshort,32,2.2367314568604395,1.970812637671696,1.134928513297387,705871872.0,cell,False,True
BitbrainsRnD-5T/tshort,48,1.9792427166498037,1.970812637671696,1.0042774634264915,941359104.0,cell,False,False
BitbrainsRnD-5T/tshort,64,1.9612989170507333,1.970812637671696,0.9951726914882167,941359104.0,cell,False,True
BitbrainsRnD-5T/tshort,96,1.8657093279991581,1.970812637671696,0.9466700650972555,1176944640.0,cell,False,True
BitbrainsRnD-5T/tshort,128,1.9011030831147113,1.970812637671696,0.9646290300637919,1412628480.0,cell,False,False
BitbrainsRnD-5T/tshort,192,1.8322479319116909,1.970812637671696,0.9296915885805845,1884291072.0,cell,False,True
BitbrainsRnD-5T/tshort,256,1.792691044935236,1.970812637671696,0.909620230085955,2356346880.0,cell,False,True
BitbrainsRnD-5T/tshort,384,1.6805051868197107,1.970812637671696,0.8526965753604299,3301638144.0,cell,False,True
BitbrainsRnD-5T/tshort,512,1.6660415690087145,1.970812637671696,0.8453576647331449,4248502272.0,cell,False,True
BitbrainsRnD-5T/tshort,768,1.6019660733415628,1.970812637671696,0.8128454439150107,6146949120.0,cell,False,True
BitbrainsRnD-5T/tshort,1024,1.591392179484019,1.970812637671696,0.8074801983024009,8051687424.0,cell,False,True
BitbrainsRnD-5T/tshort,1536,1.5849824197450118,1.970812637671696,0.8042278547683248,11880038400.0,cell,False,True
BitbrainsRnD-5T/tshort,2048,1.580827207674963,1.970812637671696,0.8021194797809603,15733555200.0,cell,False,True
BitbrainsRnD-5T/tshort,2560,1.5800184000905948,1.970812637671696,0.8017090868451185,19612237824.0,cell,False,True
BitbrainsRnD-5T/tshort,3072,1.5799011092423245,1.970812637671696,0.8016495728933464,23516086272.0,cell,False,True
BitbrainsRnD-5T/tshort,4096,1.5798161551092895,1.970812637671696,0.8016064667495095,31399280640.0,cell,False,True
BitbrainsRnD-5T/tmedium,native,4.315802315473989,4.542392314855541,0.9501165941478662,34630582272.0,cell,True,False
BitbrainsRnD-5T/tmedium,32,4.796074924982882,4.542392314855541,1.0558477983721688,3774873600.0,cell,False,True
BitbrainsRnD-5T/tmedium,48,4.637711988224622,4.542392314855541,1.0209844651809015,4011638784.0,cell,False,False
BitbrainsRnD-5T/tmedium,64,4.584828054221593,4.542392314855541,1.0093421563847027,4011638784.0,cell,False,True
BitbrainsRnD-5T/tmedium,96,4.574140902145303,4.542392314855541,1.0069893978963311,4248502272.0,cell,False,True
BitbrainsRnD-5T/tmedium,128,4.566699934831895,4.542392314855541,1.00535128150355,4485464064.0,cell,False,True
BitbrainsRnD-5T/tmedium,192,4.555617738820686,4.542392314855541,1.0029115547597887,4959682560.0,cell,False,True
BitbrainsRnD-5T/tmedium,256,4.5499359990223365,4.542392314855541,1.0016607293346558,5434294272.0,cell,False,True
BitbrainsRnD-5T/tmedium,384,4.475937446405804,4.542392314855541,0.9853700728947604,6384697344.0,cell,False,True
BitbrainsRnD-5T/tmedium,512,4.353094115423047,4.542392314855541,0.9583263209535184,7336673280.0,cell,False,True
BitbrainsRnD-5T/tmedium,768,4.332562522144773,4.542392314855541,0.9538063253531546,9245343744.0,cell,False,True
BitbrainsRnD-5T/tmedium,1024,4.3327109302103075,4.542392314855541,0.9538389971382509,11160305664.0,cell,False,False
BitbrainsRnD-5T/tmedium,1536,4.326239292147924,4.542392314855541,0.952414276943736,15009103872.0,cell,False,True
BitbrainsRnD-5T/tmedium,2048,4.3180898933839345,4.542392314855541,0.9506202005630287,18883067904.0,cell,False,True
BitbrainsRnD-5T/tmedium,2560,4.315620274554417,4.542392314855541,0.95007651814673,22782197760.0,cell,False,True
BitbrainsRnD-5T/tmedium,3072,4.312950980005197,4.542392314855541,0.9494888774578157,26706493440.0,cell,False,True
BitbrainsRnD-5T/tmedium,4096,4.315802439471574,4.542392314855541,0.9501166214457254,34630582272.0,cell,False,False
BitbrainsRnD-5T/tlong,native,3.2288380614951167,3.501257904408163,0.9221937228417069,36627333120.0,cell,True,True
BitbrainsRnD-5T/tlong,32,3.6129970293506997,3.501257904408163,1.0319139943395357,5671747584.0,cell,False,True
BitbrainsRnD-5T/tlong,48,3.5750451220346227,3.501257904408163,1.0210744879814653,5909299200.0,cell,False,False
BitbrainsRnD-5T/tlong,64,3.546786745346876,3.501257904408163,1.013003566769929,5909299200.0,cell,False,True
BitbrainsRnD-5T/tlong,96,3.5274295078401012,3.501257904408163,1.0074749144868729,6146949120.0,cell,False,True
BitbrainsRnD-5T/tlong,128,3.515345290460197,3.501257904408163,1.0040235213847852,6384697344.0,cell,False,True
BitbrainsRnD-5T/tlong,192,3.4991783887035948,3.501257904408163,0.9994060661164235,6860488704.0,cell,False,True
BitbrainsRnD-5T/tlong,256,3.534025432509677,3.501257904408163,1.0093587873261947,7336673280.0,cell,False,False
BitbrainsRnD-5T/tlong,384,3.4150279861464856,3.501257904408163,0.9753717319272277,8290222080.0,cell,False,True
BitbrainsRnD-5T/tlong,512,3.3258664806780764,3.501257904408163,0.9499061684347032,9245343744.0,cell,False,True
BitbrainsRnD-5T/tlong,768,3.266804308614256,3.501257904408163,0.9330373248143976,11160305664.0,cell,False,True
BitbrainsRnD-5T/tlong,1024,3.260907386546716,3.501257904408163,0.9313530952521835,13081559040.0,cell,False,True
BitbrainsRnD-5T/tlong,1536,3.2582324134700946,3.501257904408163,0.9305890918140896,16942940160.0,cell,False,True
BitbrainsRnD-5T/tlong,2048,3.254773021043679,3.501257904408163,0.9296010490817732,20829487104.0,cell,False,True
BitbrainsRnD-5T/tlong,2560,3.241384203908088,3.501257904408163,0.925777047108444,24741199872.0,cell,False,True
BitbrainsRnD-5T/tlong,3072,3.2334870903296435,3.501257904408163,0.9235215395754224,28678078464.0,cell,False,True
BitbrainsRnD-5T/tlong,4096,3.2288381457243363,3.501257904408163,0.922193746898552,36627333120.0,cell,False,False
BitbrainsRnD-H/tshort,native,5.660135487907449,6.0373618687533925,0.9375180105074877,5315616768.0,cell,True,True
BitbrainsRnD-H/tshort,32,5.991392898249851,6.0373618687533925,0.992385917640376,705871872.0,cell,False,True
BitbrainsRnD-H/tshort,48,5.949146620057804,6.0373618687533925,0.9853884443879122,941359104.0,cell,False,False
BitbrainsRnD-H/tshort,64,5.916048435838626,6.0373618687533925,0.9799062180548379,941359104.0,cell,False,True
BitbrainsRnD-H/tshort,96,5.861923929354953,6.0373618687533925,0.9709412913765488,1176944640.0,cell,False,True
BitbrainsRnD-H/tshort,128,5.842086189484278,6.0373618687533925,0.9676554621846056,1412628480.0,cell,False,True
BitbrainsRnD-H/tshort,192,5.814835832215126,6.0373618687533925,0.9631418421860781,1884291072.0,cell,False,True
BitbrainsRnD-H/tshort,256,5.682916076405993,6.0373618687533925,0.941291279195662,2356346880.0,cell,False,True
BitbrainsRnD-H/tshort,384,5.7052062670964325,6.0373618687533925,0.9449833207156184,3301638144.0,cell,False,False
BitbrainsRnD-H/tshort,512,5.707244579588447,6.0373618687533925,0.9453209371342339,4248502272.0,cell,False,False
Restaurant/tshort,native,0.6950174739649827,1.0060757450046092,0.6908202264251968,2765595385.3382897,cell,True,True
Restaurant/tshort,32,0.7974041849106597,1.0060757450046092,0.7925886185706689,470482944.0,cell,False,True
Restaurant/tshort,48,0.7783817642119434,1.0060757450046092,0.7736810752836283,705871872.0,cell,False,False
Restaurant/tshort,64,0.7465124820265637,1.0060757450046092,0.7420042533906269,705871872.0,cell,False,True
Restaurant/tshort,96,0.7297499478151259,1.0060757450046092,0.7253429490160134,941359104.0,cell,False,True
Restaurant/tshort,128,0.7146839174483841,1.0060757450046092,0.7103679032090272,1176944640.0,cell,False,True
Restaurant/tshort,192,0.7002632326233214,1.0060757450046092,0.6960343056676247,1648410624.0,cell,False,True
Restaurant/tshort,256,0.699529006681112,1.0060757450046092,0.6953045137549829,2120269824.0,cell,False,True
Restaurant/tshort,384,0.696252176568091,1.0060757450046092,0.6920474725935285,3065167872.0,cell,False,False
ETTm1-15T/tshort,native,0.6752219743476403,0.9341549587802876,0.7228158112325044,31399280640.0,cell,True,True
ETTm1-15T/tshort,32,1.9933017499095271,0.9341549587802876,2.1338020327078837,705871872.0,cell,False,True
ETTm1-15T/tshort,48,1.9824843822065092,0.9341549587802876,2.122222189769254,941359104.0,cell,False,False
ETTm1-15T/tshort,64,1.9416696341183661,0.9341549587802876,2.0785305648364543,941359104.0,cell,False,True
ETTm1-15T/tshort,96,1.7375104997958,0.9341549587802876,1.8599810271996433,1176944640.0,cell,False,True
ETTm1-15T/tshort,128,1.6275756098936713,0.9341549587802876,1.7422972437236461,1412628480.0,cell,False,True
ETTm1-15T/tshort,192,1.0970600892049687,0.9341549587802876,1.174387695417668,1884291072.0,cell,False,True
ETTm1-15T/tshort,256,0.8571061734466938,0.9341549587802876,0.9175203379167464,2356346880.0,cell,False,True
ETTm1-15T/tshort,384,0.7478609062771355,0.9341549587802876,0.8005747860650512,3301638144.0,cell,False,True
ETTm1-15T/tshort,512,0.7502662081028915,0.9341549587802876,0.8031496284968641,4248502272.0,cell,False,False
ETTm1-15T/tshort,768,0.7521235480285443,0.9341549587802876,0.8051378852718193,6146949120.0,cell,False,False
ETTm1-15T/tshort,1024,0.7038432040165825,0.9341549587802876,0.7534544428641478,8051687424.0,cell,False,True
ETTm1-15T/tshort,1536,0.6832066018516891,0.9341549587802876,0.731363244855802,11880038400.0,cell,False,True
ETTm1-15T/tshort,2048,0.6857608557086973,0.9341549587802876,0.7340975383828022,15733555200.0,cell,False,False
ETTm1-15T/tshort,2560,0.6794591439279373,0.9341549587802876,0.7273516428313961,19612237824.0,cell,False,True
ETTm1-15T/tshort,3072,0.6793120483592798,0.9341549587802876,0.727194179053813,23516086272.0,cell,False,True
ETTm1-15T/tshort,4096,0.6752219747227047,0.9341549587802876,0.7228158116340057,31399280640.0,cell,False,False
ETTm1-15T/tmedium,native,0.9834625152170534,1.188305978388322,0.8276172409322604,34630582272.0,cell,True,False
ETTm1-15T/tmedium,32,1.8329015263607806,1.188305978388322,1.5424491332162713,3774873600.0,cell,False,True
ETTm1-15T/tmedium,48,1.7989211253003368,1.188305978388322,1.513853467050785,4011638784.0,cell,False,False
ETTm1-15T/tmedium,64,1.7936693556197079,1.188305978388322,1.5094339237882395,4011638784.0,cell,False,True
ETTm1-15T/tmedium,96,1.6786694136956684,1.188305978388322,1.4126575513593034,4248502272.0,cell,False,True
ETTm1-15T/tmedium,128,1.5684946221340783,1.188305978388322,1.3199417074896813,4485464064.0,cell,False,True
ETTm1-15T/tmedium,192,1.378210293132189,1.188305978388322,1.159810956266862,4959682560.0,cell,False,True
ETTm1-15T/tmedium,256,1.2408614735094357,1.188305978388322,1.0442272411962394,5434294272.0,cell,False,True
ETTm1-15T/tmedium,384,1.1335494387704272,1.188305978388322,0.9539205048078946,6384697344.0,cell,False,True
ETTm1-15T/tmedium,512,1.1103114141228658,1.188305978388322,0.9343649146903739,7336673280.0,cell,False,True
ETTm1-15T/tmedium,768,1.0767417336990435,1.188305978388322,0.9061148839454707,9245343744.0,cell,False,True
ETTm1-15T/tmedium,1024,1.053484096393634,1.188305978388322,0.8865427891076131,11160305664.0,cell,False,True
ETTm1-15T/tmedium,1536,1.012152836107126,1.188305978388322,0.8517611242517609,15009103872.0,cell,False,True
ETTm1-15T/tmedium,2048,1.0199811502008838,1.188305978388322,0.8583489174936794,18883067904.0,cell,False,False
ETTm1-15T/tmedium,2560,1.0174234077083282,1.188305978388322,0.8561964899715822,22782197760.0,cell,False,False
ETTm1-15T/tmedium,3072,1.0005248548490444,1.188305978388322,0.8419757815289612,26706493440.0,cell,False,True
ETTm1-15T/tmedium,4096,0.9834625122914699,1.188305978388322,0.8276172384702821,34630582272.0,cell,False,True
ETTm1-15T/tlong,native,1.0031270601206694,1.190885705867336,0.8423369725393421,36627333120.0,cell,True,False
ETTm1-15T/tlong,32,1.9454160347770044,1.190885705867336,1.6335875266553266,5671747584.0,cell,False,True
ETTm1-15T/tlong,48,1.9515889396554387,1.190885705867336,1.6387709836806492,5909299200.0,cell,False,False
ETTm1-15T/tlong,64,1.8452573391362315,1.190885705867336,1.5494831536266604,5909299200.0,cell,False,True
ETTm1-15T/tlong,96,1.7159872932042706,1.190885705867336,1.4409336553036354,6146949120.0,cell,False,True
ETTm1-15T/tlong,128,1.6458364001202666,1.190885705867336,1.3820271685279693,6384697344.0,cell,False,True
ETTm1-15T/tlong,192,1.466464676137589,1.190885705867336,1.2314067327473257,6860488704.0,cell,False,True
ETTm1-15T/tlong,256,1.3107496959242053,1.190885705867336,1.1006511283713585,7336673280.0,cell,False,True
ETTm1-15T/tlong,384,1.2099454650307122,1.190885705867336,1.0160046921962966,8290222080.0,cell,False,True
ETTm1-15T/tlong,512,1.1550751463540152,1.190885705867336,0.969929474057093,9245343744.0,cell,False,True
ETTm1-15T/tlong,768,1.1038398310638704,1.190885705867336,0.9269066087747949,11160305664.0,cell,False,True
ETTm1-15T/tlong,1024,1.0293407786469246,1.190885705867336,0.8643489241457001,13081559040.0,cell,False,True
ETTm1-15T/tlong,1536,0.981398903653415,1.190885705867336,0.8240915973868799,16942940160.0,cell,False,True
ETTm1-15T/tlong,2048,1.024741279760246,1.190885705867336,0.8604866736677428,20829487104.0,cell,False,False
ETTm1-15T/tlong,2560,1.0166913192136202,1.190885705867336,0.8537270320774838,24741199872.0,cell,False,False
ETTm1-15T/tlong,3072,1.0151834692208996,1.190885705867336,0.8524608736331498,28678078464.0,cell,False,False
ETTm1-15T/tlong,4096,1.003127059621882,1.190885705867336,0.8423369721205048,36627333120.0,cell,False,False
ETTm1-H/tshort,native,0.786356297295324,0.9773176243434534,0.8046066884587145,31399280640.0,cell,True,True
ETTm1-H/tshort,32,1.3426800306278173,0.9773176243434534,1.373842031683209,705871872.0,cell,False,True
ETTm1-H/tshort,48,1.1121066786006675,0.9773176243434534,1.1379173473391142,941359104.0,cell,False,False
ETTm1-H/tshort,64,1.0069989590426383,0.9773176243434534,1.0303702030536126,941359104.0,cell,False,True
ETTm1-H/tshort,96,0.924292249167564,0.9773176243434534,0.9457439691507549,1176944640.0,cell,False,True
ETTm1-H/tshort,128,0.8846794657200885,0.9773176243434534,0.9052118202763428,1412628480.0,cell,False,True
ETTm1-H/tshort,192,0.9161762558262836,0.9773176243434534,0.937439613290261,1884291072.0,cell,False,False
ETTm1-H/tshort,256,0.9235715386172043,0.9773176243434534,0.9450065317686716,2356346880.0,cell,False,False
ETTm1-H/tshort,384,0.8753614684685339,0.9773176243434534,0.8956775634293794,3301638144.0,cell,False,True
ETTm1-H/tshort,512,0.8597531930322421,0.9773176243434534,0.8797070385483028,4248502272.0,cell,False,True
ETTm1-H/tshort,768,0.8429225078615037,0.9773176243434534,0.8624857332617589,6146949120.0,cell,False,True
ETTm1-H/tshort,1024,0.8442808484921852,0.9773176243434534,0.8638755993573326,8051687424.0,cell,False,False
ETTm1-H/tshort,1536,0.8416906338400049,0.9773176243434534,0.8612252689144324,11880038400.0,cell,False,True
ETTm1-H/tshort,2048,0.8057780968596653,0.9773176243434534,0.8244792448115057,15733555200.0,cell,False,True
ETTm1-H/tshort,2560,0.8032859395498675,0.9773176243434534,0.8219292475048757,19612237824.0,cell,False,True
ETTm1-H/tshort,3072,0.792464845341744,0.9773176243434534,0.8108570086148906,23516086272.0,cell,False,True
ETTm1-H/tshort,4096,0.7863562999978416,0.9773176243434534,0.8046066912239543,31399280640.0,cell,False,False
ETTm1-H/tmedium,native,1.2577856283310112,1.5678007461285397,0.8022611492161446,34630582272.0,cell,True,False
ETTm1-H/tmedium,32,1.8359032431909401,1.5678007461285397,1.1710054659206162,3774873600.0,cell,False,True
ETTm1-H/tmedium,48,1.657439937888887,1.5678007461285397,1.057175117425922,4011638784.0,cell,False,False
ETTm1-H/tmedium,64,1.4225721567293919,1.5678007461285397,0.9073679549153366,4011638784.0,cell,False,True
ETTm1-H/tmedium,96,1.4104793726230793,1.5678007461285397,0.8996547399955364,4248502272.0,cell,False,True
ETTm1-H/tmedium,128,1.3640898987846193,1.5678007461285397,0.8700658563615592,4485464064.0,cell,False,True
ETTm1-H/tmedium,192,1.337481590849429,1.5678007461285397,0.8530941155323143,4959682560.0,cell,False,True
ETTm1-H/tmedium,256,1.3060000213048295,1.5678007461285397,0.8330140322549343,5434294272.0,cell,False,True
ETTm1-H/tmedium,384,1.2326244236595527,1.5678007461285397,0.7862124231687878,6384697344.0,cell,False,True
ETTm1-H/tmedium,512,1.252629868993416,1.5678007461285397,0.7989726195032162,7336673280.0,cell,False,False
ETTm1-H/tmedium,768,1.2211989411161885,1.5678007461285397,0.7789248373122446,9245343744.0,cell,False,True
ETTm1-H/tmedium,1024,1.2419757178907167,1.5678007461285397,0.7921770167271566,11160305664.0,cell,False,False
ETTm1-H/tmedium,1536,1.2345076550850835,1.5678007461285397,0.7874136162605638,15009103872.0,cell,False,False
ETTm1-H/tmedium,2048,1.2711415274910738,1.5678007461285397,0.8107800245853796,18883067904.0,cell,False,False
ETTm1-H/tmedium,2560,1.2716309560150472,1.5678007461285397,0.8110921997933465,22782197760.0,cell,False,False
ETTm1-H/tmedium,3072,1.2761363759628759,1.5678007461285397,0.8139659195303438,26706493440.0,cell,False,False
ETTm1-H/tmedium,4096,1.257785660779723,1.5678007461285397,0.8022611699131063,34630582272.0,cell,False,False
ETTm1-H/tlong,native,1.375502722530652,1.4787012870437326,0.9302099988569034,36627333120.0,cell,True,False
ETTm1-H/tlong,32,1.6441119193151943,1.4787012870437326,1.111862100696589,5671747584.0,cell,False,True
ETTm1-H/tlong,48,1.5810548397937096,1.4787012870437326,1.0692185457920345,5909299200.0,cell,False,False
ETTm1-H/tlong,64,1.4770479639998102,1.4787012870437326,0.998881908700284,5909299200.0,cell,False,True
ETTm1-H/tlong,96,1.3793106401852828,1.4787012870437326,0.9327851759315401,6146949120.0,cell,False,True
ETTm1-H/tlong,128,1.364553094661795,1.4787012870437326,0.922805103787969,6384697344.0,cell,False,True
ETTm1-H/tlong,192,1.3707185878598624,1.4787012870437326,0.9269746363717903,6860488704.0,cell,False,False
ETTm1-H/tlong,256,1.392691675517224,1.4787012870437326,0.9418343567560817,7336673280.0,cell,False,False
ETTm1-H/tlong,384,1.3447053513046598,1.4787012870437326,0.9093826880972277,8290222080.0,cell,False,True
ETTm1-H/tlong,512,1.3922260984630077,1.4787012870437326,0.9415195013770435,9245343744.0,cell,False,False
ETTm1-H/tlong,768,1.341022501142732,1.4787012870437326,0.9068920903042882,11160305664.0,cell,False,True
ETTm1-H/tlong,1024,1.3413532672629043,1.4787012870437326,0.9071157772132471,13081559040.0,cell,False,False
ETTm1-H/tlong,1536,1.3252545412629657,1.4787012870437326,0.8962287061455512,16942940160.0,cell,False,True
ETTm1-H/tlong,2048,1.3600659772719217,1.4787012870437326,0.919770604914404,20829487104.0,cell,False,False
ETTm1-H/tlong,2560,1.3712035776743121,1.4787012870437326,0.9273026200008703,24741199872.0,cell,False,False
ETTm1-H/tlong,3072,1.3915803057236036,1.4787012870437326,0.9410827716973831,28678078464.0,cell,False,False
ETTm1-H/tlong,4096,1.375502705964009,1.4787012870437326,0.9302099876533945,36627333120.0,cell,False,False
ETTm1-D/tshort,native,1.657455903237639,1.7783697877928102,0.9320085814631156,5196972032.0,cell,True,False
ETTm1-D/tshort,32,1.6481412068952364,1.7783697877928102,0.9267708089782584,470482944.0,cell,False,True
ETTm1-D/tshort,48,1.5809710600538083,1.7783697877928102,0.8890001792124462,705871872.0,cell,False,False
ETTm1-D/tshort,64,1.5514699112179733,1.7783697877928102,0.8724113071801285,705871872.0,cell,False,True
ETTm1-D/tshort,96,1.6328103836385548,1.7783697877928102,0.9181500916438118,941359104.0,cell,False,False
ETTm1-D/tshort,128,1.68465201626981,1.7783697877928102,0.9473013024814618,1176944640.0,cell,False,False
ETTm1-D/tshort,192,1.6020195491603408,1.7783697877928102,0.9008360129355644,1648410624.0,cell,False,False
ETTm1-D/tshort,256,1.601126354867446,1.7783697877928102,0.900333758399401,2120269824.0,cell,False,False
ETTm1-D/tshort,384,1.6367219040876928,1.7783697877928102,0.9203495894512913,3065167872.0,cell,False,False
ETTm1-D/tshort,512,1.6172567116754362,1.7783697877928102,0.9094040636411528,4011638784.0,cell,False,False
ETTm1-W/tshort,native,1.6677987983045248,1.7689207877683926,0.9428340770468079,941359104.0,cell,True,False
ETTm1-W/tshort,32,1.6646439019835366,1.7689207877683926,0.9410505622943083,470482944.0,cell,False,True
ETTm1-W/tshort,48,1.5055123951574936,1.7689207877683926,0.8510909055779678,705871872.0,cell,False,True
ETTm1-W/tshort,64,1.7377283690083594,1.7689207877683926,0.9823664129136136,705871872.0,cell,False,False
ETTm2-15T/tshort,native,0.7035222209729036,1.067314800011479,0.659151565185208,31399280640.0,cell,True,False
ETTm2-15T/tshort,32,1.1863256101246211,1.067314800011479,1.1115048813263548,705871872.0,cell,False,True
ETTm2-15T/tshort,48,1.1535333562461976,1.067314800011479,1.0807808120282707,941359104.0,cell,False,False
ETTm2-15T/tshort,64,1.1310533293670795,1.067314800011479,1.059718584765165,941359104.0,cell,False,True
ETTm2-15T/tshort,96,1.0605264920843414,1.067314800011479,0.9936398259191528,1176944640.0,cell,False,True
ETTm2-15T/tshort,128,1.0102739929675921,1.067314800011479,0.946556716871842,1412628480.0,cell,False,True
ETTm2-15T/tshort,192,0.9603871791625374,1.067314800011479,0.8998162296186734,1884291072.0,cell,False,True
ETTm2-15T/tshort,256,0.9127592527833047,1.067314800011479,0.8551921633368974,2356346880.0,cell,False,True
ETTm2-15T/tshort,384,0.8355861475742664,1.067314800011479,0.7828863120470921,3301638144.0,cell,False,True
ETTm2-15T/tshort,512,0.8151248373426556,1.067314800011479,0.7637154823805394,4248502272.0,cell,False,True
ETTm2-15T/tshort,768,0.7822842165164805,1.067314800011479,0.7329460966043636,6146949120.0,cell,False,True
ETTm2-15T/tshort,1024,0.7916438059229839,1.067314800011479,0.7417153832350772,8051687424.0,cell,False,False
ETTm2-15T/tshort,1536,0.7514735074775255,1.067314800011479,0.7040785974948004,11880038400.0,cell,False,True
ETTm2-15T/tshort,2048,0.7385724707486837,1.067314800011479,0.6919912201542978,15733555200.0,cell,False,True
ETTm2-15T/tshort,2560,0.728567711402982,1.067314800011479,0.6826174540024614,19612237824.0,cell,False,True
ETTm2-15T/tshort,3072,0.7216144873319379,1.067314800011479,0.676102764923879,23516086272.0,cell,False,True
ETTm2-15T/tshort,4096,0.7035222202515784,1.067314800011479,0.6591515645093763,31399280640.0,cell,False,True
ETTm2-15T/tmedium,native,0.8733172214092422,1.0512391501712754,0.8307502829084658,34630582272.0,cell,True,False
ETTm2-15T/tmedium,32,1.1226300768172937,1.0512391501712754,1.0679112137655706,3774873600.0,cell,False,True
ETTm2-15T/tmedium,48,1.117202758026098,1.0512391501712754,1.062748431547736,4011638784.0,cell,False,False
ETTm2-15T/tmedium,64,1.097227513508135,1.0512391501712754,1.0437468137762629,4011638784.0,cell,False,True
ETTm2-15T/tmedium,96,1.1020292959966276,1.0512391501712754,1.048314549374495,4248502272.0,cell,False,False
ETTm2-15T/tmedium,128,1.0722255662689786,1.0512391501712754,1.0199635031612777,4485464064.0,cell,False,True
ETTm2-15T/tmedium,192,1.042339075193616,1.0512391501712754,0.9915337295265216,4959682560.0,cell,False,True
ETTm2-15T/tmedium,256,1.031058823663067,1.0512391501712754,0.9808032962766648,5434294272.0,cell,False,True
ETTm2-15T/tmedium,384,1.026326862194388,1.0512391501712754,0.9763019785052444,6384697344.0,cell,False,True
ETTm2-15T/tmedium,512,0.9893557172807773,1.0512391501712754,0.9411328688810575,7336673280.0,cell,False,True
ETTm2-15T/tmedium,768,0.9469521889424569,1.0512391501712754,0.9007961592642099,9245343744.0,cell,False,True
ETTm2-15T/tmedium,1024,0.9092928436968422,1.0512391501712754,0.8649723933404626,11160305664.0,cell,False,True
ETTm2-15T/tmedium,1536,0.8760100824615619,1.0512391501712754,0.8333118894200582,15009103872.0,cell,False,True
ETTm2-15T/tmedium,2048,0.8724371882181029,1.0512391501712754,0.8299131440033974,18883067904.0,cell,False,True
ETTm2-15T/tmedium,2560,0.8697914224747384,1.0512391501712754,0.8273963372968232,22782197760.0,cell,False,True
ETTm2-15T/tmedium,3072,0.8667069333851235,1.0512391501712754,0.8244621913519045,26706493440.0,cell,False,True
ETTm2-15T/tmedium,4096,0.8733172186181699,1.0512391501712754,0.830750280253435,34630582272.0,cell,False,False
ETTm2-15T/tlong,native,0.8674355455225793,1.0126577751121104,0.8565929841663896,36627333120.0,cell,True,False
ETTm2-15T/tlong,32,1.0963775228787438,1.0126577751121104,1.0826732878808587,5671747584.0,cell,False,True
ETTm2-15T/tlong,48,1.1008367490401798,1.0126577751121104,1.0870767756839739,5909299200.0,cell,False,False
ETTm2-15T/tlong,64,1.2402608391314687,1.0126577751121104,1.224758126203258,5909299200.0,cell,False,False
ETTm2-15T/tlong,96,1.1387263415751994,1.0126577751121104,1.1244927650401262,6146949120.0,cell,False,False
ETTm2-15T/tlong,128,1.0973770773091653,1.0126577751121104,1.0836603483221918,6384697344.0,cell,False,False
ETTm2-15T/tlong,192,1.135569891729152,1.0126577751121104,1.121375769423618,6860488704.0,cell,False,False
ETTm2-15T/tlong,256,1.115640919060844,1.0126577751121104,1.101695900115251,7336673280.0,cell,False,False
ETTm2-15T/tlong,384,1.0494725530114546,1.0126577751121104,1.0363546094289044,8290222080.0,cell,False,True
ETTm2-15T/tlong,512,1.009645620859022,1.0126577751121104,0.9970254963452437,9245343744.0,cell,False,True
ETTm2-15T/tlong,768,0.96057599875632,1.0126577751121104,0.9485692228551502,11160305664.0,cell,False,True
ETTm2-15T/tlong,1024,0.9317894810952884,1.0126577751121104,0.9201425239559641,13081559040.0,cell,False,True
ETTm2-15T/tlong,1536,0.9158371172959028,1.0126577751121104,0.9043895576612853,16942940160.0,cell,False,True
ETTm2-15T/tlong,2048,0.8869325049403515,1.0126577751121104,0.8758462401991235,20829487104.0,cell,False,True
ETTm2-15T/tlong,2560,0.8909746837991126,1.0126577751121104,0.8798378936067257,24741199872.0,cell,False,False
ETTm2-15T/tlong,3072,0.8818385415501178,1.0126577751121104,0.8708159491023413,28678078464.0,cell,False,True
ETTm2-15T/tlong,4096,0.8674355435561599,1.0126577751121104,0.8565929822245496,36627333120.0,cell,False,True
ETTm2-H/tshort,native,0.7300534285214693,0.9231678277377344,0.7908133348954535,31399280640.0,cell,True,True
ETTm2-H/tshort,32,0.985591627015327,0.9231678277377344,1.0676191234161236,705871872.0,cell,False,True
ETTm2-H/tshort,48,0.939791068330879,0.9231678277377344,1.018006737338194,941359104.0,cell,False,False
ETTm2-H/tshort,64,0.895339624391735,0.9231678277377344,0.9698557483158899,941359104.0,cell,False,True
ETTm2-H/tshort,96,0.8295317720004348,0.9231678277377344,0.8985709283578923,1176944640.0,cell,False,True
ETTm2-H/tshort,128,0.817267343836627,0.9231678277377344,0.8852857728365368,1412628480.0,cell,False,True
ETTm2-H/tshort,192,0.817018674696519,0.9231678277377344,0.8850164077951689,1884291072.0,cell,False,True
ETTm2-H/tshort,256,0.7876422617382324,0.9231678277377344,0.8531950941882217,2356346880.0,cell,False,True
ETTm2-H/tshort,384,0.755565011845719,0.9231678277377344,0.8184481620175891,3301638144.0,cell,False,True
ETTm2-H/tshort,512,0.7573083271903435,0.9231678277377344,0.8203365676706506,4248502272.0,cell,False,False
ETTm2-H/tshort,768,0.7374139946295459,0.9231678277377344,0.7987864963152075,6146949120.0,cell,False,True
ETTm2-H/tshort,1024,0.7359609619883072,0.9231678277377344,0.7972125326245539,8051687424.0,cell,False,True
ETTm2-H/tshort,1536,0.7453954461865059,0.9231678277377344,0.8074322174042091,11880038400.0,cell,False,False
ETTm2-H/tshort,2048,0.7440917547630274,0.9231678277377344,0.80602002410164,15733555200.0,cell,False,False
ETTm2-H/tshort,2560,0.7427415053790628,0.9231678277377344,0.8045573979751713,19612237824.0,cell,False,False
ETTm2-H/tshort,3072,0.7351701762525048,0.9231678277377344,0.7963559324354634,23516086272.0,cell,False,True
ETTm2-H/tshort,4096,0.7300534329450841,0.9231678277377344,0.7908133396872309,31399280640.0,cell,False,False
ETTm2-H/tmedium,native,1.0357569978640535,1.2384249730532626,0.8363502193519698,34630582272.0,cell,True,True
ETTm2-H/tmedium,32,1.4083639676500135,1.2384249730532626,1.137221873181204,3774873600.0,cell,False,True
ETTm2-H/tmedium,48,1.3613082175116726,1.2384249730532626,1.0992254251425897,4011638784.0,cell,False,False
ETTm2-H/tmedium,64,1.2990548059840201,1.2384249730532626,1.0489572111754806,4011638784.0,cell,False,True
ETTm2-H/tmedium,96,1.2699136802817674,1.2384249730532626,1.0254264149332126,4248502272.0,cell,False,True
ETTm2-H/tmedium,128,1.3428465387960964,1.2384249730532626,1.0843180394573186,4485464064.0,cell,False,False
ETTm2-H/tmedium,192,1.1964877775496563,1.2384249730532626,0.966136668416648,4959682560.0,cell,False,True
ETTm2-H/tmedium,256,1.0868282657561708,1.2384249730532626,0.8775891066510559,5434294272.0,cell,False,True
ETTm2-H/tmedium,384,1.0376647338370144,1.2384249730532626,0.8378906727621247,6384697344.0,cell,False,True
ETTm2-H/tmedium,512,1.0837795356582818,1.2384249730532626,0.8751273264348733,7336673280.0,cell,False,False
ETTm2-H/tmedium,768,1.082903068227439,1.2384249730532626,0.8744195989181374,9245343744.0,cell,False,False
ETTm2-H/tmedium,1024,1.0929308745152246,1.2384249730532626,0.8825168244311716,11160305664.0,cell,False,False
ETTm2-H/tmedium,1536,1.0547656705761637,1.2384249730532626,0.8516992902490508,15009103872.0,cell,False,False
ETTm2-H/tmedium,2048,1.040897127062272,1.2384249730532626,0.8405007567765712,18883067904.0,cell,False,False
ETTm2-H/tmedium,2560,1.0617058746894696,1.2384249730532626,0.8573033472281307,22782197760.0,cell,False,False
ETTm2-H/tmedium,3072,1.0562206574929889,1.2384249730532626,0.8528741590933362,26706493440.0,cell,False,False
ETTm2-H/tmedium,4096,1.0357570111780154,1.2384249730532626,0.8363502301026913,34630582272.0,cell,False,False
ETTm2-H/tlong,native,1.021330675957651,1.1284016697207502,0.9051126946758272,36627333120.0,cell,True,False
ETTm2-H/tlong,32,1.171545773193931,1.1284016697207502,1.03823470367946,5671747584.0,cell,False,True
ETTm2-H/tlong,48,1.1756417352819717,1.1284016697207502,1.0418645831788889,5909299200.0,cell,False,False
ETTm2-H/tlong,64,1.1335475479108441,1.1284016697207502,1.0045603248631911,5909299200.0,cell,False,True
ETTm2-H/tlong,96,1.136419511873111,1.1284016697207502,1.0071054858987802,6146949120.0,cell,False,False
ETTm2-H/tlong,128,1.1574804923163304,1.1284016697207502,1.0257699216297478,6384697344.0,cell,False,False
ETTm2-H/tlong,192,1.1254469239620353,1.1284016697207502,0.997381476970478,6860488704.0,cell,False,True
ETTm2-H/tlong,256,1.0648756243570685,1.1284016697207502,0.9437026308376496,7336673280.0,cell,False,True
ETTm2-H/tlong,384,1.06210711504328,1.1284016697207502,0.9412491522687338,8290222080.0,cell,False,True
ETTm2-H/tlong,512,1.0578877432655993,1.1284016697207502,0.9375099059605245,9245343744.0,cell,False,True
ETTm2-H/tlong,768,1.072957100454397,1.1284016697207502,0.9508645097272195,11160305664.0,cell,False,False
ETTm2-H/tlong,1024,1.0680541678622222,1.1284016697207502,0.9465194855007061,13081559040.0,cell,False,False
ETTm2-H/tlong,1536,1.0464552233401287,1.1284016697207502,0.9273783010256437,16942940160.0,cell,False,True
ETTm2-H/tlong,2048,1.0224711394582442,1.1284016697207502,0.9061233839819459,20829487104.0,cell,False,True
ETTm2-H/tlong,2560,1.023091664245442,1.1284016697207502,0.9066732987896325,24741199872.0,cell,False,False
ETTm2-H/tlong,3072,1.020238747236728,1.1284016697207502,0.9041450173405099,28678078464.0,cell,False,True
ETTm2-H/tlong,4096,1.0213306822408919,1.1284016697207502,0.9051127002440934,36627333120.0,cell,False,False
ETTm2-D/tshort,native,1.265411813286229,1.3901143157307532,0.9102933470770204,5196972032.0,cell,True,True
ETTm2-D/tshort,32,1.4083317434402365,1.3901143157307532,1.0131049853262657,470482944.0,cell,False,True
ETTm2-D/tshort,48,1.5260449705418366,1.3901143157307532,1.0977837961042993,705871872.0,cell,False,False
ETTm2-D/tshort,64,1.5399540233124738,1.3901143157307532,1.107789486005655,705871872.0,cell,False,False
ETTm2-D/tshort,96,1.4054764234036499,1.3901143157307532,1.011050967175186,941359104.0,cell,False,True
ETTm2-D/tshort,128,1.4899363201250724,1.3901143157307532,1.0718084860106234,1176944640.0,cell,False,False
ETTm2-D/tshort,192,1.4292842521488969,1.3901143157307532,1.0281774930125462,1648410624.0,cell,False,False
ETTm2-D/tshort,256,1.3751791901017691,1.3901143157307532,0.9892561888903842,2120269824.0,cell,False,True
ETTm2-D/tshort,384,1.3971814102149842,1.3901143157307532,1.0050838225347791,3065167872.0,cell,False,False
ETTm2-D/tshort,512,1.292908580298162,1.3901143157307532,0.9300735670925795,4011638784.0,cell,False,True
ETTm2-W/tshort,native,0.7895552810083049,0.7785209533197451,1.0141734498493682,941359104.0,cell,True,True
ETTm2-W/tshort,32,0.8796406364123344,0.7785209533197451,1.1298869126918136,470482944.0,cell,False,True
ETTm2-W/tshort,48,0.86995958487718,0.7785209533197451,1.1174517283928262,705871872.0,cell,False,False
ETTm2-W/tshort,64,0.8337389185998972,0.7785209533197451,1.0709267554645683,705871872.0,cell,False,True
LoopSeattle-5T/tshort,native,0.5397665952477931,0.7623397118337274,0.7080394565166254,31399280640.0,cell,True,True
LoopSeattle-5T/tshort,32,0.7946950786618288,0.7623397118337274,1.0424421899133052,705871872.0,cell,False,True
LoopSeattle-5T/tshort,48,0.7971023945667594,0.7623397118337274,1.0455999893399415,941359104.0,cell,False,False
LoopSeattle-5T/tshort,64,0.8111413045096136,0.7623397118337274,1.0640155457184557,941359104.0,cell,False,False
LoopSeattle-5T/tshort,96,0.8069053277184156,0.7623397118337274,1.0584589982561585,1176944640.0,cell,False,False
LoopSeattle-5T/tshort,128,0.8044802960160681,0.7623397118337274,1.0552779601117408,1412628480.0,cell,False,False
LoopSeattle-5T/tshort,192,0.8264338059158632,0.7623397118337274,1.0840755021510873,1884291072.0,cell,False,False
LoopSeattle-5T/tshort,256,0.7857196676852927,0.7623397118337274,1.0306686841688035,2356346880.0,cell,False,True
LoopSeattle-5T/tshort,384,0.6412724435735556,0.7623397118337274,0.8411898706300407,3301638144.0,cell,False,True
LoopSeattle-5T/tshort,512,0.6097689055175066,0.7623397118337274,0.7998650680951306,4248502272.0,cell,False,True
LoopSeattle-5T/tshort,768,0.5933614457152296,0.7623397118337274,0.778342563695077,6146949120.0,cell,False,True
LoopSeattle-5T/tshort,1024,0.5949095897250783,0.7623397118337274,0.7803733433931789,8051687424.0,cell,False,False
LoopSeattle-5T/tshort,1536,0.5899618955600349,0.7623397118337274,0.7738831998413727,11880038400.0,cell,False,True
LoopSeattle-5T/tshort,2048,0.5612967290141896,0.7623397118337274,0.7362816344225985,15733555200.0,cell,False,True
LoopSeattle-5T/tshort,2560,0.5477340583625693,0.7623397118337274,0.7184907854859784,19612237824.0,cell,False,True
LoopSeattle-5T/tshort,3072,0.5434355654326783,0.7623397118337274,0.7128522324063398,23516086272.0,cell,False,True
LoopSeattle-5T/tshort,4096,0.5397665954639123,0.7623397118337274,0.7080394568001198,31399280640.0,cell,False,False
LoopSeattle-5T/tmedium,native,0.7497724952055406,1.1532851467900649,0.6501189209731697,34630582272.0,cell,True,False
LoopSeattle-5T/tmedium,32,1.7189694567249987,1.1532851467900649,1.4904982185103148,3774873600.0,cell,False,True
LoopSeattle-5T/tmedium,48,1.6310331496477357,1.1532851467900649,1.4142496798709194,4011638784.0,cell,False,False
LoopSeattle-5T/tmedium,64,1.5540900846402839,1.1532851467900649,1.3475332522627022,4011638784.0,cell,False,True
LoopSeattle-5T/tmedium,96,1.5248122029996125,1.1532851467900649,1.3221467450990918,4248502272.0,cell,False,True
LoopSeattle-5T/tmedium,128,1.4882583952624275,1.1532851467900649,1.2904513679073149,4485464064.0,cell,False,True
LoopSeattle-5T/tmedium,192,1.4416501788086087,1.1532851467900649,1.2500379310538676,4959682560.0,cell,False,True
LoopSeattle-5T/tmedium,256,1.3546955541483348,1.1532851467900649,1.1746405977037464,5434294272.0,cell,False,True
LoopSeattle-5T/tmedium,384,1.1507816039365864,1.1532851467900649,0.9978292074076852,6384697344.0,cell,False,True
LoopSeattle-5T/tmedium,512,1.0719134581461205,1.1532851467900649,0.9294435648716833,7336673280.0,cell,False,True
LoopSeattle-5T/tmedium,768,1.0365138276380836,1.1532851467900649,0.8987489611940374,9245343744.0,cell,False,True
LoopSeattle-5T/tmedium,1024,1.009270279847003,1.1532851467900649,0.8751264010085468,11160305664.0,cell,False,True
LoopSeattle-5T/tmedium,1536,0.8808205781335985,1.1532851467900649,0.7637491739013407,15009103872.0,cell,False,True
LoopSeattle-5T/tmedium,2048,0.7959497371093013,1.1532851467900649,0.6901586648580933,18883067904.0,cell,False,True
LoopSeattle-5T/tmedium,2560,0.7744067846632202,1.1532851467900649,0.6714790239158324,22782197760.0,cell,False,True
LoopSeattle-5T/tmedium,3072,0.778071746130915,1.1532851467900649,0.6746568689421863,26706493440.0,cell,False,False
LoopSeattle-5T/tmedium,4096,0.7497724949769502,1.1532851467900649,0.6501189207749617,34630582272.0,cell,False,True
LoopSeattle-5T/tlong,native,0.8024429801315984,1.2506857542807588,0.6416023988320434,36627333120.0,cell,True,False
LoopSeattle-5T/tlong,32,1.3401561135835494,1.2506857542807588,1.0715370419760182,5671747584.0,cell,False,True
LoopSeattle-5T/tlong,48,1.3623176157515187,1.2506857542807588,1.0892565227425628,5909299200.0,cell,False,False
LoopSeattle-5T/tlong,64,1.361187834118535,1.2506857542807588,1.088353193005963,5909299200.0,cell,False,False
LoopSeattle-5T/tlong,96,1.3190020539122034,1.2506857542807588,1.0546230733000808,6146949120.0,cell,False,True
LoopSeattle-5T/tlong,128,1.2844490632953778,1.2506857542807588,1.0269958372029555,6384697344.0,cell,False,True
LoopSeattle-5T/tlong,192,1.2622668079478931,1.2506857542807588,1.0092597629960167,6860488704.0,cell,False,True
LoopSeattle-5T/tlong,256,1.2439084937876077,1.2506857542807588,0.9945811643972482,7336673280.0,cell,False,True
LoopSeattle-5T/tlong,384,1.129837781910519,1.2506857542807588,0.9033746311120839,8290222080.0,cell,False,True
LoopSeattle-5T/tlong,512,1.1002236706215947,1.2506857542807588,0.8796963320768841,9245343744.0,cell,False,True
LoopSeattle-5T/tlong,768,1.0704027799168423,1.2506857542807588,0.8558527002111788,11160305664.0,cell,False,True
LoopSeattle-5T/tlong,1024,1.0205276795381493,1.2506857542807588,0.8159744972269487,13081559040.0,cell,False,True
LoopSeattle-5T/tlong,1536,0.9010345706024648,1.2506857542807588,0.720432424786536,16942940160.0,cell,False,True
LoopSeattle-5T/tlong,2048,0.8399945155596321,1.2506857542807588,0.6716271554901447,20829487104.0,cell,False,True
LoopSeattle-5T/tlong,2560,0.8270262056162818,1.2506857542807588,0.6612581959821602,24741199872.0,cell,False,True
LoopSeattle-5T/tlong,3072,0.8349923947969705,1.2506857542807588,0.6676276530207669,28678078464.0,cell,False,False
LoopSeattle-5T/tlong,4096,0.8024429798336572,1.2506857542807588,0.6416023985938211,36627333120.0,cell,False,True
LoopSeattle-H/tshort,native,0.8251035616043849,1.2928412613913995,0.6382094896293614,31399280640.0,cell,True,False
LoopSeattle-H/tshort,32,1.3370274476866304,1.2928412613913995,1.0341775805079707,705871872.0,cell,False,True
LoopSeattle-H/tshort,48,1.3109388684685332,1.2928412613913995,1.013998321075904,941359104.0,cell,False,True
LoopSeattle-H/tshort,64,1.3280577681605084,1.2928412613913995,1.0272396216154236,941359104.0,cell,False,False
LoopSeattle-H/tshort,96,1.275025889907324,1.2928412613913995,0.9862199853794099,1176944640.0,cell,False,True
LoopSeattle-H/tshort,128,1.158689795927486,1.2928412613913995,0.8962351609048004,1412628480.0,cell,False,True
LoopSeattle-H/tshort,192,0.9789103571410674,1.2928412613913995,0.7571775332166696,1884291072.0,cell,False,True
LoopSeattle-H/tshort,256,0.9687655224993943,1.2928412613913995,0.749330603400433,2356346880.0,cell,False,True
LoopSeattle-H/tshort,384,0.9059437221550534,1.2928412613913995,0.7007385587152796,3301638144.0,cell,False,True
LoopSeattle-H/tshort,512,0.8798525432080462,1.2928412613913995,0.6805572884184707,4248502272.0,cell,False,True
LoopSeattle-H/tshort,768,0.8443665615609911,1.2928412613913995,0.6531092306353645,6146949120.0,cell,False,True
LoopSeattle-H/tshort,1024,0.8433080544325573,1.2928412613913995,0.6522904857824235,8051687424.0,cell,False,True
LoopSeattle-H/tshort,1536,0.833199718259928,1.2928412613913995,0.6444717871730132,11880038400.0,cell,False,True
LoopSeattle-H/tshort,2048,0.8300751059911766,1.2928412613913995,0.6420549303151275,15733555200.0,cell,False,True
LoopSeattle-H/tshort,2560,0.8266763696504348,1.2928412613913995,0.6394260411836931,19612237824.0,cell,False,True
LoopSeattle-H/tshort,3072,0.8270431662976834,1.2928412613913995,0.6397097547827267,23516086272.0,cell,False,False
LoopSeattle-H/tshort,4096,0.8251035612269996,1.2928412613913995,0.6382094893374576,31399280640.0,cell,False,True
LoopSeattle-H/tmedium,native,0.9108366903602216,1.4805126192799751,0.6152171068985506,34630582272.0,cell,True,True
LoopSeattle-H/tmedium,32,1.3841023319339885,1.4805126192799751,0.9348804690412741,3774873600.0,cell,False,True
LoopSeattle-H/tmedium,48,1.4155322819790157,1.4805126192799751,0.9561095687704698,4011638784.0,cell,False,False
LoopSeattle-H/tmedium,64,1.3179082707530707,1.4805126192799751,0.8901702380585013,4011638784.0,cell,False,True
LoopSeattle-H/tmedium,96,1.2483130597004222,1.4805126192799751,0.8431627285335267,4248502272.0,cell,False,True
LoopSeattle-H/tmedium,128,1.2287606374284907,1.4805126192799751,0.829956206672578,4485464064.0,cell,False,True
LoopSeattle-H/tmedium,192,1.0626468598308816,1.4805126192799751,0.7177560298997544,4959682560.0,cell,False,True
LoopSeattle-H/tmedium,256,1.0360376858124196,1.4805126192799751,0.6997830834540815,5434294272.0,cell,False,True
LoopSeattle-H/tmedium,384,0.9833128115579194,1.4805126192799751,0.6641705033464278,6384697344.0,cell,False,True
LoopSeattle-H/tmedium,512,0.9666447733573896,1.4805126192799751,0.6529122148431957,7336673280.0,cell,False,True
LoopSeattle-H/tmedium,768,0.931180831293653,1.4805126192799751,0.6289583885793008,9245343744.0,cell,False,True
LoopSeattle-H/tmedium,1024,0.923501694181604,1.4805126192799751,0.6237715789486044,11160305664.0,cell,False,True
LoopSeattle-H/tmedium,1536,0.9153042870044376,1.4805126192799751,0.6182347080902167,15009103872.0,cell,False,True
LoopSeattle-H/tmedium,2048,0.9124631381341866,1.4805126192799751,0.6163156775914205,18883067904.0,cell,False,True
LoopSeattle-H/tmedium,2560,0.911606425529746,1.4805126192799751,0.6157370181505727,22782197760.0,cell,False,True
LoopSeattle-H/tmedium,3072,0.9122336101798575,1.4805126192799751,0.6161606448336174,26706493440.0,cell,False,False
LoopSeattle-H/tmedium,4096,0.9108366912736295,1.4805126192799751,0.6152171075155044,34630582272.0,cell,False,False
LoopSeattle-H/tlong,native,0.8755601999243909,1.5460268753677606,0.5663292235564258,36627333120.0,cell,True,True
LoopSeattle-H/tlong,32,1.634177405962904,1.5460268753677606,1.057017463279333,5671747584.0,cell,False,True
LoopSeattle-H/tlong,48,1.5715666398842576,1.5460268753677606,1.0165196122547493,5909299200.0,cell,False,True
LoopSeattle-H/tlong,64,1.7395844667473923,1.5460268753677606,1.1251967830983463,5909299200.0,cell,False,False
LoopSeattle-H/tlong,96,1.3709602503323386,1.5460268753677606,0.8867635305539058,6146949120.0,cell,False,True
LoopSeattle-H/tlong,128,1.2232955899460296,1.5460268753677606,0.7912511803231355,6384697344.0,cell,False,True
LoopSeattle-H/tlong,192,1.1165594379964066,1.5460268753677606,0.7222121787053704,6860488704.0,cell,False,True
LoopSeattle-H/tlong,256,1.029546249817648,1.5460268753677606,0.6659303704359893,7336673280.0,cell,False,True
LoopSeattle-H/tlong,384,0.9431709502950884,1.5460268753677606,0.6100611608518978,8290222080.0,cell,False,True
LoopSeattle-H/tlong,512,0.9105483810507594,1.5460268753677606,0.5889602538986672,9245343744.0,cell,False,True
LoopSeattle-H/tlong,768,0.8916554250553359,1.5460268753677606,0.5767399255871497,11160305664.0,cell,False,True
LoopSeattle-H/tlong,1024,0.8836894485628121,1.5460268753677606,0.571587378358222,13081559040.0,cell,False,True
LoopSeattle-H/tlong,1536,0.8802708111695143,1.5460268753677606,0.5693761377596493,16942940160.0,cell,False,True
LoopSeattle-H/tlong,2048,0.8781855352616279,1.5460268753677606,0.5680273410853416,20829487104.0,cell,False,True
LoopSeattle-H/tlong,2560,0.877127419853777,1.5460268753677606,0.5673429316324987,24741199872.0,cell,False,True
LoopSeattle-H/tlong,3072,0.8774616228335785,1.5460268753677606,0.567559100565346,28678078464.0,cell,False,False
LoopSeattle-H/tlong,4096,0.8755602012687006,1.5460268753677606,0.5663292244259512,36627333120.0,cell,False,False
LoopSeattle-D/tshort,native,0.8838636017322308,1.7323957056549062,0.5101972943289532,2710659072.0,cell,True,True
LoopSeattle-D/tshort,32,1.0130949603062704,1.7323957056549062,0.5847941997312243,470482944.0,cell,False,True
LoopSeattle-D/tshort,48,1.007663237651409,1.7323957056549062,0.5816588175335363,705871872.0,cell,False,False
LoopSeattle-D/tshort,64,0.9197665830904388,1.7323957056549062,0.5309217634793979,705871872.0,cell,False,True
LoopSeattle-D/tshort,96,0.8986753545486994,1.7323957056549062,0.5187471612953282,941359104.0,cell,False,True
LoopSeattle-D/tshort,128,0.8907333492597868,1.7323957056549062,0.5141627552828979,1176944640.0,cell,False,True
LoopSeattle-D/tshort,192,0.8885338259717213,1.7323957056549062,0.5128931127405585,1648410624.0,cell,False,True
LoopSeattle-D/tshort,256,0.8839726512457445,1.7323957056549062,0.5102602415604418,2120269824.0,cell,False,True
SZTaxi-15T/tshort,native,0.5421958784738822,0.7644167735543712,0.7092935388541903,21387207826.285717,cell,True,False
SZTaxi-15T/tshort,32,0.6545596397637454,0.7644167735543712,0.8562863380406815,705871872.0,cell,False,True
SZTaxi-15T/tshort,48,0.6267317939471778,0.7644167735543712,0.8198823150269345,941359104.0,cell,False,False
SZTaxi-15T/tshort,64,0.622017224500124,0.7644167735543712,0.8137147770945418,941359104.0,cell,False,True
SZTaxi-15T/tshort,96,0.5947910146172137,0.7644167735543712,0.7780978063204517,1176944640.0,cell,False,True
SZTaxi-15T/tshort,128,0.583251089659902,0.7644167735543712,0.7630014278047716,1412628480.0,cell,False,True
SZTaxi-15T/tshort,192,0.569901782024165,0.7644167735543712,0.7455380385941115,1884291072.0,cell,False,True
SZTaxi-15T/tshort,256,0.5655260149377376,0.7644167735543712,0.7398137174674556,2356346880.0,cell,False,True
SZTaxi-15T/tshort,384,0.555566347185749,0.7644167735543712,0.7267846107071758,3301638144.0,cell,False,True
SZTaxi-15T/tshort,512,0.5508538281687909,0.7644167735543712,0.7206197551205487,4248502272.0,cell,False,True
SZTaxi-15T/tshort,768,0.5454391528520732,0.7644167735543712,0.7135363478693699,6146949120.0,cell,False,True
SZTaxi-15T/tshort,1024,0.5438822466225127,0.7644167735543712,0.7114996235542804,8051687424.0,cell,False,True
SZTaxi-15T/tshort,1536,0.5411691570817625,0.7644167735543712,0.7079503953915663,11880038400.0,cell,False,True
SZTaxi-15T/tshort,2048,0.5421346900198739,0.7644167735543712,0.7092134929209701,15733555200.0,cell,False,False
SZTaxi-15T/tshort,2560,0.5419829771475397,0.7644167735543712,0.7090150241306679,19612237824.0,cell,False,False
SZTaxi-15T/tmedium,native,0.5337733391147073,0.7134840540400068,0.7481223106421062,22293430272.0,cell,True,False
SZTaxi-15T/tmedium,32,0.6441789037676188,0.7134840540400068,0.9028637712644634,3774873600.0,cell,False,True
SZTaxi-15T/tmedium,48,0.6155002816939488,0.7134840540400068,0.8626685883290058,4011638784.0,cell,False,True
SZTaxi-15T/tmedium,64,0.6410537720952046,0.7134840540400068,0.8984836710299613,4011638784.0,cell,False,False
SZTaxi-15T/tmedium,96,0.600699325541904,0.7134840540400068,0.8419239675232059,4248502272.0,cell,False,True
SZTaxi-15T/tmedium,128,0.5990106740804734,0.7134840540400068,0.8395571991954923,4485464064.0,cell,False,True
SZTaxi-15T/tmedium,192,0.5861561516586012,0.7134840540400068,0.8215406473901854,4959682560.0,cell,False,True
SZTaxi-15T/tmedium,256,0.5793661713681478,0.7134840540400068,0.8120239942120154,5434294272.0,cell,False,True
SZTaxi-15T/tmedium,384,0.5519222696230348,0.7134840540400068,0.7735593619757158,6384697344.0,cell,False,True
SZTaxi-15T/tmedium,512,0.5452881696155303,0.7134840540400068,0.7642611863964021,7336673280.0,cell,False,True
SZTaxi-15T/tmedium,768,0.5370505985645332,0.7134840540400068,0.7527156290649482,9245343744.0,cell,False,True
SZTaxi-15T/tmedium,1024,0.5347967244177261,0.7134840540400068,0.7495566598713903,11160305664.0,cell,False,True
SZTaxi-15T/tmedium,1536,0.5330772175344028,0.7134840540400068,0.7471466454168462,15009103872.0,cell,False,True
SZTaxi-15T/tmedium,2048,0.5344378872631449,0.7134840540400068,0.7490537233971282,18883067904.0,cell,False,False
SZTaxi-15T/tlong,native,0.5059869133940761,0.6909431344941248,0.7323133961878574,22537764864.0,cell,True,False
SZTaxi-15T/tlong,32,0.7669370602396491,0.6909431344941248,1.1099857889190308,5671747584.0,cell,False,True
SZTaxi-15T/tlong,48,0.7736768384506381,0.6909431344941248,1.1197402504289833,5909299200.0,cell,False,False
SZTaxi-15T/tlong,64,0.7748639901794846,0.6909431344941248,1.121458411692306,5909299200.0,cell,False,False
SZTaxi-15T/tlong,96,0.7165008881423622,0.6909431344941248,1.0369896629292794,6146949120.0,cell,False,True
SZTaxi-15T/tlong,128,0.5576803633701447,0.6909431344941248,0.8071291768148928,6384697344.0,cell,False,True
SZTaxi-15T/tlong,192,0.5443150075592528,0.6909431344941248,0.787785536009087,6860488704.0,cell,False,True
SZTaxi-15T/tlong,256,0.5244507429351868,0.6909431344941248,0.7590360432760712,7336673280.0,cell,False,True
SZTaxi-15T/tlong,384,0.5145793776939392,0.6909431344941248,0.7447492449153423,8290222080.0,cell,False,True
SZTaxi-15T/tlong,512,0.5083115021062984,0.6909431344941248,0.7356777667071828,9245343744.0,cell,False,True
SZTaxi-15T/tlong,768,0.5054459827967624,0.6909431344941248,0.7315305088990074,11160305664.0,cell,False,True
SZTaxi-15T/tlong,1024,0.5027315101407472,0.6909431344941248,0.7276018604755701,13081559040.0,cell,False,True
SZTaxi-15T/tlong,1536,0.5082782660423995,0.6909431344941248,0.7356296642480372,16942940160.0,cell,False,False
SZTaxi-15T/tlong,2048,0.5069703199782488,0.6909431344941248,0.7337366776926266,20829487104.0,cell,False,False
SZTaxi-H/tshort,native,0.5605410347267338,0.7381672994945998,0.7593685538637633,5553020928.0,cell,True,False
SZTaxi-H/tshort,32,0.6445446295826726,0.7381672994945998,0.8731687654329475,705871872.0,cell,False,True
SZTaxi-H/tshort,48,0.6210505976725655,0.7381672994945998,0.8413412489252499,941359104.0,cell,False,False
SZTaxi-H/tshort,64,0.6058523503087566,0.7381672994945998,0.8207520852299538,941359104.0,cell,False,True
SZTaxi-H/tshort,96,0.5878105229612941,0.7381672994945998,0.7963107053966624,1176944640.0,cell,False,True
SZTaxi-H/tshort,128,0.5771391179365539,0.7381672994945998,0.7818540842051702,1412628480.0,cell,False,True
SZTaxi-H/tshort,192,0.5670250668033255,0.7381672994945998,0.7681525139240792,1884291072.0,cell,False,True
SZTaxi-H/tshort,256,0.560877526716421,0.7381672994945998,0.7598244017317435,2356346880.0,cell,False,True
SZTaxi-H/tshort,384,0.5584906579159938,0.7381672994945998,0.7565908951783357,3301638144.0,cell,False,True
SZTaxi-H/tshort,512,0.5610330061962077,0.7381672994945998,0.7600350307854731,4248502272.0,cell,False,False
MDense-H/tshort,native,0.7597880732275749,1.4875444172240992,0.510766646313266,31399280640.0,cell,True,False
MDense-H/tshort,32,1.64361655510153,1.4875444172240992,1.1049193127077688,705871872.0,cell,False,True
MDense-H/tshort,48,1.5522805306508882,1.4875444172240992,1.0435187767687588,941359104.0,cell,False,True
MDense-H/tshort,64,1.5681023252993593,1.4875444172240992,1.0541549597729585,941359104.0,cell,False,False
MDense-H/tshort,96,1.5551681781976328,1.4875444172240992,1.0454599944650567,1176944640.0,cell,False,False
MDense-H/tshort,128,1.2929810866939822,1.4875444172240992,0.8692050279122482,1412628480.0,cell,False,True
MDense-H/tshort,192,1.0672833860060673,1.4875444172240992,0.7174800117886366,1884291072.0,cell,False,True
MDense-H/tshort,256,1.025309678867376,1.4875444172240992,0.6892632361060533,2356346880.0,cell,False,True
MDense-H/tshort,384,0.8974412175406166,1.4875444172240992,0.6033038120739467,3301638144.0,cell,False,True
MDense-H/tshort,512,0.8227602818969313,1.4875444172240992,0.5530996401655562,4248502272.0,cell,False,True
MDense-H/tshort,768,0.8086943973759209,1.4875444172240992,0.5436438656971483,6146949120.0,cell,False,True
MDense-H/tshort,1024,0.7695480102828421,1.4875444172240992,0.517327752618569,8051687424.0,cell,False,True
MDense-H/tshort,1536,0.7708651375953257,1.4875444172240992,0.5182131899186138,11880038400.0,cell,False,False
MDense-H/tshort,2048,0.7638821555823023,1.4875444172240992,0.5135188884025257,15733555200.0,cell,False,True
MDense-H/tshort,2560,0.7588833318780585,1.4875444172240992,0.5101584349959832,19612237824.0,cell,False,True
MDense-H/tshort,3072,0.7561140536657531,1.4875444172240992,0.5082967909467433,23516086272.0,cell,False,True
MDense-H/tshort,4096,0.7597880728438916,1.4875444172240992,0.5107666460553354,31399280640.0,cell,False,False
MDense-H/tmedium,native,0.7111128229746175,1.569946511898904,0.45295353541344685,34630582272.0,cell,True,False
MDense-H/tmedium,32,1.975545321665714,1.569946511898904,1.2583519926906455,3774873600.0,cell,False,True
MDense-H/tmedium,48,1.7105743615614188,1.569946511898904,1.0895749304811797,4011638784.0,cell,False,False
MDense-H/tmedium,64,1.4812577459827374,1.569946511898904,0.9435084155772323,4011638784.0,cell,False,True
MDense-H/tmedium,96,1.1307806919154635,1.569946511898904,0.7202670175990554,4248502272.0,cell,False,True
MDense-H/tmedium,128,0.9903185362510907,1.569946511898904,0.6307976282919769,4485464064.0,cell,False,True
MDense-H/tmedium,192,0.9246523733564032,1.569946511898904,0.5889706218322078,4959682560.0,cell,False,True
MDense-H/tmedium,256,0.8199972422962838,1.569946511898904,0.5223090316016366,5434294272.0,cell,False,True
MDense-H/tmedium,384,0.7436017532139577,1.569946511898904,0.4736478265839426,6384697344.0,cell,False,True
MDense-H/tmedium,512,0.7330430089522719,1.569946511898904,0.46692228263600605,7336673280.0,cell,False,True
MDense-H/tmedium,768,0.7030337051726055,1.569946511898904,0.44780742518562766,9245343744.0,cell,False,True
MDense-H/tmedium,1024,0.7060258257812647,1.569946511898904,0.44971329942145755,11160305664.0,cell,False,False
MDense-H/tmedium,1536,0.7133570106796102,1.569946511898904,0.4543830030341483,15009103872.0,cell,False,False
MDense-H/tmedium,2048,0.7333718977632644,1.569946511898904,0.4671317730922094,18883067904.0,cell,False,False
MDense-H/tmedium,2560,0.7355997934901339,1.569946511898904,0.468550863303235,22782197760.0,cell,False,False
MDense-H/tmedium,3072,0.7373783439254028,1.569946511898904,0.46968373657107493,26706493440.0,cell,False,False
MDense-H/tmedium,4096,0.7111128220111728,1.569946511898904,0.45295353479976685,34630582272.0,cell,False,False
MDense-H/tlong,native,0.7218991273228857,1.4779178744488215,0.488456862051359,36627333120.0,cell,True,False
MDense-H/tlong,32,1.9806772846498717,1.4779178744488215,1.3401808848063026,5671747584.0,cell,False,True
MDense-H/tlong,48,1.7558740586588073,1.4779178744488215,1.1880728212409282,5909299200.0,cell,False,False
MDense-H/tlong,64,1.5531765251553555,1.4779178744488215,1.0509220789650449,5909299200.0,cell,False,True
MDense-H/tlong,96,1.188117535878902,1.4779178744488215,0.803913097215907,6146949120.0,cell,False,True
MDense-H/tlong,128,1.040447647886075,1.4779178744488215,0.7039955777475809,6384697344.0,cell,False,True
MDense-H/tlong,192,0.889855176691649,1.4779178744488215,0.6021005578699791,6860488704.0,cell,False,True
MDense-H/tlong,256,0.7957806111488619,1.4779178744488215,0.5384471119179355,7336673280.0,cell,False,True
MDense-H/tlong,384,0.7523467305374809,1.4779178744488215,0.5090585502378223,8290222080.0,cell,False,True
MDense-H/tlong,512,0.7411847669511098,1.4779178744488215,0.5015060577892592,9245343744.0,cell,False,True
MDense-H/tlong,768,0.705142414796787,1.4779178744488215,0.4771188081474179,11160305664.0,cell,False,True
MDense-H/tlong,1024,0.7127683638016653,1.4779178744488215,0.4822787355944842,13081559040.0,cell,False,False
MDense-H/tlong,1536,0.7267358683231478,1.4779178744488215,0.4917295344263825,16942940160.0,cell,False,False
MDense-H/tlong,2048,0.7605573624553804,1.4779178744488215,0.5146140902714399,20829487104.0,cell,False,False
MDense-H/tlong,2560,0.7531341846766874,1.4779178744488215,0.5095913634291507,24741199872.0,cell,False,False
MDense-H/tlong,3072,0.7470795246716674,1.4779178744488215,0.505494613461039,28678078464.0,cell,False,False
MDense-H/tlong,4096,0.7218991213693097,1.4779178744488215,0.4884568580230052,36627333120.0,cell,False,False
MDense-D/tshort,native,0.6605347518778377,1.6693368812171987,0.3956869097603643,5196972032.0,cell,True,True
MDense-D/tshort,32,0.8511658871850474,1.6693368812171987,0.5098826346928961,470482944.0,cell,False,True
MDense-D/tshort,48,0.8923503151250093,1.6693368812171987,0.5345537651299905,705871872.0,cell,False,False
MDense-D/tshort,64,0.8221996241942015,1.6693368812171987,0.49253067696838626,705871872.0,cell,False,True
MDense-D/tshort,96,0.9227909083448327,1.6693368812171987,0.5527889060187652,941359104.0,cell,False,False
MDense-D/tshort,128,0.8344036332536496,1.6693368812171987,0.4998413697331382,1176944640.0,cell,False,False
MDense-D/tshort,192,0.7542357101834826,1.6693368812171987,0.451817556222403,1648410624.0,cell,False,True
MDense-D/tshort,256,0.6995149868056385,1.6693368812171987,0.4190376398415079,2120269824.0,cell,False,True
MDense-D/tshort,384,0.6822250307970824,1.6693368812171987,0.40868026009204167,3065167872.0,cell,False,True
MDense-D/tshort,512,0.6644134854498003,1.6693368812171987,0.39801042732928926,4011638784.0,cell,False,True
Solar-10T/tshort,native,0.8489635415816126,1.1057028063509833,0.7678044558676159,31399280640.0,cell,True,True
Solar-10T/tshort,32,3.9644450545507683,1.1057028063509833,3.5854526476550648,705871872.0,cell,False,True
Solar-10T/tshort,48,4.6523012513961906,1.1057028063509833,4.207551273881284,941359104.0,cell,False,False
Solar-10T/tshort,64,4.139175671514159,1.1057028063509833,3.7434793940463784,941359104.0,cell,False,False
Solar-10T/tshort,96,2.7821879829881726,1.1057028063509833,2.5162168052823253,1176944640.0,cell,False,True
Solar-10T/tshort,128,1.0987199453421261,1.1057028063509833,0.9936846854609135,1412628480.0,cell,False,True
Solar-10T/tshort,192,1.0381900107195356,1.1057028063509833,0.9389412821929503,1884291072.0,cell,False,True
Solar-10T/tshort,256,0.9835002700015553,1.1057028063509833,0.8894797628734269,2356346880.0,cell,False,True
Solar-10T/tshort,384,1.0629277212651618,1.1057028063509833,0.9613141209010883,3301638144.0,cell,False,False
Solar-10T/tshort,512,1.0603847634462875,1.1057028063509833,0.959014264371587,4248502272.0,cell,False,False
Solar-10T/tshort,768,0.8893313160987509,1.1057028063509833,0.8043131581023142,6146949120.0,cell,False,True
Solar-10T/tshort,1024,0.9396937508214852,1.1057028063509833,0.8498610525577324,8051687424.0,cell,False,False
Solar-10T/tshort,1536,0.9670295103198239,1.1057028063509833,0.874583572335494,11880038400.0,cell,False,False
Solar-10T/tshort,2048,0.854260758717907,1.1057028063509833,0.7725952704570951,15733555200.0,cell,False,True
Solar-10T/tshort,2560,0.896351225020645,1.1057028063509833,0.810661978853761,19612237824.0,cell,False,False
Solar-10T/tshort,3072,0.867688384765721,1.1057028063509833,0.7847392443809088,23516086272.0,cell,False,False
Solar-10T/tshort,4096,0.8489635416963617,1.1057028063509833,0.7678044559713952,31399280640.0,cell,False,False
Solar-10T/tmedium,native,0.7838769338630928,0.9270005404761702,0.8456056923768788,34630582272.0,cell,True,False
Solar-10T/tmedium,32,4.221755540828529,0.9270005404761702,4.554210441624932,3774873600.0,cell,False,True
Solar-10T/tmedium,48,3.534471006015299,0.9270005404761702,3.812803608722553,4011638784.0,cell,False,False
Solar-10T/tmedium,64,2.3160763769381445,0.9270005404761702,2.498462811843077,4011638784.0,cell,False,True
Solar-10T/tmedium,96,2.0945139874593837,0.9270005404761702,2.259452822307417,4248502272.0,cell,False,True
Solar-10T/tmedium,128,1.9628895271331055,0.9270005404761702,2.11746319600292,4485464064.0,cell,False,True
Solar-10T/tmedium,192,1.4358526449091042,0.9270005404761702,1.5489232014595733,4959682560.0,cell,False,True
Solar-10T/tmedium,256,1.2595437701958825,0.9270005404761702,1.3587303514935338,5434294272.0,cell,False,True
Solar-10T/tmedium,384,1.110689870676047,0.9270005404761702,1.198154501728253,6384697344.0,cell,False,True
Solar-10T/tmedium,512,1.0274491694712888,0.9270005404761702,1.1083587599026872,7336673280.0,cell,False,True
Solar-10T/tmedium,768,0.9848115176045913,0.9270005404761702,1.062363477262619,9245343744.0,cell,False,True
Solar-10T/tmedium,1024,0.9132152745530785,0.9270005404761702,0.9851291716442683,11160305664.0,cell,False,True
Solar-10T/tmedium,1536,0.8572841735931314,0.9270005404761702,0.9247936070811482,15009103872.0,cell,False,True
Solar-10T/tmedium,2048,0.8477202257731068,0.9270005404761702,0.9144765172819213,18883067904.0,cell,False,True
Solar-10T/tmedium,2560,0.8185580123836745,0.9270005404761702,0.8830178372530482,22782197760.0,cell,False,True
Solar-10T/tmedium,3072,0.8111649403789244,0.9270005404761702,0.8750425754468872,26706493440.0,cell,False,True
Solar-10T/tmedium,4096,0.7838769332391051,0.9270005404761702,0.8456056917037533,34630582272.0,cell,False,True
Solar-10T/tlong,native,0.798799233274416,0.8709317964102903,0.9171777130733059,36627333120.0,cell,True,False
Solar-10T/tlong,32,2.0178572833452195,0.8709317964102903,2.3168947231714343,5671747584.0,cell,False,True
Solar-10T/tlong,48,2.019663465884334,0.8709317964102903,2.3189685738983905,5909299200.0,cell,False,False
Solar-10T/tlong,64,2.020799832802339,0.8709317964102903,2.320273345319859,5909299200.0,cell,False,False
Solar-10T/tlong,96,2.227173260532584,0.8709317964102903,2.5572303935994745,6146949120.0,cell,False,False
Solar-10T/tlong,128,2.0654558028928327,0.8709317964102903,2.3715471307925586,6384697344.0,cell,False,False
Solar-10T/tlong,192,1.964819159555013,0.8709317964102903,2.2559965862463467,6860488704.0,cell,False,True
Solar-10T/tlong,256,1.5577651843152904,0.8709317964102903,1.7886190293383633,7336673280.0,cell,False,True
Solar-10T/tlong,384,1.2574412102907886,0.8709317964102903,1.443788383285086,8290222080.0,cell,False,True
Solar-10T/tlong,512,1.1207134446603109,0.8709317964102903,1.286798173266314,9245343744.0,cell,False,True
Solar-10T/tlong,768,1.0747150529898022,0.8709317964102903,1.2339830253292428,11160305664.0,cell,False,True
Solar-10T/tlong,1024,0.9377981681581169,0.8709317964102903,1.076775669488046,13081559040.0,cell,False,True
Solar-10T/tlong,1536,0.8698854922544264,0.8709317964102903,0.9987986382398983,16942940160.0,cell,False,True
Solar-10T/tlong,2048,0.8307771224939943,0.8709317964102903,0.9538945826966002,20829487104.0,cell,False,True
Solar-10T/tlong,2560,0.801050652117546,0.8709317964102903,0.9197627821365891,24741199872.0,cell,False,True
Solar-10T/tlong,3072,0.7935800717843287,0.8709317964102903,0.9111850951535111,28678078464.0,cell,False,True
Solar-10T/tlong,4096,0.7987992340958302,0.8709317964102903,0.9171777140164499,36627333120.0,cell,False,False
Solar-H/tshort,native,0.8773482989110245,0.9519362458316396,0.9216460690017608,31399280640.0,cell,True,False
Solar-H/tshort,32,2.0847195375027834,0.9519362458316396,2.189978106865246,705871872.0,cell,False,True
Solar-H/tshort,48,1.3799464531019154,0.9519362458316396,1.44962066435064,941359104.0,cell,False,False
Solar-H/tshort,64,1.0020901673810991,0.9519362458316396,1.0526862190289261,941359104.0,cell,False,True
Solar-H/tshort,96,0.947701861836598,0.9519362458316396,0.9955518197635784,1176944640.0,cell,False,True
Solar-H/tshort,128,0.939935800064206,0.9519362458316396,0.9873936455093695,1412628480.0,cell,False,True
Solar-H/tshort,192,0.9740697491368788,0.9519362458316396,1.0232510353525857,1884291072.0,cell,False,False
Solar-H/tshort,256,0.8731240428632455,0.9519362458316396,0.9172085280779056,2356346880.0,cell,False,True
Solar-H/tshort,384,0.8692317856910728,0.9519362458316396,0.9131197488248662,3301638144.0,cell,False,True
Solar-H/tshort,512,0.8588285158498686,0.9519362458316396,0.90219121250034,4248502272.0,cell,False,True
Solar-H/tshort,768,0.8594262251151068,0.9519362458316396,0.9028191004160018,6146949120.0,cell,False,False
Solar-H/tshort,1024,0.8520647911546316,0.9519362458316396,0.8950859838415363,8051687424.0,cell,False,True
Solar-H/tshort,1536,0.8440121284822477,0.9519362458316396,0.8866267380594315,11880038400.0,cell,False,True
Solar-H/tshort,2048,0.8462808750897917,0.9519362458316396,0.8890100348584329,15733555200.0,cell,False,False
Solar-H/tshort,2560,0.8495388761614273,0.9519362458316396,0.8924325340918656,19612237824.0,cell,False,False
Solar-H/tshort,3072,0.849622311512421,0.9519362458316396,0.8925201821369516,23516086272.0,cell,False,False
Solar-H/tshort,4096,0.8773482997826455,0.9519362458316396,0.9216460699173905,31399280640.0,cell,False,False
Solar-H/tmedium,native,0.8854540033617422,0.9349685908749716,0.9470414428928653,34630582272.0,cell,True,False
Solar-H/tmedium,32,2.222475801731526,0.9349685908749716,2.3770593188073477,3774873600.0,cell,False,True
Solar-H/tmedium,48,1.6941846577578077,0.9349685908749716,1.8120230714620464,4011638784.0,cell,False,False
Solar-H/tmedium,64,1.0388066572859516,0.9349685908749716,1.1110604863354876,4011638784.0,cell,False,True
Solar-H/tmedium,96,0.9177074803393561,0.9349685908749716,0.9815382990358403,4248502272.0,cell,False,True
Solar-H/tmedium,128,0.8964532569292738,0.9349685908749716,0.9588057456457932,4485464064.0,cell,False,True
Solar-H/tmedium,192,0.9232297342711365,0.9349685908749716,0.9874446513835833,4959682560.0,cell,False,False
Solar-H/tmedium,256,0.9186260703116645,0.9349685908749716,0.9825207812082615,5434294272.0,cell,False,False
Solar-H/tmedium,384,0.9504929249219299,0.9349685908749716,1.0166041236020882,6384697344.0,cell,False,False
Solar-H/tmedium,512,0.9253461363615616,0.9349685908749716,0.989708259071671,7336673280.0,cell,False,False
Solar-H/tmedium,768,0.9110009577660094,0.9349685908749716,0.9743653066606948,9245343744.0,cell,False,False
Solar-H/tmedium,1024,0.9123353273157064,0.9349685908749716,0.9757924878117197,11160305664.0,cell,False,False
Solar-H/tmedium,1536,0.9065610115552788,0.9349685908749716,0.9696165415641309,15009103872.0,cell,False,False
Solar-H/tmedium,2048,0.8971275571325892,0.9349685908749716,0.9595269465608789,18883067904.0,cell,False,False
Solar-H/tmedium,2560,0.8877666436052002,0.9349685908749716,0.9495149380092026,22782197760.0,cell,False,True
Solar-H/tmedium,3072,0.8814188910597078,0.9349685908749716,0.9427256697841043,26706493440.0,cell,False,True
Solar-H/tmedium,4096,0.8854540022083319,0.9349685908749716,0.94704144165923,34630582272.0,cell,False,False
Solar-H/tlong,native,0.9103601584284196,1.071196647792778,0.8498534422267235,36627333120.0,cell,True,False
Solar-H/tlong,32,2.2648082333434685,1.071196647792778,2.114278678905644,5671747584.0,cell,False,True
Solar-H/tlong,48,1.9188281904024442,1.071196647792778,1.791294058244327,5909299200.0,cell,False,False
Solar-H/tlong,64,1.2536538882870878,1.071196647792778,1.170330294507798,5909299200.0,cell,False,True
Solar-H/tlong,96,1.1643881933847289,1.071196647792778,1.0869976075671763,6146949120.0,cell,False,True
Solar-H/tlong,128,1.0425688423796464,1.071196647792778,0.9732749299840326,6384697344.0,cell,False,True
Solar-H/tlong,192,0.9644090973709744,1.071196647792778,0.9003100405123173,6860488704.0,cell,False,True
Solar-H/tlong,256,0.9756841371012002,1.071196647792778,0.9108356893308216,7336673280.0,cell,False,False
Solar-H/tlong,384,0.9471803399445229,1.071196647792778,0.8842263854131797,8290222080.0,cell,False,True
Solar-H/tlong,512,0.9502485328514667,1.071196647792778,0.8870906521314016,9245343744.0,cell,False,False
Solar-H/tlong,768,0.9715167653112133,1.071196647792778,0.9069453002051893,11160305664.0,cell,False,False
Solar-H/tlong,1024,0.9573357912769433,1.071196647792778,0.8937068588195761,13081559040.0,cell,False,False
Solar-H/tlong,1536,0.9558734668601251,1.071196647792778,0.8923417271980093,16942940160.0,cell,False,False
Solar-H/tlong,2048,0.9010204562745905,1.071196647792778,0.8411344995628591,20829487104.0,cell,False,True
Solar-H/tlong,2560,0.8868396480711122,1.071196647792778,0.8278962129861618,24741199872.0,cell,False,True
Solar-H/tlong,3072,0.8895434600189318,1.071196647792778,0.8304203171769198,28678078464.0,cell,False,False
Solar-H/tlong,4096,0.9103601528864143,1.071196647792778,0.8498534370530654,36627333120.0,cell,False,False
Solar-D/tshort,native,0.9655563839624436,1.155861190610263,0.835356694909582,2710659072.0,cell,True,False
Solar-D/tshort,32,0.9982227363253547,1.155861190610263,0.863618178752347,470482944.0,cell,False,True
Solar-D/tshort,48,0.9823253861688519,1.155861190610263,0.8498644942393222,705871872.0,cell,False,True
Solar-D/tshort,64,0.9894390757018907,1.155861190610263,0.856018943917906,705871872.0,cell,False,False
Solar-D/tshort,96,0.9880111724570299,1.155861190610263,0.8547835851598989,941359104.0,cell,False,False
Solar-D/tshort,128,0.9720537361353175,1.155861190610263,0.8409779167532218,1176944640.0,cell,False,True
Solar-D/tshort,192,0.9649690077846449,1.155861190610263,0.83484852300921,1648410624.0,cell,False,True
Solar-D/tshort,256,0.9693965134798219,1.155861190610263,0.8386790051909323,2120269824.0,cell,False,False
Solar-W/tshort,native,1.1018981540376334,1.4703506784640206,0.7494118037125093,705871872.0,cell,True,True
HierSales-D/tshort,native,0.747997888002011,1.134803399686105,0.6591431504425459,13081755648.0,cell,True,False
HierSales-D/tshort,32,0.784472380573915,1.134803399686105,0.6912848347043248,470482944.0,cell,False,True
HierSales-D/tshort,48,0.7721103426877572,1.134803399686105,0.6803912844298216,705871872.0,cell,False,False
HierSales-D/tshort,64,0.7659476479110964,1.134803399686105,0.6749606567295825,705871872.0,cell,False,True
HierSales-D/tshort,96,0.7616363822083487,1.134803399686105,0.671161526674156,941359104.0,cell,False,True
HierSales-D/tshort,128,0.7587107523257843,1.134803399686105,0.668583432633044,1176944640.0,cell,False,True
HierSales-D/tshort,192,0.755516281044402,1.134803399686105,0.6657684328874793,1648410624.0,cell,False,True
HierSales-D/tshort,256,0.7585819648439895,1.134803399686105,0.668469943827996,2120269824.0,cell,False,False
HierSales-D/tshort,384,0.7509758571841775,1.134803399686105,0.6617673663930711,3065167872.0,cell,False,True
HierSales-D/tshort,512,0.7531428233256686,1.134803399686105,0.6636769184283317,4011638784.0,cell,False,False
HierSales-D/tshort,768,0.7492883023841647,1.134803399686105,0.6602802763821674,5909299200.0,cell,False,True
HierSales-D/tshort,1024,0.7477150913807499,1.134803399686105,0.658893947257801,7813251072.0,cell,False,True
HierSales-D/tshort,1536,0.7483019926532652,1.134803399686105,0.6594111304744513,11640029184.0,cell,False,False
HierSales-W/tshort,native,0.7231826445030908,1.0250133777288335,0.70553483517013,2120269824.0,cell,True,True
HierSales-W/tshort,32,0.8035619686600898,1.0250133777288335,0.7839526645404149,470482944.0,cell,False,True
HierSales-W/tshort,48,0.7816846346118566,1.0250133777288335,0.7626092025685255,705871872.0,cell,False,False
HierSales-W/tshort,64,0.7734152395697044,1.0250133777288335,0.75454160538216,705871872.0,cell,False,True
HierSales-W/tshort,96,0.7501327499896745,1.0250133777288335,0.7318272778563887,941359104.0,cell,False,True
HierSales-W/tshort,128,0.743061957377806,1.0250133777288335,0.7249290336329468,1176944640.0,cell,False,True
HierSales-W/tshort,192,0.7255688073411823,1.0250133777288335,0.7078627685317206,1648410624.0,cell,False,True
M4-Yearly/tshort,native,3.364454916258869,3.965954931783283,0.8483341273739713,566720287.8913554,cell,True,False
M4-Yearly/tshort,32,3.333475300110953,3.965954931783283,0.8405227385203954,470482944.0,cell,False,True
M4-Yearly/tshort,48,3.3472544727597997,3.965954931783283,0.8439971029259059,705871872.0,cell,False,False
M4-Yearly/tshort,64,3.3435396347729216,3.965954931783283,0.8430604210798498,705871872.0,cell,False,False
M4-Yearly/tshort,96,3.343327769112234,3.965954931783283,0.8430069999834602,941359104.0,cell,False,False
M4-Yearly/tshort,128,3.3424286209419436,3.965954931783283,0.8427802832946031,1176944640.0,cell,False,False
M4-Yearly/tshort,192,3.3428703104509707,3.965954931783283,0.8428916535740502,1648410624.0,cell,False,False
M4-Yearly/tshort,256,3.3425963608630576,3.965954931783283,0.8428225782586154,2120269824.0,cell,False,False
M4-Quarterly/tshort,native,1.1480962305876008,1.602247174616002,0.7165537557354444,1034634385.408,cell,True,True
M4-Quarterly/tshort,32,1.2063301064258563,1.602247174616002,0.7528988819811574,470482944.0,cell,False,True
M4-Quarterly/tshort,48,1.2151267316938523,1.602247174616002,0.7583890619030563,705871872.0,cell,False,False
M4-Quarterly/tshort,64,1.1644841584217325,1.602247174616002,0.7267818454420525,705871872.0,cell,False,True
M4-Quarterly/tshort,96,1.1494849118597725,1.602247174616002,0.7174204642521904,941359104.0,cell,False,True
M4-Quarterly/tshort,128,1.1487965306930912,1.602247174616002,0.7169908294382945,1176944640.0,cell,False,False
M4-Quarterly/tshort,192,1.1489485755577749,1.602247174616002,0.7170857242005337,1648410624.0,cell,False,False
M4-Quarterly/tshort,256,1.1489619564702607,1.602247174616002,0.7170940755415114,2120269824.0,cell,False,False
M4-Quarterly/tshort,384,1.148928707645312,1.602247174616002,0.7170733241708894,3065167872.0,cell,False,False
M4-Quarterly/tshort,512,1.1488833243366323,1.602247174616002,0.7170449993846774,4011638784.0,cell,False,False
M4-Quarterly/tshort,768,1.148884202846473,1.602247174616002,0.7170455476832511,5909299200.0,cell,False,False
M4-Monthly/tshort,native,0.9211927766877293,1.259717038974429,0.7312696011778154,1959521793.024,cell,True,True
M4-Monthly/tshort,32,0.9582600117826837,1.259717038974429,0.760694649778517,470482944.0,cell,False,True
M4-Monthly/tshort,48,0.9619465447965281,1.259717038974429,0.76362112683629,705871872.0,cell,False,False
M4-Monthly/tshort,64,0.9395731990311594,1.259717038974429,0.7458605146724794,705871872.0,cell,False,True
M4-Monthly/tshort,96,0.9376493067953408,1.259717038974429,0.7443332730965577,941359104.0,cell,False,True
M4-Monthly/tshort,128,0.9322528152941555,1.259717038974429,0.7400493812905228,1176944640.0,cell,False,True
M4-Monthly/tshort,192,0.9291268031009648,1.259717038974429,0.7375678619520722,1648410624.0,cell,False,True
M4-Monthly/tshort,256,0.9234689449056939,1.259717038974429,0.7330764896674858,2120269824.0,cell,False,False
M4-Monthly/tshort,384,0.9219277004823324,1.259717038974429,0.7318530050469902,3065167872.0,cell,False,False
M4-Monthly/tshort,512,0.9222381259721163,1.259717038974429,0.7320994298234913,4011638784.0,cell,False,False
M4-Monthly/tshort,768,0.9221585871969706,1.259717038974429,0.7320362896319366,5909299200.0,cell,False,False
M4-Monthly/tshort,1024,0.922388929866168,1.259717038974429,0.732219142337799,7813251072.0,cell,False,False
M4-Monthly/tshort,1536,0.9224087595084579,1.259717038974429,0.7322348836842095,11640029184.0,cell,False,False
M4-Monthly/tshort,2048,0.9224069253360988,1.259717038974429,0.7322334276648795,15491973120.0,cell,False,False
M4-Monthly/tshort,2560,0.9223995973633957,1.259717038974429,0.7322276105071558,19369082880.0,cell,False,False
M4-Weekly/tshort,native,1.863798198451534,2.777295047362158,0.6710839743950674,7956311459.29805,cell,True,True
M4-Weekly/tshort,32,2.306428749684042,2.777295047362158,0.8304586694433711,470482944.0,cell,False,True
M4-Weekly/tshort,48,2.342579629598087,2.777295047362158,0.8434752482718902,705871872.0,cell,False,False
M4-Weekly/tshort,64,2.124871004530132,2.777295047362158,0.7650865206231183,705871872.0,cell,False,True
M4-Weekly/tshort,96,2.074314458299314,2.777295047362158,0.7468830005186066,941359104.0,cell,False,True
M4-Weekly/tshort,128,2.0636431691388224,2.777295047362158,0.7430406686890708,1176944640.0,cell,False,True
M4-Weekly/tshort,192,1.9188586041060538,2.777295047362158,0.6909091657109183,1648410624.0,cell,False,True
M4-Weekly/tshort,256,1.8890613550393822,2.777295047362158,0.6801802915515189,2120269824.0,cell,False,True
M4-Weekly/tshort,384,1.8739245599707435,2.777295047362158,0.6747300981761283,3065167872.0,cell,False,True
M4-Weekly/tshort,512,1.8862032289209383,2.777295047362158,0.6791511873081083,4011638784.0,cell,False,False
M4-Weekly/tshort,768,1.8806898918694783,2.777295047362158,0.6771660409849992,5909299200.0,cell,False,False
M4-Weekly/tshort,1024,1.8787750757923538,2.777295047362158,0.6764765873819536,7813251072.0,cell,False,False
M4-Weekly/tshort,1536,1.8671524441911282,2.777295047362158,0.6722917127456544,11640029184.0,cell,False,False
M4-Weekly/tshort,2048,1.8705418455287584,2.777295047362158,0.6735121093113161,15491973120.0,cell,False,False
M4-Weekly/tshort,2560,1.870552993714312,2.777295047362158,0.6735161233556878,19369082880.0,cell,False,False
M4-Daily/tshort,native,3.1807408219803137,3.278424296610481,0.970204139003252,17725125599.295956,cell,True,True
M4-Daily/tshort,32,3.2808276538888395,3.278424296610481,1.0007330830487204,470482944.0,cell,False,True
M4-Daily/tshort,48,3.320106114725773,3.278424296610481,1.0127139791388156,705871872.0,cell,False,False
M4-Daily/tshort,64,3.2619998678635067,3.278424296610481,0.9949901454903335,705871872.0,cell,False,True
M4-Daily/tshort,96,3.2633528329225947,3.278424296610481,0.9954028330916568,941359104.0,cell,False,False
M4-Daily/tshort,128,3.25823917628446,3.278424296610481,0.9938430421141979,1176944640.0,cell,False,True
M4-Daily/tshort,192,3.2617834583576815,3.278424296610481,0.9949241352713241,1648410624.0,cell,False,False
M4-Daily/tshort,256,3.2540743566866444,3.278424296610481,0.9925726697581483,2120269824.0,cell,False,True
M4-Daily/tshort,384,3.2305844690674017,3.278424296610481,0.9854076766108218,3065167872.0,cell,False,True
M4-Daily/tshort,512,3.2596954638883093,3.278424296610481,0.9942872456315264,4011638784.0,cell,False,False
M4-Daily/tshort,768,3.2805151551053786,3.278424296610481,1.000637763237986,5909299200.0,cell,False,False
M4-Daily/tshort,1024,3.278633215951956,3.278424296610481,1.000063725534761,7813251072.0,cell,False,False
M4-Daily/tshort,1536,3.2696104727271145,3.278424296610481,0.9973115670560156,11640029184.0,cell,False,False
M4-Daily/tshort,2048,3.260985063650524,3.278424296610481,0.994680605259671,15491973120.0,cell,False,False
M4-Daily/tshort,2560,3.251251677031814,3.278424296610481,0.9917116830769098,19369082880.0,cell,False,False
M4-Daily/tshort,3072,3.2396727926209055,3.278424296610481,0.988179838701891,23271358464.0,cell,False,False
M4-Daily/tshort,4096,3.1853901587397453,3.278424296610481,0.9716223010038931,31151407104.0,cell,False,False
M4-Hourly/tshort,native,0.6960323319713324,1.1932101877276544,0.5833275135681284,6798016986.898551,cell,True,True
M4-Hourly/tshort,32,2.7143001386603456,1.1932101877276544,2.27478793474723,705871872.0,cell,False,True
M4-Hourly/tshort,48,1.596337813282666,1.1932101877276544,1.337851310440725,941359104.0,cell,False,False
M4-Hourly/tshort,64,1.1661789059861771,1.1932101877276544,0.9773457501289395,941359104.0,cell,False,True
M4-Hourly/tshort,96,0.9954991452161791,1.1932101877276544,0.8343032564212383,1176944640.0,cell,False,True
M4-Hourly/tshort,128,0.85722036050536,1.1932101877276544,0.7184152208236234,1412628480.0,cell,False,True
M4-Hourly/tshort,192,0.7808551967220037,1.1932101877276544,0.6544154623830876,1884291072.0,cell,False,True
M4-Hourly/tshort,256,0.7450261227713679,1.1932101877276544,0.6243880000640903,2356346880.0,cell,False,True
M4-Hourly/tshort,384,0.7183472868961099,1.1932101877276544,0.602029126372218,3301638144.0,cell,False,True
M4-Hourly/tshort,512,0.7082524902204186,1.1932101877276544,0.5935689265017191,4248502272.0,cell,False,True
M4-Hourly/tshort,768,0.7088339445912656,1.1932101877276544,0.5940562290548044,6146949120.0,cell,False,False
Hospital/tshort,native,0.7525172955813064,0.9205278266364826,0.8174845711410268,941359104.0,cell,True,True
Hospital/tshort,32,0.7681420702186671,0.9205278266364826,0.8344582835973379,470482944.0,cell,False,True
Hospital/tshort,48,0.7572537321625136,0.9205278266364826,0.8226299197596705,705871872.0,cell,False,False
Hospital/tshort,64,0.7538592518118801,0.9205278266364826,0.818942382835299,705871872.0,cell,False,True
CovidDeaths-D/tshort,native,37.525617545464,46.91239825526407,0.7999083172272743,1648410624.0,cell,True,False
CovidDeaths-D/tshort,32,33.736731789192824,46.91239825526407,0.7191431912225293,470482944.0,cell,False,True
CovidDeaths-D/tshort,48,33.67771309143135,46.91239825526407,0.7178851293890598,705871872.0,cell,False,False
CovidDeaths-D/tshort,64,33.364590750995276,46.91239825526407,0.7112105113332468,705871872.0,cell,False,True
CovidDeaths-D/tshort,96,32.272668810187106,46.91239825526407,0.6879347466864107,941359104.0,cell,False,True
CovidDeaths-D/tshort,128,31.462462373435812,46.91239825526407,0.6706641217155294,1176944640.0,cell,False,True
USBirths-D/tshort,native,0.3444998063912998,1.8648391912491091,0.18473432347834048,31151407104.0,cell,True,False
USBirths-D/tshort,32,0.5738028729425961,1.8648391912491091,0.3076956316851378,470482944.0,cell,False,True
USBirths-D/tshort,48,0.5653694256140342,1.8648391912491091,0.3031732860758561,705871872.0,cell,False,False
USBirths-D/tshort,64,0.5043127013752081,1.8648391912491091,0.2704322730569646,705871872.0,cell,False,True
USBirths-D/tshort,96,0.5306484071945602,1.8648391912491091,0.28455451262750464,941359104.0,cell,False,False
USBirths-D/tshort,128,0.540799006121577,1.8648391912491091,0.28999766235035973,1176944640.0,cell,False,False
USBirths-D/tshort,192,0.49005166923481813,1.8648391912491091,0.2627849476428962,1648410624.0,cell,False,True
USBirths-D/tshort,256,0.45493585430882216,1.8648391912491091,0.24395446880548258,2120269824.0,cell,False,True
USBirths-D/tshort,384,0.4116477071260089,1.8648391912491091,0.22074166451332378,3065167872.0,cell,False,True
USBirths-D/tshort,512,0.3797067646382256,1.8648391912491091,0.20361367694331323,4011638784.0,cell,False,True
USBirths-D/tshort,768,0.3539039452257489,1.8648391912491091,0.18977719198870788,5909299200.0,cell,False,True
USBirths-D/tshort,1024,0.3638151395868767,1.8648391912491091,0.195091963582761,7813251072.0,cell,False,False
USBirths-D/tshort,1536,0.35739134751340385,1.8648391912491091,0.19164727403332588,11640029184.0,cell,False,False
USBirths-D/tshort,2048,0.34109806476928334,1.8648391912491091,0.1829101760462298,15491973120.0,cell,False,True
USBirths-D/tshort,2560,0.3413815664673235,1.8648391912491091,0.18306220078882984,19369082880.0,cell,False,False
USBirths-D/tshort,3072,0.33674027531237777,1.8648391912491091,0.18057335822442788,23271358464.0,cell,False,True
USBirths-D/tshort,4096,0.3444998077138524,1.8648391912491091,0.18473432418754512,31151407104.0,cell,False,False
USBirths-W/tshort,native,0.9052726520486954,1.5634204337929731,0.5790334016886535,7643051739.428572,cell,True,False
USBirths-W/tshort,32,1.565264222863539,1.5634204337929731,1.001179330288074,470482944.0,cell,False,True
USBirths-W/tshort,48,1.5166719822352177,1.5634204337929731,0.9700986052457174,705871872.0,cell,False,False
USBirths-W/tshort,64,1.4542797224643855,1.5634204337929731,0.930191067629963,705871872.0,cell,False,True
USBirths-W/tshort,96,1.2133460388822956,1.5634204337929731,0.7760842909917895,941359104.0,cell,False,True
USBirths-W/tshort,128,1.0437824670142148,1.5634204337929731,0.6676274944686003,1176944640.0,cell,False,True
USBirths-W/tshort,192,1.0787192984971936,1.5634204337929731,0.689973902848475,1648410624.0,cell,False,False
USBirths-W/tshort,256,1.0532305242146054,1.5634204337929731,0.6736706911648779,2120269824.0,cell,False,False
USBirths-W/tshort,384,0.9995075871732721,1.5634204337929731,0.6393082536016196,3065167872.0,cell,False,True
USBirths-W/tshort,512,0.9673149711343155,1.5634204337929731,0.6187171091192266,4011638784.0,cell,False,True
USBirths-W/tshort,768,0.8732167049535681,1.5634204337929731,0.5585296738351309,5909299200.0,cell,False,True
USBirths-W/tshort,1024,0.8716977569586515,1.5634204337929731,0.5575581194393427,7813251072.0,cell,False,True
USBirths-M/tshort,native,0.6955298473643762,0.7605310792868888,0.9145317874669093,2002280448.0,cell,True,False
USBirths-M/tshort,32,0.7494035566399214,0.7605310792868888,0.9853687469848029,470482944.0,cell,False,True
USBirths-M/tshort,48,0.7461971268908708,0.7605310792868888,0.9811527065935843,705871872.0,cell,False,False
USBirths-M/tshort,64,0.6429970463349344,0.7605310792868888,0.845457948855739,705871872.0,cell,False,True
USBirths-M/tshort,96,0.6909464350758115,0.7605310792868888,0.9085051931390848,941359104.0,cell,False,False
USBirths-M/tshort,128,0.6455807939049584,0.7605310792868888,0.8488552427210293,1176944640.0,cell,False,False
USBirths-M/tshort,192,0.7133342510160636,0.7605310792868888,0.9379422753964516,1648410624.0,cell,False,False
SaugeenDay-D/tshort,native,3.008127167086628,3.413049305768806,0.8813605950556384,31151407104.0,cell,True,False
SaugeenDay-D/tshort,32,3.688537451534334,3.413049305768806,1.080716134191174,470482944.0,cell,False,True
SaugeenDay-D/tshort,48,3.6635663065721142,3.413049305768806,1.0733997602612653,705871872.0,cell,False,False
SaugeenDay-D/tshort,64,3.390209591237586,3.413049305768806,0.9933081205441082,705871872.0,cell,False,True
SaugeenDay-D/tshort,96,3.6653838755213983,3.413049305768806,1.0739322954772705,941359104.0,cell,False,False
SaugeenDay-D/tshort,128,3.858380813041765,3.413049305768806,1.1304790723416303,1176944640.0,cell,False,False
SaugeenDay-D/tshort,192,3.591056543414079,3.413049305768806,1.0521548977755468,1648410624.0,cell,False,False
SaugeenDay-D/tshort,256,3.4625475516905864,3.413049305768806,1.0145026460174829,2120269824.0,cell,False,False
SaugeenDay-D/tshort,384,3.488482323927494,3.413049305768806,1.0221013561190546,3065167872.0,cell,False,False
SaugeenDay-D/tshort,512,3.341131214736853,3.413049305768806,0.9789284933826197,4011638784.0,cell,False,True
SaugeenDay-D/tshort,768,3.2967088115784513,3.413049305768806,0.9659130344253412,5909299200.0,cell,False,True
SaugeenDay-D/tshort,1024,3.2182944222705485,3.413049305768806,0.942938157040662,7813251072.0,cell,False,True
SaugeenDay-D/tshort,1536,3.09572218838719,3.413049305768806,0.907025334546072,11640029184.0,cell,False,True
SaugeenDay-D/tshort,2048,3.0816703126162226,3.413049305768806,0.9029082314772073,15491973120.0,cell,False,True
SaugeenDay-D/tshort,2560,3.0189252385895156,3.413049305768806,0.884524355826582,19369082880.0,cell,False,True
SaugeenDay-D/tshort,3072,2.9461239077321255,3.413049305768806,0.8631940660079321,23271358464.0,cell,False,True
SaugeenDay-D/tshort,4096,3.008127173022513,3.413049305768806,0.8813605967948119,31151407104.0,cell,False,False
SaugeenDay-W/tshort,native,1.200679695732431,1.990658004828632,0.6031571936615968,25170677760.0,cell,True,False
SaugeenDay-W/tshort,32,1.4992879265907235,1.990658004828632,0.7531619810906652,470482944.0,cell,False,True
SaugeenDay-W/tshort,48,1.5365974169384864,1.990658004828632,0.7719042714576009,705871872.0,cell,False,False
SaugeenDay-W/tshort,64,1.5236099697175112,1.990658004828632,0.7653800733334267,705871872.0,cell,False,False
SaugeenDay-W/tshort,96,1.4596811207385896,1.990658004828632,0.7332656424146788,941359104.0,cell,False,True
SaugeenDay-W/tshort,128,1.4396614395939167,1.990658004828632,0.7232088264793889,1176944640.0,cell,False,True
SaugeenDay-W/tshort,192,1.39371516996831,1.990658004828632,0.7001278806242207,1648410624.0,cell,False,True
SaugeenDay-W/tshort,256,1.3749755598020612,1.990658004828632,0.6907141038123359,2120269824.0,cell,False,True
SaugeenDay-W/tshort,384,1.3130043516761112,1.990658004828632,0.6595830868442631,3065167872.0,cell,False,True
SaugeenDay-W/tshort,512,1.1915781761827993,1.990658004828632,0.5985850775434315,4011638784.0,cell,False,True
SaugeenDay-W/tshort,768,1.164173629016902,1.990658004828632,0.5848185003114692,5909299200.0,cell,False,True
SaugeenDay-W/tshort,1024,1.1965166073281661,1.990658004828632,0.6010658809428039,7813251072.0,cell,False,False
SaugeenDay-W/tshort,1536,1.181757723855847,1.990658004828632,0.59365180809025,11640029184.0,cell,False,False
SaugeenDay-W/tshort,2048,1.2124293432685742,1.990658004828632,0.6090595874970234,15491973120.0,cell,False,False
SaugeenDay-W/tshort,2560,1.2264712299092078,1.990658004828632,0.6161134795299958,19369082880.0,cell,False,False
SaugeenDay-W/tshort,3072,1.2128624577137848,1.990658004828632,0.609277161004959,23271358464.0,cell,False,False
SaugeenDay-M/tshort,native,0.7136172651463748,0.9763741730697156,0.7308850283316749,5739633517.714286,cell,True,True
SaugeenDay-M/tshort,32,0.98830936030525,0.9763741730697156,1.0122239890860798,470482944.0,cell,False,True
SaugeenDay-M/tshort,48,0.8893179959391014,0.9763741730697156,0.9108372798750811,705871872.0,cell,False,False
SaugeenDay-M/tshort,64,0.7994352073186176,0.9763741730697156,0.8187795512914862,705871872.0,cell,False,True
SaugeenDay-M/tshort,96,0.8186478107401304,0.9763741730697156,0.8384570519376866,941359104.0,cell,False,False
SaugeenDay-M/tshort,128,0.8209856709443489,0.9763741730697156,0.8408514825450308,1176944640.0,cell,False,False
SaugeenDay-M/tshort,192,0.7771808850977723,0.9763741730697156,0.7959867298151889,1648410624.0,cell,False,True
SaugeenDay-M/tshort,256,0.7649138850352672,0.9763741730697156,0.7834228988568817,2120269824.0,cell,False,True
SaugeenDay-M/tshort,384,0.7315431894160073,0.9763741730697156,0.7492447153902474,3065167872.0,cell,False,True
SaugeenDay-M/tshort,512,0.7178871818173432,0.9763741730697156,0.7352582663676052,4011638784.0,cell,False,True
SaugeenDay-M/tshort,768,0.720537170066635,0.9763741730697156,0.73797237774251,5909299200.0,cell,False,False
Electricity-15T/tshort,native,0.9854289988483058,1.7170601412372184,0.5739047661651853,31399280640.0,cell,True,False
Electricity-15T/tshort,32,2.509842888212473,1.7170601412372184,1.461709364707528,705871872.0,cell,False,True
Electricity-15T/tshort,48,2.5275071981215906,1.7170601412372184,1.471996895985489,941359104.0,cell,False,False
Electricity-15T/tshort,64,2.4235105018001946,1.7170601412372184,1.411430178592316,941359104.0,cell,False,True
Electricity-15T/tshort,96,2.2354322578655967,1.7170601412372184,1.3018951428543837,1176944640.0,cell,False,True
Electricity-15T/tshort,128,1.7408446378186242,1.7170601412372184,1.0138518715857372,1412628480.0,cell,False,True
Electricity-15T/tshort,192,1.4441812953493145,1.7170601412372184,0.8410778752972028,1884291072.0,cell,False,True
Electricity-15T/tshort,256,1.3686682430516384,1.7170601412372184,0.797099769647819,2356346880.0,cell,False,True
Electricity-15T/tshort,384,1.2217084398904505,1.7170601412372184,0.7115117348249405,3301638144.0,cell,False,True
Electricity-15T/tshort,512,1.1431775373212794,1.7170601412372184,0.665776060993163,4248502272.0,cell,False,True
Electricity-15T/tshort,768,1.0503231153804728,1.7170601412372184,0.6116985015001677,6146949120.0,cell,False,True
Electricity-15T/tshort,1024,1.033908205448615,1.7170601412372184,0.6021386092531611,8051687424.0,cell,False,True
Electricity-15T/tshort,1536,0.9986225083016848,1.7170601412372184,0.5815885444653864,11880038400.0,cell,False,True
Electricity-15T/tshort,2048,0.9906224962517941,1.7170601412372184,0.5769294111841687,15733555200.0,cell,False,True
Electricity-15T/tshort,2560,0.990488765973322,1.7170601412372184,0.5768515279025874,19612237824.0,cell,False,True
Electricity-15T/tshort,3072,0.9873962715759649,1.7170601412372184,0.5750504876692915,23516086272.0,cell,False,True
Electricity-15T/tshort,4096,0.9854289985052123,1.7170601412372184,0.5739047659653708,31399280640.0,cell,False,True
Electricity-15T/tmedium,native,0.8259888791151395,1.1507882041044135,0.7177592507197752,34630582272.0,cell,True,False
Electricity-15T/tmedium,32,2.9069075599284404,1.1507882041044135,2.5260143869746257,3774873600.0,cell,False,True
Electricity-15T/tmedium,48,2.8730168392750466,1.1507882041044135,2.496564379985921,4011638784.0,cell,False,False
Electricity-15T/tmedium,64,2.8028204144548177,1.1507882041044135,2.4355658186782314,4011638784.0,cell,False,True
Electricity-15T/tmedium,96,2.9898502819098507,1.1507882041044135,2.5980890934111236,4248502272.0,cell,False,False
Electricity-15T/tmedium,128,1.7831160386762468,1.1507882041044135,1.5494736844856125,4485464064.0,cell,False,True
Electricity-15T/tmedium,192,1.3571448144127916,1.1507882041044135,1.179317627320461,4959682560.0,cell,False,True
Electricity-15T/tmedium,256,1.2429547577559574,1.1507882041044135,1.0800899360306455,5434294272.0,cell,False,True
Electricity-15T/tmedium,384,1.1250842879756633,1.1507882041044135,0.9776640775104625,6384697344.0,cell,False,True
Electricity-15T/tmedium,512,1.0677165421672408,1.1507882041044135,0.927813248657843,7336673280.0,cell,False,True
Electricity-15T/tmedium,768,0.9763037466463667,1.1507882041044135,0.8483783055511616,9245343744.0,cell,False,True
Electricity-15T/tmedium,1024,0.9155112009124297,1.1507882041044135,0.7955514295742323,11160305664.0,cell,False,True
Electricity-15T/tmedium,1536,0.8610792366072,1.1507882041044135,0.7482517056883843,15009103872.0,cell,False,True
Electricity-15T/tmedium,2048,0.8372141273455164,1.1507882041044135,0.7275136505218767,18883067904.0,cell,False,True
Electricity-15T/tmedium,2560,0.8312423219055256,1.1507882041044135,0.7223243329578873,22782197760.0,cell,False,True
Electricity-15T/tmedium,3072,0.8291382526009917,1.1507882041044135,0.7204959606327023,26706493440.0,cell,False,True
Electricity-15T/tmedium,4096,0.8259888785340984,1.1507882041044135,0.7177592502148681,34630582272.0,cell,False,True
Electricity-15T/tlong,native,0.8734288031071787,1.1635317075319347,0.7506703920943266,36627333120.0,cell,True,True
Electricity-15T/tlong,32,3.0128257861271965,1.1635317075319347,2.5893800457900333,5671747584.0,cell,False,True
Electricity-15T/tlong,48,2.9738294926554345,1.1635317075319347,2.5558645917466873,5909299200.0,cell,False,False
Electricity-15T/tlong,64,2.903696796982789,1.1635317075319347,2.4955888852759034,5909299200.0,cell,False,True
Electricity-15T/tlong,96,2.9111020504138425,1.1635317075319347,2.5019533473555495,6146949120.0,cell,False,False
Electricity-15T/tlong,128,1.7583552632356614,1.1635317075319347,1.5112224719388672,6384697344.0,cell,False,True
Electricity-15T/tlong,192,1.3191840461491067,1.1635317075319347,1.1337757601357845,6860488704.0,cell,False,True
Electricity-15T/tlong,256,1.1998955363182864,1.1635317075319347,1.0312529762196907,7336673280.0,cell,False,True
Electricity-15T/tlong,384,1.135327960025718,1.1635317075319347,0.975760224389551,8290222080.0,cell,False,True
Electricity-15T/tlong,512,1.0918119026101918,1.1635317075319347,0.9383602488376755,9245343744.0,cell,False,True
Electricity-15T/tlong,768,1.0144137259313983,1.1635317075319347,0.8718402080190465,11160305664.0,cell,False,True
Electricity-15T/tlong,1024,0.9525859835448749,1.1635317075319347,0.8187022127359859,13081559040.0,cell,False,True
Electricity-15T/tlong,1536,0.9058787007335207,1.1635317075319347,0.7785595311837754,16942940160.0,cell,False,True
Electricity-15T/tlong,2048,0.8815330647622022,1.1635317075319347,0.7576356183984847,20829487104.0,cell,False,True
Electricity-15T/tlong,2560,0.8784385909689904,1.1635317075319347,0.754976065785367,24741199872.0,cell,False,True
Electricity-15T/tlong,3072,0.8763421638468653,1.1635317075319347,0.7531742866773683,28678078464.0,cell,False,True
Electricity-15T/tlong,4096,0.8734288032227647,1.1635317075319347,0.7506703921936673,36627333120.0,cell,False,False
Electricity-H/tshort,native,1.0066503777838696,1.3577726051465433,0.7413983563729529,31399280640.0,cell,True,False
Electricity-H/tshort,32,1.6939028222844914,1.3577726051465433,1.247560022837307,705871872.0,cell,False,True
Electricity-H/tshort,48,1.4882013762538016,1.3577726051465433,1.096060835675191,941359104.0,cell,False,False
Electricity-H/tshort,64,1.373866330810249,1.3577726051465433,1.0118530345970331,941359104.0,cell,False,True
Electricity-H/tshort,96,1.2985901542538094,1.3577726051465433,0.9564121041561695,1176944640.0,cell,False,True
Electricity-H/tshort,128,1.1578886414358622,1.3577726051465433,0.8527853906073559,1412628480.0,cell,False,True
Electricity-H/tshort,192,1.062609632491772,1.3577726051465433,0.7826123670959508,1884291072.0,cell,False,True
Electricity-H/tshort,256,1.0408090179636778,1.3577726051465433,0.7665562068483066,2356346880.0,cell,False,True
Electricity-H/tshort,384,1.0277903673975883,1.3577726051465433,0.7569679661394109,3301638144.0,cell,False,True
Electricity-H/tshort,512,1.0162754183228595,1.3577726051465433,0.7484872021064041,4248502272.0,cell,False,True
Electricity-H/tshort,768,1.0155531650937728,1.3577726051465433,0.7479552623498137,6146949120.0,cell,False,True
Electricity-H/tshort,1024,1.0107137620148163,1.3577726051465433,0.7443910402844892,8051687424.0,cell,False,True
Electricity-H/tshort,1536,1.0143491449982256,1.3577726051465433,0.7470685011270704,11880038400.0,cell,False,False
Electricity-H/tshort,2048,1.0105707832331658,1.3577726051465433,0.7442857363616463,15733555200.0,cell,False,True
Electricity-H/tshort,2560,1.0073056216876195,1.3577726051465433,0.7418809437379257,19612237824.0,cell,False,True
Electricity-H/tshort,3072,1.007435226802479,1.3577726051465433,0.7419763979504855,23516086272.0,cell,False,False
Electricity-H/tshort,4096,1.0066503761699235,1.3577726051465433,0.741398355184281,31399280640.0,cell,False,True
Electricity-H/tmedium,native,1.0680248354163164,1.3924537851702354,0.7670091796157847,34630582272.0,cell,True,False
Electricity-H/tmedium,32,2.0497188184199904,1.3924537851702354,1.4720192801008476,3774873600.0,cell,False,True
Electricity-H/tmedium,48,1.6570305401076253,1.3924537851702354,1.1900075663229597,4011638784.0,cell,False,False
Electricity-H/tmedium,64,1.5298955810231745,1.3924537851702354,1.0987047450455498,4011638784.0,cell,False,True
Electricity-H/tmedium,96,1.3798502443339296,1.3924537851702354,0.9909486828428097,4248502272.0,cell,False,True
Electricity-H/tmedium,128,1.31208107075743,1.3924537851702354,0.9422797975280885,4485464064.0,cell,False,True
Electricity-H/tmedium,192,1.1653228785153982,1.3924537851702354,0.8368844200979574,4959682560.0,cell,False,True
Electricity-H/tmedium,256,1.1529477848204162,1.3924537851702354,0.827997163783401,5434294272.0,cell,False,True
Electricity-H/tmedium,384,1.1076742441042606,1.3924537851702354,0.795483667681539,6384697344.0,cell,False,True
Electricity-H/tmedium,512,1.0922867998325032,1.3924537851702354,0.7844330716505359,7336673280.0,cell,False,True
Electricity-H/tmedium,768,1.0848928454917046,1.3924537851702354,0.7791230538822301,9245343744.0,cell,False,True
Electricity-H/tmedium,1024,1.0802215891679492,1.3924537851702354,0.7757683599071017,11160305664.0,cell,False,True
Electricity-H/tmedium,1536,1.0706575431065823,1.3924537851702354,0.768899876253838,15009103872.0,cell,False,True
Electricity-H/tmedium,2048,1.070306639987849,1.3924537851702354,0.7686478728319144,18883067904.0,cell,False,True
Electricity-H/tmedium,2560,1.0743713377253283,1.3924537851702354,0.7715669627010137,22782197760.0,cell,False,False
Electricity-H/tmedium,3072,1.0690750113159009,1.3924537851702354,0.7677633704627406,26706493440.0,cell,False,True
Electricity-H/tmedium,4096,1.0680248349058572,1.3924537851702354,0.767009179249195,34630582272.0,cell,False,True
Electricity-H/tlong,native,1.2097499027852443,1.5240786163496851,0.7937582023706308,36627333120.0,cell,True,False
Electricity-H/tlong,32,2.1164744717194988,1.5240786163496851,1.3886911403485593,5671747584.0,cell,False,True
Electricity-H/tlong,48,1.675885176252824,1.5240786163496851,1.099605465410131,5909299200.0,cell,False,False
Electricity-H/tlong,64,1.6334461099170106,1.5240786163496851,1.0717597454580599,5909299200.0,cell,False,True
Electricity-H/tlong,96,1.5030394247037617,1.5240786163496851,0.9861954682519499,6146949120.0,cell,False,True
Electricity-H/tlong,128,1.4030453264405012,1.5240786163496851,0.9205859273853797,6384697344.0,cell,False,True
Electricity-H/tlong,192,1.2981805719217876,1.5240786163496851,0.85178058270449,6860488704.0,cell,False,True
Electricity-H/tlong,256,1.2776077120828897,1.5240786163496851,0.8382820271718548,7336673280.0,cell,False,True
Electricity-H/tlong,384,1.2608756825866043,1.5240786163496851,0.8273035715221324,8290222080.0,cell,False,True
Electricity-H/tlong,512,1.2510125044953702,1.5240786163496851,0.8208320037267274,9245343744.0,cell,False,True
Electricity-H/tlong,768,1.2248628296812343,1.5240786163496851,0.8036743095411302,11160305664.0,cell,False,True
Electricity-H/tlong,1024,1.2205319597013868,1.5240786163496851,0.8008326779262072,13081559040.0,cell,False,True
Electricity-H/tlong,1536,1.2024595874968638,1.5240786163496851,0.7889747776770664,16942940160.0,cell,False,True
Electricity-H/tlong,2048,1.2058029485634139,1.5240786163496851,0.7911684709883456,20829487104.0,cell,False,False
Electricity-H/tlong,2560,1.2164591844347012,1.5240786163496851,0.7981603910618719,24741199872.0,cell,False,False
Electricity-H/tlong,3072,1.2073589034834693,1.5240786163496851,0.7921893861192082,28678078464.0,cell,False,False
Electricity-H/tlong,4096,1.2097499012920938,1.5240786163496851,0.7937582013909238,36627333120.0,cell,False,False
Electricity-D/tshort,native,1.4693687951594527,1.987041399842847,0.7394756824269809,10441555968.0,cell,True,False
Electricity-D/tshort,32,1.8050966004672169,1.987041399842847,0.9084343187867048,470482944.0,cell,False,True
Electricity-D/tshort,48,1.7878765438732256,1.987041399842847,0.8997681397149687,705871872.0,cell,False,False
Electricity-D/tshort,64,1.7801074197143805,1.987041399842847,0.8958582442495499,705871872.0,cell,False,True
Electricity-D/tshort,96,1.7609139350297733,1.987041399842847,0.8861989162224009,941359104.0,cell,False,True
Electricity-D/tshort,128,1.747398272519294,1.987041399842847,0.8793970133976544,1176944640.0,cell,False,True
Electricity-D/tshort,192,1.7227913616777069,1.987041399842847,0.8670133203132863,1648410624.0,cell,False,True
Electricity-D/tshort,256,1.6960685397727373,1.987041399842847,0.8535647721818366,2120269824.0,cell,False,True
Electricity-D/tshort,384,1.6723672467420532,1.987041399842847,0.8416368410211881,3065167872.0,cell,False,True
Electricity-D/tshort,512,1.6157700249688787,1.987041399842847,0.8131536791818571,4011638784.0,cell,False,True
Electricity-D/tshort,768,1.5169854504225004,1.987041399842847,0.7634392773811745,5909299200.0,cell,False,True
Electricity-D/tshort,1024,1.4690910465900313,1.987041399842847,0.7393359024659578,7813251072.0,cell,False,True
Electricity-W/tshort,native,1.647507274850161,2.0896995064573947,0.7883943455789636,1727037440.0,cell,True,False
Electricity-W/tshort,32,2.044136029356215,2.0896995064573947,0.978196158366127,470482944.0,cell,False,True
Electricity-W/tshort,48,1.9620370966080913,2.0896995064573947,0.938908723740034,705871872.0,cell,False,False
Electricity-W/tshort,64,1.9249729847720263,2.0896995064573947,0.9211721488298457,705871872.0,cell,False,True
Electricity-W/tshort,96,1.7459705530827363,2.0896995064573947,0.8355127364903426,941359104.0,cell,False,True
Electricity-W/tshort,128,1.6220607731990975,2.0896995064573947,0.7762172351511576,1176944640.0,cell,False,True
Electricity-W/tshort,192,1.6272529766967914,2.0896995064573947,0.778701900282029,1648410624.0,cell,False,False
KDDCup2018-H/tshort,native,0.9695569915239568,1.340425278558367,0.7233204319801544,31399280640.0,cell,True,False
KDDCup2018-H/tshort,32,1.224429472832523,1.340425278558367,0.9134634301655381,705871872.0,cell,False,True
KDDCup2018-H/tshort,48,1.188511283754853,1.340425278558367,0.8866673157888382,941359104.0,cell,False,True
KDDCup2018-H/tshort,64,1.1895167630053793,1.340425278558367,0.8874174353714886,941359104.0,cell,False,False
KDDCup2018-H/tshort,96,1.1374694155116931,1.340425278558367,0.8485884545053091,1176944640.0,cell,False,True
KDDCup2018-H/tshort,128,1.1119520332062331,1.340425278558367,0.829551673631627,1412628480.0,cell,False,True
KDDCup2018-H/tshort,192,1.0800747514289477,1.340425278558367,0.8057702049535895,1884291072.0,cell,False,True
KDDCup2018-H/tshort,256,1.0682783554852835,1.340425278558367,0.796969717427458,2356346880.0,cell,False,True
KDDCup2018-H/tshort,384,1.0352377818996044,1.340425278558367,0.7723203959664257,3301638144.0,cell,False,True
KDDCup2018-H/tshort,512,1.0154928201373972,1.340425278558367,0.7575900248834191,4248502272.0,cell,False,True
KDDCup2018-H/tshort,768,1.005698821407243,1.340425278558367,0.7502833895290877,6146949120.0,cell,False,True
KDDCup2018-H/tshort,1024,0.9897511148217655,1.340425278558367,0.7383858918911519,8051687424.0,cell,False,True
KDDCup2018-H/tshort,1536,0.981971437004405,1.340425278558367,0.7325820041684975,11880038400.0,cell,False,True
KDDCup2018-H/tshort,2048,0.9796571549549004,1.340425278558367,0.730855475963961,15733555200.0,cell,False,True
KDDCup2018-H/tshort,2560,0.974335648901237,1.340425278558367,0.7268854627608479,19612237824.0,cell,False,True
KDDCup2018-H/tshort,3072,0.9697187068480212,1.340425278558367,0.7234410767685295,23516086272.0,cell,False,True
KDDCup2018-H/tshort,4096,0.9695569906502663,1.340425278558367,0.7233204313283534,31399280640.0,cell,False,True
KDDCup2018-H/tmedium,native,1.091865271841016,1.4289997072062277,0.7640766239033541,34630582272.0,cell,True,False
KDDCup2018-H/tmedium,32,1.3551909305842162,1.4289997072062277,0.9483493409762052,3774873600.0,cell,False,True
KDDCup2018-H/tmedium,48,1.291823119226116,1.4289997072062277,0.9040051671890826,4011638784.0,cell,False,False
KDDCup2018-H/tmedium,64,1.2810189770948337,1.4289997072062277,0.8964445343374462,4011638784.0,cell,False,True
KDDCup2018-H/tmedium,96,1.2408298012338514,1.4289997072062277,0.8683205426680887,4248502272.0,cell,False,True
KDDCup2018-H/tmedium,128,1.1930017659251808,1.4289997072062277,0.8348509519694474,4485464064.0,cell,False,True
KDDCup2018-H/tmedium,192,1.1229112817138467,1.4289997072062277,0.7858023175590424,4959682560.0,cell,False,True
KDDCup2018-H/tmedium,256,1.113350063460216,1.4289997072062277,0.7791114706642425,5434294272.0,cell,False,True
KDDCup2018-H/tmedium,384,1.1092191877308404,1.4289997072062277,0.7762207242851186,6384697344.0,cell,False,True
KDDCup2018-H/tmedium,512,1.1072378490569186,1.4289997072062277,0.7748342028856178,7336673280.0,cell,False,True
KDDCup2018-H/tmedium,768,1.095010387589514,1.4289997072062277,0.7662775451020344,9245343744.0,cell,False,True
KDDCup2018-H/tmedium,1024,1.099400762457041,1.4289997072062277,0.7693498864365965,11160305664.0,cell,False,False
KDDCup2018-H/tmedium,1536,1.091835666022429,1.4289997072062277,0.7640559060414556,15009103872.0,cell,False,True
KDDCup2018-H/tmedium,2048,1.091693399269685,1.4289997072062277,0.763956349161194,18883067904.0,cell,False,True
KDDCup2018-H/tmedium,2560,1.0870532283760495,1.4289997072062277,0.7607092030139725,22782197760.0,cell,False,True
KDDCup2018-H/tmedium,3072,1.0908832948849663,1.4289997072062277,0.7633894460466354,26706493440.0,cell,False,False
KDDCup2018-H/tmedium,4096,1.0918652746974997,1.4289997072062277,0.7640766259022934,34630582272.0,cell,False,False
KDDCup2018-H/tlong,native,1.0397322759313434,1.3355336658089667,0.7785144639551644,36627333120.0,cell,True,False
KDDCup2018-H/tlong,32,1.1849171873705544,1.3355336658089667,0.8872237501050338,5671747584.0,cell,False,True
KDDCup2018-H/tlong,48,1.13196268001174,1.3355336658089667,0.8475733027112284,5909299200.0,cell,False,False
KDDCup2018-H/tlong,64,1.1145175451404215,1.3355336658089667,0.8345110076018412,5909299200.0,cell,False,True
KDDCup2018-H/tlong,96,1.0618562420317357,1.3355336658089667,0.7950801010984192,6146949120.0,cell,False,True
KDDCup2018-H/tlong,128,1.055919306594001,1.3355336658089667,0.7906347354818672,6384697344.0,cell,False,True
KDDCup2018-H/tlong,192,1.0643292704096312,1.3355336658089667,0.7969318165895428,6860488704.0,cell,False,False
KDDCup2018-H/tlong,256,1.0514634751549112,1.3355336658089667,0.7872983677412677,7336673280.0,cell,False,True
KDDCup2018-H/tlong,384,1.0481632632869011,1.3355336658089667,0.7848272867400927,8290222080.0,cell,False,True
KDDCup2018-H/tlong,512,1.0518219801036106,1.3355336658089667,0.7875668034669087,9245343744.0,cell,False,False
KDDCup2018-H/tlong,768,1.0762809283347352,1.3355336658089667,0.8058807919924688,11160305664.0,cell,False,False
KDDCup2018-H/tlong,1024,1.0611782275286654,1.3355336658089667,0.794572428008307,13081559040.0,cell,False,False
KDDCup2018-H/tlong,1536,1.0656624358620503,1.3355336658089667,0.7979300433557783,16942940160.0,cell,False,False
KDDCup2018-H/tlong,2048,1.0595673018968252,1.3355336658089667,0.7933662243212853,20829487104.0,cell,False,False
KDDCup2018-H/tlong,2560,1.0581815648476032,1.3355336658089667,0.7923286338174304,24741199872.0,cell,False,False
KDDCup2018-H/tlong,3072,1.0525101943960526,1.3355336658089667,0.7880821137957016,28678078464.0,cell,False,False
KDDCup2018-H/tlong,4096,1.0397322714492196,1.3355336658089667,0.7785144605991099,36627333120.0,cell,False,True
KDDCup2018-D/tshort,native,1.2086484497159815,1.4970343738270926,0.8073618554436616,3418170800.3555555,cell,True,False
KDDCup2018-D/tshort,32,1.224105618551855,1.4970343738270926,0.8176870484426426,470482944.0,cell,False,True
KDDCup2018-D/tshort,48,1.2251541189352269,1.4970343738270926,0.8183874334182336,705871872.0,cell,False,False
KDDCup2018-D/tshort,64,1.2654159185249638,1.4970343738270926,0.8452818055807176,705871872.0,cell,False,False
KDDCup2018-D/tshort,96,1.2522177411243192,1.4970343738270926,0.8364655902476628,941359104.0,cell,False,False
KDDCup2018-D/tshort,128,1.233381860612351,1.4970343738270926,0.8238834606444425,1176944640.0,cell,False,False
KDDCup2018-D/tshort,192,1.2020203976115453,1.4970343738270926,0.802934400590042,1648410624.0,cell,False,True
KDDCup2018-D/tshort,256,1.2114999392431458,1.4970343738270926,0.8092666143303093,2120269824.0,cell,False,False
KDDCup2018-D/tshort,384,1.2103731554728163,1.4970343738270926,0.8085139370437825,3065167872.0,cell,False,False
CarParts/tshort,native,0.8761278659890371,1.2014638390969912,0.729217008018757,705871872.0,cell,True,True
TempRain/tshort,native,1.366987027939273,2.011535765322217,0.6795738119626736,5196972032.0,cell,True,True
TempRain/tshort,32,1.5642699918427647,2.011535765322217,0.7776496042525959,470482944.0,cell,False,True
TempRain/tshort,48,1.4900502727798908,2.011535765322217,0.7407525625283663,705871872.0,cell,False,False
TempRain/tshort,64,1.4569480304080187,2.011535765322217,0.7242963587946138,705871872.0,cell,False,True
TempRain/tshort,96,1.4224833342900816,2.011535765322217,0.7071628348910921,941359104.0,cell,False,True
TempRain/tshort,128,1.4183386686172434,2.011535765322217,0.7051023864793413,1176944640.0,cell,False,True
TempRain/tshort,192,1.4228920260010085,2.011535765322217,0.7073660088629262,1648410624.0,cell,False,False
TempRain/tshort,256,1.421506892863521,2.011535765322217,0.7066774140283892,2120269824.0,cell,False,False
TempRain/tshort,384,1.4005920581372215,2.011535765322217,0.6962799679144002,3065167872.0,cell,False,True
TempRain/tshort,512,1.3859171785411424,2.011535765322217,0.6889846069026467,4011638784.0,cell,False,True
