cell,window,mase,naive_mase,normalized_mase,flops,flops_weighting,is_native,within_cell_pareto
JenaWeather-10T/tshort,native,0.29754604536525,0.7428874675800381,0.400526403190659,78878146560.0,cell,True,False
JenaWeather-10T/tshort,32,0.4753206912764159,0.7428874675800381,0.6398286577976297,62720827392.0,cell,False,True
JenaWeather-10T/tshort,48,0.4524125001248665,0.7428874675800381,0.6089919669779917,62808336384.0,cell,False,True
JenaWeather-10T/tshort,64,0.40845525815275224,0.7428874675800381,0.5498211720858591,62895882240.0,cell,False,True
JenaWeather-10T/tshort,96,0.40917624403735087,0.7428874675800381,0.5507916903891861,63071084544.0,cell,False,False
JenaWeather-10T/tshort,128,0.3869098390205812,0.7428874675800381,0.5208189071770764,63246434304.0,cell,False,True
JenaWeather-10T/tshort,192,0.3805249489088616,0.7428874675800381,0.5122242136462803,63597576192.0,cell,False,True
JenaWeather-10T/tshort,256,0.3741624715950691,0.7428874675800381,0.5036596899580315,63949307904.0,cell,False,True
JenaWeather-10T/tshort,384,0.37849318798528725,0.7428874675800381,0.5094892625100162,64654540800.0,cell,False,False
JenaWeather-10T/tshort,512,0.34142168385907984,0.7428874675800381,0.45958735173075904,65362132992.0,cell,False,True
JenaWeather-10T/tshort,768,0.3263868874654639,0.7428874675800381,0.43934902890295324,66784395264.0,cell,False,True
JenaWeather-10T/tshort,1024,0.32064216246402105,0.7428874675800381,0.43161606092039145,68216094720.0,cell,False,True
JenaWeather-10T/tshort,1536,0.3153892410418467,0.7428874675800381,0.4245451091929571,71107805184.0,cell,False,True
JenaWeather-10T/tshort,2048,0.30508836162592246,0.7428874675800381,0.4106791067828217,74037264384.0,cell,False,True
JenaWeather-10T/tshort,2560,0.29730068463181664,0.7428874675800381,0.40019612337825,77004472320.0,cell,False,True
JenaWeather-10T/tshort,2880,0.29754604632177994,0.7428874675800381,0.40052640447824295,78878146560.0,cell,False,False
JenaWeather-10T/tmedium,native,0.6362576106421172,0.7160100391723763,0.8886154883771692,78878146560.0,cell,True,False
JenaWeather-10T/tmedium,32,0.8234464477436341,0.7160100391723763,1.1500487460978086,62720827392.0,cell,False,True
JenaWeather-10T/tmedium,48,0.7641591827816779,0.7160100391723763,1.0672464644000752,62808336384.0,cell,False,True
JenaWeather-10T/tmedium,64,0.7210996963834506,0.7160100391723763,1.007108360124332,62895882240.0,cell,False,True
JenaWeather-10T/tmedium,96,0.6911937830648254,0.7160100391723763,0.9653409103924917,63071084544.0,cell,False,True
JenaWeather-10T/tmedium,128,0.6957412582614456,0.7160100391723763,0.9716920436836906,63246434304.0,cell,False,False
JenaWeather-10T/tmedium,192,0.6915877169690824,0.7160100391723763,0.9658910896954417,63597576192.0,cell,False,False
JenaWeather-10T/tmedium,256,0.6896155163477039,0.7160100391723763,0.9631366581742606,63949307904.0,cell,False,True
JenaWeather-10T/tmedium,384,0.6844600877730158,0.7160100391723763,0.9559364398915013,64654540800.0,cell,False,True
JenaWeather-10T/tmedium,512,0.6801928766051764,0.7160100391723763,0.9499767313198564,65362132992.0,cell,False,True
JenaWeather-10T/tmedium,768,0.6340822446493108,0.7160100391723763,0.8855773103156984,66784395264.0,cell,False,True
JenaWeather-10T/tmedium,1024,0.6357350100392554,0.7160100391723763,0.8878856095007978,68216094720.0,cell,False,False
JenaWeather-10T/tmedium,1536,0.630922187401393,0.7160100391723763,0.881163884420762,71107805184.0,cell,False,True
JenaWeather-10T/tmedium,2048,0.6365636127444808,0.7160100391723763,0.8890428596228536,74037264384.0,cell,False,False
JenaWeather-10T/tmedium,2560,0.6375333888058099,0.7160100391723763,0.890397276472162,77004472320.0,cell,False,False
JenaWeather-10T/tmedium,2880,0.6362576136597575,0.7160100391723763,0.8886154925916916,78878146560.0,cell,False,False
JenaWeather-10T/tlong,native,0.6810046564859369,0.7614923703210493,0.8943026654342204,78878146560.0,cell,True,False
JenaWeather-10T/tlong,32,0.74628639034656,0.7614923703210493,0.9800313429692297,62720827392.0,cell,False,True
JenaWeather-10T/tlong,48,0.7631523969596974,0.7614923703210493,1.002179964899646,62808336384.0,cell,False,False
JenaWeather-10T/tlong,64,0.7843483661758743,0.7614923703210493,1.0300147404565443,62895882240.0,cell,False,False
JenaWeather-10T/tlong,96,0.7685408940163946,0.7614923703210493,1.0092561973961387,63071084544.0,cell,False,False
JenaWeather-10T/tlong,128,0.7296235531079805,0.7614923703210493,0.9581495252544254,63246434304.0,cell,False,True
JenaWeather-10T/tlong,192,0.7216727262073814,0.7614923703210493,0.9477084135499877,63597576192.0,cell,False,True
JenaWeather-10T/tlong,256,0.7009018265814536,0.7614923703210493,0.9204318439670638,63949307904.0,cell,False,True
JenaWeather-10T/tlong,384,0.6660887915551391,0.7614923703210493,0.8747149906102308,64654540800.0,cell,False,True
JenaWeather-10T/tlong,512,0.665256230143826,0.7614923703210493,0.8736216619785045,65362132992.0,cell,False,True
JenaWeather-10T/tlong,768,0.6576466919083742,0.7614923703210493,0.8636287342328943,66784395264.0,cell,False,True
JenaWeather-10T/tlong,1024,0.6548655297441959,0.7614923703210493,0.8599764820599595,68216094720.0,cell,False,True
JenaWeather-10T/tlong,1536,0.6548943801919189,0.7614923703210493,0.8600143687793115,71107805184.0,cell,False,False
JenaWeather-10T/tlong,2048,0.6705867907927876,0.7614923703210493,0.8806218117590129,74037264384.0,cell,False,False
JenaWeather-10T/tlong,2560,0.6788576533005637,0.7614923703210493,0.8914831976771528,77004472320.0,cell,False,False
JenaWeather-10T/tlong,2880,0.6810046559662949,0.7614923703210493,0.894302664751821,78878146560.0,cell,False,False
JenaWeather-H/tshort,native,0.5422573216930096,0.7229102185557323,0.7501032739257157,78878146560.0,cell,True,False
JenaWeather-H/tshort,32,0.6349875762799869,0.7229102185557323,0.8783768163473995,62720827392.0,cell,False,True
JenaWeather-H/tshort,48,0.6047082065681154,0.7229102185557323,0.8364914356532862,62808336384.0,cell,False,True
JenaWeather-H/tshort,64,0.5934890774838429,0.7229102185557323,0.8209720408566727,62895882240.0,cell,False,True
JenaWeather-H/tshort,96,0.5756322866949876,0.7229102185557323,0.7962707842821972,63071084544.0,cell,False,True
JenaWeather-H/tshort,128,0.5694560823470111,0.7229102185557323,0.7877272553771616,63246434304.0,cell,False,True
JenaWeather-H/tshort,192,0.5563721016583617,0.7229102185557323,0.7696282157553546,63597576192.0,cell,False,True
JenaWeather-H/tshort,256,0.5569135476553109,0.7229102185557323,0.7703771967256761,63949307904.0,cell,False,False
JenaWeather-H/tshort,384,0.5530990065117691,0.7229102185557323,0.7651005509602272,64654540800.0,cell,False,True
JenaWeather-H/tshort,512,0.546687518573957,0.7229102185557323,0.7562315548204005,65362132992.0,cell,False,True
JenaWeather-H/tshort,768,0.540654169428296,0.7229102185557323,0.7478856371797359,66784395264.0,cell,False,True
JenaWeather-H/tshort,1024,0.5431065109942581,0.7229102185557323,0.7512779554829154,68216094720.0,cell,False,False
JenaWeather-H/tshort,1536,0.5443277631283143,0.7229102185557323,0.7529673106790504,71107805184.0,cell,False,False
JenaWeather-H/tshort,2048,0.5374786034274784,0.7229102185557323,0.7434928842218902,74037264384.0,cell,False,True
JenaWeather-H/tshort,2560,0.5386317886484242,0.7229102185557323,0.7450880826176878,77004472320.0,cell,False,False
JenaWeather-H/tshort,2880,0.5422573204540398,0.7229102185557323,0.7501032722118519,78878146560.0,cell,False,False
JenaWeather-H/tmedium,native,0.8605990108218311,0.8886133410507664,0.9684741057389382,78878146560.0,cell,True,False
JenaWeather-H/tmedium,32,0.7973556963811075,0.8886133410507664,0.8973033146658043,62720827392.0,cell,False,True
JenaWeather-H/tmedium,48,0.7854724541935016,0.8886133410507664,0.8839305217550495,62808336384.0,cell,False,True
JenaWeather-H/tmedium,64,0.8004737871590137,0.8886133410507664,0.9008122545318422,62895882240.0,cell,False,False
JenaWeather-H/tmedium,96,0.8269061898976904,0.8886133410507664,0.9305579285135326,63071084544.0,cell,False,False
JenaWeather-H/tmedium,128,0.8511693505976995,0.8886133410507664,0.9578624484651669,63246434304.0,cell,False,False
JenaWeather-H/tmedium,192,0.8811388583474064,0.8886133410507664,0.9915885994975929,63597576192.0,cell,False,False
JenaWeather-H/tmedium,256,0.907746403448677,0.8886133410507664,1.0215313697353297,63949307904.0,cell,False,False
JenaWeather-H/tmedium,384,0.8360730660163693,0.8886133410507664,0.9408738619968621,64654540800.0,cell,False,False
JenaWeather-H/tmedium,512,0.875095145408322,0.8886133410507664,0.9847873141016998,65362132992.0,cell,False,False
JenaWeather-H/tmedium,768,0.9091179345608541,0.8886133410507664,1.0230748206929252,66784395264.0,cell,False,False
JenaWeather-H/tmedium,1024,0.9209623062342164,0.8886133410507664,1.0364038707152405,68216094720.0,cell,False,False
JenaWeather-H/tmedium,1536,0.9027523345333125,0.8886133410507664,1.015911300032731,71107805184.0,cell,False,False
JenaWeather-H/tmedium,2048,0.877783452108995,0.8886133410507664,0.9878125969513745,74037264384.0,cell,False,False
JenaWeather-H/tmedium,2560,0.851930609313909,0.8886133410507664,0.9587191300847668,77004472320.0,cell,False,False
JenaWeather-H/tmedium,2880,0.8605990125174234,0.8886133410507664,0.9684741076470711,78878146560.0,cell,False,False
JenaWeather-H/tlong,native,1.086742841398889,1.267717847392006,0.8572434659925116,78878146560.0,cell,True,False
JenaWeather-H/tlong,32,1.2047455433003433,1.267717847392006,0.9503262463163932,62720827392.0,cell,False,True
JenaWeather-H/tlong,48,1.2010114147518065,1.267717847392006,0.9473806945469527,62808336384.0,cell,False,True
JenaWeather-H/tlong,64,1.214418474200088,1.267717847392006,0.957956438570643,62895882240.0,cell,False,False
JenaWeather-H/tlong,96,1.1594655049201905,1.267717847392006,0.914608489030492,63071084544.0,cell,False,True
JenaWeather-H/tlong,128,1.093993827772325,1.267717847392006,0.8629631822435313,63246434304.0,cell,False,True
JenaWeather-H/tlong,192,1.0768248887654572,1.267717847392006,0.8494199959247551,63597576192.0,cell,False,True
JenaWeather-H/tlong,256,1.1118297086129203,1.267717847392006,0.8770324649922817,63949307904.0,cell,False,False
JenaWeather-H/tlong,384,1.0283275163962993,1.267717847392006,0.8111643442677808,64654540800.0,cell,False,True
JenaWeather-H/tlong,512,0.9971116921274504,1.267717847392006,0.7865407071287541,65362132992.0,cell,False,True
JenaWeather-H/tlong,768,1.022126401762036,1.267717847392006,0.8062727868545753,66784395264.0,cell,False,False
JenaWeather-H/tlong,1024,1.02682704876324,1.267717847392006,0.8099807468007687,68216094720.0,cell,False,False
JenaWeather-H/tlong,1536,1.0506238586306995,1.267717847392006,0.8287521239778078,71107805184.0,cell,False,False
JenaWeather-H/tlong,2048,1.0322280412814215,1.267717847392006,0.8142411526389389,74037264384.0,cell,False,False
JenaWeather-H/tlong,2560,1.0665799925898782,1.267717847392006,0.8413386265595962,77004472320.0,cell,False,False
JenaWeather-H/tlong,2880,1.0867428304796336,1.267717847392006,0.8572434573791947,78878146560.0,cell,False,False
JenaWeather-D/tshort,native,0.9389280976177132,1.5734140297468562,0.5967457260876057,64345715712.0,cell,True,True
JenaWeather-D/tshort,32,1.3687124231202819,1.5734140297468562,0.8698997194911828,62720827392.0,cell,False,True
JenaWeather-D/tshort,48,1.4463289069543228,1.5734140297468562,0.9192297002633313,62808336384.0,cell,False,False
JenaWeather-D/tshort,64,1.462158260073522,1.5734140297468562,0.9292902137835685,62895882240.0,cell,False,False
JenaWeather-D/tshort,96,1.3476698638288307,1.5734140297468562,0.8565258974115382,63071084544.0,cell,False,True
JenaWeather-D/tshort,128,1.394151515300433,1.5734140297468562,0.8860678047498632,63246434304.0,cell,False,False
JenaWeather-D/tshort,192,1.5763198329063355,1.5734140297468562,1.001846814064539,63597576192.0,cell,False,False
JenaWeather-D/tshort,256,1.3373181832461354,1.5734140297468562,0.8499467768577696,63949307904.0,cell,False,True
BizITObsApp/tshort,native,1.4227095250649822,2.242330238675541,0.6344781426598975,78878146560.0,cell,True,False
BizITObsApp/tshort,32,6.35964942651062,2.242330238675541,2.836178773679216,62720827392.0,cell,False,True
BizITObsApp/tshort,48,5.814553039532199,2.242330238675541,2.5930850591243124,62808336384.0,cell,False,True
BizITObsApp/tshort,64,6.197758547522246,2.242330238675541,2.763981165942366,62895882240.0,cell,False,False
BizITObsApp/tshort,96,6.082527139009525,2.242330238675541,2.7125920322076382,63071084544.0,cell,False,False
BizITObsApp/tshort,128,4.975449767739141,2.242330238675541,2.2188746697176724,63246434304.0,cell,False,True
BizITObsApp/tshort,192,5.034990506888544,2.242330238675541,2.245427734080115,63597576192.0,cell,False,False
BizITObsApp/tshort,256,4.459047451013958,2.242330238675541,1.9885774959034344,63949307904.0,cell,False,True
BizITObsApp/tshort,384,1.5103317366827613,2.242330238675541,0.6735545508117737,64654540800.0,cell,False,True
BizITObsApp/tshort,512,1.5917683960641558,2.242330238675541,0.7098724213808724,65362132992.0,cell,False,False
BizITObsApp/tshort,768,1.2831736525215258,2.242330238675541,0.5722500773478609,66784395264.0,cell,False,True
BizITObsApp/tshort,1024,1.4130459475770178,2.242330238675541,0.6301685287942468,68216094720.0,cell,False,False
BizITObsApp/tshort,1536,1.335524916468058,2.242330238675541,0.5955968899821382,71107805184.0,cell,False,False
BizITObsApp/tshort,2048,1.4227274226859716,2.242330238675541,0.6344861243660178,74037264384.0,cell,False,False
BizITObsApp/tshort,2560,1.398334285893214,2.242330238675541,0.6236076478722228,77004472320.0,cell,False,False
BizITObsApp/tshort,2880,1.4227095391715823,2.242330238675541,0.6344781489509425,78878146560.0,cell,False,False
BizITObsApp/tmedium,native,2.8563320081520827,2.6914183385868085,1.0612738893842366,78878146560.0,cell,True,False
BizITObsApp/tmedium,32,6.670368170491853,2.6914183385868085,2.478384008483157,62720827392.0,cell,False,True
BizITObsApp/tmedium,48,6.767606401624935,2.6914183385868085,2.514513000300958,62808336384.0,cell,False,False
BizITObsApp/tmedium,64,6.950288405488728,2.6914183385868085,2.5823887375078742,62895882240.0,cell,False,False
BizITObsApp/tmedium,96,6.819993240291869,2.6914183385868085,2.5339773986502836,63071084544.0,cell,False,False
BizITObsApp/tmedium,128,10.769684765194976,2.6914183385868085,4.001490444941327,63246434304.0,cell,False,False
BizITObsApp/tmedium,192,6.48087473659272,2.6914183385868085,2.407977475547578,63597576192.0,cell,False,True
BizITObsApp/tmedium,256,3.2690557976164896,2.6914183385868085,1.214621952577236,63949307904.0,cell,False,True
BizITObsApp/tmedium,384,2.708544441348807,2.6914183385868085,1.0063632258562194,64654540800.0,cell,False,True
BizITObsApp/tmedium,512,3.136612206146691,2.6914183385868085,1.1654123631310478,65362132992.0,cell,False,False
BizITObsApp/tmedium,768,2.7091405206014216,2.6914183385868085,1.006584699881297,66784395264.0,cell,False,False
BizITObsApp/tmedium,1024,2.7511218651725744,2.6914183385868085,1.0221829233047117,68216094720.0,cell,False,False
BizITObsApp/tmedium,1536,2.887712798738853,2.6914183385868085,1.0729334631252878,71107805184.0,cell,False,False
BizITObsApp/tmedium,2048,2.8864822254259184,2.6914183385868085,1.0724762420031413,74037264384.0,cell,False,False
BizITObsApp/tmedium,2560,2.835842810023558,2.6914183385868085,1.0536611010507504,77004472320.0,cell,False,False
BizITObsApp/tmedium,2880,2.856331992146947,2.6914183385868085,1.0612738834375077,78878146560.0,cell,False,False
BizITObsApp/tlong,native,3.701760477222992,3.2063450561622804,1.1545109501263975,141424066560.0,cell,True,False
BizITObsApp/tlong,32,7.32388230880742,3.2063450561622804,2.2841840726816462,125266747392.0,cell,False,True
BizITObsApp/tlong,48,7.338944605334071,3.2063450561622804,2.288881725698655,125354256384.0,cell,False,False
BizITObsApp/tlong,64,7.32277880587412,3.2063450561622804,2.2838399104302445,125441802240.0,cell,False,True
BizITObsApp/tlong,96,7.341582702874018,3.2063450561622804,2.289704499758757,125617004544.0,cell,False,False
BizITObsApp/tlong,128,7.474223046890832,3.2063450561622804,2.3310725813886153,125792354304.0,cell,False,False
BizITObsApp/tlong,192,7.062712633154754,3.2063450561622804,2.2027300585072442,126143496192.0,cell,False,True
BizITObsApp/tlong,256,4.034216770593541,3.2063450561622804,1.2581979481092256,126495227904.0,cell,False,True
BizITObsApp/tlong,384,3.3974373581819397,3.2063450561622804,1.059598171336051,127200460800.0,cell,False,True
BizITObsApp/tlong,512,3.268608980675525,3.2063450561622804,1.019418971889373,127908052992.0,cell,False,True
BizITObsApp/tlong,768,3.357304369858738,3.2063450561622804,1.047081431053819,129330315264.0,cell,False,False
BizITObsApp/tlong,1024,3.662668050825519,3.2063450561622804,1.1423187419539362,130762014720.0,cell,False,False
BizITObsApp/tlong,1536,3.6031253153892986,3.2063450561622804,1.1237484588455149,133653725184.0,cell,False,False
BizITObsApp/tlong,2048,3.7592984263033165,3.2063450561622804,1.1724559772749081,136583184384.0,cell,False,False
BizITObsApp/tlong,2560,3.623900722508756,3.2063450561622804,1.13022792588838,139550392320.0,cell,False,False
BizITObsApp/tlong,2880,3.7017606316581175,3.2063450561622804,1.1545109982918704,141424066560.0,cell,False,False
BizITObsService/tshort,native,0.8402291906488046,1.225305042620374,0.6857306233327286,78878146560.0,cell,True,False
BizITObsService/tshort,32,3.486657006560201,1.225305042620374,2.845542036702809,62720827392.0,cell,False,True
BizITObsService/tshort,48,3.3018945212042956,1.225305042620374,2.694753066667411,62808336384.0,cell,False,True
BizITObsService/tshort,64,3.450296892766666,1.225305042620374,2.8158677004936172,62895882240.0,cell,False,False
BizITObsService/tshort,96,3.4758203898255684,1.225305042620374,2.836698021247312,63071084544.0,cell,False,False
BizITObsService/tshort,128,2.739717448117372,1.225305042620374,2.235947256250863,63246434304.0,cell,False,True
BizITObsService/tshort,192,2.916161147324876,1.225305042620374,2.3799470710481407,63597576192.0,cell,False,False
BizITObsService/tshort,256,2.585144120132945,1.225305042620374,2.1097963610795967,63949307904.0,cell,False,True
BizITObsService/tshort,384,0.95638274377714,1.225305042620374,0.7805262449029585,64654540800.0,cell,False,True
BizITObsService/tshort,512,1.0459763632026036,1.225305042620374,0.8536456856210537,65362132992.0,cell,False,False
BizITObsService/tshort,768,0.8352163466392822,1.225305042620374,0.6816395245163863,66784395264.0,cell,False,True
BizITObsService/tshort,1024,0.8830773060404954,1.225305042620374,0.72069996884367,68216094720.0,cell,False,False
BizITObsService/tshort,1536,0.8263061847563871,1.225305042620374,0.6743677337598247,71107805184.0,cell,False,True
BizITObsService/tshort,2048,0.8534427984156938,1.225305042620374,0.696514556563454,74037264384.0,cell,False,False
BizITObsService/tshort,2560,0.8415088673844475,1.225305042620374,0.6867749973384915,77004472320.0,cell,False,False
BizITObsService/tshort,2880,0.8402291854381211,1.225305042620374,0.6857306190801683,78878146560.0,cell,False,False
BizITObsService/tmedium,native,1.2686911040208233,1.3205790727650968,0.9607081697609915,78878146560.0,cell,True,False
BizITObsService/tmedium,32,3.7595698259789856,1.3205790727650968,2.8469100438696215,62720827392.0,cell,False,True
BizITObsService/tmedium,48,3.764080649083399,1.3205790727650968,2.8503258356214687,62808336384.0,cell,False,False
BizITObsService/tmedium,64,3.7836011254287865,1.3205790727650968,2.8651075906469474,62895882240.0,cell,False,False
BizITObsService/tmedium,96,4.50024123829213,1.3205790727650968,3.4077787018609134,63071084544.0,cell,False,False
BizITObsService/tmedium,128,5.347645862484451,1.3205790727650968,4.0494703973214365,63246434304.0,cell,False,False
BizITObsService/tmedium,192,4.343384586946828,1.3205790727650968,3.2890000125872243,63597576192.0,cell,False,False
BizITObsService/tmedium,256,2.9241940756020055,1.3205790727650968,2.214327135655101,63949307904.0,cell,False,True
BizITObsService/tmedium,384,1.4016143824062224,1.3205790727650968,1.0613634664613074,64654540800.0,cell,False,True
BizITObsService/tmedium,512,1.5745640343635718,1.3205790727650968,1.1923284768299927,65362132992.0,cell,False,False
BizITObsService/tmedium,768,1.2686861839032793,1.3205790727650968,0.9607044440336605,66784395264.0,cell,False,True
BizITObsService/tmedium,1024,1.2546075735081903,1.3205790727650968,0.9500435069603428,68216094720.0,cell,False,True
BizITObsService/tmedium,1536,1.2660591389662805,1.3205790727650968,0.9587151311699499,71107805184.0,cell,False,False
BizITObsService/tmedium,2048,1.2878987138192552,1.3205790727650968,0.9752530086082511,74037264384.0,cell,False,False
BizITObsService/tmedium,2560,1.2624368257929548,1.3205790727650968,0.9559721578425434,77004472320.0,cell,False,False
BizITObsService/tmedium,2880,1.2686910974891334,1.3205790727650968,0.9607081648149114,78878146560.0,cell,False,False
BizITObsService/tlong,native,1.4554776979956283,1.367193469742303,1.064573324995449,141424066560.0,cell,True,False
BizITObsService/tlong,32,3.7917126515378157,1.367193469742303,2.7733548582941236,125266747392.0,cell,False,True
BizITObsService/tlong,48,3.7637763572471434,1.367193469742303,2.752921543690933,125354256384.0,cell,False,True
BizITObsService/tlong,64,3.743609096579081,1.367193469742303,2.7381706974395508,125441802240.0,cell,False,True
BizITObsService/tlong,96,3.7386310903984006,1.367193469742303,2.734529657388636,125617004544.0,cell,False,True
BizITObsService/tlong,128,3.696610923240539,1.367193469742303,2.703795040754034,125792354304.0,cell,False,True
BizITObsService/tlong,192,5.179401881102963,1.367193469742303,3.7883459771638677,126143496192.0,cell,False,False
BizITObsService/tlong,256,1.7485019452985662,1.367193469742303,1.2788986957552793,126495227904.0,cell,False,True
BizITObsService/tlong,384,1.5929358679481238,1.367193469742303,1.1651137188713827,127200460800.0,cell,False,True
BizITObsService/tlong,512,1.435166375591617,1.367193469742303,1.0497171083344379,127908052992.0,cell,False,True
BizITObsService/tlong,768,1.4549330454039457,1.367193469742303,1.0641749522678605,129330315264.0,cell,False,False
BizITObsService/tlong,1024,1.4654073642438092,1.367193469742303,1.0718361348814944,130762014720.0,cell,False,False
BizITObsService/tlong,1536,1.4211892537133521,1.367193469742303,1.0394938866854204,133653725184.0,cell,False,True
BizITObsService/tlong,2048,1.4820076132197904,1.367193469742303,1.083977978258723,136583184384.0,cell,False,False
BizITObsService/tlong,2560,1.4268243256568875,1.367193469742303,1.043615521310107,139550392320.0,cell,False,False
BizITObsService/tlong,2880,1.4554777138859123,1.367193469742303,1.0645733366180061,141424066560.0,cell,False,False
BizITObsL2C-5T/tshort,native,0.2488992004694758,0.9860210805885202,0.25242786931179695,78878146560.0,cell,True,False
BizITObsL2C-5T/tshort,32,0.36281681188827014,0.9860210805885202,0.36796050209364484,62720827392.0,cell,False,True
BizITObsL2C-5T/tshort,48,0.36720828981761827,0.9860210805885202,0.3724142384445219,62808336384.0,cell,False,False
BizITObsL2C-5T/tshort,64,0.3741643005427747,0.9860210805885202,0.37946886522897627,62895882240.0,cell,False,False
BizITObsL2C-5T/tshort,96,0.3731979379731608,0.9860210805885202,0.3784888024406258,63071084544.0,cell,False,False
BizITObsL2C-5T/tshort,128,0.3669977521977907,0.9860210805885202,0.3722007160118149,63246434304.0,cell,False,False
BizITObsL2C-5T/tshort,192,0.33980865767896423,0.9860210805885202,0.34462615898246796,63597576192.0,cell,False,True
BizITObsL2C-5T/tshort,256,0.3157809213219346,0.9860210805885202,0.3202577790055527,63949307904.0,cell,False,True
BizITObsL2C-5T/tshort,384,0.29950938554034945,0.9860210805885202,0.30375556003486576,64654540800.0,cell,False,True
BizITObsL2C-5T/tshort,512,0.29880698294023145,0.9860210805885202,0.3030431994028813,65362132992.0,cell,False,True
BizITObsL2C-5T/tshort,768,0.30361054488204964,0.9860210805885202,0.30791486192246065,66784395264.0,cell,False,False
BizITObsL2C-5T/tshort,1024,0.2973050230614608,0.9860210805885202,0.3015199460887897,68216094720.0,cell,False,True
BizITObsL2C-5T/tshort,1536,0.2843591988562897,0.9860210805885202,0.2883905876399377,71107805184.0,cell,False,True
BizITObsL2C-5T/tshort,2048,0.25512033269270357,0.9860210805885202,0.25873719914835036,74037264384.0,cell,False,True
BizITObsL2C-5T/tshort,2560,0.2519208640328221,0.9860210805885202,0.25549237130149355,77004472320.0,cell,False,True
BizITObsL2C-5T/tshort,2880,0.24889919963204146,0.9860210805885202,0.2524278684624902,78878146560.0,cell,False,True
BizITObsL2C-5T/tmedium,native,0.5306434048849016,1.2435997989335994,0.42669949395290524,78878146560.0,cell,True,False
BizITObsL2C-5T/tmedium,32,0.8938602655394198,1.2435997989335994,0.718768422370215,62720827392.0,cell,False,True
BizITObsL2C-5T/tmedium,48,0.9537203740989292,1.2435997989335994,0.7669029658228917,62808336384.0,cell,False,False
BizITObsL2C-5T/tmedium,64,0.9842619199521611,1.2435997989335994,0.7914619484469011,62895882240.0,cell,False,False
BizITObsL2C-5T/tmedium,96,1.0457078172009828,1.2435997989335994,0.8408716518752165,63071084544.0,cell,False,False
BizITObsL2C-5T/tmedium,128,1.0760518835297699,1.2435997989335994,0.8652718378151044,63246434304.0,cell,False,False
BizITObsL2C-5T/tmedium,192,1.0374321037920846,1.2435997989335994,0.8342170083025858,63597576192.0,cell,False,False
BizITObsL2C-5T/tmedium,256,1.0282121599035599,1.2435997989335994,0.8268030927515936,63949307904.0,cell,False,False
BizITObsL2C-5T/tmedium,384,1.0521565908444137,1.2435997989335994,0.8460572217417932,64654540800.0,cell,False,False
BizITObsL2C-5T/tmedium,512,1.0390232245847715,1.2435997989335994,0.8354964559143105,65362132992.0,cell,False,False
BizITObsL2C-5T/tmedium,768,0.9992858839154303,1.2435997989335994,0.8035429764240305,66784395264.0,cell,False,False
BizITObsL2C-5T/tmedium,1024,0.964128651005669,1.2435997989335994,0.775272440404397,68216094720.0,cell,False,False
BizITObsL2C-5T/tmedium,1536,0.7492685495693524,1.2435997989335994,0.6024997352137388,71107805184.0,cell,False,True
BizITObsL2C-5T/tmedium,2048,0.4608308463400668,1.2435997989335994,0.3705620141907665,74037264384.0,cell,False,True
BizITObsL2C-5T/tmedium,2560,0.5286180564444989,1.2435997989335994,0.42507087641683017,77004472320.0,cell,False,False
BizITObsL2C-5T/tmedium,2880,0.5306434084500915,1.2435997989335994,0.42669949681973585,78878146560.0,cell,False,False
BizITObsL2C-5T/tlong,native,0.6348490628476526,1.4542830442631411,0.4365374851560063,78878146560.0,cell,True,False
BizITObsL2C-5T/tlong,32,1.246885316534275,1.4542830442631411,0.8573883340337295,62720827392.0,cell,False,True
BizITObsL2C-5T/tlong,48,1.2634490127395814,1.4542830442631411,0.8687779299384929,62808336384.0,cell,False,False
BizITObsL2C-5T/tlong,64,1.2779814195333323,1.4542830442631411,0.8787707623868106,62895882240.0,cell,False,False
BizITObsL2C-5T/tlong,96,1.3034492607484756,1.4542830442631411,0.8962830625649697,63071084544.0,cell,False,False
BizITObsL2C-5T/tlong,128,1.3078482231821507,1.4542830442631411,0.8993078949392644,63246434304.0,cell,False,False
BizITObsL2C-5T/tlong,192,1.3238045506738325,1.4542830442631411,0.9102798495079617,63597576192.0,cell,False,False
BizITObsL2C-5T/tlong,256,1.345261965832988,1.4542830442631411,0.9250344842702941,63949307904.0,cell,False,False
BizITObsL2C-5T/tlong,384,1.3476072088327369,1.4542830442631411,0.9266471297652686,64654540800.0,cell,False,False
BizITObsL2C-5T/tlong,512,1.301734016233502,1.4542830442631411,0.8951036191810013,65362132992.0,cell,False,False
BizITObsL2C-5T/tlong,768,1.2777852800520928,1.4542830442631411,0.8786358921619164,66784395264.0,cell,False,False
BizITObsL2C-5T/tlong,1024,1.244940189442407,1.4542830442631411,0.8560508178606976,68216094720.0,cell,False,True
BizITObsL2C-5T/tlong,1536,0.7696345201334244,1.4542830442631411,0.5292192074778567,71107805184.0,cell,False,True
BizITObsL2C-5T/tlong,2048,0.4875452264472321,1.4542830442631411,0.3352478242598657,74037264384.0,cell,False,True
BizITObsL2C-5T/tlong,2560,0.5821933327793218,1.4542830442631411,0.4003301386727703,77004472320.0,cell,False,False
BizITObsL2C-5T/tlong,2880,0.6348490625777847,1.4542830442631411,0.43653748497043865,78878146560.0,cell,False,False
BizITObsL2C-H/tshort,native,0.4768462259644376,1.214064126760004,0.39276856588869496,76678579200.0,cell,True,True
BizITObsL2C-H/tshort,32,1.0789499619693639,1.214064126760004,0.8887092025762906,62720827392.0,cell,False,True
BizITObsL2C-H/tshort,48,1.1100693083178288,1.214064126760004,0.9143415770633894,62808336384.0,cell,False,False
BizITObsL2C-H/tshort,64,1.111905458239996,1.214064126760004,0.9158539765171707,62895882240.0,cell,False,False
BizITObsL2C-H/tshort,96,1.0620744671992124,1.214064126760004,0.8748091997690358,63071084544.0,cell,False,True
BizITObsL2C-H/tshort,128,0.9470505179363701,1.214064126760004,0.7800663054461396,63246434304.0,cell,False,True
BizITObsL2C-H/tshort,192,0.8048988811681057,1.214064126760004,0.662978885074345,63597576192.0,cell,False,True
BizITObsL2C-H/tshort,256,0.790923555289915,1.214064126760004,0.6514676925679928,63949307904.0,cell,False,True
BizITObsL2C-H/tshort,384,0.6942825384690332,1.214064126760004,0.5718664468917949,64654540800.0,cell,False,True
BizITObsL2C-H/tshort,512,0.5706591169086158,1.214064126760004,0.47004034163462566,65362132992.0,cell,False,True
BizITObsL2C-H/tshort,768,0.5066957666182731,1.214064126760004,0.4173550271767783,66784395264.0,cell,False,True
BizITObsL2C-H/tshort,1024,0.4853365334698945,1.214064126760004,0.39976185999756153,68216094720.0,cell,False,True
BizITObsL2C-H/tshort,1536,0.47745033687400507,1.214064126760004,0.39326615979354057,71107805184.0,cell,False,True
BizITObsL2C-H/tshort,2048,0.48090573980371776,1.214064126760004,0.39611230511119705,74037264384.0,cell,False,False
BizITObsL2C-H/tshort,2560,0.4817751483311999,1.214064126760004,0.39682841928368506,77004472320.0,cell,False,False
BizITObsL2C-H/tmedium,native,0.5537128304268332,1.5102861226255864,0.3666277681637042,74867976192.0,cell,True,True
BizITObsL2C-H/tmedium,32,1.2799519965518016,1.5102861226255864,0.8474897420937988,62720827392.0,cell,False,True
BizITObsL2C-H/tmedium,48,1.2062236914471465,1.5102861226255864,0.7986723001534063,62808336384.0,cell,False,True
BizITObsL2C-H/tmedium,64,1.232104226710593,1.5102861226255864,0.8158084804279453,62895882240.0,cell,False,False
BizITObsL2C-H/tmedium,96,1.1004946522793606,1.5102861226255864,0.7286663340097334,63071084544.0,cell,False,True
BizITObsL2C-H/tmedium,128,1.0646052771800312,1.5102861226255864,0.7049030387230516,63246434304.0,cell,False,True
BizITObsL2C-H/tmedium,192,0.9149670689418693,1.5102861226255864,0.6058236616457993,63597576192.0,cell,False,True
BizITObsL2C-H/tmedium,256,0.8895284130338745,1.5102861226255864,0.5889800612664416,63949307904.0,cell,False,True
BizITObsL2C-H/tmedium,384,0.7291011604487037,1.5102861226255864,0.48275697533470247,64654540800.0,cell,False,True
BizITObsL2C-H/tmedium,512,0.6059933127082185,1.5102861226255864,0.40124404484013776,65362132992.0,cell,False,True
BizITObsL2C-H/tmedium,768,0.577781470283597,1.5102861226255864,0.3825642450313597,66784395264.0,cell,False,True
BizITObsL2C-H/tmedium,1024,0.557238383780257,1.5102861226255864,0.36896212938215645,68216094720.0,cell,False,True
BizITObsL2C-H/tmedium,1536,0.5593646106875929,1.5102861226255864,0.3703699599087586,71107805184.0,cell,False,False
BizITObsL2C-H/tmedium,2048,0.5572961390375538,1.5102861226255864,0.3690003706507688,74037264384.0,cell,False,False
BizITObsL2C-H/tlong,native,0.6633208678889713,1.4260541525613812,0.4651442350190977,73485115392.0,cell,True,False
BizITObsL2C-H/tlong,32,1.3329676821503287,1.4260541525613812,0.9347244491074501,62720827392.0,cell,False,True
BizITObsL2C-H/tlong,48,1.2627994997211383,1.4260541525613812,0.8855200186142889,62808336384.0,cell,False,True
BizITObsL2C-H/tlong,64,1.130903331274816,1.4260541525613812,0.7930297241823282,62895882240.0,cell,False,True
BizITObsL2C-H/tlong,96,0.9436386645166988,1.4260541525613812,0.6617130652589871,63071084544.0,cell,False,True
BizITObsL2C-H/tlong,128,1.0294976428411817,1.4260541525613812,0.7219204410940975,63246434304.0,cell,False,False
BizITObsL2C-H/tlong,192,0.9911214854406669,1.4260541525613812,0.6950097117002759,63597576192.0,cell,False,False
BizITObsL2C-H/tlong,256,0.788394083121358,1.4260541525613812,0.5528500314699117,63949307904.0,cell,False,True
BizITObsL2C-H/tlong,384,0.724808012384366,1.4260541525613812,0.5082612122986461,64654540800.0,cell,False,True
BizITObsL2C-H/tlong,512,0.6743795079362064,1.4260541525613812,0.4728989475784856,65362132992.0,cell,False,True
BizITObsL2C-H/tlong,768,0.6529888294772316,1.4260541525613812,0.45789904142446314,66784395264.0,cell,False,True
BizITObsL2C-H/tlong,1024,0.6779077587353654,1.4260541525613812,0.47537308279475476,68216094720.0,cell,False,False
BizITObsL2C-H/tlong,1536,0.6589469291332454,1.4260541525613812,0.46207707326519815,71107805184.0,cell,False,False
BitbrainsFS-5T/tshort,native,0.7394404259951755,1.1360241737534569,0.6509020169456806,78878146560.0,cell,True,False
BitbrainsFS-5T/tshort,32,0.9941593693627054,1.1360241737534569,0.8751216675944262,62720827392.0,cell,False,True
BitbrainsFS-5T/tshort,48,0.8932275564207367,1.1360241737534569,0.786275131337643,62808336384.0,cell,False,True
BitbrainsFS-5T/tshort,64,0.8593722149176549,1.1360241737534569,0.7564735282685615,62895882240.0,cell,False,True
BitbrainsFS-5T/tshort,96,0.8887517765886835,1.1360241737534569,0.7823352681415413,63071084544.0,cell,False,False
BitbrainsFS-5T/tshort,128,0.8255908725656224,1.1360241737534569,0.7267370639111016,63246434304.0,cell,False,True
BitbrainsFS-5T/tshort,192,0.8162622620131416,1.1360241737534569,0.7185254335884309,63597576192.0,cell,False,True
BitbrainsFS-5T/tshort,256,0.8053490109044673,1.1360241737534569,0.7089189028817677,63949307904.0,cell,False,True
BitbrainsFS-5T/tshort,384,0.7737155357484639,1.1360241737534569,0.6810731264565306,64654540800.0,cell,False,True
BitbrainsFS-5T/tshort,512,0.7661832231722125,1.1360241737534569,0.6744427107045803,65362132992.0,cell,False,True
BitbrainsFS-5T/tshort,768,0.74321946798571,1.1360241737534569,0.6542285676281794,66784395264.0,cell,False,True
BitbrainsFS-5T/tshort,1024,0.7402730176167163,1.1360241737534569,0.6516349165095957,68216094720.0,cell,False,True
BitbrainsFS-5T/tshort,1536,0.7388018032416862,1.1360241737534569,0.6503398609913938,71107805184.0,cell,False,True
BitbrainsFS-5T/tshort,2048,0.7388510765724144,1.1360241737534569,0.6503832344792708,74037264384.0,cell,False,False
BitbrainsFS-5T/tshort,2560,0.738375418579022,1.1360241737534569,0.6499645303668214,77004472320.0,cell,False,True
BitbrainsFS-5T/tshort,2880,0.7394404252647184,1.1360241737534569,0.6509020163026864,78878146560.0,cell,False,False
BitbrainsFS-5T/tmedium,native,1.1046079468594383,1.2202713595882653,0.9052150066294654,78878146560.0,cell,True,False
BitbrainsFS-5T/tmedium,32,1.1791019531174,1.2202713595882653,0.9662620890448856,62720827392.0,cell,False,True
BitbrainsFS-5T/tmedium,48,1.1924496269640794,1.2202713595882653,0.9772003723552332,62808336384.0,cell,False,False
BitbrainsFS-5T/tmedium,64,1.1907018028810439,1.2202713595882653,0.9757680482501871,62895882240.0,cell,False,False
BitbrainsFS-5T/tmedium,96,1.178898504612156,1.2202713595882653,0.9660953650587448,63071084544.0,cell,False,True
BitbrainsFS-5T/tmedium,128,1.152157590044563,1.2202713595882653,0.9441814568468733,63246434304.0,cell,False,True
BitbrainsFS-5T/tmedium,192,1.1165492974864404,1.2202713595882653,0.9150008223278944,63597576192.0,cell,False,True
BitbrainsFS-5T/tmedium,256,1.0899193850282822,1.2202713595882653,0.893177879218631,63949307904.0,cell,False,True
BitbrainsFS-5T/tmedium,384,1.0768462080413301,1.2202713595882653,0.8824645433001652,64654540800.0,cell,False,True
BitbrainsFS-5T/tmedium,512,1.0734859889737258,1.2202713595882653,0.8797108778623907,65362132992.0,cell,False,True
BitbrainsFS-5T/tmedium,768,1.068412434474136,1.2202713595882653,0.8755531514192315,66784395264.0,cell,False,True
BitbrainsFS-5T/tmedium,1024,1.0774752720906229,1.2202713595882653,0.8829800549069483,68216094720.0,cell,False,False
BitbrainsFS-5T/tmedium,1536,1.0898832512608951,1.2202713595882653,0.8931482679628204,71107805184.0,cell,False,False
BitbrainsFS-5T/tmedium,2048,1.0900016968849753,1.2202713595882653,0.893245332950169,74037264384.0,cell,False,False
BitbrainsFS-5T/tmedium,2560,1.0965397460187347,1.2202713595882653,0.8986031978892964,77004472320.0,cell,False,False
BitbrainsFS-5T/tmedium,2880,1.1046079446956159,1.2202713595882653,0.9052150048562349,78878146560.0,cell,False,False
BitbrainsFS-5T/tlong,native,1.0103890299005405,1.1366422318753115,0.8889244140027511,78878146560.0,cell,True,False
BitbrainsFS-5T/tlong,32,1.2240810819389703,1.1366422318753115,1.0769273282406515,62720827392.0,cell,False,True
BitbrainsFS-5T/tlong,48,1.1900394726529842,1.1366422318753115,1.0469780545542233,62808336384.0,cell,False,True
BitbrainsFS-5T/tlong,64,1.1554434298424805,1.1366422318753115,1.0165409989528098,62895882240.0,cell,False,True
BitbrainsFS-5T/tlong,96,1.1086281324422962,1.1366422318753115,0.9753536349016385,63071084544.0,cell,False,True
BitbrainsFS-5T/tlong,128,1.0841240148756703,1.1366422318753115,0.9537952967725007,63246434304.0,cell,False,True
BitbrainsFS-5T/tlong,192,1.063549704819982,1.1366422318753115,0.9356943416269723,63597576192.0,cell,False,True
BitbrainsFS-5T/tlong,256,1.0437970912340495,1.1366422318753115,0.9183163021418976,63949307904.0,cell,False,True
BitbrainsFS-5T/tlong,384,1.043837742321785,1.1366422318753115,0.9183520663310115,64654540800.0,cell,False,False
BitbrainsFS-5T/tlong,512,1.0119087282688395,1.1366422318753115,0.8902614207808572,65362132992.0,cell,False,True
BitbrainsFS-5T/tlong,768,1.0025029341209568,1.1366422318753115,0.8819863506804226,66784395264.0,cell,False,True
BitbrainsFS-5T/tlong,1024,1.0012400576687286,1.1366422318753115,0.8808752917941585,68216094720.0,cell,False,True
BitbrainsFS-5T/tlong,1536,1.0039911793669802,1.1366422318753115,0.883295685495097,71107805184.0,cell,False,False
BitbrainsFS-5T/tlong,2048,0.9984700760608269,1.1366422318753115,0.8784383054406499,74037264384.0,cell,False,True
BitbrainsFS-5T/tlong,2560,1.0078793748852746,1.1366422318753115,0.8867164589005329,77004472320.0,cell,False,False
BitbrainsFS-5T/tlong,2880,1.0103890315337154,1.1366422318753115,0.8889244154395928,78878146560.0,cell,False,False
BitbrainsFS-H/tshort,native,1.1495182431860729,1.298512456963805,0.8852577709372832,66205504512.0,cell,True,False
BitbrainsFS-H/tshort,32,1.2981073284974316,1.298512456963805,0.9996880057143844,62720827392.0,cell,False,True
BitbrainsFS-H/tshort,48,1.2754673194731014,1.298512456963805,0.9822526635250094,62808336384.0,cell,False,True
BitbrainsFS-H/tshort,64,1.2614603752566078,1.298512456963805,0.9714657479730054,62895882240.0,cell,False,True
BitbrainsFS-H/tshort,96,1.2321780086799454,1.298512456963805,0.9489150466534889,63071084544.0,cell,False,True
BitbrainsFS-H/tshort,128,1.1834361669212796,1.298512456963805,0.9113783703611147,63246434304.0,cell,False,True
BitbrainsFS-H/tshort,192,1.1382354890565956,1.298512456963805,0.8765687868085835,63597576192.0,cell,False,True
BitbrainsFS-H/tshort,256,1.1497157996147396,1.298512456963805,0.885409911509834,63949307904.0,cell,False,False
BitbrainsFS-H/tshort,384,1.1476503470069395,1.298512456963805,0.8838192817113109,64654540800.0,cell,False,False
BitbrainsFS-H/tshort,512,1.1423197980679236,1.298512456963805,0.8797141621104717,65362132992.0,cell,False,False
BitbrainsRnD-5T/tshort,native,1.7155429456530555,1.970812637671696,0.8704749060670657,78878146560.0,cell,True,False
BitbrainsRnD-5T/tshort,32,2.0308037211862406,1.970812637671696,1.0304397700561825,62720827392.0,cell,False,True
BitbrainsRnD-5T/tshort,48,2.032096586671276,1.970812637671696,1.0310957763453257,62808336384.0,cell,False,False
BitbrainsRnD-5T/tshort,64,2.023210445425785,1.970812637671696,1.0265869046871912,62895882240.0,cell,False,True
BitbrainsRnD-5T/tshort,96,1.9634904326208766,1.970812637671696,0.9962846772387913,63071084544.0,cell,False,True
BitbrainsRnD-5T/tshort,128,1.9519698403764625,1.970812637671696,0.9904390722207392,63246434304.0,cell,False,True
BitbrainsRnD-5T/tshort,192,1.9237052695157768,1.970812637671696,0.9760974903166993,63597576192.0,cell,False,True
BitbrainsRnD-5T/tshort,256,1.8839306404023066,1.970812637671696,0.9559156483936336,63949307904.0,cell,False,True
BitbrainsRnD-5T/tshort,384,1.7703772389544847,1.970812637671696,0.8982980954729395,64654540800.0,cell,False,True
BitbrainsRnD-5T/tshort,512,1.7743229155686964,1.970812637671696,0.9003001511421547,65362132992.0,cell,False,False
BitbrainsRnD-5T/tshort,768,1.7353820244354021,1.970812637671696,0.8805413519600576,66784395264.0,cell,False,True
BitbrainsRnD-5T/tshort,1024,1.7123224037485754,1.970812637671696,0.8688407873066518,68216094720.0,cell,False,True
BitbrainsRnD-5T/tshort,1536,1.7023256757371266,1.970812637671696,0.8637683984755862,71107805184.0,cell,False,True
BitbrainsRnD-5T/tshort,2048,1.7064900033570027,1.970812637671696,0.8658813987376486,74037264384.0,cell,False,False
BitbrainsRnD-5T/tshort,2560,1.7135439572084916,1.970812637671696,0.8694606095244347,77004472320.0,cell,False,False
BitbrainsRnD-5T/tshort,2880,1.7155428960753916,1.970812637671696,0.8704748809111158,78878146560.0,cell,False,False
BitbrainsRnD-5T/tmedium,native,4.563795838120676,4.542392314855541,1.0047119495150465,78878146560.0,cell,True,False
BitbrainsRnD-5T/tmedium,32,4.718960047322456,4.542392314855541,1.0388710882345993,62720827392.0,cell,False,True
BitbrainsRnD-5T/tmedium,48,4.721522250352821,4.542392314855541,1.039435152906421,62808336384.0,cell,False,False
BitbrainsRnD-5T/tmedium,64,4.726762698807772,4.542392314855541,1.0405888287872584,62895882240.0,cell,False,False
BitbrainsRnD-5T/tmedium,96,4.7492403652116675,4.542392314855541,1.045537249101018,63071084544.0,cell,False,False
BitbrainsRnD-5T/tmedium,128,4.713945533941361,4.542392314855541,1.037767151578865,63246434304.0,cell,False,True
BitbrainsRnD-5T/tmedium,192,4.670006138704008,4.542392314855541,1.0280939678924508,63597576192.0,cell,False,True
BitbrainsRnD-5T/tmedium,256,4.644884795960394,4.542392314855541,1.0225635466953524,63949307904.0,cell,False,True
BitbrainsRnD-5T/tmedium,384,4.651893270054305,4.542392314855541,1.024106450435963,64654540800.0,cell,False,False
BitbrainsRnD-5T/tmedium,512,4.540598887149054,4.542392314855541,0.9996051799179428,65362132992.0,cell,False,True
BitbrainsRnD-5T/tmedium,768,4.533737593641006,4.542392314855541,0.9980946777348512,66784395264.0,cell,False,True
BitbrainsRnD-5T/tmedium,1024,4.5333593976448325,4.542392314855541,0.9980114185247349,68216094720.0,cell,False,True
BitbrainsRnD-5T/tmedium,1536,4.539577168080269,4.542392314855541,0.999380250189737,71107805184.0,cell,False,False
BitbrainsRnD-5T/tmedium,2048,4.541902036920666,4.542392314855541,0.9998920661402865,74037264384.0,cell,False,False
BitbrainsRnD-5T/tmedium,2560,4.557702956669027,4.542392314855541,1.0033706119489973,77004472320.0,cell,False,False
BitbrainsRnD-5T/tmedium,2880,4.563795783112521,4.542392314855541,1.0047119374050941,78878146560.0,cell,False,False
BitbrainsRnD-5T/tlong,native,3.5219143578778054,3.501257904408163,1.00589972348042,78878146560.0,cell,True,False
BitbrainsRnD-5T/tlong,32,3.6963274007260525,3.501257904408163,1.0557141180809024,62720827392.0,cell,False,True
BitbrainsRnD-5T/tlong,48,3.694120954892315,3.501257904408163,1.0550839314754086,62808336384.0,cell,False,True
BitbrainsRnD-5T/tlong,64,3.682845225583318,3.501257904408163,1.0518634519743697,62895882240.0,cell,False,True
BitbrainsRnD-5T/tlong,96,3.7083667213027103,3.501257904408163,1.0591526881335398,63071084544.0,cell,False,False
BitbrainsRnD-5T/tlong,128,3.71657317737411,3.501257904408163,1.0614965474822236,63246434304.0,cell,False,False
BitbrainsRnD-5T/tlong,192,3.67341109389598,3.501257904408163,1.0491689541838871,63597576192.0,cell,False,True
BitbrainsRnD-5T/tlong,256,3.647738125162732,3.501257904408163,1.0418364555693391,63949307904.0,cell,False,True
BitbrainsRnD-5T/tlong,384,3.584687380376143,3.501257904408163,1.023828429166255,64654540800.0,cell,False,True
BitbrainsRnD-5T/tlong,512,3.543282686595728,3.501257904408163,1.0120027668155078,65362132992.0,cell,False,True
BitbrainsRnD-5T/tlong,768,3.5114749292088443,3.501257904408163,1.0029181011738146,66784395264.0,cell,False,True
BitbrainsRnD-5T/tlong,1024,3.5029464663082983,3.501257904408163,1.0004822729276839,68216094720.0,cell,False,True
BitbrainsRnD-5T/tlong,1536,3.5159913563543097,3.501257904408163,1.0042080453221105,71107805184.0,cell,False,False
BitbrainsRnD-5T/tlong,2048,3.5258759469034326,3.501257904408163,1.007031199405298,74037264384.0,cell,False,False
BitbrainsRnD-5T/tlong,2560,3.515290442953967,3.501257904408163,1.004007856298771,77004472320.0,cell,False,False
BitbrainsRnD-5T/tlong,2880,3.521914411219321,3.501257904408163,1.0058997387153774,78878146560.0,cell,False,False
BitbrainsRnD-H/tshort,native,5.981218522104205,6.0373618687533925,0.9907006822069488,66116576256.0,cell,True,False
BitbrainsRnD-H/tshort,32,6.086594011658457,6.0373618687533925,1.0081545787672372,62720827392.0,cell,False,True
BitbrainsRnD-H/tshort,48,6.072004185395659,6.0373618687533925,1.0057379891077192,62808336384.0,cell,False,True
BitbrainsRnD-H/tshort,64,6.098115909017654,6.0373618687533925,1.0100630112265916,62895882240.0,cell,False,False
BitbrainsRnD-H/tshort,96,6.048538699781116,6.0373618687533925,1.0018512773079862,63071084544.0,cell,False,True
BitbrainsRnD-H/tshort,128,6.090069011934351,6.0373618687533925,1.0087301613397974,63246434304.0,cell,False,False
BitbrainsRnD-H/tshort,192,6.108388694819862,6.0373618687533925,1.0117645467690237,63597576192.0,cell,False,False
BitbrainsRnD-H/tshort,256,6.106348071244863,6.0373618687533925,1.0114265475535782,63949307904.0,cell,False,False
BitbrainsRnD-H/tshort,384,5.993689314504713,6.0373618687533925,0.9927662851427361,64654540800.0,cell,False,True
BitbrainsRnD-H/tshort,512,5.9536739117421975,6.0373618687533925,0.9861383235210192,65362132992.0,cell,False,True
Restaurant/tshort,native,0.7040603366875262,1.0060757450046092,0.6998084788181637,64377066926.156136,cell,True,False
Restaurant/tshort,32,0.7596936952618217,1.0060757450046092,0.7551058645771659,62720827392.0,cell,False,True
Restaurant/tshort,48,0.7409677834598579,1.0060757450046092,0.7364930395538591,62808336384.0,cell,False,True
Restaurant/tshort,64,0.7245599366886362,1.0060757450046092,0.7201842806431207,62895882240.0,cell,False,True
Restaurant/tshort,96,0.7277432889984692,1.0060757450046092,0.723348408518819,63071084544.0,cell,False,False
Restaurant/tshort,128,0.7093137620567733,1.0060757450046092,0.7050301784718245,63246434304.0,cell,False,True
Restaurant/tshort,192,0.7025099334628461,1.0060757450046092,0.698267438561127,63597576192.0,cell,False,True
Restaurant/tshort,256,0.6976080605545631,1.0060757450046092,0.6933951683243961,63949307904.0,cell,False,True
Restaurant/tshort,384,0.6944126207920094,1.0060757450046092,0.6902190259927478,64654540800.0,cell,False,True
ETTm1-15T/tshort,native,0.7099968466828849,0.9341549587802876,0.7600418324706184,78878146560.0,cell,True,False
ETTm1-15T/tshort,32,2.3257431770651027,0.9341549587802876,2.4896759956204604,62720827392.0,cell,False,True
ETTm1-15T/tshort,48,2.317767945203131,0.9341549587802876,2.4811386199024263,62808336384.0,cell,False,True
ETTm1-15T/tshort,64,1.807600476605341,0.9341549587802876,1.935011380730129,62895882240.0,cell,False,True
ETTm1-15T/tshort,96,1.1668489620500955,0.9341549587802876,1.2490957213069156,63071084544.0,cell,False,True
ETTm1-15T/tshort,128,1.0759111459287884,0.9341549587802876,1.151748043315629,63246434304.0,cell,False,True
ETTm1-15T/tshort,192,0.862965041790485,0.9341549587802876,0.9237921756763415,63597576192.0,cell,False,True
ETTm1-15T/tshort,256,0.7699027474395291,0.9341549587802876,0.8241702730399031,63949307904.0,cell,False,True
ETTm1-15T/tshort,384,0.7106349590675329,0.9341549587802876,0.7607249229778735,64654540800.0,cell,False,True
ETTm1-15T/tshort,512,0.72202478113224,0.9341549587802876,0.7729175704157019,65362132992.0,cell,False,False
ETTm1-15T/tshort,768,0.7313493594465282,0.9341549587802876,0.7828994029014633,66784395264.0,cell,False,False
ETTm1-15T/tshort,1024,0.7096830983325679,0.9341549587802876,0.7597059691886565,68216094720.0,cell,False,True
ETTm1-15T/tshort,1536,0.702126065200498,0.9341549587802876,0.7516162694434055,71107805184.0,cell,False,True
ETTm1-15T/tshort,2048,0.708109144231498,0.9341549587802876,0.758021073030609,74037264384.0,cell,False,False
ETTm1-15T/tshort,2560,0.7121848028964122,0.9341549587802876,0.7623840094220571,77004472320.0,cell,False,False
ETTm1-15T/tshort,2880,0.7099968449119118,0.9341549587802876,0.7600418305748162,78878146560.0,cell,False,False
ETTm1-15T/tmedium,native,1.0642070336195768,1.188305978388322,0.895566506416926,78878146560.0,cell,True,False
ETTm1-15T/tmedium,32,2.0733703073444523,1.188305978388322,1.7448118119850975,62720827392.0,cell,False,True
ETTm1-15T/tmedium,48,2.0134497766245296,1.188305978388322,1.6943866421974374,62808336384.0,cell,False,True
ETTm1-15T/tmedium,64,1.6902615260103164,1.188305978388322,1.4224127091431347,62895882240.0,cell,False,True
ETTm1-15T/tmedium,96,1.3125277577925238,1.188305978388322,1.10453686311726,63071084544.0,cell,False,True
ETTm1-15T/tmedium,128,1.2862925482847771,1.188305978388322,1.0824590397410543,63246434304.0,cell,False,True
ETTm1-15T/tmedium,192,1.2071247520487551,1.188305978388322,1.0158366397230085,63597576192.0,cell,False,True
ETTm1-15T/tmedium,256,1.1759143254424067,1.188305978388322,0.9895720015119995,63949307904.0,cell,False,True
ETTm1-15T/tmedium,384,1.1268517277704957,1.188305978388322,0.9482841526210483,64654540800.0,cell,False,True
ETTm1-15T/tmedium,512,1.1017307005931734,1.188305978388322,0.9271439516675922,65362132992.0,cell,False,True
ETTm1-15T/tmedium,768,1.0803910918311252,1.188305978388322,0.9091859432504414,66784395264.0,cell,False,True
ETTm1-15T/tmedium,1024,1.0575720450023478,1.188305978388322,0.8899829372538491,68216094720.0,cell,False,True
ETTm1-15T/tmedium,1536,1.0428616740027914,1.188305978388322,0.8776036584594196,71107805184.0,cell,False,True
ETTm1-15T/tmedium,2048,1.068019433662806,1.188305978388322,0.8987747710495755,74037264384.0,cell,False,False
ETTm1-15T/tmedium,2560,1.0684227191771118,1.188305978388322,0.899114149561205,77004472320.0,cell,False,False
ETTm1-15T/tmedium,2880,1.064207033551881,1.188305978388322,0.8955665063599576,78878146560.0,cell,False,False
ETTm1-15T/tlong,native,1.0934628124252412,1.190885705867336,0.9181929105689108,78878146560.0,cell,True,False
ETTm1-15T/tlong,32,1.9923512158859298,1.190885705867336,1.672999521339352,62720827392.0,cell,False,True
ETTm1-15T/tlong,48,1.931243450065692,1.190885705867336,1.621686649315473,62808336384.0,cell,False,True
ETTm1-15T/tlong,64,1.6158764129525558,1.190885705867336,1.3568694333900784,62895882240.0,cell,False,True
ETTm1-15T/tlong,96,1.2806646723593262,1.190885705867336,1.0753883987771966,63071084544.0,cell,False,True
ETTm1-15T/tlong,128,1.234876926567047,1.190885705867336,1.0369399183170744,63246434304.0,cell,False,True
ETTm1-15T/tlong,192,1.1558611310407687,1.190885705867336,0.9705894741585981,63597576192.0,cell,False,True
ETTm1-15T/tlong,256,1.0992620266721969,1.190885705867336,0.9230625754060852,63949307904.0,cell,False,True
ETTm1-15T/tlong,384,1.0979878727885033,1.190885705867336,0.9219926541891152,64654540800.0,cell,False,True
ETTm1-15T/tlong,512,1.0991653245236692,1.190885705867336,0.9229813735341916,65362132992.0,cell,False,False
ETTm1-15T/tlong,768,1.0888007933610002,1.190885705867336,0.9142781612010481,66784395264.0,cell,False,True
ETTm1-15T/tlong,1024,1.0621882665279094,1.190885705867336,0.8919313258146004,68216094720.0,cell,False,True
ETTm1-15T/tlong,1536,1.054801836062737,1.190885705867336,0.8857288578289823,71107805184.0,cell,False,True
ETTm1-15T/tlong,2048,1.0822792935536145,1.190885705867336,0.9088019851286885,74037264384.0,cell,False,False
ETTm1-15T/tlong,2560,1.090960174008894,1.190885705867336,0.9160914171980381,77004472320.0,cell,False,False
ETTm1-15T/tlong,2880,1.0934628216684128,1.190885705867336,0.9181929183305051,78878146560.0,cell,False,False
ETTm1-H/tshort,native,0.8261491650044354,0.9773176243434534,0.8453231011355489,78878146560.0,cell,True,False
ETTm1-H/tshort,32,1.0743553805503046,0.9773176243434534,1.099289886716245,62720827392.0,cell,False,True
ETTm1-H/tshort,48,0.9711808476449524,0.9773176243434534,0.9937207960384183,62808336384.0,cell,False,True
ETTm1-H/tshort,64,0.9627968292822489,0.9773176243434534,0.9851421946156355,62895882240.0,cell,False,True
ETTm1-H/tshort,96,0.9264219935586085,0.9773176243434534,0.9479231423673182,63071084544.0,cell,False,True
ETTm1-H/tshort,128,0.9198534555970063,0.9773176243434534,0.9412021564790151,63246434304.0,cell,False,True
ETTm1-H/tshort,192,0.8868588845454531,0.9773176243434534,0.9074418208115617,63597576192.0,cell,False,True
ETTm1-H/tshort,256,0.8526833125724219,0.9773176243434534,0.8724730746007381,63949307904.0,cell,False,True
ETTm1-H/tshort,384,0.8229544828722174,0.9773176243434534,0.8420542742438164,64654540800.0,cell,False,True
ETTm1-H/tshort,512,0.8265686675005063,0.9773176243434534,0.8457523397838876,65362132992.0,cell,False,False
ETTm1-H/tshort,768,0.8192480525178101,0.9773176243434534,0.8382618220644165,66784395264.0,cell,False,True
ETTm1-H/tshort,1024,0.8136756382486074,0.9773176243434534,0.8325600787105645,68216094720.0,cell,False,True
ETTm1-H/tshort,1536,0.830507552989232,0.9773176243434534,0.849782642103844,71107805184.0,cell,False,False
ETTm1-H/tshort,2048,0.82501052162746,0.9773176243434534,0.8441580312047366,74037264384.0,cell,False,False
ETTm1-H/tshort,2560,0.8204571170749183,0.9773176243434534,0.8394989475669065,77004472320.0,cell,False,False
ETTm1-H/tshort,2880,0.8261491634129142,0.9773176243434534,0.8453230995070904,78878146560.0,cell,False,False
ETTm1-H/tmedium,native,1.2945055883740697,1.5678007461285397,0.8256824673483966,78878146560.0,cell,True,False
ETTm1-H/tmedium,32,1.5871575638207454,1.5678007461285397,1.0123464781733296,62720827392.0,cell,False,True
ETTm1-H/tmedium,48,1.5014934249171712,1.5678007461285397,0.9577067931782116,62808336384.0,cell,False,True
ETTm1-H/tmedium,64,1.4481788369744564,1.5678007461285397,0.9237008213897892,62895882240.0,cell,False,True
ETTm1-H/tmedium,96,1.3692294443773598,1.5678007461285397,0.8733440443618085,63071084544.0,cell,False,True
ETTm1-H/tmedium,128,1.3015886717068692,1.5678007461285397,0.8302003139882136,63246434304.0,cell,False,True
ETTm1-H/tmedium,192,1.2775166102907571,1.5678007461285397,0.8148462828872879,63597576192.0,cell,False,True
ETTm1-H/tmedium,256,1.2538881724331061,1.5678007461285397,0.7997752109312386,63949307904.0,cell,False,True
ETTm1-H/tmedium,384,1.2837389072117846,1.5678007461285397,0.8188150888317886,64654540800.0,cell,False,False
ETTm1-H/tmedium,512,1.2812745796959457,1.5678007461285397,0.8172432516439799,65362132992.0,cell,False,False
ETTm1-H/tmedium,768,1.2647750772161392,1.5678007461285397,0.8067192724198664,66784395264.0,cell,False,False
ETTm1-H/tmedium,1024,1.2626955511488995,1.5678007461285397,0.8053928755085403,68216094720.0,cell,False,False
ETTm1-H/tmedium,1536,1.2834170455857365,1.5678007461285397,0.8186097938497299,71107805184.0,cell,False,False
ETTm1-H/tmedium,2048,1.2711896665051965,1.5678007461285397,0.8108107293890617,74037264384.0,cell,False,False
ETTm1-H/tmedium,2560,1.2831146792511272,1.5678007461285397,0.8184169336694066,77004472320.0,cell,False,False
ETTm1-H/tmedium,2880,1.2945055899539808,1.5678007461285397,0.8256824683561209,78878146560.0,cell,False,False
ETTm1-H/tlong,native,1.3977892993691472,1.4787012870437326,0.9452817222900054,78878146560.0,cell,True,False
ETTm1-H/tlong,32,1.5534075644002063,1.4787012870437326,1.0505215475302851,62720827392.0,cell,False,True
ETTm1-H/tlong,48,1.4965542078165377,1.4787012870437326,1.012073378801541,62808336384.0,cell,False,True
ETTm1-H/tlong,64,1.4727557188151101,1.4787012870437326,0.9959791958790345,62895882240.0,cell,False,True
ETTm1-H/tlong,96,1.3961502867045334,1.4787012870437326,0.9441733086577359,63071084544.0,cell,False,True
ETTm1-H/tlong,128,1.3943690753074063,1.4787012870437326,0.9429687304155081,63246434304.0,cell,False,True
ETTm1-H/tlong,192,1.3930412987878413,1.4787012870437326,0.9420707961733464,63597576192.0,cell,False,True
ETTm1-H/tlong,256,1.3841323980176738,1.4787012870437326,0.9360459817985796,63949307904.0,cell,False,True
ETTm1-H/tlong,384,1.3520840093923294,1.4787012870437326,0.9143726466184793,64654540800.0,cell,False,True
ETTm1-H/tlong,512,1.3756737884177521,1.4787012870437326,0.9303256854317369,65362132992.0,cell,False,False
ETTm1-H/tlong,768,1.4225664544723933,1.4787012870437326,0.962037746863962,66784395264.0,cell,False,False
ETTm1-H/tlong,1024,1.3745614537402853,1.4787012870437326,0.9295734478519004,68216094720.0,cell,False,False
ETTm1-H/tlong,1536,1.367791581525599,1.4787012870437326,0.9249951924097748,71107805184.0,cell,False,False
ETTm1-H/tlong,2048,1.3800239693256033,1.4787012870437326,0.9332675783927881,74037264384.0,cell,False,False
ETTm1-H/tlong,2560,1.3973751781387056,1.4787012870437326,0.9450016648949994,77004472320.0,cell,False,False
ETTm1-H/tlong,2880,1.3977893067993858,1.4787012870437326,0.9452817273148463,78878146560.0,cell,False,False
ETTm1-D/tshort,native,1.879576331993184,1.7783697877928102,1.056909729852071,66249990144.0,cell,True,False
ETTm1-D/tshort,32,1.7599108041892224,1.7783697877928102,0.9896202782288054,62720827392.0,cell,False,True
ETTm1-D/tshort,48,1.6205565711629004,1.7783697877928102,0.911259616693232,62808336384.0,cell,False,True
ETTm1-D/tshort,64,1.7993293549847922,1.7783697877928102,1.0117858317971065,62895882240.0,cell,False,False
ETTm1-D/tshort,96,1.8845822753306698,1.7783697877928102,1.0597246355999352,63071084544.0,cell,False,False
ETTm1-D/tshort,128,1.8946448377595313,1.7783697877928102,1.0653829427180237,63246434304.0,cell,False,False
ETTm1-D/tshort,192,1.7046886123484541,1.7783697877928102,0.958568135856714,63597576192.0,cell,False,False
ETTm1-D/tshort,256,1.6971989540719847,1.7783697877928102,0.9543566055395211,63949307904.0,cell,False,False
ETTm1-D/tshort,384,1.942934072692856,1.7783697877928102,1.0925365950488237,64654540800.0,cell,False,False
ETTm1-D/tshort,512,1.8862509797239166,1.7783697877928102,1.0606629693507115,65362132992.0,cell,False,False
ETTm1-W/tshort,native,1.8404851268874525,1.7689207877683926,1.0404564973253227,63071084544.0,cell,True,False
ETTm1-W/tshort,32,1.4974501376096112,1.7689207877683926,0.846533178853498,62720827392.0,cell,False,True
ETTm1-W/tshort,48,1.5836221514476232,1.7689207877683926,0.8952476348279362,62808336384.0,cell,False,False
ETTm1-W/tshort,64,1.5995308327486886,1.7689207877683926,0.9042410738847158,62895882240.0,cell,False,False
ETTm2-15T/tshort,native,0.7493207271611171,1.067314800011479,0.7020615915314378,78878146560.0,cell,True,False
ETTm2-15T/tshort,32,1.2854431817469525,1.067314800011479,1.2043711768384806,62720827392.0,cell,False,True
ETTm2-15T/tshort,48,1.238905722831328,1.067314800011479,1.1607688029979568,62808336384.0,cell,False,True
ETTm2-15T/tshort,64,1.1044348426256454,1.067314800011479,1.0347789074167877,62895882240.0,cell,False,True
ETTm2-15T/tshort,96,1.0055763018400092,1.067314800011479,0.9421553058471542,63071084544.0,cell,False,True
ETTm2-15T/tshort,128,1.0145930697333425,1.067314800011479,0.950603392478424,63246434304.0,cell,False,False
ETTm2-15T/tshort,192,0.939983553401298,1.067314800011479,0.8806994463031793,63597576192.0,cell,False,True
ETTm2-15T/tshort,256,0.8904604379975727,1.067314800011479,0.8342997192468388,63949307904.0,cell,False,True
ETTm2-15T/tshort,384,0.8452339560628169,1.067314800011479,0.7919256399833736,64654540800.0,cell,False,True
ETTm2-15T/tshort,512,0.8195398743156476,1.067314800011479,0.7678520660510221,65362132992.0,cell,False,True
ETTm2-15T/tshort,768,0.7905949681493569,1.067314800011479,0.740732694928295,66784395264.0,cell,False,True
ETTm2-15T/tshort,1024,0.7890005816314927,1.067314800011479,0.7392388652560679,68216094720.0,cell,False,True
ETTm2-15T/tshort,1536,0.7702146415320581,1.067314800011479,0.7216377412959836,71107805184.0,cell,False,True
ETTm2-15T/tshort,2048,0.7477971173335262,1.067314800011479,0.7006340747129934,74037264384.0,cell,False,True
ETTm2-15T/tshort,2560,0.7505428255040667,1.067314800011479,0.7032066129842804,77004472320.0,cell,False,False
ETTm2-15T/tshort,2880,0.749320724266315,1.067314800011479,0.7020615888192088,78878146560.0,cell,False,False
ETTm2-15T/tmedium,native,0.9107633636482876,1.0512391501712754,0.866371237695913,78878146560.0,cell,True,False
ETTm2-15T/tmedium,32,1.1911655335717801,1.0512391501712754,1.1331061380064724,62720827392.0,cell,False,True
ETTm2-15T/tmedium,48,1.13695451322155,1.0512391501712754,1.0815374532391693,62808336384.0,cell,False,True
ETTm2-15T/tmedium,64,1.062188165253751,1.0512391501712754,1.0104153418189303,62895882240.0,cell,False,True
ETTm2-15T/tmedium,96,1.0342742200314115,1.0512391501712754,0.9838619688611293,63071084544.0,cell,False,True
ETTm2-15T/tmedium,128,1.0490550800297076,1.0512391501712754,0.997922385081252,63246434304.0,cell,False,False
ETTm2-15T/tmedium,192,1.0659301413833855,1.0512391501712754,1.0139749277885213,63597576192.0,cell,False,False
ETTm2-15T/tmedium,256,1.0644430178383073,1.0512391501712754,1.012560289126295,63949307904.0,cell,False,False
ETTm2-15T/tmedium,384,1.023653872319624,1.0512391501712754,0.9737592746168585,64654540800.0,cell,False,True
ETTm2-15T/tmedium,512,0.9941260820781619,1.0512391501712754,0.9456707181388666,65362132992.0,cell,False,True
ETTm2-15T/tmedium,768,0.9685223561871268,1.0512391501712754,0.9213149605675627,66784395264.0,cell,False,True
ETTm2-15T/tmedium,1024,0.944425325060217,1.0512391501712754,0.8983924589436614,68216094720.0,cell,False,True
ETTm2-15T/tmedium,1536,0.9197885138829665,1.0512391501712754,0.8749564870496955,71107805184.0,cell,False,True
ETTm2-15T/tmedium,2048,0.9362338610465828,1.0512391501712754,0.8906002605535047,74037264384.0,cell,False,False
ETTm2-15T/tmedium,2560,0.9216917499311291,1.0512391501712754,0.8767669561973225,77004472320.0,cell,False,False
ETTm2-15T/tmedium,2880,0.9107633609424116,1.0512391501712754,0.8663712351219258,78878146560.0,cell,False,True
ETTm2-15T/tlong,native,0.9212054390726366,1.0126577751121104,0.9096907777858624,78878146560.0,cell,True,False
ETTm2-15T/tlong,32,1.0946914644970296,1.0126577751121104,1.0810083044845404,62720827392.0,cell,False,True
ETTm2-15T/tlong,48,1.084100754730679,1.0126577751121104,1.0705499739145923,62808336384.0,cell,False,True
ETTm2-15T/tlong,64,1.0759091559315979,1.0126577751121104,1.062460766484003,62895882240.0,cell,False,True
ETTm2-15T/tlong,96,1.0526616393218708,1.0126577751121104,1.0395038335683855,63071084544.0,cell,False,True
ETTm2-15T/tlong,128,0.9899991268377508,1.0126577751121104,0.9776245748255367,63246434304.0,cell,False,True
ETTm2-15T/tlong,192,1.0036607453038588,1.0126577751121104,0.9911154290922661,63597576192.0,cell,False,False
ETTm2-15T/tlong,256,0.9915603447793742,1.0126577751121104,0.9791662782321495,63949307904.0,cell,False,False
ETTm2-15T/tlong,384,1.0076238376107942,1.0126577751121104,0.9950289844950246,64654540800.0,cell,False,False
ETTm2-15T/tlong,512,1.016772625347326,1.0126577751121104,1.0040634164239346,65362132992.0,cell,False,False
ETTm2-15T/tlong,768,0.9964739330942116,1.0126577751121104,0.9840184488623444,66784395264.0,cell,False,False
ETTm2-15T/tlong,1024,0.9862084729131275,1.0126577751121104,0.9738813024014409,68216094720.0,cell,False,True
ETTm2-15T/tlong,1536,0.9349171244271386,1.0126577751121104,0.9232310731269848,71107805184.0,cell,False,True
ETTm2-15T/tlong,2048,0.9456475151672539,1.0126577751121104,0.9338273387201931,74037264384.0,cell,False,False
ETTm2-15T/tlong,2560,0.9302930213675926,1.0126577751121104,0.9186647693141947,77004472320.0,cell,False,True
ETTm2-15T/tlong,2880,0.9212054269927268,1.0126577751121104,0.9096907658569461,78878146560.0,cell,False,True
ETTm2-H/tshort,native,0.7679431761816353,0.9231678277377344,0.8318565195924512,78878146560.0,cell,True,False
ETTm2-H/tshort,32,0.9640607812831969,0.9231678277377344,1.044296337368767,62720827392.0,cell,False,True
ETTm2-H/tshort,48,0.9335913479890997,0.9231678277377344,1.0112910349972968,62808336384.0,cell,False,True
ETTm2-H/tshort,64,0.8933862484255055,0.9231678277377344,0.9677397993978949,62895882240.0,cell,False,True
ETTm2-H/tshort,96,0.8502354464759212,0.9231678277377344,0.9209977004500499,63071084544.0,cell,False,True
ETTm2-H/tshort,128,0.8319106056043629,0.9231678277377344,0.9011477443305173,63246434304.0,cell,False,True
ETTm2-H/tshort,192,0.8286229057789471,0.9231678277377344,0.897586420239022,63597576192.0,cell,False,True
ETTm2-H/tshort,256,0.7952123423893814,0.9231678277377344,0.8613952073460859,63949307904.0,cell,False,True
ETTm2-H/tshort,384,0.7599592368979047,0.9231678277377344,0.823208103731496,64654540800.0,cell,False,True
ETTm2-H/tshort,512,0.7573737978245567,0.9231678277377344,0.8204074872068888,65362132992.0,cell,False,True
ETTm2-H/tshort,768,0.740261477442133,0.9231678277377344,0.8018709656034896,66784395264.0,cell,False,True
ETTm2-H/tshort,1024,0.7482902213977785,0.9231678277377344,0.8105679150794264,68216094720.0,cell,False,False
ETTm2-H/tshort,1536,0.7483288263641076,0.9231678277377344,0.8106097330080513,71107805184.0,cell,False,False
ETTm2-H/tshort,2048,0.7510760042688059,0.9231678277377344,0.8135855493462684,74037264384.0,cell,False,False
ETTm2-H/tshort,2560,0.7657019655506452,0.9231678277377344,0.8294287804927446,77004472320.0,cell,False,False
ETTm2-H/tshort,2880,0.7679431734393017,0.9231678277377344,0.8318565166218824,78878146560.0,cell,False,False
ETTm2-H/tmedium,native,1.1103500485370206,1.2384249730532626,0.8965824112861024,78878146560.0,cell,True,False
ETTm2-H/tmedium,32,1.3005608342430561,1.2384249730532626,1.050173294742758,62720827392.0,cell,False,True
ETTm2-H/tmedium,48,1.2815116127367048,1.2384249730532626,1.0347914816165364,62808336384.0,cell,False,True
ETTm2-H/tmedium,64,1.2760154473824552,1.2384249730532626,1.0303534530933396,62895882240.0,cell,False,True
ETTm2-H/tmedium,96,1.205738871353334,1.2384249730532626,0.9736067162636884,63071084544.0,cell,False,True
ETTm2-H/tmedium,128,1.111085978664684,1.2384249730532626,0.8971766581267884,63246434304.0,cell,False,True
ETTm2-H/tmedium,192,1.0139910002518648,1.2384249730532626,0.8187746713084529,63597576192.0,cell,False,True
ETTm2-H/tmedium,256,1.0097456308541464,1.2384249730532626,0.8153466320730589,63949307904.0,cell,False,True
ETTm2-H/tmedium,384,1.077736413649798,1.2384249730532626,0.8702476428529242,64654540800.0,cell,False,False
ETTm2-H/tmedium,512,1.062895041771168,1.2384249730532626,0.8582635726011435,65362132992.0,cell,False,False
ETTm2-H/tmedium,768,1.072339046597433,1.2384249730532626,0.8658893917115101,66784395264.0,cell,False,False
ETTm2-H/tmedium,1024,1.0583950647673823,1.2384249730532626,0.8546299435144405,68216094720.0,cell,False,False
ETTm2-H/tmedium,1536,1.089425290152454,1.2384249730532626,0.8796861447864226,71107805184.0,cell,False,False
ETTm2-H/tmedium,2048,1.0962408628904696,1.2384249730532626,0.8851895647644713,74037264384.0,cell,False,False
ETTm2-H/tmedium,2560,1.0934033521145663,1.2384249730532626,0.8828983393469899,77004472320.0,cell,False,False
ETTm2-H/tmedium,2880,1.1103500259019081,1.2384249730532626,0.8965823930087639,78878146560.0,cell,False,False
ETTm2-H/tlong,native,1.1554875197669638,1.1284016697207502,1.0240037309169496,78878146560.0,cell,True,False
ETTm2-H/tlong,32,1.1192005236483777,1.1284016697207502,0.9918458592190408,62720827392.0,cell,False,True
ETTm2-H/tlong,48,1.0986733849294221,1.1284016697207502,0.9736545189633714,62808336384.0,cell,False,True
ETTm2-H/tlong,64,1.0978895683871406,1.1284016697207502,0.9729598934915077,62895882240.0,cell,False,True
ETTm2-H/tlong,96,1.1024788095566456,1.1284016697207502,0.9770269214768887,63071084544.0,cell,False,False
ETTm2-H/tlong,128,1.1286126206363345,1.1284016697207502,1.0001869466531688,63246434304.0,cell,False,False
ETTm2-H/tlong,192,1.1369619944413731,1.1284016697207502,1.0075862389699772,63597576192.0,cell,False,False
ETTm2-H/tlong,256,1.1129998524009497,1.1284016697207502,0.9863507669891945,63949307904.0,cell,False,False
ETTm2-H/tlong,384,1.1138542539251886,1.1284016697207502,0.9871079455251411,64654540800.0,cell,False,False
ETTm2-H/tlong,512,1.1251825776415216,1.1284016697207502,0.9971472108154313,65362132992.0,cell,False,False
ETTm2-H/tlong,768,1.1736922438242825,1.1284016697207502,1.040136925811835,66784395264.0,cell,False,False
ETTm2-H/tlong,1024,1.1348555298734873,1.1284016697207502,1.005719470580307,68216094720.0,cell,False,False
ETTm2-H/tlong,1536,1.1914985208220323,1.1284016697207502,1.0559170132359845,71107805184.0,cell,False,False
ETTm2-H/tlong,2048,1.167198095379888,1.1284016697207502,1.0343817513747022,74037264384.0,cell,False,False
ETTm2-H/tlong,2560,1.2022895289558988,1.1284016697207502,1.065480104485696,77004472320.0,cell,False,False
ETTm2-H/tlong,2880,1.1554875087416878,1.1284016697207502,1.024003721146248,78878146560.0,cell,False,False
ETTm2-D/tshort,native,1.4991070481042097,1.3901143157307532,1.0784055894828775,66249990144.0,cell,True,False
ETTm2-D/tshort,32,1.559277162418323,1.3901143157307532,1.121689881740873,62720827392.0,cell,False,True
ETTm2-D/tshort,48,1.5937577059728736,1.3901143157307532,1.1464939882552534,62808336384.0,cell,False,False
ETTm2-D/tshort,64,1.622947875004063,1.3901143157307532,1.1674923829202595,62895882240.0,cell,False,False
ETTm2-D/tshort,96,1.6664242596777386,1.3901143157307532,1.1987677853685976,63071084544.0,cell,False,False
ETTm2-D/tshort,128,1.697205862871382,1.3901143157307532,1.2209110025452816,63246434304.0,cell,False,False
ETTm2-D/tshort,192,1.7378163691101647,1.3901143157307532,1.2501247914971885,63597576192.0,cell,False,False
ETTm2-D/tshort,256,1.6672943894059056,1.3901143157307532,1.1993937265004315,63949307904.0,cell,False,False
ETTm2-D/tshort,384,1.3472127712481743,1.3901143157307532,0.9691381176374503,64654540800.0,cell,False,True
ETTm2-D/tshort,512,1.5516071126697546,1.3901143157307532,1.1161723141122448,65362132992.0,cell,False,False
ETTm2-W/tshort,native,0.9927189105185962,0.7785209533197451,1.2751344794067194,63071084544.0,cell,True,True
ETTm2-W/tshort,32,1.6964533361368186,0.7785209533197451,2.1790721610033157,62720827392.0,cell,False,True
ETTm2-W/tshort,48,0.9964162853403824,0.7785209533197451,1.2798837090915725,62808336384.0,cell,False,True
ETTm2-W/tshort,64,1.0435766940712836,0.7785209533197451,1.340460638369842,62895882240.0,cell,False,False
LoopSeattle-5T/tshort,native,0.5422239860973133,0.7623397118337274,0.7112629418098277,78878146560.0,cell,True,False
LoopSeattle-5T/tshort,32,0.8815834133512375,0.7623397118337274,1.1564180635830736,62720827392.0,cell,False,True
LoopSeattle-5T/tshort,48,0.9159433921751763,0.7623397118337274,1.2014898056038188,62808336384.0,cell,False,False
LoopSeattle-5T/tshort,64,0.9194112109093232,0.7623397118337274,1.2060387208450376,62895882240.0,cell,False,False
LoopSeattle-5T/tshort,96,0.8827836824649246,0.7623397118337274,1.1579925179831994,63071084544.0,cell,False,False
LoopSeattle-5T/tshort,128,0.8260067846226681,0.7623397118337274,1.0835153564751288,63246434304.0,cell,False,True
LoopSeattle-5T/tshort,192,0.7606437267134427,0.7623397118337274,0.9977752895540426,63597576192.0,cell,False,True
LoopSeattle-5T/tshort,256,0.6352543534614267,0.7623397118337274,0.8332956339548279,63949307904.0,cell,False,True
LoopSeattle-5T/tshort,384,0.59426344423828,0.7623397118337274,0.7795257613024543,64654540800.0,cell,False,True
LoopSeattle-5T/tshort,512,0.5776680315799644,0.7623397118337274,0.7577567095257902,65362132992.0,cell,False,True
LoopSeattle-5T/tshort,768,0.5655692957591516,0.7623397118337274,0.741886178799127,66784395264.0,cell,False,True
LoopSeattle-5T/tshort,1024,0.5650376055155992,0.7623397118337274,0.7411887335063014,68216094720.0,cell,False,True
LoopSeattle-5T/tshort,1536,0.573692910641138,0.7623397118337274,0.7525423400299854,71107805184.0,cell,False,False
LoopSeattle-5T/tshort,2048,0.543830710318969,0.7623397118337274,0.7133705641686197,74037264384.0,cell,False,True
LoopSeattle-5T/tshort,2560,0.5411205542608911,0.7623397118337274,0.7098155138203189,77004472320.0,cell,False,True
LoopSeattle-5T/tshort,2880,0.5422239856796478,0.7623397118337274,0.7112629412619546,78878146560.0,cell,False,False
LoopSeattle-5T/tmedium,native,0.8193802326951644,1.1532851467900649,0.710474972278749,78878146560.0,cell,True,True
LoopSeattle-5T/tmedium,32,1.6106181303946332,1.1532851467900649,1.3965480565473871,62720827392.0,cell,False,True
LoopSeattle-5T/tmedium,48,1.4915844440934878,1.1532851467900649,1.2933353457685728,62808336384.0,cell,False,True
LoopSeattle-5T/tmedium,64,1.427508433905809,1.1532851467900649,1.2377757902102433,62895882240.0,cell,False,True
LoopSeattle-5T/tmedium,96,1.3438708425092767,1.1532851467900649,1.1652546174288887,63071084544.0,cell,False,True
LoopSeattle-5T/tmedium,128,1.2931121724052335,1.1532851467900649,1.121242370982015,63246434304.0,cell,False,True
LoopSeattle-5T/tmedium,192,1.0979893999990307,1.1532851467900649,0.9520537076672333,63597576192.0,cell,False,True
LoopSeattle-5T/tmedium,256,1.0213668410439039,1.1532851467900649,0.8856151870911293,63949307904.0,cell,False,True
LoopSeattle-5T/tmedium,384,1.0197867152377365,1.1532851467900649,0.8842450785706429,64654540800.0,cell,False,True
LoopSeattle-5T/tmedium,512,0.9772318702316459,1.1532851467900649,0.847346272473527,65362132992.0,cell,False,True
LoopSeattle-5T/tmedium,768,0.9270110617017119,1.1532851467900649,0.8038003994778385,66784395264.0,cell,False,True
LoopSeattle-5T/tmedium,1024,0.8912294572391409,1.1532851467900649,0.7727745906723045,68216094720.0,cell,False,True
LoopSeattle-5T/tmedium,1536,0.8545874362036533,1.1532851467900649,0.7410027247660511,71107805184.0,cell,False,True
LoopSeattle-5T/tmedium,2048,0.8250807399918328,1.1532851467900649,0.7154178151763053,74037264384.0,cell,False,True
LoopSeattle-5T/tmedium,2560,0.8199313616247482,1.1532851467900649,0.7109528496979787,77004472320.0,cell,False,True
LoopSeattle-5T/tmedium,2880,0.8193802332276524,1.1532851467900649,0.7104749727404631,78878146560.0,cell,False,False
LoopSeattle-5T/tlong,native,0.8924636587989486,1.2506857542807588,0.713579454906468,78878146560.0,cell,True,True
LoopSeattle-5T/tlong,32,1.3615138091373973,1.2506857542807588,1.0886138300346861,62720827392.0,cell,False,True
LoopSeattle-5T/tlong,48,1.400159531195316,1.2506857542807588,1.1195134560403754,62808336384.0,cell,False,False
LoopSeattle-5T/tlong,64,1.401308798528775,1.2506857542807588,1.120432365790107,62895882240.0,cell,False,False
LoopSeattle-5T/tlong,96,1.3070054310528307,1.2506857542807588,1.045031037236416,63071084544.0,cell,False,True
LoopSeattle-5T/tlong,128,1.2603993087024845,1.2506857542807588,1.007766582763479,63246434304.0,cell,False,True
LoopSeattle-5T/tlong,192,1.156496337085154,1.2506857542807588,0.9246897816871905,63597576192.0,cell,False,True
LoopSeattle-5T/tlong,256,1.1163913439982414,1.2506857542807588,0.8926233789560135,63949307904.0,cell,False,True
LoopSeattle-5T/tlong,384,1.0712803019251387,1.2506857542807588,0.8565543328997202,64654540800.0,cell,False,True
LoopSeattle-5T/tlong,512,1.0273318846299098,1.2506857542807588,0.8214148766895527,65362132992.0,cell,False,True
LoopSeattle-5T/tlong,768,0.9965173458587884,1.2506857542807588,0.7967767622266259,66784395264.0,cell,False,True
LoopSeattle-5T/tlong,1024,0.9511851514093498,1.2506857542807588,0.7605308912760064,68216094720.0,cell,False,True
LoopSeattle-5T/tlong,1536,0.9022073319702437,1.2506857542807588,0.721370119458251,71107805184.0,cell,False,True
LoopSeattle-5T/tlong,2048,0.8966245311096867,1.2506857542807588,0.7169063276212938,74037264384.0,cell,False,True
LoopSeattle-5T/tlong,2560,0.8948757253355483,1.2506857542807588,0.7155080501018188,77004472320.0,cell,False,True
LoopSeattle-5T/tlong,2880,0.8924636588246225,1.2506857542807588,0.7135794549269958,78878146560.0,cell,False,False
LoopSeattle-H/tshort,native,0.8809397969546473,1.2928412613913995,0.6813982684978278,78878146560.0,cell,True,False
LoopSeattle-H/tshort,32,1.274314549750217,1.2928412613913995,0.9856697707642442,62720827392.0,cell,False,True
LoopSeattle-H/tshort,48,1.2857811632839993,1.2928412613913995,0.9945390835532261,62808336384.0,cell,False,False
LoopSeattle-H/tshort,64,1.2922459124212025,1.2928412613913995,0.9995395034270825,62895882240.0,cell,False,False
LoopSeattle-H/tshort,96,1.2116259094020518,1.2928412613913995,0.9371807240264431,63071084544.0,cell,False,True
LoopSeattle-H/tshort,128,1.1477146848104303,1.2928412613913995,0.8877460204010049,63246434304.0,cell,False,True
LoopSeattle-H/tshort,192,1.0045347654750678,1.2928412613913995,0.7769977610352206,63597576192.0,cell,False,True
LoopSeattle-H/tshort,256,0.9823711398238738,1.2928412613913995,0.7598544145834367,63949307904.0,cell,False,True
LoopSeattle-H/tshort,384,0.9356431523388804,1.2928412613913995,0.7237107758549642,64654540800.0,cell,False,True
LoopSeattle-H/tshort,512,0.9231565480899542,1.2928412613913995,0.7140525102798946,65362132992.0,cell,False,True
LoopSeattle-H/tshort,768,0.8897885146020139,1.2928412613913995,0.688242664566873,66784395264.0,cell,False,True
LoopSeattle-H/tshort,1024,0.886811230094614,1.2928412613913995,0.6859397642833566,68216094720.0,cell,False,True
LoopSeattle-H/tshort,1536,0.8883080184219639,1.2928412613913995,0.6870975153329627,71107805184.0,cell,False,False
LoopSeattle-H/tshort,2048,0.8864584589977528,1.2928412613913995,0.6856668993095998,74037264384.0,cell,False,True
LoopSeattle-H/tshort,2560,0.8835690418997785,1.2928412613913995,0.6834319636030579,77004472320.0,cell,False,True
LoopSeattle-H/tshort,2880,0.8809397965063773,1.2928412613913995,0.6813982681510954,78878146560.0,cell,False,True
LoopSeattle-H/tmedium,native,1.013835150554025,1.4805126192799751,0.6847865647015481,78878146560.0,cell,True,True
LoopSeattle-H/tmedium,32,1.48375193672594,1.4805126192799751,1.0021879701691028,62720827392.0,cell,False,True
LoopSeattle-H/tmedium,48,1.437771434006221,1.4805126192799751,0.9711308200165558,62808336384.0,cell,False,True
LoopSeattle-H/tmedium,64,1.3943388085742414,1.4805126192799751,0.9417946124987148,62895882240.0,cell,False,True
LoopSeattle-H/tmedium,96,1.3615412358809633,1.4805126192799751,0.9196417633664806,63071084544.0,cell,False,True
LoopSeattle-H/tmedium,128,1.338751373934547,1.4805126192799751,0.9042485396616399,63246434304.0,cell,False,True
LoopSeattle-H/tmedium,192,1.171856991699056,1.4805126192799751,0.7915211099443183,63597576192.0,cell,False,True
LoopSeattle-H/tmedium,256,1.1739273988764338,1.4805126192799751,0.7929195493432238,63949307904.0,cell,False,False
LoopSeattle-H/tmedium,384,1.0698976576680033,1.4805126192799751,0.7226535213109712,64654540800.0,cell,False,True
LoopSeattle-H/tmedium,512,1.035251178779549,1.4805126192799751,0.6992518437857205,65362132992.0,cell,False,True
LoopSeattle-H/tmedium,768,1.035266923568307,1.4805126192799751,0.699262478473026,66784395264.0,cell,False,False
LoopSeattle-H/tmedium,1024,1.0300219160331576,1.4805126192799751,0.6957197815268155,68216094720.0,cell,False,True
LoopSeattle-H/tmedium,1536,1.0298395990389606,1.4805126192799751,0.6955966370214443,71107805184.0,cell,False,True
LoopSeattle-H/tmedium,2048,1.0281968104107948,1.4805126192799751,0.6944870290337969,74037264384.0,cell,False,True
LoopSeattle-H/tmedium,2560,1.0182312588288236,1.4805126192799751,0.6877558796655343,77004472320.0,cell,False,True
LoopSeattle-H/tmedium,2880,1.01383515121613,1.4805126192799751,0.6847865651487615,78878146560.0,cell,False,False
LoopSeattle-H/tlong,native,0.9868495597247552,1.5460268753677606,0.6383133278262118,78878146560.0,cell,True,False
LoopSeattle-H/tlong,32,1.5676946171302264,1.5460268753677606,1.014015113260765,62720827392.0,cell,False,True
LoopSeattle-H/tlong,48,1.4733015504869733,1.5460268753677606,0.9529598572706003,62808336384.0,cell,False,True
LoopSeattle-H/tlong,64,1.3633161203624204,1.5460268753677606,0.8818191598630017,62895882240.0,cell,False,True
LoopSeattle-H/tlong,96,1.20905003663204,1.5460268753677606,0.7820368816967931,63071084544.0,cell,False,True
LoopSeattle-H/tlong,128,1.1491406778527862,1.5460268753677606,0.7432863530133877,63246434304.0,cell,False,True
LoopSeattle-H/tlong,192,1.1027645833559994,1.5460268753677606,0.7132894006733742,63597576192.0,cell,False,True
LoopSeattle-H/tlong,256,1.0887002351294714,1.5460268753677606,0.704192308992363,63949307904.0,cell,False,True
LoopSeattle-H/tlong,384,1.0187362987050883,1.5460268753677606,0.6589382855733066,64654540800.0,cell,False,True
LoopSeattle-H/tlong,512,1.002903450346687,1.5460268753677606,0.6486972938993196,65362132992.0,cell,False,True
LoopSeattle-H/tlong,768,0.9907540138672152,1.5460268753677606,0.6408388040677105,66784395264.0,cell,False,True
LoopSeattle-H/tlong,1024,0.9930704426679737,1.5460268753677606,0.6423371148911933,68216094720.0,cell,False,False
LoopSeattle-H/tlong,1536,0.9961497634403409,1.5460268753677606,0.6443288789552136,71107805184.0,cell,False,False
LoopSeattle-H/tlong,2048,0.9928665474699414,1.5460268753677606,0.6422052315447386,74037264384.0,cell,False,False
LoopSeattle-H/tlong,2560,0.9886050927335156,1.5460268753677606,0.6394488404338712,77004472320.0,cell,False,True
LoopSeattle-H/tlong,2880,0.9868495564555125,1.5460268753677606,0.6383133257116025,78878146560.0,cell,False,True
LoopSeattle-D/tshort,native,0.899095596696519,1.7323957056549062,0.5189897399085444,64345715712.0,cell,True,True
LoopSeattle-D/tshort,32,0.9488095598513724,1.7323957056549062,0.5476863956394358,62720827392.0,cell,False,True
LoopSeattle-D/tshort,48,0.9371027894405488,1.7323957056549062,0.5409288342043604,62808336384.0,cell,False,True
LoopSeattle-D/tshort,64,0.913720622501318,1.7323957056549062,0.527431821447456,62895882240.0,cell,False,True
LoopSeattle-D/tshort,96,0.8998763826063368,1.7323957056549062,0.5194404371177728,63071084544.0,cell,False,True
LoopSeattle-D/tshort,128,0.9105660477649936,1.7323957056549062,0.5256108894709871,63246434304.0,cell,False,False
LoopSeattle-D/tshort,192,0.9039861330730768,1.7323957056549062,0.5218127302684223,63597576192.0,cell,False,False
LoopSeattle-D/tshort,256,0.8998419925088439,1.7323957056549062,0.5194205859386335,63949307904.0,cell,False,True
SZTaxi-15T/tshort,native,0.5536560208741913,0.7644167735543712,0.7242855468749222,78274827702.85715,cell,True,False
SZTaxi-15T/tshort,32,0.640300100610888,0.7644167735543712,0.8376321958944364,62720827392.0,cell,False,True
SZTaxi-15T/tshort,48,0.6356388301063957,0.7644167735543712,0.8315343829398376,62808336384.0,cell,False,True
SZTaxi-15T/tshort,64,0.62874590604225,0.7644167735543712,0.8225171500603247,62895882240.0,cell,False,True
SZTaxi-15T/tshort,96,0.5960311070060222,0.7644167735543712,0.779720078923187,63071084544.0,cell,False,True
SZTaxi-15T/tshort,128,0.5915593006580918,0.7644167735543712,0.7738701204939161,63246434304.0,cell,False,True
SZTaxi-15T/tshort,192,0.5805439917831545,0.7644167735543712,0.7594600378583422,63597576192.0,cell,False,True
SZTaxi-15T/tshort,256,0.5742158259110869,0.7644167735543712,0.7511816142404995,63949307904.0,cell,False,True
SZTaxi-15T/tshort,384,0.5624822076048642,0.7644167735543712,0.7358318486255144,64654540800.0,cell,False,True
SZTaxi-15T/tshort,512,0.5595544213162904,0.7644167735543712,0.7320017569924381,65362132992.0,cell,False,True
SZTaxi-15T/tshort,768,0.5544089120314666,0.7644167735543712,0.7252704692148317,66784395264.0,cell,False,True
SZTaxi-15T/tshort,1024,0.5509679906039133,0.7644167735543712,0.7207691009212585,68216094720.0,cell,False,True
SZTaxi-15T/tshort,1536,0.5489667772765577,0.7644167735543712,0.7181511398866642,71107805184.0,cell,False,True
SZTaxi-15T/tshort,2048,0.5495190837374923,0.7644167735543712,0.7188736599569217,74037264384.0,cell,False,False
SZTaxi-15T/tshort,2560,0.5507311074813752,0.7644167735543712,0.7204592135264062,77004472320.0,cell,False,False
SZTaxi-15T/tshort,2880,0.5518066363300949,0.7644167735543712,0.7218662062637825,78878146560.0,cell,False,False
SZTaxi-15T/tmedium,native,0.5625906631375618,0.7134840540400068,0.7885118944872956,76631506944.0,cell,True,False
SZTaxi-15T/tmedium,32,0.6044617212402574,0.7134840540400068,0.8471972398227751,62720827392.0,cell,False,True
SZTaxi-15T/tmedium,48,0.6001166111688969,0.7134840540400068,0.8411072507799129,62808336384.0,cell,False,True
SZTaxi-15T/tmedium,64,0.5957596942139681,0.7134840540400068,0.8350007135275969,62895882240.0,cell,False,True
SZTaxi-15T/tmedium,96,0.5798959551890139,0.7134840540400068,0.8127665249215195,63071084544.0,cell,False,True
SZTaxi-15T/tmedium,128,0.5777739566534417,0.7134840540400068,0.8097923890266011,63246434304.0,cell,False,True
SZTaxi-15T/tmedium,192,0.5708205205297574,0.7134840540400068,0.8000466405626917,63597576192.0,cell,False,True
SZTaxi-15T/tmedium,256,0.5666669408254094,0.7134840540400068,0.7942250953146529,63949307904.0,cell,False,True
SZTaxi-15T/tmedium,384,0.5544487261483806,0.7134840540400068,0.7771003752766299,64654540800.0,cell,False,True
SZTaxi-15T/tmedium,512,0.5486321228610748,0.7134840540400068,0.7689479810438925,65362132992.0,cell,False,True
SZTaxi-15T/tmedium,768,0.5440091699771289,0.7134840540400068,0.7624685750112433,66784395264.0,cell,False,True
SZTaxi-15T/tmedium,1024,0.5412761910538344,0.7134840540400068,0.7586381054894378,68216094720.0,cell,False,True
SZTaxi-15T/tmedium,1536,0.5412526725602946,0.7134840540400068,0.7586051426034327,71107805184.0,cell,False,True
SZTaxi-15T/tmedium,2048,0.5517423552342089,0.7134840540400068,0.7733071988225141,74037264384.0,cell,False,False
SZTaxi-15T/tlong,native,0.5370783607602049,0.6909431344941248,0.7773119580288292,75238139904.0,cell,True,False
SZTaxi-15T/tlong,32,0.5886009536899055,0.6909431344941248,0.8518804577468603,62720827392.0,cell,False,True
SZTaxi-15T/tlong,48,0.5827939868688489,0.6909431344941248,0.8434760514633993,62808336384.0,cell,False,True
SZTaxi-15T/tlong,64,0.5763795881604551,0.6909431344941248,0.8341925107663923,62895882240.0,cell,False,True
SZTaxi-15T/tlong,96,0.5552365981365531,0.6909431344941248,0.8035923224609078,63071084544.0,cell,False,True
SZTaxi-15T/tlong,128,0.5414918898181603,0.6909431344941248,0.7836996458682732,63246434304.0,cell,False,True
SZTaxi-15T/tlong,192,0.5335659862884785,0.6909431344941248,0.7722285086154446,63597576192.0,cell,False,True
SZTaxi-15T/tlong,256,0.5276491306449222,0.6909431344941248,0.7636650605570333,63949307904.0,cell,False,True
SZTaxi-15T/tlong,384,0.5201748588498714,0.6909431344941248,0.7528475686073909,64654540800.0,cell,False,True
SZTaxi-15T/tlong,512,0.515055559243478,0.6909431344941248,0.7454384210946344,65362132992.0,cell,False,True
SZTaxi-15T/tlong,768,0.5106380041963671,0.6909431344941248,0.7390449064527308,66784395264.0,cell,False,True
SZTaxi-15T/tlong,1024,0.5091119212745899,0.6909431344941248,0.7368362110542384,68216094720.0,cell,False,True
SZTaxi-15T/tlong,1536,0.522527968542856,0.6909431344941248,0.7562532174596767,71107805184.0,cell,False,False
SZTaxi-15T/tlong,2048,0.5304021359948898,0.6909431344941248,0.7676494772369721,74037264384.0,cell,False,False
SZTaxi-H/tshort,native,0.5809144013706506,0.7381672994945998,0.7869684850146906,66294469632.0,cell,True,False
SZTaxi-H/tshort,32,0.6532211726545336,0.7381672994945998,0.8849229342748911,62720827392.0,cell,False,True
SZTaxi-H/tshort,48,0.6330032909568089,0.7381672994945998,0.8575336395830682,62808336384.0,cell,False,True
SZTaxi-H/tshort,64,0.6257791499067495,0.7381672994945998,0.847747049124502,62895882240.0,cell,False,True
SZTaxi-H/tshort,96,0.597181031440907,0.7381672994945998,0.8090049936508678,63071084544.0,cell,False,True
SZTaxi-H/tshort,128,0.5861541725250565,0.7381672994945998,0.7940668367812799,63246434304.0,cell,False,True
SZTaxi-H/tshort,192,0.5697141908827023,0.7381672994945998,0.7717954876526877,63597576192.0,cell,False,True
SZTaxi-H/tshort,256,0.5661053296179697,0.7381672994945998,0.766906540029021,63949307904.0,cell,False,True
SZTaxi-H/tshort,384,0.5625798689938759,0.7381672994945998,0.762130575790958,64654540800.0,cell,False,True
SZTaxi-H/tshort,512,0.5701755820261811,0.7381672994945998,0.7724205372096036,65362132992.0,cell,False,False
MDense-H/tshort,native,0.7911575251166643,1.4875444172240992,0.5318547237688809,78878146560.0,cell,True,False
MDense-H/tshort,32,1.436237439446185,1.4875444172240992,0.965508944012806,62720827392.0,cell,False,True
MDense-H/tshort,48,1.354254753506042,1.4875444172240992,0.9103961789814731,62808336384.0,cell,False,True
MDense-H/tshort,64,1.295478776353756,1.4875444172240992,0.8708840968737215,62895882240.0,cell,False,True
MDense-H/tshort,96,1.152901302804132,1.4875444172240992,0.7750365565255232,63071084544.0,cell,False,True
MDense-H/tshort,128,1.0733676559011105,1.4875444172240992,0.7215701551313121,63246434304.0,cell,False,True
MDense-H/tshort,192,0.9037769745744905,1.4875444172240992,0.6075630173524668,63597576192.0,cell,False,True
MDense-H/tshort,256,0.8698587933329691,1.4875444172240992,0.5847615595615014,63949307904.0,cell,False,True
MDense-H/tshort,384,0.8129180322995232,1.4875444172240992,0.5464831993497756,64654540800.0,cell,False,True
MDense-H/tshort,512,0.7955308462896301,1.4875444172240992,0.5347946838281086,65362132992.0,cell,False,True
MDense-H/tshort,768,0.7871509779858821,1.4875444172240992,0.5291613271318523,66784395264.0,cell,False,True
MDense-H/tshort,1024,0.7834658883109941,1.4875444172240992,0.5266840298947285,68216094720.0,cell,False,True
MDense-H/tshort,1536,0.791110914341615,1.4875444172240992,0.5318233897297022,71107805184.0,cell,False,False
MDense-H/tshort,2048,0.7942648463406882,1.4875444172240992,0.53394361683859,74037264384.0,cell,False,False
MDense-H/tshort,2560,0.7935647383077592,1.4875444172240992,0.5334729700297804,77004472320.0,cell,False,False
MDense-H/tshort,2880,0.7911575236207153,1.4875444172240992,0.531854722763231,78878146560.0,cell,False,False
MDense-H/tmedium,native,0.7583680346800632,1.569946511898904,0.4830534218409716,78878146560.0,cell,True,False
MDense-H/tmedium,32,1.4003888900395258,1.569946511898904,0.8919978352292446,62720827392.0,cell,False,True
MDense-H/tmedium,48,1.189570245869367,1.569946511898904,0.7577138691371983,62808336384.0,cell,False,True
MDense-H/tmedium,64,1.09844717302031,1.569946511898904,0.6996717179184025,62895882240.0,cell,False,True
MDense-H/tmedium,96,0.9715351040681304,1.569946511898904,0.6188332511360692,63071084544.0,cell,False,True
MDense-H/tmedium,128,0.9126321062582203,1.569946511898904,0.5813141399029962,63246434304.0,cell,False,True
MDense-H/tmedium,192,0.820508853503608,1.569946511898904,0.5226349097149651,63597576192.0,cell,False,True
MDense-H/tmedium,256,0.8011443021982212,1.569946511898904,0.5103003803799722,63949307904.0,cell,False,True
MDense-H/tmedium,384,0.7539897406705955,1.569946511898904,0.48026460453013725,64654540800.0,cell,False,True
MDense-H/tmedium,512,0.7398065317389048,1.569946511898904,0.4712304057060412,65362132992.0,cell,False,True
MDense-H/tmedium,768,0.7546399701595302,1.569946511898904,0.480678777550687,66784395264.0,cell,False,False
MDense-H/tmedium,1024,0.7572472951915582,1.569946511898904,0.4823395507122352,68216094720.0,cell,False,False
MDense-H/tmedium,1536,0.757775071743611,1.569946511898904,0.4826757255742784,71107805184.0,cell,False,False
MDense-H/tmedium,2048,0.7532142328414106,1.569946511898904,0.47977063366978806,74037264384.0,cell,False,False
MDense-H/tmedium,2560,0.7592504012976093,1.569946511898904,0.4836154579427486,77004472320.0,cell,False,False
MDense-H/tmedium,2880,0.7583680370568403,1.569946511898904,0.48305342335489393,78878146560.0,cell,False,False
MDense-H/tlong,native,0.7710285365803119,1.4779178744488215,0.5216991755160018,78878146560.0,cell,True,False
MDense-H/tlong,32,1.4023169563312703,1.4779178744488215,0.9488463334637278,62720827392.0,cell,False,True
MDense-H/tlong,48,1.207918329166559,1.4779178744488215,0.8173108601295205,62808336384.0,cell,False,True
MDense-H/tlong,64,1.169107534262968,1.4779178744488215,0.7910504057601834,62895882240.0,cell,False,True
MDense-H/tlong,96,0.9692902809977305,1.4779178744488215,0.6558485405416862,63071084544.0,cell,False,True
MDense-H/tlong,128,0.9521860873408056,1.4779178744488215,0.6442753713198822,63246434304.0,cell,False,True
MDense-H/tlong,192,0.8274603136883021,1.4779178744488215,0.5598824724932008,63597576192.0,cell,False,True
MDense-H/tlong,256,0.8081676827467256,1.4779178744488215,0.5468285462398415,63949307904.0,cell,False,True
MDense-H/tlong,384,0.7752114257854756,1.4779178744488215,0.5245294337309405,64654540800.0,cell,False,True
MDense-H/tlong,512,0.7649604886000927,1.4779178744488215,0.5175933668745829,65362132992.0,cell,False,True
MDense-H/tlong,768,0.7719761438748428,1.4779178744488215,0.5223403527498073,66784395264.0,cell,False,False
MDense-H/tlong,1024,0.7745222350064113,1.4779178744488215,0.5240631082395316,68216094720.0,cell,False,False
MDense-H/tlong,1536,0.7794646425013473,1.4779178744488215,0.5274072774795032,71107805184.0,cell,False,False
MDense-H/tlong,2048,0.7759228142330774,1.4779178744488215,0.5250107787771713,74037264384.0,cell,False,False
MDense-H/tlong,2560,0.7738994157306434,1.4779178744488215,0.5236416915380114,77004472320.0,cell,False,False
MDense-H/tlong,2880,0.7710285380777993,1.4779178744488215,0.5216991765292429,78878146560.0,cell,False,False
MDense-D/tshort,native,0.6820896628864892,1.6693368812171987,0.4085991692636317,66249990144.0,cell,True,False
MDense-D/tshort,32,0.7566580828189724,1.6693368812171987,0.45326865495672414,62720827392.0,cell,False,True
MDense-D/tshort,48,0.794127672166667,1.6693368812171987,0.47571444751620656,62808336384.0,cell,False,False
MDense-D/tshort,64,0.8073740286090524,1.6693368812171987,0.4836495483286482,62895882240.0,cell,False,False
MDense-D/tshort,96,0.8500757129176546,1.6693368812171987,0.5092295764158886,63071084544.0,cell,False,False
MDense-D/tshort,128,0.8380654335013572,1.6693368812171987,0.5020349355070146,63246434304.0,cell,False,False
MDense-D/tshort,192,0.7584339019321271,1.6693368812171987,0.4543324421006707,63597576192.0,cell,False,False
MDense-D/tshort,256,0.7401985626709191,1.6693368812171987,0.44340873972136924,63949307904.0,cell,False,True
MDense-D/tshort,384,0.7060060916087171,1.6693368812171987,0.42292607295295126,64654540800.0,cell,False,True
MDense-D/tshort,512,0.6813618835610527,1.6693368812171987,0.408163200147017,65362132992.0,cell,False,True
Solar-10T/tshort,native,0.8335343282992301,1.1057028063509833,0.7538502421369828,78878146560.0,cell,True,False
Solar-10T/tshort,32,2.5550199926823702,1.1057028063509833,2.3107655854780655,62720827392.0,cell,False,True
Solar-10T/tshort,48,2.635225481102529,1.1057028063509833,2.383303601986183,62808336384.0,cell,False,False
Solar-10T/tshort,64,2.0826049159313955,1.1057028063509833,1.883512372374602,62895882240.0,cell,False,True
Solar-10T/tshort,96,1.9010540650767775,1.1057028063509833,1.719317391759722,63071084544.0,cell,False,True
Solar-10T/tshort,128,1.1253599633761133,1.1057028063509833,1.0177779751595297,63246434304.0,cell,False,True
Solar-10T/tshort,192,1.0745890932442124,1.1057028063509833,0.9718606908401981,63597576192.0,cell,False,True
Solar-10T/tshort,256,1.0778547069377726,1.1057028063509833,0.9748141188995311,63949307904.0,cell,False,False
Solar-10T/tshort,384,1.2093754264228322,1.1057028063509833,1.0937617409274623,64654540800.0,cell,False,False
Solar-10T/tshort,512,1.2978552021726566,1.1057028063509833,1.173783040721232,65362132992.0,cell,False,False
Solar-10T/tshort,768,0.9467863555179812,1.1057028063509833,0.8562756195243324,66784395264.0,cell,False,True
Solar-10T/tshort,1024,0.9746144635277103,1.1057028063509833,0.8814434203564266,68216094720.0,cell,False,False
Solar-10T/tshort,1536,0.8812597228374061,1.1057028063509833,0.7970131917687,71107805184.0,cell,False,True
Solar-10T/tshort,2048,0.8622646257923509,1.1057028063509833,0.7798339850813784,74037264384.0,cell,False,True
Solar-10T/tshort,2560,0.8529507847282853,1.1057028063509833,0.7714105271588984,77004472320.0,cell,False,True
Solar-10T/tshort,2880,0.8335343279174117,1.1057028063509833,0.7538502417916654,78878146560.0,cell,False,True
Solar-10T/tmedium,native,0.9419019247368884,0.9270005404761702,1.0160748388054486,78878146560.0,cell,True,False
Solar-10T/tmedium,32,3.503173978983377,0.9270005404761702,3.779042002698197,62720827392.0,cell,False,True
Solar-10T/tmedium,48,3.417459459326035,0.9270005404761702,3.6865776341086023,62808336384.0,cell,False,True
Solar-10T/tmedium,64,2.8514573691228744,0.9270005404761702,3.076003998507027,62895882240.0,cell,False,True
Solar-10T/tmedium,96,2.2107610443409844,0.9270005404761702,2.3848541050530434,63071084544.0,cell,False,True
Solar-10T/tmedium,128,1.3536883793523717,0.9270005404761702,1.4602886624607854,63246434304.0,cell,False,True
Solar-10T/tmedium,192,1.4059826056276628,0.9270005404761702,1.5167009556493407,63597576192.0,cell,False,False
Solar-10T/tmedium,256,1.1321677898049274,0.9270005404761702,1.221323764518378,63949307904.0,cell,False,True
Solar-10T/tmedium,384,1.0366416839188135,0.9270005404761702,1.1182751666857973,64654540800.0,cell,False,True
Solar-10T/tmedium,512,1.0172431324663778,0.9270005404761702,1.0973490176649228,65362132992.0,cell,False,True
Solar-10T/tmedium,768,0.9786733606179211,0.9270005404761702,1.0557419525507592,66784395264.0,cell,False,True
Solar-10T/tmedium,1024,0.9663953594836268,0.9270005404761702,1.0424970831054972,68216094720.0,cell,False,True
Solar-10T/tmedium,1536,0.9482991592701233,0.9270005404761702,1.0229758429083684,71107805184.0,cell,False,True
Solar-10T/tmedium,2048,0.9304959757642747,0.9270005404761702,1.003770693905215,74037264384.0,cell,False,True
Solar-10T/tmedium,2560,0.9402447062525553,0.9270005404761702,1.0142871176424364,77004472320.0,cell,False,False
Solar-10T/tmedium,2880,0.9419019252598012,0.9270005404761702,1.0160748393695398,78878146560.0,cell,False,False
Solar-10T/tlong,native,0.9490264317346992,0.8709317964102903,1.0896679115934116,78878146560.0,cell,True,True
Solar-10T/tlong,32,2.017857291695599,0.8709317964102903,2.316894732759303,62720827392.0,cell,False,True
Solar-10T/tlong,48,2.0201549612214444,0.8709317964102903,2.3195329066499744,62808336384.0,cell,False,False
Solar-10T/tlong,64,1.9140743818255415,0.8709317964102903,2.1977316590285945,62895882240.0,cell,False,True
Solar-10T/tlong,96,2.1546545084638247,0.8709317964102903,2.473964686264343,63071084544.0,cell,False,False
Solar-10T/tlong,128,1.2088451604208452,0.8709317964102903,1.3879906158017523,63246434304.0,cell,False,True
Solar-10T/tlong,192,1.236868298924945,0.8709317964102903,1.4201666583111687,63597576192.0,cell,False,False
Solar-10T/tlong,256,1.0503431546337114,0.8709317964102903,1.205999320455286,63949307904.0,cell,False,True
Solar-10T/tlong,384,1.0505494733377903,0.8709317964102903,1.2062362146701133,64654540800.0,cell,False,False
Solar-10T/tlong,512,1.0339176915754773,0.8709317964102903,1.1871396771101528,65362132992.0,cell,False,True
Solar-10T/tlong,768,1.0213355265525432,0.8709317964102903,1.172692891409144,66784395264.0,cell,False,True
Solar-10T/tlong,1024,0.994130691638384,0.8709317964102903,1.1414564214280396,68216094720.0,cell,False,True
Solar-10T/tlong,1536,0.9664393310842887,0.8709317964102903,1.1096613248794576,71107805184.0,cell,False,True
Solar-10T/tlong,2048,0.9575252838369946,0.8709317964102903,1.0994262556305967,74037264384.0,cell,False,True
Solar-10T/tlong,2560,0.9509183794146486,0.8709317964102903,1.0918402374721399,77004472320.0,cell,False,True
Solar-10T/tlong,2880,0.9490264337360583,0.8709317964102903,1.089667913891363,78878146560.0,cell,False,False
Solar-H/tshort,native,0.7869166673207251,0.9519362458316396,0.8266484974876143,78878146560.0,cell,True,False
Solar-H/tshort,32,1.047916316009241,0.9519362458316396,1.1008261536398904,62720827392.0,cell,False,True
Solar-H/tshort,48,0.9522562216327238,0.9519362458316396,1.000336131545033,62808336384.0,cell,False,True
Solar-H/tshort,64,0.9131050618841218,0.9519362458316396,0.9592082094598743,62895882240.0,cell,False,True
Solar-H/tshort,96,0.9357830381250555,0.9519362458316396,0.9830312084687224,63071084544.0,cell,False,False
Solar-H/tshort,128,0.9433079343785281,0.9519362458316396,0.9909360406320347,63246434304.0,cell,False,False
Solar-H/tshort,192,1.010522459190945,0.9519362458316396,1.0615442616202966,63597576192.0,cell,False,False
Solar-H/tshort,256,1.0540295766563337,0.9519362458316396,1.1072480759838095,63949307904.0,cell,False,False
Solar-H/tshort,384,1.071238416612016,0.9519362458316396,1.1253257991832746,64654540800.0,cell,False,False
Solar-H/tshort,512,1.0590501256611855,0.9519362458316396,1.112522115108631,65362132992.0,cell,False,False
Solar-H/tshort,768,0.9479402378277164,0.9519362458316396,0.9958022314819706,66784395264.0,cell,False,False
Solar-H/tshort,1024,0.8578603269828913,0.9519362458316396,0.9011741392759335,68216094720.0,cell,False,True
Solar-H/tshort,1536,0.7994737644419997,0.9519362458316396,0.8398396089472944,71107805184.0,cell,False,True
Solar-H/tshort,2048,0.7892570781455993,0.9519362458316396,0.829107076867402,74037264384.0,cell,False,True
Solar-H/tshort,2560,0.7868603838981001,0.9519362458316396,0.8265893722858253,77004472320.0,cell,False,True
Solar-H/tshort,2880,0.7869166666649963,0.9519362458316396,0.8266484967987774,78878146560.0,cell,False,False
Solar-H/tmedium,native,0.7665153589969801,0.9349685908749716,0.8198300632534105,78878146560.0,cell,True,False
Solar-H/tmedium,32,0.9923529101230515,0.9349685908749716,1.0613756652449446,62720827392.0,cell,False,True
Solar-H/tmedium,48,0.9477181099957025,0.9349685908749716,1.0136363074066472,62808336384.0,cell,False,True
Solar-H/tmedium,64,0.9376410231226121,0.9349685908749716,1.002858312325914,62895882240.0,cell,False,True
Solar-H/tmedium,96,0.9717686313057561,0.9349685908749716,1.0393596542065076,63071084544.0,cell,False,False
Solar-H/tmedium,128,0.9874655569906325,0.9349685908749716,1.0561483739967485,63246434304.0,cell,False,False
Solar-H/tmedium,192,1.0463758757003703,0.9349685908749716,1.1191561790553204,63597576192.0,cell,False,False
Solar-H/tmedium,256,1.0206335022759432,0.9349685908749716,1.091623303966611,63949307904.0,cell,False,False
Solar-H/tmedium,384,1.0808039586713625,0.9349685908749716,1.1559788951411873,64654540800.0,cell,False,False
Solar-H/tmedium,512,0.9362570106911934,0.9349685908749716,1.0013780354001154,65362132992.0,cell,False,True
Solar-H/tmedium,768,0.9178152705659857,0.9349685908749716,0.9816535865734983,66784395264.0,cell,False,True
Solar-H/tmedium,1024,0.8528257679638278,0.9349685908749716,0.9121437621404243,68216094720.0,cell,False,True
Solar-H/tmedium,1536,0.7962407004669003,0.9349685908749716,0.851622940319048,71107805184.0,cell,False,True
Solar-H/tmedium,2048,0.783699067578014,0.9349685908749716,0.8382089785974574,74037264384.0,cell,False,True
Solar-H/tmedium,2560,0.7712283237608973,0.9349685908749716,0.824870836611911,77004472320.0,cell,False,True
Solar-H/tmedium,2880,0.7665153585640111,0.9349685908749716,0.8198300627903266,78878146560.0,cell,False,True
Solar-H/tlong,native,0.7492369457607728,1.071196647792778,0.6994392180974338,78878146560.0,cell,True,True
Solar-H/tlong,32,1.2397435833027945,1.071196647792778,1.1573445322642775,62720827392.0,cell,False,True
Solar-H/tlong,48,1.1190308563791571,1.071196647792778,1.0446549274448744,62808336384.0,cell,False,True
Solar-H/tlong,64,1.0573748576050086,1.071196647792778,0.9870968694531957,62895882240.0,cell,False,True
Solar-H/tlong,96,1.0677118533860661,1.071196647792778,0.9967468210305809,63071084544.0,cell,False,False
Solar-H/tlong,128,1.058495347337566,1.071196647792778,0.9881428862932093,63246434304.0,cell,False,False
Solar-H/tlong,192,1.077392009039499,1.071196647792778,1.0057835890912157,63597576192.0,cell,False,False
Solar-H/tlong,256,1.0009249214653027,1.071196647792778,0.934398855268758,63949307904.0,cell,False,True
Solar-H/tlong,384,1.0299662426194172,1.071196647792778,0.9615099568708352,64654540800.0,cell,False,False
Solar-H/tlong,512,0.9749208887086046,1.071196647792778,0.910123169930982,65362132992.0,cell,False,True
Solar-H/tlong,768,0.8394079750471697,1.071196647792778,0.7836170667419344,66784395264.0,cell,False,True
Solar-H/tlong,1024,0.7915035904550773,1.071196647792778,0.7388966275109116,68216094720.0,cell,False,True
Solar-H/tlong,1536,0.7616031754768483,1.071196647792778,0.710983531404945,71107805184.0,cell,False,True
Solar-H/tlong,2048,0.7549179432694398,1.071196647792778,0.7047426304264146,74037264384.0,cell,False,True
Solar-H/tlong,2560,0.7499264323566989,1.071196647792778,0.7000828782483004,77004472320.0,cell,False,True
Solar-H/tlong,2880,0.749236948676444,1.071196647792778,0.6994392208193161,78878146560.0,cell,False,False
Solar-D/tshort,native,1.0796694479872275,1.155861190610263,0.9340822728178907,64345715712.0,cell,True,False
Solar-D/tshort,32,0.9834168425798012,1.155861190610263,0.850808774071378,62720827392.0,cell,False,True
Solar-D/tshort,48,0.9705621183795606,1.155861190610263,0.8396874350172883,62808336384.0,cell,False,True
Solar-D/tshort,64,0.9872919091308312,1.155861190610263,0.8541613103296324,62895882240.0,cell,False,False
Solar-D/tshort,96,0.9920392045757961,1.155861190610263,0.8582684604645534,63071084544.0,cell,False,False
Solar-D/tshort,128,0.9889190519874538,1.155861190610263,0.8555690423910952,63246434304.0,cell,False,False
Solar-D/tshort,192,1.0009584064544732,1.155861190610263,0.8659849596005509,63597576192.0,cell,False,False
Solar-D/tshort,256,1.0308616292047375,1.155861190610263,0.8918559058639826,63949307904.0,cell,False,False
Solar-W/tshort,native,0.983649929218756,1.4703506784640206,0.6689900196096832,62808336384.0,cell,True,True
Solar-W/tshort,32,1.9868094923515816,1.4703506784640206,1.3512487336878518,62720827392.0,cell,False,True
HierSales-D/tshort,native,0.790713641533096,1.134803399686105,0.6967846957030734,72110843904.0,cell,True,False
HierSales-D/tshort,32,0.832404288741512,1.134803399686105,0.7335229071148016,62720827392.0,cell,False,True
HierSales-D/tshort,48,0.8118284435129222,1.134803399686105,0.7153912684236581,62808336384.0,cell,False,True
HierSales-D/tshort,64,0.8135363328220003,1.134803399686105,0.7168962774054346,62895882240.0,cell,False,False
HierSales-D/tshort,96,0.7885732173653258,1.134803399686105,0.6948985327180469,63071084544.0,cell,False,True
HierSales-D/tshort,128,0.7785767551463351,1.134803399686105,0.6860895511607518,63246434304.0,cell,False,True
HierSales-D/tshort,192,0.7890109649431356,1.134803399686105,0.6952842802210337,63597576192.0,cell,False,False
HierSales-D/tshort,256,0.7891575802867564,1.134803399686105,0.6954134791145701,63949307904.0,cell,False,False
HierSales-D/tshort,384,0.7821688172236835,1.134803399686105,0.6892549118552492,64654540800.0,cell,False,False
HierSales-D/tshort,512,0.7805422008394061,1.134803399686105,0.6878215213800996,65362132992.0,cell,False,False
HierSales-D/tshort,768,0.7746524907322472,1.134803399686105,0.6826314504754936,66784395264.0,cell,False,True
HierSales-D/tshort,1024,0.7734976803260858,1.134803399686105,0.6816138201031482,68216094720.0,cell,False,True
HierSales-D/tshort,1536,0.7865970241835099,1.134803399686105,0.6931570917051256,71107805184.0,cell,False,False
HierSales-W/tshort,native,0.7510660240912362,1.0250133777288335,0.7327377772916542,63905313792.0,cell,True,True
HierSales-W/tshort,32,0.8511688369368737,1.0250133777288335,0.8303977835126848,62720827392.0,cell,False,True
HierSales-W/tshort,48,0.7755247907724139,1.0250133777288335,0.7565996772557034,62808336384.0,cell,False,True
HierSales-W/tshort,64,0.7753543912243401,1.0250133777288335,0.7564334359638568,62895882240.0,cell,False,True
HierSales-W/tshort,96,0.7796451298319514,1.0250133777288335,0.7606194677765522,63071084544.0,cell,False,False
HierSales-W/tshort,128,0.7670145039180511,1.0250133777288335,0.7482970667344444,63246434304.0,cell,False,True
HierSales-W/tshort,192,0.7601291749629336,1.0250133777288335,0.7415797603024311,63597576192.0,cell,False,True
M4-Yearly/tshort,native,4.547336911356149,3.965954931783283,1.1465931886703133,62754932700.16401,cell,True,False
M4-Yearly/tshort,32,4.473669214010892,3.965954931783283,1.1280181673671505,62720827392.0,cell,False,True
M4-Yearly/tshort,48,4.462074624117206,3.965954931783283,1.12509463694557,62808336384.0,cell,False,True
M4-Yearly/tshort,64,4.460187018455346,3.965954931783283,1.1246186845723516,62895882240.0,cell,False,True
M4-Yearly/tshort,96,4.46032764945711,3.965954931783283,1.124654144128545,63071084544.0,cell,False,False
M4-Yearly/tshort,128,4.460647721802657,3.965954931783283,1.1247348491166378,63246434304.0,cell,False,False
M4-Yearly/tshort,192,4.461148017170346,3.965954931783283,1.1248609966337666,63597576192.0,cell,False,False
M4-Yearly/tshort,256,4.461256923261857,3.965954931783283,1.1248884568781174,63949307904.0,cell,False,False
M4-Quarterly/tshort,native,1.4277566342851378,1.602247174616002,0.8910963657198003,63095987904.0,cell,True,True
M4-Quarterly/tshort,32,1.663750368304369,1.602247174616002,1.0383855841113323,62720827392.0,cell,False,True
M4-Quarterly/tshort,48,1.5794273895053381,1.602247174616002,0.985757637478042,62808336384.0,cell,False,True
M4-Quarterly/tshort,64,1.5234054387035685,1.602247174616002,0.9507930254697881,62895882240.0,cell,False,True
M4-Quarterly/tshort,96,1.498897794898224,1.602247174616002,0.9354972307924044,63071084544.0,cell,False,True
M4-Quarterly/tshort,128,1.4985059813920742,1.602247174616002,0.9352526908035955,63246434304.0,cell,False,False
M4-Quarterly/tshort,192,1.501460574251597,1.602247174616002,0.9370967214290393,63597576192.0,cell,False,False
M4-Quarterly/tshort,256,1.5009498962981658,1.602247174616002,0.9367779953538607,63949307904.0,cell,False,False
M4-Quarterly/tshort,384,1.5010984191220211,1.602247174616002,0.9368706919279027,64654540800.0,cell,False,False
M4-Quarterly/tshort,512,1.501023996940417,1.602247174616002,0.9368242433007602,65362132992.0,cell,False,False
M4-Quarterly/tshort,768,1.501000022474911,1.602247174616002,0.9368092802751509,66784395264.0,cell,False,False
M4-Monthly/tshort,native,1.1015364212293737,1.259717038974429,0.8744316280155783,63779234877.824,cell,True,True
M4-Monthly/tshort,32,1.2618754060740234,1.259717038974429,1.0017133745379452,62720827392.0,cell,False,True
M4-Monthly/tshort,48,1.2405342620218764,1.259717038974429,0.9847721540956771,62808336384.0,cell,False,True
M4-Monthly/tshort,64,1.2137498992145033,1.259717038974429,0.9635099483949595,62895882240.0,cell,False,True
M4-Monthly/tshort,96,1.1798409491950153,1.259717038974429,0.9365920382846904,63071084544.0,cell,False,True
M4-Monthly/tshort,128,1.1589926073689776,1.259717038974429,0.9200420185731123,63246434304.0,cell,False,True
M4-Monthly/tshort,192,1.1300046470032181,1.259717038974429,0.8970305330816091,63597576192.0,cell,False,True
M4-Monthly/tshort,256,1.128715656197698,1.259717038974429,0.8960072947148648,63949307904.0,cell,False,False
M4-Monthly/tshort,384,1.1223886668921912,1.259717038974429,0.8909847467062598,64654540800.0,cell,False,False
M4-Monthly/tshort,512,1.1222195779729975,1.259717038974429,0.8908505190075289,65362132992.0,cell,False,False
M4-Monthly/tshort,768,1.1220821936114442,1.259717038974429,0.8907414593081656,66784395264.0,cell,False,False
M4-Monthly/tshort,1024,1.1220450356075513,1.259717038974429,0.8907119622046549,68216094720.0,cell,False,False
M4-Monthly/tshort,1536,1.122218977255936,1.259717038974429,0.8908500421408652,71107805184.0,cell,False,False
M4-Monthly/tshort,2048,1.1221772563819703,1.259717038974429,0.890816922898468,74037264384.0,cell,False,False
M4-Monthly/tshort,2560,1.1222366348348802,1.259717038974429,0.8908640592402597,77004472320.0,cell,False,False
M4-Weekly/tshort,native,2.3936076175217798,2.777295047362158,0.8618485168852333,68282701978.027855,cell,True,False
M4-Weekly/tshort,32,3.483366081677107,2.777295047362158,1.2542297531497661,62720827392.0,cell,False,True
M4-Weekly/tshort,48,3.2414033616035134,2.777295047362158,1.1671080336538822,62808336384.0,cell,False,True
M4-Weekly/tshort,64,3.0505129000116216,2.777295047362158,1.0983755229423546,62895882240.0,cell,False,True
M4-Weekly/tshort,96,2.8629089468994793,2.777295047362158,1.0308263609293642,63071084544.0,cell,False,True
M4-Weekly/tshort,128,2.844517663040389,2.777295047362158,1.0242043479471432,63246434304.0,cell,False,True
M4-Weekly/tshort,192,2.5529311099481014,2.777295047362158,0.9192149434655297,63597576192.0,cell,False,True
M4-Weekly/tshort,256,2.464993991849572,2.777295047362158,0.8875520784839891,63949307904.0,cell,False,True
M4-Weekly/tshort,384,2.328729220591377,2.777295047362158,0.8384882343714892,64654540800.0,cell,False,True
M4-Weekly/tshort,512,2.2924084102766265,2.777295047362158,0.825410469965706,65362132992.0,cell,False,True
M4-Weekly/tshort,768,2.2840219899694993,2.777295047362158,0.8223908338938769,66784395264.0,cell,False,True
M4-Weekly/tshort,1024,2.3112235811856814,2.777295047362158,0.8321851088096868,68216094720.0,cell,False,False
M4-Weekly/tshort,1536,2.341940853588995,2.777295047362158,0.8432452489386546,71107805184.0,cell,False,False
M4-Weekly/tshort,2048,2.354941288137292,2.777295047362158,0.8479262188487995,74037264384.0,cell,False,False
M4-Weekly/tshort,2560,2.3546999443499366,2.777295047362158,0.8478393199838105,77004472320.0,cell,False,False
M4-Daily/tshort,native,3.7871741423070735,3.278424296610481,1.1551812089187425,72661457679.44357,cell,True,False
M4-Daily/tshort,32,4.078540213353297,3.278424296610481,1.2440550228870757,62720827392.0,cell,False,True
M4-Daily/tshort,48,4.0942380620724785,3.278424296610481,1.2488432526276287,62808336384.0,cell,False,False
M4-Daily/tshort,64,4.12018336516005,3.278424296610481,1.2567572078512999,62895882240.0,cell,False,False
M4-Daily/tshort,96,4.044658731172815,3.278424296610481,1.233720337954588,63071084544.0,cell,False,True
M4-Daily/tshort,128,3.8481792927365994,3.278424296610481,1.1737892794154743,63246434304.0,cell,False,True
M4-Daily/tshort,192,3.769865273301262,3.278424296610481,1.149901578389007,63597576192.0,cell,False,True
M4-Daily/tshort,256,3.792950600421896,3.278424296610481,1.156943170639437,63949307904.0,cell,False,False
M4-Daily/tshort,384,3.6728951231888263,3.278424296610481,1.1203232989049599,64654540800.0,cell,False,True
M4-Daily/tshort,512,3.6275952752257044,3.278424296610481,1.1065057317249103,65362132992.0,cell,False,True
M4-Daily/tshort,768,3.600534962423356,3.278424296610481,1.0982516711292987,66784395264.0,cell,False,True
M4-Daily/tshort,1024,3.6324998175989984,3.278424296610481,1.10800173771119,68216094720.0,cell,False,False
M4-Daily/tshort,1536,3.620921414355262,3.278424296610481,1.1044700401039866,71107805184.0,cell,False,False
M4-Daily/tshort,2048,3.6118092965731736,3.278424296610481,1.1016906201882943,74037264384.0,cell,False,False
M4-Daily/tshort,2560,3.5669677125689847,3.278424296610481,1.0880128347806675,77004472320.0,cell,False,True
M4-Daily/tshort,2880,3.5645750946154453,3.278424296610481,1.0872830274900085,78878146560.0,cell,False,True
M4-Hourly/tshort,native,0.8680192468518718,1.1932101877276544,0.7274655008644578,67273810513.62319,cell,True,True
M4-Hourly/tshort,32,1.823564655937591,1.1932101877276544,1.5282845174246975,62720827392.0,cell,False,True
M4-Hourly/tshort,48,1.4054840234331007,1.1932101877276544,1.1779014610239793,62808336384.0,cell,False,True
M4-Hourly/tshort,64,1.46315616712171,1.1932101877276544,1.22623506082205,62895882240.0,cell,False,False
M4-Hourly/tshort,96,1.680451174491074,1.1932101877276544,1.4083446418533516,63071084544.0,cell,False,False
M4-Hourly/tshort,128,1.1396956275612198,1.1932101877276544,0.9551507683081825,63246434304.0,cell,False,True
M4-Hourly/tshort,192,0.9671862216650648,1.1932101877276544,0.8105748941910822,63597576192.0,cell,False,True
M4-Hourly/tshort,256,0.9407553085945125,1.1932101877276544,0.7884237984810404,63949307904.0,cell,False,True
M4-Hourly/tshort,384,0.9024598859630144,1.1932101877276544,0.7563293502225756,64654540800.0,cell,False,True
M4-Hourly/tshort,512,0.8893580648300511,1.1932101877276544,0.7453490373927679,65362132992.0,cell,False,True
M4-Hourly/tshort,768,0.8861556100713462,1.1932101877276544,0.7426651391226705,66784395264.0,cell,False,True
Hospital/tshort,native,0.8370975917844634,0.9205278266364826,0.9093669605221333,62983464960.0,cell,True,False
Hospital/tshort,32,0.8056813423168987,0.9205278266364826,0.8752384436446408,62720827392.0,cell,False,True
Hospital/tshort,48,0.9216120547170459,0.9205278266364826,1.0011778330314305,62808336384.0,cell,False,False
Hospital/tshort,64,0.8742913090882212,0.9205278266364826,0.9497717329011063,62895882240.0,cell,False,False
CovidDeaths-D/tshort,native,60.3838555102928,46.91239825526407,1.287161981822515,63597576192.0,cell,True,False
CovidDeaths-D/tshort,32,50.45138682932046,46.91239825526407,1.075438236067142,62720827392.0,cell,False,True
CovidDeaths-D/tshort,48,49.758431440550495,46.91239825526407,1.0606669727222284,62808336384.0,cell,False,True
CovidDeaths-D/tshort,64,49.95345465356753,46.91239825526407,1.0648241512138472,62895882240.0,cell,False,False
CovidDeaths-D/tshort,96,51.11904317723015,46.91239825526407,1.08967021679592,63071084544.0,cell,False,False
CovidDeaths-D/tshort,128,55.50263884031836,46.91239825526407,1.1831123733711562,63246434304.0,cell,False,False
USBirths-D/tshort,native,0.3885095825845407,1.8648391912491091,0.2083340935817145,78878146560.0,cell,True,False
USBirths-D/tshort,32,0.5302453694484546,1.8648391912491091,0.28433838796217326,62720827392.0,cell,False,True
USBirths-D/tshort,48,0.5256927929857284,1.8648391912491091,0.2818971176992522,62808336384.0,cell,False,True
USBirths-D/tshort,64,0.5130126854939733,1.8648391912491091,0.2750975461591122,62895882240.0,cell,False,True
USBirths-D/tshort,96,0.5131327599672687,1.8648391912491091,0.2751619348065939,63071084544.0,cell,False,False
USBirths-D/tshort,128,0.5391763203965216,1.8648391912491091,0.2891275145474446,63246434304.0,cell,False,False
USBirths-D/tshort,192,0.52423738921968,1.8648391912491091,0.28111667305132865,63597576192.0,cell,False,False
USBirths-D/tshort,256,0.5536492816392287,1.8648391912491091,0.2968884846678831,63949307904.0,cell,False,False
USBirths-D/tshort,384,0.4118910237030971,1.8648391912491091,0.22087214041614156,64654540800.0,cell,False,True
USBirths-D/tshort,512,0.3888272418903322,1.8648391912491091,0.2085044349748395,65362132992.0,cell,False,True
USBirths-D/tshort,768,0.3869201768457709,1.8648391912491091,0.20748179181423332,66784395264.0,cell,False,True
USBirths-D/tshort,1024,0.3861185827492665,1.8648391912491091,0.2070519455839171,68216094720.0,cell,False,True
USBirths-D/tshort,1536,0.3869787837710007,1.8648391912491091,0.20751321914882861,71107805184.0,cell,False,False
USBirths-D/tshort,2048,0.3857954768784303,1.8648391912491091,0.20687868352874772,74037264384.0,cell,False,True
USBirths-D/tshort,2560,0.3816052812696915,1.8648391912491091,0.20463173610915167,77004472320.0,cell,False,True
USBirths-D/tshort,2880,0.38850958071114094,1.8648391912491091,0.20833409257712399,78878146560.0,cell,False,False
USBirths-W/tshort,native,1.3649427162730154,1.5634204337929731,0.8730490447547522,68036689920.0,cell,True,False
USBirths-W/tshort,32,2.080781527599842,1.5634204337929731,1.3309161647271763,62720827392.0,cell,False,True
USBirths-W/tshort,48,1.4552597793494695,1.5634204337929731,0.9308179347630132,62808336384.0,cell,False,True
USBirths-W/tshort,64,1.4732081314812662,1.5634204337929731,0.9422981174086069,62895882240.0,cell,False,False
USBirths-W/tshort,96,1.4462511377116551,1.5634204337929731,0.9250557984603945,63071084544.0,cell,False,True
USBirths-W/tshort,128,1.313229507228586,1.5634204337929731,0.8399720758686737,63246434304.0,cell,False,True
USBirths-W/tshort,192,1.1711291583536112,1.5634204337929731,0.7490813942557765,63597576192.0,cell,False,True
USBirths-W/tshort,256,1.4119690331759123,1.5634204337929731,0.9031281686336742,63949307904.0,cell,False,False
USBirths-W/tshort,384,1.4476650354985607,1.5634204337929731,0.9259601603046844,64654540800.0,cell,False,False
USBirths-W/tshort,512,1.333667272928978,1.5634204337929731,0.8530445452176949,65362132992.0,cell,False,False
USBirths-W/tshort,768,1.2221119934851767,1.5634204337929731,0.7816911990335466,66784395264.0,cell,False,False
USBirths-W/tshort,1024,1.3124919709790714,1.5634204337929731,0.8395003305635895,68216094720.0,cell,False,False
USBirths-M/tshort,native,1.1457635232269363,0.7605310792868888,1.5065308367164434,63817344000.0,cell,True,False
USBirths-M/tshort,32,0.8845760431028452,0.7605310792868888,1.1631030830880271,62720827392.0,cell,False,True
USBirths-M/tshort,48,0.8425341216929761,0.7605310792868888,1.1078233942562576,62808336384.0,cell,False,True
USBirths-M/tshort,64,0.8632158512961162,0.7605310792868888,1.1350171936504025,62895882240.0,cell,False,False
USBirths-M/tshort,96,0.7888677519028914,0.7605310792868888,1.0372590593438633,63071084544.0,cell,False,True
USBirths-M/tshort,128,0.721596796882118,0.7605310792868888,0.9488064545090288,63246434304.0,cell,False,True
USBirths-M/tshort,192,0.7080242036191376,0.7605310792868888,0.9309602498861925,63597576192.0,cell,False,True
SaugeenDay-D/tshort,native,2.7791437512654262,3.413049305768806,0.8142700272650795,78878146560.0,cell,True,False
SaugeenDay-D/tshort,32,4.373695007180488,3.413049305768806,1.281462591175574,62720827392.0,cell,False,True
SaugeenDay-D/tshort,48,4.174127918228064,3.413049305768806,1.2229908050765241,62808336384.0,cell,False,True
SaugeenDay-D/tshort,64,3.8320480179397625,3.413049305768806,1.1227637442748795,62895882240.0,cell,False,True
SaugeenDay-D/tshort,96,3.911613465122282,3.413049305768806,1.1460758737094108,63071084544.0,cell,False,False
SaugeenDay-D/tshort,128,4.235822634321827,3.413049305768806,1.2410669330684303,63246434304.0,cell,False,False
SaugeenDay-D/tshort,192,3.5112964037593724,3.413049305768806,1.0287857247841417,63597576192.0,cell,False,True
SaugeenDay-D/tshort,256,3.217047829299306,3.413049305768806,0.942572913863795,63949307904.0,cell,False,True
SaugeenDay-D/tshort,384,2.9863302785049677,3.413049305768806,0.8749742564390767,64654540800.0,cell,False,True
SaugeenDay-D/tshort,512,3.092769038351589,3.413049305768806,0.9061600818728659,65362132992.0,cell,False,False
SaugeenDay-D/tshort,768,2.7972905181146683,3.413049305768806,0.8195869052892469,66784395264.0,cell,False,True
SaugeenDay-D/tshort,1024,2.837838571022381,3.413049305768806,0.8314672062386582,68216094720.0,cell,False,False
SaugeenDay-D/tshort,1536,2.798986416796539,3.413049305768806,0.820083791952737,71107805184.0,cell,False,False
SaugeenDay-D/tshort,2048,2.7509651589789748,3.413049305768806,0.8060138933033394,74037264384.0,cell,False,True
SaugeenDay-D/tshort,2560,2.7568633322900697,3.413049305768806,0.8077420175648687,77004472320.0,cell,False,False
SaugeenDay-D/tshort,2880,2.779143754856486,3.413049305768806,0.8142700283172354,78878146560.0,cell,False,False
SaugeenDay-W/tshort,native,1.194675099215713,1.990658004828632,0.6001408058631135,78878146560.0,cell,True,False
SaugeenDay-W/tshort,32,1.7148877386909067,1.990658004828632,0.8614677832813049,62720827392.0,cell,False,True
SaugeenDay-W/tshort,48,1.701959706442577,1.990658004828632,0.8549734320582566,62808336384.0,cell,False,True
SaugeenDay-W/tshort,64,1.657314138938439,1.990658004828632,0.832545889308149,62895882240.0,cell,False,True
SaugeenDay-W/tshort,96,1.6203739001608528,1.990658004828632,0.813989091160008,63071084544.0,cell,False,True
SaugeenDay-W/tshort,128,1.5767727761746864,1.990658004828632,0.7920862209128808,63246434304.0,cell,False,True
SaugeenDay-W/tshort,192,1.3599606587515607,1.990658004828632,0.6831714214359158,63597576192.0,cell,False,True
SaugeenDay-W/tshort,256,1.442147077693651,1.990658004828632,0.7244574779773886,63949307904.0,cell,False,False
SaugeenDay-W/tshort,384,1.3004443844159228,1.990658004828632,0.6532736317647254,64654540800.0,cell,False,True
SaugeenDay-W/tshort,512,1.1818595974881783,1.990658004828632,0.593702983948727,65362132992.0,cell,False,True
SaugeenDay-W/tshort,768,1.3513264424071836,1.990658004828632,0.6788340534282352,66784395264.0,cell,False,False
SaugeenDay-W/tshort,1024,1.29494875071422,1.990658004828632,0.6505129196341776,68216094720.0,cell,False,False
SaugeenDay-W/tshort,1536,1.1716005459197094,1.990658004828632,0.5885493857196068,71107805184.0,cell,False,True
SaugeenDay-W/tshort,2048,1.1814648706062638,1.990658004828632,0.5935046942972867,74037264384.0,cell,False,False
SaugeenDay-W/tshort,2560,1.2320797521857736,1.990658004828632,0.6189309008363988,77004472320.0,cell,False,False
SaugeenDay-W/tshort,2880,1.1946751389356853,1.990658004828632,0.600140825816301,78878146560.0,cell,False,False
SaugeenDay-M/tshort,native,0.743787863285724,0.9763741730697156,0.761785679917422,66618866249.14286,cell,True,False
SaugeenDay-M/tshort,32,0.9642162588718076,0.9763741730697156,0.987547894512937,62720827392.0,cell,False,True
SaugeenDay-M/tshort,48,0.8855762621564512,0.9763741730697156,0.9070050054398754,62808336384.0,cell,False,True
SaugeenDay-M/tshort,64,0.8843637221858522,0.9763741730697156,0.9057631250173456,62895882240.0,cell,False,True
SaugeenDay-M/tshort,96,0.8181172661624816,0.9763741730697156,0.8379136695006228,63071084544.0,cell,False,True
SaugeenDay-M/tshort,128,0.7861616412714725,0.9763741730697156,0.8051847979548498,63246434304.0,cell,False,True
SaugeenDay-M/tshort,192,0.7897958747734379,0.9763741730697156,0.808906970869911,63597576192.0,cell,False,False
SaugeenDay-M/tshort,256,0.7909705666171053,0.9763741730697156,0.8101100873349586,63949307904.0,cell,False,False
SaugeenDay-M/tshort,384,0.7518015538114091,0.9763741730697156,0.7699932818252953,64654540800.0,cell,False,True
SaugeenDay-M/tshort,512,0.739153765898793,0.9763741730697156,0.7570394488978515,65362132992.0,cell,False,True
SaugeenDay-M/tshort,768,0.7433178763519109,0.9763741730697156,0.7613043204685793,66784395264.0,cell,False,False
Electricity-15T/tshort,native,0.8955415728128873,1.7170601412372184,0.521555157740491,78878146560.0,cell,True,False
Electricity-15T/tshort,32,2.743825871855352,1.7170601412372184,1.5979788977445504,62720827392.0,cell,False,True
Electricity-15T/tshort,48,2.6241201293820846,1.7170601412372184,1.5282633766638418,62808336384.0,cell,False,True
Electricity-15T/tshort,64,2.1549214903908767,1.7170601412372184,1.25500641395016,62895882240.0,cell,False,True
Electricity-15T/tshort,96,1.3146519136646762,1.7170601412372184,0.7656411572849223,63071084544.0,cell,False,True
Electricity-15T/tshort,128,1.2439975691832208,1.7170601412372184,0.7244927182846753,63246434304.0,cell,False,True
Electricity-15T/tshort,192,1.1720872630791617,1.7170601412372184,0.6826128188117049,63597576192.0,cell,False,True
Electricity-15T/tshort,256,1.0727448929285843,1.7170601412372184,0.6247567380811856,63949307904.0,cell,False,True
Electricity-15T/tshort,384,0.9939548331981303,1.7170601412372184,0.5788701335073456,64654540800.0,cell,False,True
Electricity-15T/tshort,512,0.9892107856508058,1.7170601412372184,0.5761072439419829,65362132992.0,cell,False,True
Electricity-15T/tshort,768,0.9123396784866015,1.7170601412372184,0.5313382196556145,66784395264.0,cell,False,True
Electricity-15T/tshort,1024,0.9064804436684484,1.7170601412372184,0.5279258553024758,68216094720.0,cell,False,True
Electricity-15T/tshort,1536,0.8974188494344345,1.7170601412372184,0.5226484663418978,71107805184.0,cell,False,True
Electricity-15T/tshort,2048,0.8954033297139989,1.7170601412372184,0.5214746462338943,74037264384.0,cell,False,True
Electricity-15T/tshort,2560,0.8952993654114895,1.7170601412372184,0.5214140983823585,77004472320.0,cell,False,True
Electricity-15T/tshort,2880,0.8955415720199214,1.7170601412372184,0.521555157278675,78878146560.0,cell,False,False
Electricity-15T/tmedium,native,0.8538184640019979,1.1507882041044135,0.7419423148036797,78878146560.0,cell,True,False
Electricity-15T/tmedium,32,2.4642775940840336,1.1507882041044135,2.141382389300581,62720827392.0,cell,False,True
Electricity-15T/tmedium,48,2.4602501156689716,1.1507882041044135,2.137882632872163,62808336384.0,cell,False,True
Electricity-15T/tmedium,64,2.275256462911524,1.1507882041044135,1.9771287668717579,62895882240.0,cell,False,True
Electricity-15T/tmedium,96,1.1615612910660236,1.1507882041044135,1.009361485391653,63071084544.0,cell,False,True
Electricity-15T/tmedium,128,1.122344607746806,1.1507882041044135,0.975283378595505,63246434304.0,cell,False,True
Electricity-15T/tmedium,192,1.064738094910773,1.1507882041044135,0.9252250684472318,63597576192.0,cell,False,True
Electricity-15T/tmedium,256,1.0160412015481537,1.1507882041044135,0.8829089470367617,63949307904.0,cell,False,True
Electricity-15T/tmedium,384,0.9246771501351848,1.1507882041044135,0.8035163610794944,64654540800.0,cell,False,True
Electricity-15T/tmedium,512,0.8934649418742784,1.1507882041044135,0.7763939000136053,65362132992.0,cell,False,True
Electricity-15T/tmedium,768,0.8680592168656595,1.1507882041044135,0.754317096551416,66784395264.0,cell,False,True
Electricity-15T/tmedium,1024,0.8631544982659896,1.1507882041044135,0.750055045044304,68216094720.0,cell,False,True
Electricity-15T/tmedium,1536,0.8514050244422219,1.1507882041044135,0.7398451091222448,71107805184.0,cell,False,True
Electricity-15T/tmedium,2048,0.8525209579736572,1.1507882041044135,0.7408148214702296,74037264384.0,cell,False,False
Electricity-15T/tmedium,2560,0.8542551204840173,1.1507882041044135,0.7423217560253241,77004472320.0,cell,False,False
Electricity-15T/tmedium,2880,0.8538184647019961,1.1507882041044135,0.7419423154119568,78878146560.0,cell,False,False
Electricity-15T/tlong,native,0.9060351191186252,1.1635317075319347,0.7786939653243252,78878146560.0,cell,True,False
Electricity-15T/tlong,32,2.364453312516377,1.1635317075319347,2.0321348332928704,62720827392.0,cell,False,True
Electricity-15T/tlong,48,2.3519357317934912,1.1635317075319347,2.021376569773402,62808336384.0,cell,False,True
Electricity-15T/tlong,64,1.9127192118657668,1.1635317075319347,1.6438909223393636,62895882240.0,cell,False,True
Electricity-15T/tlong,96,1.1740097499362618,1.1635317075319347,1.0090053776244337,63071084544.0,cell,False,True
Electricity-15T/tlong,128,1.1307001853347414,1.1635317075319347,0.9717828727961054,63246434304.0,cell,False,True
Electricity-15T/tlong,192,1.062199706197302,1.1635317075319347,0.9129099785775702,63597576192.0,cell,False,True
Electricity-15T/tlong,256,1.0295458215111044,1.1635317075319347,0.884845522340737,63949307904.0,cell,False,True
Electricity-15T/tlong,384,0.9630290672769496,1.1635317075319347,0.8276775450492121,64654540800.0,cell,False,True
Electricity-15T/tlong,512,0.9354298038982413,1.1635317075319347,0.8039572947113408,65362132992.0,cell,False,True
Electricity-15T/tlong,768,0.9145128983726285,1.1635317075319347,0.7859802121873232,66784395264.0,cell,False,True
Electricity-15T/tlong,1024,0.9082698881498845,1.1635317075319347,0.7806146427040587,68216094720.0,cell,False,True
Electricity-15T/tlong,1536,0.9027205752396438,1.1635317075319347,0.7758452729702404,71107805184.0,cell,False,True
Electricity-15T/tlong,2048,0.9024181308885844,1.1635317075319347,0.7755853364776621,74037264384.0,cell,False,True
Electricity-15T/tlong,2560,0.904639783725566,1.1635317075319347,0.7774947411140808,77004472320.0,cell,False,False
Electricity-15T/tlong,2880,0.9060351193077875,1.1635317075319347,0.7786939654869011,78878146560.0,cell,False,False
Electricity-H/tshort,native,0.9316397570584488,1.3577726051465433,0.6861530078947923,78878146560.0,cell,True,False
Electricity-H/tshort,32,1.39530897453446,1.3577726051465433,1.0276455492220404,62720827392.0,cell,False,True
Electricity-H/tshort,48,1.2641901134020028,1.3577726051465433,0.9310764620012051,62808336384.0,cell,False,True
Electricity-H/tshort,64,1.1854288649472295,1.3577726051465433,0.8730687748846481,62895882240.0,cell,False,True
Electricity-H/tshort,96,1.0978043538719104,1.3577726051465433,0.8085332917388073,63071084544.0,cell,False,True
Electricity-H/tshort,128,1.0302181650207776,1.3577726051465433,0.7587560399405664,63246434304.0,cell,False,True
Electricity-H/tshort,192,0.9405855657589912,1.3577726051465433,0.6927415991409508,63597576192.0,cell,False,True
Electricity-H/tshort,256,0.9255691793257945,1.3577726051465433,0.6816820252651206,63949307904.0,cell,False,True
Electricity-H/tshort,384,0.9050859283665738,1.3577726051465433,0.6665961037480856,64654540800.0,cell,False,True
Electricity-H/tshort,512,0.8994289943566093,1.3577726051465433,0.6624297698652821,65362132992.0,cell,False,True
Electricity-H/tshort,768,0.900004090505722,1.3577726051465433,0.6628533283808486,66784395264.0,cell,False,False
Electricity-H/tshort,1024,0.8997927854447794,1.3577726051465433,0.6626977021293381,68216094720.0,cell,False,False
Electricity-H/tshort,1536,0.9214779388720201,1.3577726051465433,0.6786688252356997,71107805184.0,cell,False,False
Electricity-H/tshort,2048,0.9213502613944198,1.3577726051465433,0.6785747907286576,74037264384.0,cell,False,False
Electricity-H/tshort,2560,0.929259728711917,1.3577726051465433,0.6844001161826525,77004472320.0,cell,False,False
Electricity-H/tshort,2880,0.9316397570605897,1.3577726051465433,0.686153007896369,78878146560.0,cell,False,False
Electricity-H/tmedium,native,0.993426407372804,1.3924537851702354,0.7134358195244174,78878146560.0,cell,True,False
Electricity-H/tmedium,32,1.4426318583885853,1.3924537851702354,1.0360357189249303,62720827392.0,cell,False,True
Electricity-H/tmedium,48,1.323145393428892,1.3924537851702354,0.9502257148643033,62808336384.0,cell,False,True
Electricity-H/tmedium,64,1.3020117153413093,1.3924537851702354,0.9350484225816736,62895882240.0,cell,False,True
Electricity-H/tmedium,96,1.1981806037976575,1.3924537851702354,0.8604814152960725,63071084544.0,cell,False,True
Electricity-H/tmedium,128,1.1543604538024175,1.3924537851702354,0.8290116814622256,63246434304.0,cell,False,True
Electricity-H/tmedium,192,1.1195963511692182,1.3924537851702354,0.8040456086176972,63597576192.0,cell,False,True
Electricity-H/tmedium,256,1.1077976976459178,1.3924537851702354,0.7955723266682658,63949307904.0,cell,False,True
Electricity-H/tmedium,384,1.093602204295518,1.3924537851702354,0.7853777381644439,64654540800.0,cell,False,True
Electricity-H/tmedium,512,1.0879918723089523,1.3924537851702354,0.781348640720553,65362132992.0,cell,False,True
Electricity-H/tmedium,768,1.060821908286442,1.3924537851702354,0.761836349316793,66784395264.0,cell,False,True
Electricity-H/tmedium,1024,1.0347178191339228,1.3924537851702354,0.7430895230805974,68216094720.0,cell,False,True
Electricity-H/tmedium,1536,1.0053683748198132,1.3924537851702354,0.722012023326793,71107805184.0,cell,False,True
Electricity-H/tmedium,2048,0.9962890737332769,1.3924537851702354,0.7154916625196828,74037264384.0,cell,False,True
Electricity-H/tmedium,2560,0.997002410364499,1.3924537851702354,0.7160039499929326,77004472320.0,cell,False,False
Electricity-H/tmedium,2880,0.9934264067689255,1.3924537851702354,0.713435819090738,78878146560.0,cell,False,True
Electricity-H/tlong,native,1.0766706896082443,1.5240786163496851,0.7064403883488466,78878146560.0,cell,True,False
Electricity-H/tlong,32,1.5957665971937318,1.5240786163496851,1.0470369310841368,62720827392.0,cell,False,True
Electricity-H/tlong,48,1.4339368163371151,1.5240786163496851,0.9408548882941037,62808336384.0,cell,False,True
Electricity-H/tlong,64,1.4227734016560787,1.5240786163496851,0.9335301908924868,62895882240.0,cell,False,True
Electricity-H/tlong,96,1.3048047641428748,1.5240786163496851,0.8561269413175074,63071084544.0,cell,False,True
Electricity-H/tlong,128,1.2926491294338402,1.5240786163496851,0.8481512144890919,63246434304.0,cell,False,True
Electricity-H/tlong,192,1.2618458326704571,1.5240786163496851,0.8279401201052865,63597576192.0,cell,False,True
Electricity-H/tlong,256,1.2466168622491363,1.5240786163496851,0.8179478728170227,63949307904.0,cell,False,True
Electricity-H/tlong,384,1.2294542842942464,1.5240786163496851,0.8066869196281408,64654540800.0,cell,False,True
Electricity-H/tlong,512,1.2278700058080256,1.5240786163496851,0.8056474204387779,65362132992.0,cell,False,True
Electricity-H/tlong,768,1.1738976764146567,1.5240786163496851,0.7702343329416002,66784395264.0,cell,False,True
Electricity-H/tlong,1024,1.1515156192370337,1.5240786163496851,0.7555487012835496,68216094720.0,cell,False,True
Electricity-H/tlong,1536,1.1053409940612275,1.5240786163496851,0.7252519536745589,71107805184.0,cell,False,True
Electricity-H/tlong,2048,1.0918949491743322,1.5240786163496851,0.7164295446842012,74037264384.0,cell,False,True
Electricity-H/tlong,2560,1.078471114370072,1.5240786163496851,0.7076217084871345,77004472320.0,cell,False,True
Electricity-H/tlong,2880,1.0766706874106424,1.5240786163496851,0.706440386906925,78878146560.0,cell,False,True
Electricity-D/tshort,native,1.4560650114941207,1.987041399842847,0.7327804099145994,70200238080.0,cell,True,False
Electricity-D/tshort,32,1.8707889539951843,1.987041399842847,0.9414947037052892,62720827392.0,cell,False,True
Electricity-D/tshort,48,1.9605784117726968,1.987041399842847,0.9866822160463073,62808336384.0,cell,False,False
Electricity-D/tshort,64,1.936771364754233,1.987041399842847,0.974701063051535,62895882240.0,cell,False,False
Electricity-D/tshort,96,1.9209877791364025,1.987041399842847,0.9667578034802554,63071084544.0,cell,False,False
Electricity-D/tshort,128,1.8900201014110745,1.987041399842847,0.95117298590787,63246434304.0,cell,False,False
Electricity-D/tshort,192,1.8699814127163596,1.987041399842847,0.9410882998533672,63597576192.0,cell,False,True
Electricity-D/tshort,256,1.7475083313927506,1.987041399842847,0.8794524017118915,63949307904.0,cell,False,True
Electricity-D/tshort,384,1.4821525627745122,1.987041399842847,0.74590925125754,64654540800.0,cell,False,True
Electricity-D/tshort,512,1.4568445051457157,1.987041399842847,0.7331726984958321,65362132992.0,cell,False,True
Electricity-D/tshort,768,1.4202450788881429,1.987041399842847,0.7147536427778851,66784395264.0,cell,False,True
Electricity-D/tshort,1024,1.4117854167826291,1.987041399842847,0.7104962266484663,68216094720.0,cell,False,True
Electricity-W/tshort,native,1.612473043432188,2.0896995064573947,0.7716291449796844,63626868736.0,cell,True,False
Electricity-W/tshort,32,2.278790582068215,2.0896995064573947,1.090487208819502,62720827392.0,cell,False,True
Electricity-W/tshort,48,1.7182305234380955,2.0896995064573947,0.822238086446678,62808336384.0,cell,False,True
Electricity-W/tshort,64,1.7248222355139153,2.0896995064573947,0.8253924691966622,62895882240.0,cell,False,False
Electricity-W/tshort,96,1.5851033218313149,2.0896995064573947,0.7585317012963713,63071084544.0,cell,False,True
Electricity-W/tshort,128,1.549394830949981,2.0896995064573947,0.7414438421228438,63246434304.0,cell,False,True
Electricity-W/tshort,192,1.569194878991478,2.0896995064573947,0.7509189116150424,63597576192.0,cell,False,False
KDDCup2018-H/tshort,native,0.8004606877034339,1.340425278558367,0.5971691973493164,78878146560.0,cell,True,True
KDDCup2018-H/tshort,32,1.1916543594825106,1.340425278558367,0.8890121505050546,62720827392.0,cell,False,True
KDDCup2018-H/tshort,48,1.1401170643834384,1.340425278558367,0.8505636849893186,62808336384.0,cell,False,True
KDDCup2018-H/tshort,64,1.1110792315174662,1.340425278558367,0.8289005357407438,62895882240.0,cell,False,True
KDDCup2018-H/tshort,96,1.047538267669377,1.340425278558367,0.7814969505767667,63071084544.0,cell,False,True
KDDCup2018-H/tshort,128,1.01993263637566,1.340425278558367,0.7609022693697644,63246434304.0,cell,False,True
KDDCup2018-H/tshort,192,0.9999232655759768,1.340425278558367,0.7459746407135789,63597576192.0,cell,False,True
KDDCup2018-H/tshort,256,0.9852300305661204,1.340425278558367,0.7350130188724427,63949307904.0,cell,False,True
KDDCup2018-H/tshort,384,0.9547355780338436,1.340425278558367,0.7122631849055142,64654540800.0,cell,False,True
KDDCup2018-H/tshort,512,0.9358277850989052,1.340425278558367,0.6981573684624867,65362132992.0,cell,False,True
KDDCup2018-H/tshort,768,0.8863183941025384,1.340425278558367,0.6612217840712297,66784395264.0,cell,False,True
KDDCup2018-H/tshort,1024,0.8562201714551148,1.340425278558367,0.638767550233,68216094720.0,cell,False,True
KDDCup2018-H/tshort,1536,0.8144489491291153,1.340425278558367,0.6076048864171366,71107805184.0,cell,False,True
KDDCup2018-H/tshort,2048,0.8074237353317119,1.340425278558367,0.6023638529109951,74037264384.0,cell,False,True
KDDCup2018-H/tshort,2560,0.803322925098385,1.340425278558367,0.5993045177142303,77004472320.0,cell,False,True
KDDCup2018-H/tshort,2880,0.800460687754218,1.340425278558367,0.597169197387203,78878146560.0,cell,False,False
KDDCup2018-H/tmedium,native,0.8407273629361828,1.4289997072062277,0.5883327748050072,78878146560.0,cell,True,False
KDDCup2018-H/tmedium,32,1.3128955975693353,1.4289997072062277,0.9187514811574858,62720827392.0,cell,False,True
KDDCup2018-H/tmedium,48,1.2528214245617546,1.4289997072062277,0.8767121632313618,62808336384.0,cell,False,True
KDDCup2018-H/tmedium,64,1.2032606002788455,1.4289997072062277,0.842029983778853,62895882240.0,cell,False,True
KDDCup2018-H/tmedium,96,1.111872725803574,1.4289997072062277,0.7780776442406317,63071084544.0,cell,False,True
KDDCup2018-H/tmedium,128,1.0778677243833286,1.4289997072062277,0.7542812772793486,63246434304.0,cell,False,True
KDDCup2018-H/tmedium,192,1.034529034015721,1.4289997072062277,0.7239532862034531,63597576192.0,cell,False,True
KDDCup2018-H/tmedium,256,1.0526447242162147,1.4289997072062277,0.7366304687872837,63949307904.0,cell,False,False
KDDCup2018-H/tmedium,384,1.0247303261131075,1.4289997072062277,0.7170962463781824,64654540800.0,cell,False,True
KDDCup2018-H/tmedium,512,1.0282436465008897,1.4289997072062277,0.7195548335773715,65362132992.0,cell,False,False
KDDCup2018-H/tmedium,768,0.9698401879013253,1.4289997072062277,0.6786846652316085,66784395264.0,cell,False,True
KDDCup2018-H/tmedium,1024,0.9076112312870815,1.4289997072062277,0.6351374508407079,68216094720.0,cell,False,True
KDDCup2018-H/tmedium,1536,0.8606466840288084,1.4289997072062277,0.6022721206230472,71107805184.0,cell,False,True
KDDCup2018-H/tmedium,2048,0.8540370395288346,1.4289997072062277,0.5976467561344176,74037264384.0,cell,False,True
KDDCup2018-H/tmedium,2560,0.8463462827580632,1.4289997072062277,0.5922648398667039,77004472320.0,cell,False,True
KDDCup2018-H/tmedium,2880,0.8407273610254141,1.4289997072062277,0.58833277346787,78878146560.0,cell,False,True
KDDCup2018-H/tlong,native,0.773895046523253,1.3355336658089667,0.5794650231108065,78878146560.0,cell,True,True
KDDCup2018-H/tlong,32,1.2297630915748574,1.3355336658089667,0.9208027645113376,62720827392.0,cell,False,True
KDDCup2018-H/tlong,48,1.119001454977086,1.3355336658089667,0.8378683994456091,62808336384.0,cell,False,True
KDDCup2018-H/tlong,64,1.0797652713335957,1.3355336658089667,0.8084897438205382,62895882240.0,cell,False,True
KDDCup2018-H/tlong,96,1.0113355651778708,1.3355336658089667,0.757252019225797,63071084544.0,cell,False,True
KDDCup2018-H/tlong,128,0.9972477994570725,1.3355336658089667,0.7467036024531918,63246434304.0,cell,False,True
KDDCup2018-H/tlong,192,1.0152098047201246,1.3355336658089667,0.76015291168657,63597576192.0,cell,False,False
KDDCup2018-H/tlong,256,1.016692985745173,1.3355336658089667,0.7612634647658516,63949307904.0,cell,False,False
KDDCup2018-H/tlong,384,1.0005141695038757,1.3355336658089667,0.7491493439050365,64654540800.0,cell,False,False
KDDCup2018-H/tlong,512,0.9155056500391447,1.3355336658089667,0.6854979949042316,65362132992.0,cell,False,True
KDDCup2018-H/tlong,768,0.8693120515821514,1.3355336658089667,0.6509098750839702,66784395264.0,cell,False,True
KDDCup2018-H/tlong,1024,0.831256316765248,1.3355336658089667,0.6224150974597371,68216094720.0,cell,False,True
KDDCup2018-H/tlong,1536,0.788295278940785,1.3355336658089667,0.5902474038071474,71107805184.0,cell,False,True
KDDCup2018-H/tlong,2048,0.7833662015662523,1.3355336658089667,0.5865566863803073,74037264384.0,cell,False,True
KDDCup2018-H/tlong,2560,0.7741614124765498,1.3355336658089667,0.5796644684412509,77004472320.0,cell,False,True
KDDCup2018-H/tlong,2880,0.7738950472293153,1.3355336658089667,0.5794650236394808,78878146560.0,cell,False,False
KDDCup2018-D/tshort,native,1.1738792504731987,1.4970343738270926,0.7841364707426429,64829927924.62222,cell,True,True
KDDCup2018-D/tshort,32,1.2499906650754924,1.4970343738270926,0.8349779316556069,62720827392.0,cell,False,True
KDDCup2018-D/tshort,48,1.222994435906442,1.4970343738270926,0.8169447925099532,62808336384.0,cell,False,True
KDDCup2018-D/tshort,64,1.2253140897121684,1.4970343738270926,0.8184942918710109,62895882240.0,cell,False,False
KDDCup2018-D/tshort,96,1.2166220113338657,1.4970343738270926,0.8126880936097901,63071084544.0,cell,False,True
KDDCup2018-D/tshort,128,1.2044881605857105,1.4970343738270926,0.8045828349996383,63246434304.0,cell,False,True
KDDCup2018-D/tshort,192,1.1797445575283212,1.4970343738270926,0.788054421564392,63597576192.0,cell,False,True
KDDCup2018-D/tshort,256,1.177771042644662,1.4970343738270926,0.786736138619015,63949307904.0,cell,False,True
KDDCup2018-D/tshort,384,1.1838466818804152,1.4970343738270926,0.7907945886733189,64654540800.0,cell,False,False
CarParts/tshort,native,0.9562527189075704,1.2014638390969912,0.7959063667086983,62808336384.0,cell,True,False
CarParts/tshort,32,0.9450854425858891,1.2014638390969912,0.7866116414258513,62720827392.0,cell,False,True
TempRain/tshort,native,1.4296833169931622,2.011535765322217,0.7107421809943056,66249990144.0,cell,True,True
TempRain/tshort,32,1.7010603848002575,2.011535765322217,0.8456525676180427,62720827392.0,cell,False,True
TempRain/tshort,48,1.6664243219472203,2.011535765322217,0.8284338517243738,62808336384.0,cell,False,True
TempRain/tshort,64,1.65357830862386,2.011535765322217,0.8220476797532766,62895882240.0,cell,False,True
TempRain/tshort,96,1.6044105362686512,2.011535765322217,0.7976047773685243,63071084544.0,cell,False,True
TempRain/tshort,128,1.5811206249270318,2.011535765322217,0.7860266032474748,63246434304.0,cell,False,True
TempRain/tshort,192,1.5440710423688717,2.011535765322217,0.7676080480336552,63597576192.0,cell,False,True
TempRain/tshort,256,1.5138234609694732,2.011535765322217,0.7525709893241604,63949307904.0,cell,False,True
TempRain/tshort,384,1.4489618176214603,2.011535765322217,0.7203261520877602,64654540800.0,cell,False,True
TempRain/tshort,512,1.4366215376246774,2.011535765322217,0.714191396638952,65362132992.0,cell,False,True
